channel,longitude,latitude,pgv_4m_mms,pgv_12m_mms
101,6.44559175939828,52.288250790315,2.121,0.76
102,6.44559344739158,52.2882926710386,2.094,0.751
103,6.44561702133105,52.288261337914,1.947,0.698
104,6.44563552933263,52.2882469515919,2.013,0.722
105,6.44565133944256,52.2882415903779,1.992,0.714
106,6.44565492142166,52.2882771352552,2.109,0.756
107,6.44565711016211,52.2883173408569,2.214,0.794
108,6.44567065826036,52.2883195466258,2.04,0.731
109,6.4456842063586,52.2883217523946,2.027,0.727
110,6.44569771862736,52.2883240780219,1.778,0.637
111,6.44571118705573,52.288326550306,1.892,0.678
112,6.4457246554841,52.2883290225901,2.146,0.769
113,6.44573812391246,52.2883314948742,2.085,0.748
114,6.44575159234083,52.2883339671583,2.04,0.732
115,6.44576505440414,52.2883364607351,1.959,0.702
116,6.44577849308806,52.2883390325217,2.149,0.77
117,6.44579188688971,52.2883417544504,1.979,0.71
118,6.44580514002639,52.2883449469379,2.079,0.745
119,6.44581839316308,52.2883481394254,2.176,0.78
120,6.44583164629976,52.2883513319129,1.961,0.703
121,6.4458450955251,52.2883538684359,2.197,0.788
122,6.44585861435169,52.2883561721256,2.093,0.75
123,6.44587213317827,52.2883584758153,2.058,0.738
124,6.44588565200486,52.288360779505,2.133,0.765
125,6.44589917083144,52.2883630831948,2.079,0.745
126,6.44591268965803,52.2883653868845,2.049,0.735
127,6.44592620848462,52.2883676905742,2.01,0.721
128,6.44593967026445,52.2883701850993,1.997,0.716
129,6.44595318364731,52.2883725069996,1.988,0.713
130,6.44596669703017,52.2883748289,2.209,0.792
131,6.44598021041304,52.2883771508003,2.047,0.734
132,6.4459937237959,52.2883794727006,2.16,0.774
133,6.44600723717876,52.2883817946009,2.013,0.722
134,6.44602075056163,52.2883841165012,1.887,0.677
135,6.44603426394449,52.2883864384015,2.037,0.73
136,6.44604777732735,52.2883887603018,2.237,0.802
137,6.44606129071021,52.2883910822022,2.192,0.786
138,6.44607480409308,52.2883934041025,1.972,0.707
139,6.44608831747594,52.2883957260028,1.937,0.695
140,6.4461018308588,52.2883980479031,2.135,0.766
141,6.44611534424167,52.2884003698034,2.167,0.777
142,6.44612885762453,52.2884026917037,2.098,0.752
143,6.44614240882775,52.2884048870857,2.024,0.726
144,6.4461559627728,52.2884070732956,1.938,0.695
145,6.44616951671785,52.2884092595054,2.054,0.737
146,6.4461830706629,52.2884114457153,2.082,0.747
147,6.44619662460795,52.2884136319252,1.916,0.687
148,6.446210178553,52.288415818135,2.205,0.791
149,6.44622373249805,52.2884180043449,2.181,0.782
150,6.44623728644311,52.2884201905548,2.091,0.75
151,6.44625078280556,52.2884225693925,1.973,0.708
152,6.44626426385843,52.2884249994446,1.904,0.683
153,6.4462777449113,52.2884274294966,1.846,0.662
154,6.44629122596417,52.2884298595487,2.208,0.792
155,6.44630470701703,52.2884322896007,1.824,0.654
156,6.4463181880699,52.2884347196528,2.029,0.727
157,6.44633166912277,52.2884371497049,2.13,0.764
158,6.44634515017564,52.2884395797569,1.838,0.659
159,6.44635863122851,52.288442009809,1.852,0.664
160,6.44637211228138,52.2884444398611,2.114,0.758
161,6.44638559333425,52.2884468699131,2.029,0.728
162,6.44639907438712,52.2884492999652,1.918,0.688
163,6.44641255543999,52.2884517300172,2.159,0.774
164,6.44642603682046,52.2884541589734,1.888,0.677
165,6.44643955150667,52.2884564765137,2.069,0.742
166,6.44645306619287,52.288458794054,2.047,0.734
167,6.44646658087908,52.2884611115943,1.919,0.688
168,6.44648009556528,52.2884634291346,2.131,0.764
169,6.44649361025148,52.288465746675,2.195,0.787
170,6.44650712493769,52.2884680642153,1.939,0.695
171,6.44652063962389,52.2884703817556,1.874,0.672
172,6.4465341543101,52.2884726992959,1.927,0.691
173,6.4465476689963,52.2884750168362,1.872,0.671
174,6.4465611836825,52.2884773343766,1.908,0.684
175,6.44657469836871,52.2884796519169,1.875,0.672
176,6.44658821305491,52.2884819694572,1.909,0.684
177,6.44660171918799,52.2884843156098,2.267,0.813
178,6.44661521586491,52.2884866933956,2.032,0.728
179,6.44662871254184,52.2884890711814,2.122,0.761
180,6.44664220921876,52.2884914489671,2.059,0.738
181,6.44665570589569,52.2884938267529,2.316,0.83
182,6.44666920455036,52.2884961979226,1.89,0.678
183,6.44668271187051,52.2884985401042,2.004,0.719
184,6.44669621919066,52.2885008822858,2.02,0.724
185,6.44670972651081,52.2885032244673,2.201,0.789
186,6.44672323383095,52.2885055666489,1.968,0.705
187,6.4467367411511,52.2885079088305,2.052,0.736
188,6.44675024847125,52.2885102510121,1.838,0.659
189,6.4467637557914,52.2885125931937,2.01,0.721
190,6.44677726311155,52.2885149353752,1.961,0.703
191,6.4467907704317,52.2885172775568,1.789,0.641
192,6.44680427775184,52.2885196197384,2.047,0.734
193,6.44681778507199,52.28852196192,2.05,0.735
194,6.44683129239214,52.2885243041016,2.115,0.758
195,6.44684479971229,52.2885266462831,2.098,0.752
196,6.44685830703244,52.2885289884647,2.181,0.782
197,6.44687181435259,52.2885313306463,2.033,0.729
198,6.44688532167274,52.2885336728279,1.892,0.678
199,6.44689882899288,52.2885360150095,2.131,0.764
200,6.44691233631303,52.288538357191,1.943,0.697
201,6.44692584363318,52.2885406993726,1.954,0.701
202,6.44693935095333,52.2885430415542,1.939,0.695
203,6.44695285827348,52.2885453837358,1.883,0.675
204,6.44696636559363,52.2885477259174,1.926,0.691
205,6.44697987291377,52.2885500680989,1.958,0.702
206,6.44699338003476,52.2885524109467,1.824,0.654
207,6.44700688654524,52.2885547558369,1.828,0.655
208,6.44702039305571,52.288557100727,2.115,0.758
209,6.44703389956618,52.2885594456172,1.96,0.703
210,6.44704740607666,52.2885617905073,2.003,0.718
211,6.44706091258713,52.2885641353974,1.86,0.667
212,6.44707441909761,52.2885664802876,2.047,0.734
213,6.44708792560808,52.2885688251777,2.009,0.72
214,6.44710143211855,52.2885711700679,1.923,0.69
215,6.44711493862903,52.288573514958,2.208,0.792
216,6.4471284451395,52.2885758598481,2.094,0.751
217,6.44714195164998,52.2885782047383,1.864,0.668
218,6.44715545743381,52.2885805520592,2.015,0.722
219,6.44716896260435,52.2885829014317,1.88,0.674
220,6.4471824677749,52.2885852508043,2.072,0.743
221,6.44719597294545,52.2885876001768,1.989,0.713
222,6.447209478116,52.2885899495493,2.24,0.803
223,6.44722298328655,52.2885922989218,1.977,0.709
224,6.44723648845709,52.2885946482943,2.117,0.759
225,6.44724999362764,52.2885969976668,1.974,0.708
226,6.44726349879819,52.2885993470394,1.948,0.699
227,6.44727700396874,52.2886016964119,2.051,0.735
228,6.44729050913929,52.2886040457844,1.977,0.709
229,6.44730401430984,52.2886063951569,1.923,0.69
230,6.44731751948038,52.2886087445294,1.813,0.65
231,6.44733102465093,52.288611093902,2.01,0.721
232,6.44734452982148,52.2886134432745,1.954,0.7
233,6.44735803499203,52.288615792647,2.092,0.75
234,6.44737154016258,52.2886181420195,1.885,0.676
235,6.44738504533312,52.288620491392,1.958,0.702
236,6.44739855050367,52.2886228407645,1.82,0.653
237,6.44741205567422,52.2886251901371,1.952,0.7
238,6.44742556084477,52.2886275395096,1.97,0.707
239,6.44743906601532,52.2886298888821,1.867,0.669
240,6.44745257118587,52.2886322382546,1.944,0.697
241,6.44746607635641,52.2886345876271,2.024,0.726
242,6.44747958152696,52.2886369369997,2.003,0.718
243,6.44749308669751,52.2886392863722,1.877,0.673
244,6.44750658821816,52.2886416479545,1.904,0.683
245,6.44752008959952,52.2886440100028,1.818,0.652
246,6.44753359098087,52.2886463720511,1.78,0.638
247,6.44754709236223,52.2886487340994,1.815,0.651
248,6.44756059374358,52.2886510961477,1.916,0.687
249,6.44757409512493,52.288653458196,1.941,0.696
250,6.44758759650629,52.2886558202443,1.79,0.642
251,6.44760109788764,52.2886581822926,2.0,0.717
252,6.44761459578899,52.2886605559824,1.881,0.675
253,6.44762808808874,52.2886629484108,2.022,0.725
254,6.4476415803885,52.2886653408393,2.073,0.743
255,6.44765507268825,52.2886677332678,2.012,0.721
256,6.44766856498801,52.2886701256963,1.891,0.678
257,6.44768205728776,52.2886725181247,1.924,0.69
258,6.44769554958752,52.2886749105532,1.957,0.702
259,6.44770904188727,52.2886773029817,1.884,0.676
260,6.44772253418703,52.2886796954101,2.013,0.722
261,6.44773602648679,52.2886820878386,2.004,0.718
262,6.44774951878654,52.2886844802671,1.839,0.659
263,6.44776301108629,52.2886868726956,1.918,0.688
264,6.44777650338605,52.288689265124,2.04,0.731
265,6.44778999568581,52.2886916575525,2.074,0.744
266,6.44780348798556,52.288694049981,2.276,0.816
267,6.44781698028532,52.2886964424094,1.924,0.69
268,6.44783047258507,52.2886988348379,1.941,0.696
269,6.44784396488483,52.2887012272664,1.952,0.7
270,6.44785745701128,52.2887036202746,1.986,0.712
271,6.44787094808987,52.2887060167882,1.866,0.669
272,6.44788443916847,52.2887084133017,1.712,0.614
273,6.44789793024707,52.2887108098152,1.784,0.64
274,6.44791142132566,52.2887132063288,1.887,0.677
275,6.44792491240426,52.2887156028423,2.219,0.796
276,6.44793840348285,52.2887179993559,1.873,0.672
277,6.4479518926622,52.2887204022229,1.809,0.649
278,6.44796537485062,52.2887228284763,1.8,0.646
279,6.44797885703904,52.2887252547296,1.96,0.703
280,6.44799233922746,52.288727680983,1.694,0.608
281,6.44800582141588,52.2887301072364,1.859,0.667
282,6.44801930360429,52.2887325334897,1.936,0.694
283,6.44803278579271,52.2887349597431,1.832,0.657
284,6.44804626798113,52.2887373859965,2.16,0.775
285,6.44805975016955,52.2887398122498,1.928,0.691
286,6.44807323235797,52.2887422385032,1.937,0.695
287,6.44808673366726,52.2887446007926,1.762,0.632
288,6.44810024533335,52.2887469284359,1.782,0.639
289,6.44811375699944,52.2887492560793,1.884,0.676
290,6.44812726069243,52.2887516103946,1.849,0.663
291,6.44814075608918,52.2887539924628,1.648,0.591
292,6.44815425148593,52.2887563745311,2.143,0.768
293,6.44816774688268,52.2887587565994,1.845,0.662
294,6.44818124227943,52.2887611386676,1.991,0.714
295,6.44819473767618,52.2887635207359,1.862,0.668
296,6.44820823307293,52.2887659028042,1.958,0.702
297,6.44822172792938,52.2887682866799,1.83,0.656
298,6.4482352227797,52.2887706705761,1.888,0.677
299,6.44824871763001,52.2887730544723,1.81,0.649
300,6.44826221248033,52.2887754383685,2.033,0.729
301,6.44827570733065,52.2887778222647,1.952,0.7
302,6.44828920218097,52.2887802061609,1.822,0.653
303,6.44830269703129,52.2887825900571,1.794,0.643
304,6.44831619188161,52.2887849739534,1.983,0.711
305,6.44832968673193,52.2887873578496,1.914,0.686
306,6.44834318158225,52.2887897417458,1.93,0.692
307,6.44835667643257,52.288792125642,2.005,0.719
308,6.44837017128289,52.2887945095382,1.884,0.676
309,6.44838366613321,52.2887968934344,2.035,0.73
310,6.44839716098353,52.2887992773306,1.805,0.647
311,6.44841065583385,52.2888016612268,2.005,0.719
312,6.44842415068417,52.288804045123,2.069,0.742
313,6.44843764553449,52.2888064290192,1.767,0.634
314,6.44845114038481,52.2888088129154,1.805,0.647
315,6.4484646579167,52.2888111209362,2.075,0.744
316,6.4484782759858,52.2888130926355,1.934,0.693
317,6.4484918940549,52.2888150643347,1.804,0.647
318,6.44850551212399,52.2888170360339,1.904,0.683
319,6.44851913019309,52.2888190077332,1.884,0.675
320,6.44853274826219,52.2888209794324,1.672,0.6
321,6.44854635628745,52.2888229847307,1.831,0.657
322,6.44855996059315,52.2888250024719,1.894,0.679
323,6.44857355135935,52.288827065506,1.842,0.661
324,6.44858698789081,52.2888296444931,1.742,0.625
325,6.44860042442226,52.2888322234802,1.913,0.686
326,6.44861386095372,52.2888348024673,1.831,0.656
327,6.44862729748517,52.2888373814543,2.019,0.724
328,6.44864073401663,52.2888399604414,1.737,0.623
329,6.44865417054808,52.2888425394285,2.049,0.735
330,6.44866760707954,52.2888451184156,1.879,0.674
331,6.44868104361099,52.2888476974027,1.902,0.682
332,6.44869448014245,52.2888502763898,1.793,0.643
333,6.4487079166739,52.2888528553769,1.829,0.656
334,6.44872134619794,52.2888554578055,2.094,0.751
335,6.44873477259216,52.2888580707041,1.763,0.632
336,6.44874819898638,52.2888606836027,2.04,0.732
337,6.4487616253806,52.2888632965014,1.873,0.672
338,6.44877505411809,52.2888659015612,1.725,0.619
339,6.44878848880791,52.288868486709,1.983,0.711
340,6.44880192349772,52.2888710718568,1.807,0.648
341,6.44881535818754,52.2888736570047,2.021,0.724
342,6.44882879287735,52.2888762421525,2.016,0.723
343,6.44884222756716,52.2888788273003,1.815,0.651
344,6.44885566739725,52.2888813952527,1.94,0.696
345,6.44886915319582,52.2888838094292,1.861,0.667
346,6.44888263899439,52.2888862236057,1.902,0.682
347,6.44889612479296,52.2888886377823,1.83,0.656
348,6.44890961059153,52.2888910519588,1.734,0.622
349,6.4489230963901,52.2888934661353,1.753,0.629
350,6.44893658218867,52.2888958803118,1.791,0.642
351,6.44895007280492,52.2888982783721,1.864,0.668
352,6.44896357071893,52.2889006520195,2.089,0.749
353,6.44897708233931,52.2889029798157,1.865,0.669
354,6.44899059408065,52.2889053072073,1.805,0.647
355,6.44900410944284,52.2889076224863,1.892,0.678
356,6.4490176172102,52.2889099631718,1.859,0.666
357,6.44903112159891,52.2889123151598,1.799,0.645
358,6.44904462598761,52.2889146671478,1.703,0.611
359,6.44905813037632,52.2889170191358,1.654,0.593
360,6.44907162933916,52.2889193892746,1.717,0.616
361,6.44908512473665,52.2889217713404,1.732,0.621
362,6.44909862013415,52.2889241534061,1.722,0.617
363,6.44911212341298,52.2889265091069,1.909,0.684
364,6.44912563669773,52.2889288313354,1.837,0.659
365,6.44913914998249,52.2889311535639,1.815,0.651
366,6.44915266326724,52.2889334757925,1.792,0.642
367,6.44916617655199,52.288935798021,1.96,0.703
368,6.44917968983674,52.2889381202495,1.789,0.642
369,6.4491931413256,52.2889406492004,1.843,0.661
370,6.44920658268794,52.288943212027,1.79,0.642
371,6.44922002405028,52.2889457748536,1.855,0.665
372,6.44923346541261,52.2889483376802,1.94,0.696
373,6.44924690677495,52.2889509005068,1.898,0.68
374,6.44926034813729,52.2889534633334,1.859,0.667
375,6.44927380677866,52.2889559683574,2.003,0.718
376,6.4492873033764,52.2889583464081,1.978,0.709
377,6.44930079997414,52.2889607244588,1.642,0.589
378,6.44931429558373,52.288963105815,1.813,0.65
379,6.44932778676212,52.2889655019947,1.992,0.714
380,6.44934127794052,52.2889678981744,1.777,0.637
381,6.44935476911892,52.2889702943541,1.791,0.642
382,6.44936826029731,52.2889726905338,1.991,0.714
383,6.44938175147571,52.2889750867135,1.821,0.653
384,6.4493952426541,52.2889774828932,1.912,0.686
385,6.4494087338325,52.2889798790729,1.691,0.606
386,6.44942222501089,52.2889822752526,1.831,0.657
387,6.44943571618929,52.2889846714323,1.837,0.659
388,6.44944920736769,52.288987067612,1.76,0.631
389,6.44946269854608,52.2889894637917,1.783,0.639
390,6.44947618972448,52.2889918599714,1.854,0.665
391,6.44948968090287,52.288994256151,1.916,0.687
392,6.44950317208127,52.2889966523307,1.879,0.674
393,6.44951666325967,52.2889990485104,1.586,0.569
394,6.44953015443806,52.2890014446901,1.708,0.612
395,6.44954364561646,52.2890038408698,1.734,0.622
396,6.44955713679485,52.2890062370495,1.716,0.615
397,6.44957062797325,52.2890086332292,1.706,0.612
398,6.44958411915165,52.2890110294089,1.811,0.649
399,6.44959761033004,52.2890134255886,1.901,0.682
400,6.44961110150844,52.2890158217683,1.653,0.593
401,6.44962459268683,52.289018217948,1.722,0.618
402,6.44963808752164,52.2890206018961,1.937,0.694
403,6.44965159515092,52.2890229430435,1.716,0.615
404,6.44966510278019,52.289025284191,1.707,0.612
405,6.44967861040947,52.2890276253385,1.741,0.624
406,6.44969211803874,52.289029966486,1.803,0.646
407,6.44970562566802,52.2890323076334,1.608,0.576
408,6.44971913329729,52.2890346487809,1.916,0.687
409,6.44973264092657,52.2890369899284,1.655,0.594
410,6.44974614855585,52.2890393310759,1.809,0.648
411,6.44975965158813,52.2890416876014,1.818,0.652
412,6.44977315244562,52.2890440514022,1.829,0.656
413,6.4497866533031,52.2890464152029,1.543,0.553
414,6.44980015416059,52.2890487790037,1.874,0.672
415,6.44981365501808,52.2890511428045,1.743,0.625
416,6.44982715587556,52.2890535066052,1.676,0.601
417,6.44984065673305,52.289055870406,1.789,0.641
418,6.44985415759054,52.2890582342067,1.726,0.619
419,6.44986765844803,52.2890605980075,1.658,0.594
420,6.44988115930551,52.2890629618083,1.889,0.677
421,6.449894660163,52.289065325609,1.697,0.609
422,6.44990816102049,52.2890676894098,1.758,0.63
423,6.44992166187797,52.2890700532106,1.86,0.667
424,6.44993516273546,52.2890724170113,1.81,0.649
425,6.44994866359295,52.2890747808121,1.763,0.632
426,6.44996216445043,52.2890771446129,1.743,0.625
427,6.44997566530792,52.2890795084136,1.67,0.599
428,6.44998916616541,52.2890818722144,1.914,0.686
429,6.4500026670229,52.2890842360152,1.764,0.632
430,6.45001616788038,52.2890865998159,1.961,0.703
431,6.45002966873787,52.2890889636167,1.69,0.606
432,6.45004316959536,52.2890913274174,1.7,0.61
433,6.45005667045284,52.2890936912182,1.779,0.638
434,6.45007017131033,52.289096055019,1.778,0.638
435,6.45008367216782,52.2890984188197,1.712,0.614
436,6.45009720127809,52.289100688108,1.871,0.671
437,6.45011080066859,52.2891027222917,1.594,0.572
438,6.45012443481063,52.289104640223,1.603,0.575
439,6.45013800021503,52.2891067880986,1.617,0.58
440,6.45015144443911,52.2891093413519,1.736,0.623
441,6.45016488866319,52.2891118946053,1.72,0.617
442,6.45017833288726,52.2891144478587,1.907,0.684
443,6.45019177711134,52.2891170011121,1.647,0.591
444,6.45020522133542,52.2891195543655,1.846,0.662
445,6.45021866555949,52.2891221076189,1.734,0.622
446,6.45023210978357,52.2891246608723,1.702,0.61
447,6.45024558940284,52.2891270957201,1.842,0.66
448,6.45025908468114,52.2891294781846,1.675,0.601
449,6.45027257995943,52.2891318606491,1.928,0.691
450,6.45028607621771,52.2891342398354,1.888,0.677
451,6.4502995786521,52.289136598361,1.789,0.642
452,6.45031308108649,52.2891389568866,1.613,0.578
453,6.45032658352088,52.2891413154123,1.736,0.623
454,6.45034008595526,52.2891436739379,1.629,0.584
455,6.45035358838965,52.2891460324636,1.78,0.638
456,6.45036709082404,52.2891483909892,1.594,0.571
457,6.45038059325843,52.2891507495149,1.914,0.686
458,6.45039409569282,52.2891531080405,1.758,0.63
459,6.45040759812721,52.2891554665661,1.549,0.556
460,6.4504211005616,52.2891578250918,1.965,0.705
461,6.45043460299598,52.2891601836174,1.795,0.644
462,6.45044810543037,52.2891625421431,1.76,0.631
463,6.45046160786476,52.2891649006687,1.776,0.637
464,6.45047511029915,52.2891672591943,1.683,0.603
465,6.45048861273354,52.28916961772,1.949,0.699
466,6.45050209723125,52.2891720362482,1.615,0.579
467,6.45051559929896,52.2891743960005,1.745,0.626
468,6.45052910136668,52.2891767557527,1.733,0.621
469,6.45054260343439,52.289179115505,1.8,0.645
470,6.45055610550211,52.2891814752572,1.837,0.659
471,6.45056960756982,52.2891838350095,1.734,0.622
472,6.45058310963753,52.2891861947618,1.768,0.634
473,6.45059661170525,52.289188554514,1.639,0.588
474,6.45061011377296,52.2891909142663,1.719,0.616
475,6.45062361584068,52.2891932740185,1.911,0.685
476,6.45063711790839,52.2891956337708,1.562,0.56
477,6.4506506199761,52.289197993523,1.932,0.693
478,6.45066412204382,52.2892003532753,1.776,0.637
479,6.45067762411153,52.2892027130276,1.709,0.613
480,6.45069111964645,52.2892050946336,1.562,0.56
481,6.45070461319927,52.2892074828703,1.711,0.613
482,6.45071810675209,52.289209871107,1.745,0.626
483,6.45073160030491,52.2892122593436,1.773,0.636
484,6.45074509385773,52.2892146475803,1.759,0.631
485,6.45075858741055,52.2892170358169,1.681,0.603
486,6.45077208096337,52.2892194240536,1.729,0.62
487,6.4507855745162,52.2892218122903,1.748,0.627
488,6.45079906806902,52.2892242005269,1.704,0.611
489,6.45081256162184,52.2892265887636,1.966,0.705
490,6.45082605517466,52.2892289770002,1.66,0.595
491,6.45083954872748,52.2892313652369,1.659,0.595
492,6.4508530422803,52.2892337534735,1.646,0.59
493,6.45086653583312,52.2892361417102,1.889,0.677
494,6.45088002938594,52.2892385299469,1.838,0.659
495,6.45089352293877,52.2892409181835,1.746,0.626
496,6.45090701649159,52.2892433064202,1.862,0.668
497,6.45092051308699,52.2892456844787,1.64,0.588
498,6.45093401088617,52.2892480585102,1.883,0.675
499,6.45094750868536,52.2892504325417,1.761,0.632
500,6.45096100648454,52.2892528065733,1.529,0.548
501,6.45097450428373,52.2892551806048,1.692,0.607
502,6.45098800208291,52.2892575546363,1.666,0.597
503,6.45100149988209,52.2892599286679,1.646,0.59
504,6.45101499768128,52.2892623026994,1.663,0.596
505,6.45102849548046,52.2892646767309,1.781,0.638
506,6.45104199327965,52.2892670507625,1.549,0.555
507,6.45105549107883,52.289269424794,1.682,0.603
508,6.45106898887802,52.2892717988256,1.78,0.638
509,6.4510824866772,52.2892741728571,1.564,0.561
510,6.45109605673915,52.289276305152,1.765,0.633
511,6.45110963329321,52.2892784157292,1.641,0.589
512,6.45112320572156,52.2892805401079,1.602,0.574
513,6.4511367781499,52.2892826644866,1.93,0.692
514,6.45115029089633,52.289284988516,1.773,0.636
515,6.45116373629404,52.2892875378432,1.716,0.615
516,6.45117718169176,52.2892900871705,1.859,0.667
517,6.45119062448514,52.2892926452099,1.767,0.634
518,6.45120406134094,52.289295223112,1.776,0.637
519,6.45121749819673,52.2892978010141,1.748,0.627
520,6.45123093845173,52.289300367545,1.726,0.619
521,6.45124442286947,52.2893027863408,1.662,0.596
522,6.45125790728722,52.2893052051365,1.764,0.633
523,6.45127138628556,52.2893076420614,1.683,0.604
524,6.45128486474738,52.2893100807812,1.767,0.634
525,6.4512983432092,52.2893125195009,1.833,0.657
526,6.45131182167103,52.2893149582207,1.726,0.619
527,6.45132530013285,52.2893173969404,1.792,0.643
528,6.45133877859467,52.2893198356602,1.631,0.585
529,6.45135225705649,52.2893222743799,1.563,0.56
530,6.45136573551831,52.2893247130997,1.929,0.692
531,6.45137921398013,52.2893271518194,1.836,0.658
532,6.45139269244195,52.2893295905392,1.892,0.678
533,6.45140617090377,52.2893320292589,1.661,0.595
534,6.45141964936559,52.2893344679787,1.824,0.654
535,6.45143312782741,52.2893369066984,1.737,0.623
536,6.45144660628923,52.2893393454182,1.657,0.594
537,6.45146008475105,52.2893417841379,1.626,0.583
538,6.45147356321288,52.2893442228577,1.843,0.661
539,6.4514870416747,52.2893466615774,1.76,0.631
540,6.45150052013652,52.2893491002972,1.664,0.597
541,6.45151399859834,52.2893515390169,1.925,0.69
542,6.45152747706016,52.2893539777367,1.801,0.646
543,6.45154095552198,52.2893564164564,1.812,0.65
544,6.45155442040123,52.2893589006132,1.538,0.552
545,6.45156787121964,52.2893614318069,1.761,0.631
546,6.45158132203806,52.2893639630007,1.7,0.609
547,6.45159477285647,52.2893664941944,1.805,0.647
548,6.45160822367488,52.2893690253881,1.758,0.63
549,6.45162167449329,52.2893715565818,1.776,0.637
550,6.4516351253117,52.2893740877756,1.663,0.596
551,6.45164857613011,52.2893766189693,1.703,0.611
552,6.45166202694852,52.289379150163,1.718,0.616
553,6.45167547776693,52.2893816813567,1.701,0.61
554,6.45168892858534,52.2893842125505,1.591,0.571
555,6.45170237940375,52.2893867437442,1.654,0.593
556,6.45171583022216,52.2893892749379,1.697,0.609
557,6.45172928104057,52.2893918061316,1.641,0.588
558,6.45174273185898,52.2893943373254,1.898,0.68
559,6.45175618267739,52.2893968685191,1.908,0.684
560,6.4517696334958,52.2893993997128,1.814,0.651
561,6.45178308431421,52.2894019309065,1.894,0.679
562,6.45179653513263,52.2894044621003,1.681,0.603
563,6.45180998595104,52.289406993294,1.675,0.601
564,6.45182343676945,52.2894095244877,1.616,0.58
565,6.45183688758786,52.2894120556814,1.78,0.638
566,6.45185033840627,52.2894145868752,1.743,0.625
567,6.45186378922468,52.2894171180689,1.685,0.604
568,6.45187724004309,52.2894196492626,1.863,0.668
569,6.45189067390838,52.2894222371687,1.855,0.665
570,6.45190410312365,52.2894248406302,1.69,0.606
571,6.45191753233892,52.2894274440917,1.649,0.591
572,6.45193098004156,52.2894299857084,1.992,0.714
573,6.45194443928541,52.289432488717,1.599,0.574
574,6.45195789852925,52.2894349917256,1.66,0.595
575,6.45197135777309,52.2894374947342,1.743,0.625
576,6.45198481701694,52.2894399977428,1.683,0.603
577,6.45199827626078,52.2894425007514,1.627,0.583
578,6.45201173550463,52.28944500376,1.8,0.645
579,6.45202519474847,52.2894475067686,1.651,0.592
580,6.45203865399231,52.2894500097771,1.885,0.676
581,6.45205211323616,52.2894525127857,1.677,0.601
582,6.45206557248,52.2894550157943,1.666,0.597
583,6.45207903172385,52.2894575188029,1.668,0.598
584,6.45209249096769,52.2894600218115,1.751,0.628
585,6.45210595021153,52.2894625248201,1.781,0.639
586,6.45211940945538,52.2894650278287,1.83,0.656
587,6.45213286869922,52.2894675308373,1.855,0.665
588,6.45214629389902,52.2894701477315,1.896,0.68
589,6.45215967696634,52.2894729055692,1.767,0.633
590,6.45217306003367,52.2894756634069,1.742,0.625
591,6.45218644310099,52.2894784212446,1.889,0.677
592,6.45219982616832,52.2894811790823,1.809,0.649
593,6.45221320923565,52.28948393692,1.785,0.64
594,6.45222659230297,52.2894866947577,1.755,0.629
595,6.4522399753703,52.2894894525954,1.795,0.644
596,6.45225335843762,52.289492210433,1.682,0.603
597,6.45226674150495,52.2894949682707,1.741,0.624
598,6.45228012457228,52.2894977261084,1.8,0.645
599,6.4522935076396,52.2895004839461,1.76,0.631
600,6.45230689070693,52.2895032417838,1.658,0.595
601,6.45232027377425,52.2895059996215,1.668,0.598
602,6.45233365684158,52.2895087574592,1.722,0.617
603,6.45234703990891,52.2895115152969,1.738,0.623
604,6.45236042297623,52.2895142731346,1.621,0.581
605,6.45237380604356,52.2895170309723,1.748,0.627
606,6.45238718911088,52.2895197888099,1.682,0.603
607,6.45240057217821,52.2895225466476,1.792,0.643
608,6.45241395524553,52.2895253044853,1.655,0.593
609,6.45242733831286,52.289528062323,1.651,0.592
610,6.45244072138019,52.2895308201607,1.649,0.591
611,6.45245410444751,52.2895335779984,1.76,0.631
612,6.45246748751484,52.2895363358361,1.782,0.639
613,6.45248087058216,52.2895390936738,1.787,0.641
614,6.45249425364949,52.2895418515115,1.691,0.606
615,6.45250763671682,52.2895446093492,1.581,0.567
616,6.45252101978414,52.2895473671868,1.897,0.68
617,6.45253440285147,52.2895501250245,1.605,0.575
618,6.45254778591879,52.2895528828622,1.598,0.573
619,6.45256116898612,52.2895556406999,1.719,0.616
620,6.45257455205344,52.2895583985376,1.841,0.66
621,6.45258793512077,52.2895611563753,1.687,0.605
622,6.4526013181881,52.289563914213,1.775,0.636
623,6.45261470125542,52.2895666720507,1.905,0.683
624,6.45262808432275,52.2895694298884,1.682,0.603
625,6.45264146739007,52.2895721877261,1.755,0.629
626,6.4526548504574,52.2895749455637,1.739,0.624
627,6.45266823352473,52.2895777034014,1.848,0.663
628,6.45268166253492,52.289580307549,1.768,0.634
629,6.45269532891546,52.2895821176346,1.775,0.637
630,6.45270874644537,52.2895847601865,1.901,0.682
631,6.45272208681531,52.2895876608574,1.749,0.627
632,6.45273542718526,52.2895905615283,1.866,0.669
633,6.4527487675552,52.2895934621992,1.805,0.647
634,6.45276210792515,52.2895963628701,1.795,0.644
635,6.45277544829509,52.289599263541,1.748,0.627
636,6.45278878866503,52.2896021642118,1.682,0.603
637,6.45280212903498,52.2896050648827,1.824,0.654
638,6.45281546940492,52.2896079655536,1.771,0.635
639,6.45282880977486,52.2896108662245,1.652,0.592
640,6.45284215014481,52.2896137668954,1.797,0.644
641,6.45285549051475,52.2896166675663,1.666,0.597
642,6.4528688308847,52.2896195682372,1.759,0.631
643,6.45288217125464,52.2896224689081,1.773,0.636
644,6.45289551162458,52.2896253695789,1.769,0.634
645,6.45290885199453,52.2896282702498,1.785,0.64
646,6.45292219236447,52.2896311709207,1.678,0.602
647,6.45293553273441,52.2896340715916,1.914,0.686
648,6.45294887310436,52.2896369722625,1.549,0.555
649,6.4529622134743,52.2896398729334,1.728,0.62
650,6.45297555384425,52.2896427736043,1.765,0.633
651,6.45298889421419,52.2896456742751,1.72,0.617
652,6.45300223458413,52.289648574946,1.892,0.678
653,6.45301557495408,52.2896514756169,1.655,0.594
654,6.45302891532402,52.2896543762878,1.597,0.573
655,6.45304225569397,52.2896572769587,1.572,0.564
656,6.45305559606391,52.2896601776296,1.864,0.668
657,6.45306893643385,52.2896630783005,1.742,0.625
658,6.45308229430601,52.2896659204222,1.664,0.596
659,6.45309565759451,52.2896687444249,1.729,0.62
660,6.45310902088301,52.2896715684276,1.681,0.603
661,6.4531223841715,52.2896743924303,1.869,0.67
662,6.45313574746,52.289677216433,1.782,0.639
663,6.4531491107485,52.2896800404357,1.869,0.67
664,6.453162474037,52.2896828644384,1.569,0.562
665,6.4531758373255,52.2896856884411,1.833,0.657
666,6.45318897648,52.289689262227,1.865,0.669
667,6.45320202912826,52.2896931253973,1.856,0.665
668,6.45321531264312,52.2896962162624,1.82,0.653
669,6.45322859615798,52.2896993071274,1.704,0.611
670,6.45324187967285,52.2897023979925,1.768,0.634
671,6.45325516318771,52.2897054888575,1.822,0.653
672,6.45326844670258,52.2897085797226,1.729,0.62
673,6.45328173021744,52.2897116705876,1.767,0.634
674,6.45329501373231,52.2897147614527,1.7,0.61
675,6.45330829724717,52.2897178523177,1.821,0.653
676,6.45332158076203,52.2897209431827,1.657,0.594
677,6.4533348642769,52.2897240340478,1.843,0.661
678,6.45334814779176,52.2897271249128,1.65,0.591
679,6.45336143130663,52.2897302157779,1.956,0.701
680,6.45337471482149,52.2897333066429,1.843,0.661
681,6.45338799833636,52.289736397508,1.645,0.59
682,6.45340128185122,52.289739488373,1.833,0.657
683,6.45341456536608,52.2897425792381,1.981,0.71
684,6.45342784888095,52.2897456701031,1.823,0.653
685,6.45344113239581,52.2897487609682,1.856,0.665
686,6.45345441591068,52.2897518518332,1.679,0.602
687,6.45346769942554,52.2897549426983,1.74,0.624
688,6.45348098294041,52.2897580335633,1.704,0.611
689,6.45349426645527,52.2897611244284,1.738,0.623
690,6.45350754997013,52.2897642152934,1.75,0.628
691,6.453520833485,52.2897673061584,1.932,0.693
692,6.45353411699986,52.2897703970235,1.76,0.631
693,6.45354740051473,52.2897734878885,1.619,0.58
694,6.45356068402959,52.2897765787536,1.839,0.659
695,6.45357396754446,52.2897796696186,1.907,0.684
696,6.45358725105932,52.2897827604837,1.728,0.62
697,6.45360053457418,52.2897858513487,1.829,0.656
698,6.45361400022682,52.2897883329183,1.77,0.635
699,6.4536275173137,52.2897906424278,1.653,0.593
700,6.45364077617042,52.2897938157804,1.64,0.588
701,6.45365401528024,52.2897970551912,1.726,0.619
702,6.45366725439006,52.289800294602,1.786,0.64
703,6.45368049349987,52.2898035340128,1.802,0.646
704,6.45369373260969,52.2898067734236,1.861,0.667
705,6.45370697171951,52.2898100128344,1.742,0.625
706,6.45372021082933,52.2898132522452,1.98,0.71
707,6.45373344993915,52.289816491656,1.737,0.623
708,6.45374668904896,52.2898197310668,1.77,0.635
709,6.45375992815878,52.2898229704776,1.828,0.655
710,6.4537731672686,52.2898262098884,1.863,0.668
711,6.45378640637842,52.2898294492992,1.769,0.634
712,6.45379964548824,52.28983268871,1.744,0.625
713,6.45381288459805,52.2898359281208,1.664,0.597
714,6.45382612370787,52.2898391675316,1.68,0.603
715,6.45383936281769,52.2898424069424,1.735,0.622
716,6.45385260192751,52.2898456463532,1.818,0.652
717,6.45386584103733,52.289848885764,1.86,0.667
718,6.45387908014714,52.2898521251747,1.752,0.628
719,6.45389231925696,52.2898553645855,1.524,0.546
720,6.45390555836678,52.2898586039963,1.841,0.66
721,6.4539187974766,52.2898618434071,1.796,0.644
722,6.45393203658642,52.2898650828179,1.75,0.627
723,6.45394527569624,52.2898683222287,1.714,0.615
724,6.45395851480605,52.2898715616395,1.774,0.636
725,6.45397175391587,52.2898748010503,1.945,0.697
726,6.45398499302569,52.2898780404611,1.726,0.619
727,6.45399823213551,52.2898812798719,1.715,0.615
728,6.45401147124533,52.2898845192827,1.917,0.687
729,6.45402471035514,52.2898877586935,1.736,0.622
730,6.45403794946496,52.2898909981043,1.782,0.639
731,6.45405118857478,52.2898942375151,1.724,0.618
732,6.4540644276846,52.2898974769259,1.685,0.604
733,6.45407766679442,52.2899007163367,1.84,0.66
734,6.45409090590423,52.2899039557475,1.725,0.619
735,6.45410414501405,52.2899071951583,1.996,0.716
736,6.45411738412387,52.2899104345691,1.675,0.601
737,6.45413059014683,52.2899137846636,1.794,0.643
738,6.45414378396938,52.2899171755713,1.674,0.6
739,6.45415697779194,52.2899205664791,1.782,0.639
740,6.45417017161449,52.2899239573869,1.921,0.689
741,6.45418336543704,52.2899273482947,1.873,0.672
742,6.4541965592596,52.2899307392025,1.87,0.67
743,6.45420975308215,52.2899341301103,1.795,0.643
744,6.45422294690471,52.289937521018,1.732,0.621
745,6.45423614072726,52.2899409119258,1.977,0.709
746,6.45424933454982,52.2899443028336,1.695,0.608
747,6.45426252837237,52.2899476937414,1.662,0.596
748,6.45427572219493,52.2899510846492,1.844,0.661
749,6.45428891601748,52.2899544755569,1.75,0.627
750,6.45430210984003,52.2899578664647,1.759,0.631
751,6.4543152822695,52.2899613289376,1.98,0.71
752,6.45432844293051,52.2899648307789,1.859,0.667
753,6.45434160359153,52.2899683326201,1.868,0.67
754,6.45435476425254,52.2899718344614,1.725,0.619
755,6.45436792491355,52.2899753363027,1.758,0.63
756,6.45438108557456,52.2899788381439,1.843,0.661
757,6.45439424623557,52.2899823399852,1.786,0.64
758,6.45440740689659,52.2899858418264,1.673,0.6
759,6.4544205675576,52.2899893436677,1.874,0.672
760,6.45443372821861,52.289992845509,1.776,0.637
761,6.45444688887962,52.2899963473502,1.894,0.679
762,6.45446004954063,52.2899998491915,1.94,0.695
763,6.45447321020165,52.2900033510327,2.066,0.741
764,6.45448637086266,52.290006852874,1.864,0.668
765,6.45449953152367,52.2900103547153,1.943,0.697
766,6.45451269218468,52.2900138565565,1.841,0.66
767,6.45452585284569,52.2900173583978,1.756,0.63
768,6.45453901350671,52.290020860239,1.779,0.638
769,6.45455218017089,52.2900243419982,1.725,0.619
770,6.45456537562026,52.2900277274639,1.576,0.565
771,6.45457857106963,52.2900311129296,1.754,0.629
772,6.454591766519,52.2900344983953,1.89,0.678
773,6.45460496196837,52.290037883861,1.784,0.64
774,6.45461815741774,52.2900412693266,1.721,0.617
775,6.45463135286712,52.2900446547923,1.793,0.643
776,6.45464454831649,52.290048040258,1.993,0.715
777,6.45465774376586,52.2900514257237,2.051,0.735
778,6.45467093280462,52.2900548326344,1.794,0.643
779,6.45468411951058,52.2900582473489,1.664,0.597
780,6.45469730621655,52.2900616620634,1.779,0.638
781,6.45471049292252,52.2900650767779,2.101,0.753
782,6.45472367962849,52.2900684914925,1.769,0.634
783,6.45473686633446,52.290071906207,2.029,0.728
784,6.45475005304042,52.2900753209215,1.823,0.654
785,6.45476323974639,52.290078735636,1.859,0.667
786,6.45477642645236,52.2900821503505,1.838,0.659
787,6.45478961315833,52.290085565065,1.964,0.704
788,6.45480279986429,52.2900889797795,2.11,0.757
789,6.45481598657026,52.290092394494,1.94,0.696
790,6.45482917327623,52.2900958092085,1.886,0.676
791,6.4548423599822,52.290099223923,1.976,0.709
792,6.45485554668816,52.2901026386375,1.712,0.614
793,6.45486873339413,52.290106053352,1.822,0.653
794,6.4548819201001,52.2901094680665,2.059,0.738
795,6.45489510680607,52.2901128827811,1.797,0.644
796,6.45490829351203,52.2901162974956,1.988,0.713
797,6.454921480218,52.2901197122101,1.884,0.675
798,6.45493503584107,52.2901218928066,1.83,0.656
799,6.45494860324486,52.2901240339936,1.902,0.682
800,6.45496190904967,52.2901270502933,2.026,0.726
801,6.45497502762851,52.2901306929098,1.949,0.699
802,6.45498814620735,52.2901343355262,1.918,0.688
803,6.45500126478619,52.2901379781426,1.984,0.711
804,6.45501465305089,52.2901407185939,1.814,0.65
805,6.45502811954873,52.290143197336,1.908,0.684
806,6.45504082240375,52.2901482306504,1.883,0.675
807,6.45505362254752,52.2901529385101,1.892,0.678
808,6.45506669625857,52.2901567312203,2.009,0.72
809,6.45507976996962,52.2901605239305,1.884,0.676
810,6.45509284368067,52.2901643166406,2.01,0.721
811,6.45510591739172,52.2901681093508,1.94,0.696
812,6.45511899110276,52.290171902061,1.843,0.661
813,6.45513206481381,52.2901756947712,1.804,0.647
814,6.45514513852486,52.2901794874813,1.763,0.632
815,6.45515821223591,52.2901832801915,1.767,0.634
816,6.45517128594696,52.2901870729017,1.805,0.647
817,6.45518435965801,52.2901908656119,1.92,0.688
818,6.45519743336906,52.290194658322,1.93,0.692
819,6.45521050708011,52.2901984510322,2.034,0.729
820,6.45522358079116,52.2902022437424,1.864,0.668
821,6.45523665450221,52.2902060364526,1.778,0.637
822,6.45524972821325,52.2902098291627,2.137,0.766
823,6.4552628019243,52.2902136218729,1.738,0.623
824,6.45527587563535,52.2902174145831,1.761,0.632
825,6.4552889493464,52.2902212072932,1.925,0.69
826,6.45530202305745,52.2902250000034,1.938,0.695
827,6.4553150967685,52.2902287927136,1.906,0.683
828,6.45532817047955,52.2902325854238,2.028,0.727
829,6.4553412441906,52.2902363781339,2.118,0.76
830,6.45535431790165,52.2902401708441,2.255,0.809
831,6.4553673916127,52.2902439635543,1.981,0.71
832,6.45538046532374,52.2902477562645,1.811,0.649
833,6.45539360315813,52.2902513344664,2.008,0.72
834,6.45540680027489,52.2902547143542,1.972,0.707
835,6.45541999739166,52.290258094242,1.839,0.659
836,6.45543309785113,52.2902617974722,1.848,0.663
837,6.45544619316088,52.2902655179294,1.72,0.617
838,6.45545928847062,52.2902692383867,1.793,0.643
839,6.45547238378037,52.2902729588439,1.706,0.612
840,6.45548547909011,52.2902766793012,2.134,0.765
841,6.45549857439986,52.2902803997584,1.791,0.642
842,6.45551166970961,52.2902841202157,1.693,0.607
843,6.45552476501935,52.2902878406729,2.09,0.749
844,6.4555378603291,52.2902915611302,2.115,0.758
845,6.45555095563884,52.2902952815874,2.151,0.771
846,6.45556405094859,52.2902990020447,1.712,0.614
847,6.45557714625833,52.2903027225019,2.037,0.731
848,6.45559024156808,52.2903064429592,1.864,0.669
849,6.45560333687782,52.2903101634164,2.066,0.741
850,6.45561643218757,52.2903138838737,1.868,0.67
851,6.45562952749731,52.2903176043309,1.94,0.696
852,6.45564262280706,52.2903213247881,1.976,0.709
853,6.4556557181168,52.2903250452454,1.885,0.676
854,6.45566881342655,52.2903287657026,1.946,0.698
855,6.45568190873629,52.2903324861599,1.796,0.644
856,6.45569500404604,52.2903362066171,2.125,0.762
857,6.45570805043235,52.2903400907352,1.787,0.641
858,6.45572108669424,52.290344008722,1.838,0.659
859,6.45573412295613,52.2903479267088,1.955,0.701
860,6.45574715921801,52.2903518446956,2.108,0.756
861,6.4557601954799,52.2903557626824,2.029,0.728
862,6.45577323174179,52.2903596806692,1.988,0.713
863,6.45578626800368,52.290363598656,1.812,0.65
864,6.45579930426557,52.2903675166427,1.787,0.641
865,6.45581234052746,52.2903714346295,2.028,0.727
866,6.45582537678934,52.2903753526163,1.716,0.615
867,6.45583841305123,52.2903792706031,1.933,0.693
868,6.45585144931312,52.2903831885899,2.056,0.737
869,6.45586448557501,52.2903871065767,2.074,0.743
870,6.45587758960534,52.2903907978614,1.821,0.653
871,6.45589075912534,52.2903942700672,2.057,0.738
872,6.45590392864535,52.290397742273,1.898,0.681
873,6.45591709816535,52.2904012144787,1.698,0.609
874,6.45593034941436,52.2904044132809,1.963,0.704
875,6.45594384318874,52.2904068007764,1.898,0.68
876,6.45595733696313,52.2904091882719,2.207,0.791
877,6.45596993817693,52.290414561601,1.899,0.681
878,6.45598223090123,52.2904209669031,2.134,0.765
879,6.45599515274179,52.2904252676572,1.858,0.666
880,6.45600822157846,52.2904290766734,1.947,0.698
881,6.45602129041514,52.2904328856895,2.183,0.783
882,6.45603435925181,52.2904366947057,1.86,0.667
883,6.45604742808848,52.2904405037219,1.805,0.647
884,6.45606049692515,52.290444312738,1.938,0.695
885,6.45607356576182,52.2904481217542,1.919,0.688
886,6.4560866345985,52.2904519307703,2.038,0.731
887,6.45609969992528,52.2904557515279,2.233,0.801
888,6.45611275467363,52.290459607673,2.102,0.754
889,6.45612580942197,52.290463463818,2.044,0.733
890,6.45613886417032,52.2904673199631,2.161,0.775
891,6.45615191891867,52.2904711761081,2.034,0.729
892,6.45616493715655,52.2904751543896,1.689,0.606
893,6.4561779208518,52.2904792482247,2.107,0.755
894,6.45619090454704,52.2904833420598,2.132,0.764
895,6.45620388824229,52.2904874358948,1.977,0.709
896,6.45621687193754,52.2904915297299,2.022,0.725
897,6.45622985563278,52.290495623565,2.037,0.73
898,6.45624283932803,52.2904997174,1.792,0.642
899,6.45625582302328,52.2905038112351,2.044,0.733
900,6.45626880671853,52.2905079050702,2.081,0.746
901,6.45628179041377,52.2905119989053,1.905,0.683
902,6.45629481687268,52.2905159496854,1.893,0.679
903,6.45630806114566,52.2905191718242,1.99,0.714
904,6.45632103581066,52.2905232958676,2.097,0.752
905,6.45633401047566,52.2905274199111,1.769,0.634
906,6.45634698514066,52.2905315439545,1.914,0.686
907,6.45635995980566,52.290535667998,2.245,0.805
908,6.45637293447066,52.2905397920415,1.999,0.717
909,6.45638590913566,52.2905439160849,2.222,0.797
910,6.45639888380066,52.2905480401284,1.997,0.716
911,6.45641185846566,52.2905521641718,2.102,0.754
912,6.45642483313066,52.2905562882153,1.994,0.715
913,6.45643780779566,52.2905604122587,2.138,0.767
914,6.45645078246066,52.2905645363022,1.927,0.691
915,6.45646375712566,52.2905686603456,2.009,0.72
916,6.45647673179066,52.2905727843891,2.051,0.735
917,6.45648970645566,52.2905769084325,2.065,0.74
918,6.45650268112067,52.290581032476,1.937,0.695
919,6.45651565578567,52.2905851565194,2.103,0.754
920,6.45652863045067,52.2905892805629,2.217,0.795
921,6.45654160511567,52.2905934046064,2.038,0.731
922,6.45655457978067,52.2905975286498,1.871,0.671
923,6.45656755444567,52.2906016526933,1.962,0.703
924,6.45658052911067,52.2906057767367,1.867,0.669
925,6.45659350377567,52.2906099007802,1.879,0.674
926,6.45660647844067,52.2906140248236,2.013,0.722
927,6.45661945310567,52.2906181488671,1.834,0.657
928,6.45663242777067,52.2906222729105,1.962,0.704
929,6.45664540243567,52.290626396954,2.143,0.768
930,6.45665837710067,52.2906305209974,1.817,0.652
931,6.45667137939363,52.2906345526186,2.051,0.735
932,6.45668439417701,52.2906385424563,2.172,0.779
933,6.45669740896038,52.2906425322939,2.004,0.719
934,6.45671042374376,52.2906465221316,2.108,0.756
935,6.45672343852714,52.2906505119693,2.238,0.803
936,6.45673645331051,52.2906545018069,2.006,0.719
937,6.45674946809389,52.2906584916446,1.922,0.689
938,6.45676248287727,52.2906624814823,2.162,0.775
939,6.45677549766065,52.2906664713199,2.154,0.772
940,6.45678851244402,52.2906704611576,1.946,0.698
941,6.4568015272274,52.2906744509952,2.15,0.771
942,6.45681454201078,52.2906784408329,2.019,0.724
943,6.45682755679415,52.2906824306706,1.738,0.623
944,6.45684055722907,52.2906864685074,1.795,0.644
945,6.45685349489269,52.2906907163295,2.052,0.736
946,6.45686643255631,52.2906949641516,2.022,0.725
947,6.45687942237541,52.2906990375009,1.999,0.717
948,6.45689247711868,52.2907028936629,1.954,0.701
949,6.45690553186194,52.290706749825,2.118,0.76
950,6.4569185866052,52.2907106059871,2.229,0.799
951,6.45693164134847,52.2907144621491,2.177,0.781
952,6.45694469609173,52.2907183183112,2.227,0.799
953,6.456957750835,52.2907221744732,2.302,0.825
954,6.45697080557826,52.2907260306353,1.901,0.682
955,6.45698377156673,52.2907301837039,1.976,0.708
956,6.456996708774,52.2907344330526,2.035,0.73
957,6.45700964598126,52.2907386824014,1.924,0.69
958,6.45702258318852,52.2907429317501,2.118,0.76
959,6.45703552039578,52.2907471810989,1.922,0.689
960,6.45704845760305,52.2907514304476,1.937,0.695
961,6.45706132322062,52.2907559192814,2.079,0.745
962,6.45707418154739,52.2907604325048,2.163,0.775
963,6.45708703987416,52.2907649457281,2.31,0.828
964,6.45709989820094,52.2907694589514,2.012,0.721
965,6.45711275652771,52.2907739721747,1.893,0.679
966,6.45712561485448,52.290778485398,2.064,0.74
967,6.45713847318126,52.2907829986213,2.151,0.771
968,6.45715133150803,52.2907875118446,2.139,0.767
969,6.4571641898348,52.2907920250679,1.967,0.705
970,6.45717704816158,52.2907965382912,2.058,0.738
971,6.45718990648835,52.2908010515145,1.992,0.714
972,6.45720276481512,52.2908055647378,1.925,0.69
973,6.4572156231419,52.2908100779611,2.182,0.782
974,6.45722848146867,52.2908145911844,2.439,0.874
975,6.45724133979545,52.2908191044077,2.088,0.749
976,6.45725419812222,52.290823617631,2.335,0.837
977,6.45726705644899,52.2908281308543,2.211,0.793
978,6.45727991477577,52.2908326440776,2.095,0.751
979,6.45729277310254,52.2908371573009,2.098,0.752
980,6.45730563142931,52.2908416705243,2.229,0.799
981,6.45731848975609,52.2908461837476,2.115,0.758
982,6.45733134808286,52.2908506969709,1.844,0.661
983,6.45734420640963,52.2908552101942,2.282,0.818
984,6.45735706473641,52.2908597234175,2.133,0.765
985,6.45736992306318,52.2908642366408,2.182,0.782
986,6.45738278138995,52.2908687498641,2.019,0.724
987,6.45739563971673,52.2908732630874,1.963,0.704
988,6.4574084980435,52.2908777763107,2.124,0.762
989,6.45742135637027,52.290882289534,2.014,0.722
990,6.45743421469705,52.2908868027573,2.1,0.753
991,6.45744707302382,52.2908913159806,1.992,0.714
992,6.45745993135059,52.2908958292039,2.134,0.765
993,6.45747278967737,52.2909003424272,2.124,0.762
994,6.45748564800414,52.2909048556505,2.054,0.736
995,6.45749850633092,52.2909093688738,2.228,0.799
996,6.45751136465769,52.2909138820971,2.223,0.797
997,6.45752422298446,52.2909183953205,1.903,0.682
998,6.45753708131124,52.2909229085438,1.952,0.7
999,6.45754993963801,52.2909274217671,2.126,0.762
1000,6.45756279796478,52.2909319349904,2.053,0.736
1001,6.45757565629156,52.2909364482137,2.083,0.747
1002,6.45758851461833,52.290940961437,1.953,0.7
1003,6.4576013729451,52.2909454746603,2.243,0.804
1004,6.45761423127188,52.2909499878836,2.144,0.769
1005,6.45762708959865,52.2909545011069,2.017,0.723
1006,6.45763994792542,52.2909590143302,2.065,0.74
1007,6.4576528062522,52.2909635275535,2.141,0.768
1008,6.45766566457897,52.2909680407768,2.043,0.733
1009,6.45767843365952,52.2909728525506,2.142,0.768
1010,6.45769113339776,52.2909778962914,1.887,0.677
1011,6.457703833136,52.2909829400321,1.948,0.698
1012,6.45771653287424,52.2909879837729,1.907,0.684
1013,6.45772941189944,52.2909924277549,2.012,0.722
1014,6.45774232674712,52.290996751902,2.221,0.796
1015,6.4577552415948,52.291001076049,2.126,0.762
1016,6.45776815644247,52.291005400196,2.106,0.755
1017,6.45778107129015,52.2910097243431,2.134,0.765
1018,6.45779397846868,52.2910140741453,2.169,0.778
1019,6.4578067164206,52.291018990052,1.911,0.685
1020,6.45781953790718,52.2910236265147,2.175,0.78
1021,6.45783239794417,52.2910281340169,2.073,0.743
1022,6.45784525798116,52.2910326415192,2.015,0.722
1023,6.45785811801815,52.2910371490214,2.021,0.725
1024,6.45787097805514,52.2910416565236,1.988,0.713
1025,6.45788383809213,52.2910461640258,2.22,0.796
1026,6.45789669812912,52.291050671528,2.096,0.751
1027,6.45790955816611,52.2910551790302,1.899,0.681
1028,6.4579224182031,52.2910596865324,2.269,0.814
1029,6.45793527824009,52.2910641940347,2.129,0.763
1030,6.45794813827708,52.2910687015369,2.182,0.782
1031,6.45796099831407,52.2910732090391,2.371,0.85
1032,6.45797385835106,52.2910777165413,2.259,0.81
1033,6.45798671838805,52.2910822240435,2.318,0.831
1034,6.45799957842504,52.2910867315457,2.22,0.796
1035,6.45801243846203,52.291091239048,2.211,0.793
1036,6.45802529849902,52.2910957465502,2.363,0.847
1037,6.45803815853601,52.2911002540524,2.355,0.844
1038,6.45805101857299,52.2911047615546,2.424,0.869
1039,6.45806387860998,52.2911092690568,2.218,0.795
1040,6.45807673864697,52.291113776559,2.266,0.812
1041,6.45808959868396,52.2911182840612,2.428,0.871
1042,6.45810245872095,52.2911227915635,2.373,0.851
1043,6.45811531875794,52.2911272990657,2.285,0.819
1044,6.45812817879493,52.2911318065679,2.581,0.926
1045,6.45814103883192,52.2911363140701,2.474,0.887
1046,6.45815389886891,52.2911408215723,2.452,0.879
1047,6.4581667589059,52.2911453290745,2.377,0.852
1048,6.45817961894289,52.2911498365767,2.878,1.032
1049,6.45819247897988,52.291154344079,2.631,0.943
1050,6.45820533901687,52.2911588515812,2.953,1.059
1051,6.45821819905386,52.2911633590834,2.73,0.979
1052,6.45823105909085,52.2911678665856,3.023,1.084
1053,6.45824391912784,52.2911723740878,3.224,1.156
1054,6.45825677916483,52.29117688159,3.104,1.113
1055,6.45826967649026,52.2911812643533,3.576,1.282
1056,6.45828260110534,52.291185555826,3.306,1.185
1057,6.45829552572042,52.2911898472986,3.215,1.153
1058,6.4583084503355,52.2911941387713,3.508,1.258
1059,6.45832137495058,52.291198430244,3.292,1.18
1060,6.45833429956567,52.2912027217167,3.584,1.285
1061,6.45834722418075,52.2912070131894,3.139,1.125
1062,6.45836014879583,52.2912113046621,3.835,1.375
1063,6.45837307341091,52.2912155961348,3.522,1.263
1064,6.45838598814777,52.2912199206525,3.749,1.344
1065,6.45839887462362,52.2912243397103,3.866,1.386
1066,6.45841176109947,52.291228758768,3.996,1.433
1067,6.45842464757532,52.2912331778258,4.267,1.53
1068,6.45843752177854,52.2912376379385,4.668,1.674
1069,6.45845036912324,52.2912421878995,4.06,1.456
1070,6.45846321646793,52.2912467378606,4.073,1.46
1071,6.45847606381263,52.2912512878216,4.566,1.637
1072,6.45848891115733,52.2912558377827,5.4,1.936
1073,6.45850175850202,52.2912603877437,4.671,1.675
1074,6.45851460584672,52.2912649377047,4.822,1.729
1075,6.45852754584984,52.2912691777007,5.262,1.887
1076,6.45854080587041,52.2912723471599,5.145,1.845
1077,6.45855406589098,52.2912755166191,5.311,1.904
1078,6.45856732591154,52.2912786860783,6.31,2.262
1079,6.45858058593211,52.2912818555375,5.633,2.02
1080,6.45859384595268,52.2912850249968,5.553,1.991
1081,6.45860710597325,52.291288194456,5.907,2.118
1082,6.45861998456293,52.2912926398949,5.224,1.873
1083,6.45863258917207,52.2912980018658,5.755,2.063
1084,6.45864516383744,52.291303464006,6.567,2.355
1085,6.45865773850281,52.2913089261461,6.656,2.386
1086,6.4586705346526,52.2913136473666,7.159,2.567
1087,6.45868365106942,52.2913172972155,5.75,2.062
1088,6.45869676748625,52.2913209470644,6.522,2.338
1089,6.45870985049074,52.2913247086858,6.431,2.306
1090,6.45872229590465,52.2913306032037,5.669,2.033
1091,6.4587351215106,52.2913352258862,6.349,2.277
1092,6.45874794711654,52.2913398485687,7.172,2.572
1093,6.45876077272249,52.2913444712512,6.423,2.303
1094,6.45877359832843,52.2913490939336,6.639,2.381
1095,6.45878642393438,52.2913537166161,6.651,2.385
1096,6.45879924954033,52.2913583392986,6.654,2.386
1097,6.45881188269988,52.2913636057614,6.154,2.207
1098,6.45882410701425,52.2913702399114,6.389,2.291
1099,6.45883783951057,52.2913718288236,6.789,2.434
1100,6.45885057801771,52.2913767428729,6.819,2.445
1101,6.45886331652485,52.2913816569222,5.667,2.032
1102,6.45887605503199,52.2913865709715,5.737,2.057
1103,6.45888879353913,52.2913914850208,6.275,2.25
1104,6.45890153204627,52.2913963990701,4.904,1.758
1105,6.4589142705534,52.2914013131195,6.154,2.206
1106,6.45892700906054,52.2914062271688,5.424,1.945
1107,6.45893974756768,52.2914111412181,5.19,1.861
1108,6.45895248607482,52.2914160552674,5.294,1.898
1109,6.45896522458196,52.2914209693167,5.257,1.885
1110,6.4589779630891,52.2914258833661,4.91,1.76
1111,6.45899070159624,52.2914307974154,4.852,1.74
1112,6.45900347832445,52.2914355836058,4.915,1.762
1113,6.45901633319802,52.291440108381,4.806,1.723
1114,6.45902918807159,52.2914446331561,4.489,1.61
1115,6.45904204294516,52.2914491579312,4.01,1.438
1116,6.45905489781872,52.2914536827063,4.327,1.552
1117,6.45906775269229,52.2914582074814,4.145,1.486
1118,6.45908060756586,52.2914627322566,4.183,1.5
1119,6.45909346243943,52.2914672570317,3.887,1.394
1120,6.459106317313,52.2914717818068,3.661,1.313
1121,6.45911917218657,52.2914763065819,3.361,1.205
1122,6.45913202706014,52.291480831357,3.567,1.279
1123,6.45914488193371,52.2914853561322,3.724,1.335
1124,6.45915773680728,52.2914898809073,3.183,1.141
1125,6.45917059168085,52.2914944056824,3.59,1.287
1126,6.45918344655442,52.2914989304575,3.686,1.321
1127,6.45919630142798,52.2915034552326,3.248,1.165
1128,6.45920915630155,52.2915079800078,3.005,1.077
1129,6.45922201117512,52.2915125047829,2.642,0.947
1130,6.45923486604869,52.291517029558,2.896,1.038
1131,6.45924772092226,52.2915215543331,2.986,1.071
1132,6.45926057579583,52.2915260791082,2.691,0.965
1133,6.4592734306694,52.2915306038834,2.546,0.913
1134,6.45928628554297,52.2915351286585,3.056,1.096
1135,6.45929914041654,52.2915396534336,2.706,0.97
1136,6.45931199529011,52.2915441782087,2.74,0.983
1137,6.45932485016368,52.2915487029838,2.744,0.984
1138,6.45933770503724,52.291553227759,2.498,0.896
1139,6.45935055991081,52.2915577525341,2.328,0.835
1140,6.45936341478438,52.2915622773092,2.518,0.903
1141,6.45937626965795,52.2915668020843,2.508,0.899
1142,6.45938912453152,52.2915713268594,2.152,0.772
1143,6.45940197940509,52.2915758516346,2.29,0.821
1144,6.45941483427866,52.2915803764097,2.514,0.902
1145,6.45942768915223,52.2915849011848,2.068,0.741
1146,6.4594405440258,52.2915894259599,2.392,0.858
1147,6.45945339889937,52.291593950735,2.148,0.77
1148,6.45946625377294,52.2915984755102,2.056,0.737
1149,6.45947910898115,52.2916029991658,2.088,0.749
1150,6.45949202861546,52.2916073073004,2.003,0.718
1151,6.45950498801365,52.2916114824151,2.06,0.739
1152,6.45951794741184,52.2916156575297,2.154,0.772
1153,6.45953090681004,52.2916198326444,2.269,0.814
1154,6.45954386620823,52.291624007759,2.194,0.787
1155,6.45955682560643,52.2916281828737,1.991,0.714
1156,6.45956967590155,52.2916327229648,2.312,0.829
1157,6.45958250853586,52.2916373221357,2.161,0.775
1158,6.45959534117017,52.2916419213066,2.11,0.757
1159,6.45960817380449,52.2916465204775,2.341,0.839
1160,6.4596210064388,52.2916511196484,2.32,0.832
1161,6.45963383907311,52.2916557188192,2.053,0.736
1162,6.45964667170742,52.2916603179901,2.097,0.752
1163,6.45965950434173,52.291664917161,1.947,0.698
1164,6.45967233697604,52.2916695163319,2.053,0.736
1165,6.45968516961036,52.2916741155028,1.846,0.662
1166,6.45969800224467,52.2916787146736,1.903,0.682
1167,6.45971083487898,52.2916833138445,1.951,0.699
1168,6.45972366751329,52.2916879130154,1.825,0.654
1169,6.4597365001476,52.2916925121863,1.954,0.701
1170,6.45974933278191,52.2916971113572,1.916,0.687
1171,6.45976216541622,52.2917017105281,2.074,0.744
1172,6.45977499805054,52.2917063096989,2.193,0.786
1173,6.45978782485045,52.2917109283873,2.099,0.753
1174,6.45980067673083,52.2917154631754,2.063,0.74
1175,6.45981354731095,52.2917199354082,2.01,0.721
1176,6.45982641789107,52.2917244076411,2.222,0.797
1177,6.45983928847118,52.291728879874,2.158,0.774
1178,6.4598521590513,52.2917333521068,2.235,0.801
1179,6.45986502963142,52.2917378243397,2.154,0.772
1180,6.45987790021154,52.2917422965726,1.993,0.714
1181,6.45989077079166,52.2917467688055,1.916,0.687
1182,6.45990364137177,52.2917512410383,2.218,0.795
1183,6.45991651195189,52.2917557132712,2.368,0.849
1184,6.45992938253201,52.2917601855041,1.877,0.673
1185,6.45994225311212,52.2917646577369,1.842,0.66
1186,6.45995512369224,52.2917691299698,1.98,0.71
1187,6.45996799427236,52.2917736022027,2.049,0.735
1188,6.45998086485248,52.2917780744355,1.996,0.716
1189,6.4599937354326,52.2917825466684,1.981,0.71
1190,6.46000660601271,52.2917870189013,2.178,0.781
1191,6.46001947659283,52.2917914911342,2.002,0.718
1192,6.46003234392044,52.2917959742475,1.983,0.711
1193,6.4600452108733,52.2918004586144,2.104,0.755
1194,6.46005807782616,52.2918049429813,1.936,0.694
1195,6.46007094477902,52.2918094273483,1.849,0.663
1196,6.46008381173188,52.2918139117152,1.989,0.713
1197,6.46009668090276,52.2918183886623,2.181,0.782
1198,6.46010956242252,52.2918228242994,2.002,0.718
1199,6.46012244394228,52.2918272599365,1.874,0.672
1200,6.46013532546204,52.2918316955736,2.326,0.834
1201,6.4601482069818,52.2918361312107,2.124,0.762
1202,6.46016108850156,52.2918405668478,1.897,0.68
1203,6.46017397002132,52.2918450024848,2.055,0.737
1204,6.46018685154108,52.2918494381219,1.99,0.713
1205,6.46019973780607,52.2918538578851,1.958,0.702
1206,6.46021262664873,52.2918582690253,2.184,0.783
1207,6.46022551549139,52.2918626801655,2.014,0.722
1208,6.46023840433405,52.2918670913056,2.056,0.737
1209,6.46025129317671,52.2918715024458,1.829,0.656
1210,6.46026418310289,52.2918759099614,2.086,0.748
1211,6.46027707460871,52.2918803121927,1.918,0.688
1212,6.46028996611453,52.2918847144239,1.945,0.697
1213,6.46030285762035,52.2918891166552,2.144,0.769
1214,6.46031574912617,52.2918935188865,1.908,0.684
1215,6.46032864063199,52.2918979211178,1.951,0.7
1216,6.46034153213781,52.291902323349,2.057,0.738
1217,6.46035442364363,52.2919067255803,1.928,0.691
1218,6.46036731426584,52.2919111307675,1.947,0.698
1219,6.46038020380686,52.2919155395715,2.089,0.749
1220,6.46039309334787,52.2919199483755,1.978,0.709
1221,6.46040598288889,52.2919243571795,1.796,0.644
1222,6.4604188724299,52.2919287659835,2.218,0.795
1223,6.46043201412691,52.2919323312641,2.102,0.754
1224,6.46044517773031,52.2919358232623,2.072,0.743
1225,6.46045812924536,52.291940024748,2.15,0.771
1226,6.46047098024958,52.291944562467,2.176,0.78
1227,6.46048383125381,52.2919491001861,2.138,0.767
1228,6.46049668225804,52.2919536379051,2.05,0.735
1229,6.46050953326226,52.2919581756241,2.069,0.742
1230,6.46052238426649,52.2919627133431,2.055,0.737
1231,6.46053524702704,52.2919672117343,1.823,0.654
1232,6.46054813660824,52.2919716204039,2.256,0.809
1233,6.46056102618944,52.2919760290735,1.909,0.684
1234,6.46057391577064,52.2919804377431,1.907,0.684
1235,6.46058680535184,52.2919848464127,1.901,0.682
1236,6.46059969493304,52.2919892550823,1.856,0.666
1237,6.46061258451424,52.2919936637519,1.763,0.632
1238,6.46062547409544,52.2919980724215,2.051,0.735
1239,6.46063836367664,52.2920024810911,1.955,0.701
1240,6.46065125325784,52.2920068897607,1.861,0.667
1241,6.4606641201731,52.2920113742534,1.946,0.698
1242,6.46067693256717,52.2920160411329,2.042,0.732
1243,6.46068974496125,52.2920207080123,1.856,0.666
1244,6.46070255735533,52.2920253748917,1.972,0.707
1245,6.46071536974941,52.2920300417711,1.997,0.716
1246,6.46072818214348,52.2920347086505,1.994,0.715
1247,6.46074097633709,52.292039436415,2.022,0.725
1248,6.46075370689062,52.2920443770711,2.032,0.729
1249,6.46076643744416,52.2920493177272,1.901,0.682
1250,6.46077916799769,52.2920542583832,2.0,0.717
1251,6.46079189855122,52.2920591990393,1.869,0.67
1252,6.46080462910476,52.2920641396954,1.824,0.654
1253,6.46081735965829,52.2920690803515,2.02,0.724
1254,6.46083009021182,52.2920740210075,1.899,0.681
1255,6.46084282076536,52.2920789616636,2.076,0.744
1256,6.46085555131889,52.2920839023197,1.948,0.699
1257,6.46086828187242,52.2920888429758,2.281,0.818
1258,6.46088101242596,52.2920937836318,1.784,0.64
1259,6.46089374297949,52.2920987242879,1.744,0.625
1260,6.46090647353302,52.292103664944,1.982,0.711
1261,6.46091920408656,52.2921086056001,1.967,0.705
1262,6.46093193464009,52.2921135462561,2.264,0.812
1263,6.46094466519362,52.2921184869122,1.902,0.682
1264,6.46095739574716,52.2921234275683,2.064,0.74
1265,6.46097012630069,52.2921283682244,2.07,0.742
1266,6.46098285685422,52.2921333088804,1.814,0.65
1267,6.46099558740776,52.2921382495365,1.943,0.697
1268,6.46100831796129,52.2921431901926,2.081,0.746
1269,6.46102104851482,52.2921481308487,2.089,0.749
1270,6.46103377906836,52.2921530715047,2.129,0.763
1271,6.46104650962189,52.2921580121608,2.038,0.731
1272,6.46105924017542,52.2921629528169,1.922,0.689
1273,6.46107212403357,52.2921673806315,1.93,0.692
1274,6.46108514157486,52.2921713612433,1.956,0.701
1275,6.46109815911614,52.2921753418551,1.999,0.717
1276,6.46111117665743,52.2921793224668,1.866,0.669
1277,6.46112419419872,52.2921833030786,2.042,0.732
1278,6.46113721174001,52.2921872836904,2.032,0.728
1279,6.4611502292813,52.2921912643021,2.129,0.763
1280,6.46116324682259,52.2921952449139,2.171,0.778
1281,6.46117626436388,52.2921992255257,1.91,0.685
1282,6.46118928190516,52.2922032061375,2.086,0.748
1283,6.46120229944645,52.2922071867492,1.989,0.713
1284,6.46121531698774,52.292211167361,1.832,0.657
1285,6.46122833452903,52.2922151479728,2.169,0.778
1286,6.46124135207032,52.2922191285846,1.877,0.673
1287,6.46125438173298,52.2922230686474,1.914,0.686
1288,6.46126754898087,52.2922265484539,1.872,0.671
1289,6.46128071622876,52.2922300282604,1.893,0.679
1290,6.46129379078125,52.2922338181558,2.014,0.722
1291,6.46130669902701,52.2922381643879,2.077,0.745
1292,6.46131960727276,52.29224251062,1.753,0.629
1293,6.46133251551852,52.2922468568521,1.949,0.699
1294,6.46134542376427,52.2922512030842,1.989,0.713
1295,6.46135833201003,52.2922555493162,2.073,0.743
1296,6.46137124025579,52.2922598955483,1.89,0.678
1297,6.46138414850154,52.2922642417804,1.95,0.699
1298,6.4613970567473,52.2922685880125,2.073,0.743
1299,6.46140996499305,52.2922729342446,1.872,0.671
1300,6.46142287323881,52.2922772804767,1.986,0.712
1301,6.46143578148456,52.2922816267088,1.955,0.701
1302,6.46144868973032,52.2922859729409,1.901,0.681
1303,6.46146159797607,52.292290319173,2.011,0.721
1304,6.46147450622183,52.2922946654051,2.181,0.782
1305,6.46148739661488,52.2922990713588,1.863,0.668
1306,6.46150024796087,52.2923036079346,1.901,0.682
1307,6.46151309930685,52.2923081445103,2.109,0.756
1308,6.46152595065284,52.2923126810861,2.063,0.74
1309,6.46153880199883,52.2923172176618,1.908,0.684
1310,6.46155165334482,52.2923217542375,1.642,0.589
1311,6.4615645046908,52.2923262908133,1.837,0.659
1312,6.46157735603679,52.292330827389,2.013,0.722
1313,6.46159020738278,52.2923353639648,2.007,0.72
1314,6.46160305872877,52.2923399005405,1.943,0.697
1315,6.46161591007475,52.2923444371163,1.864,0.668
1316,6.46162876142074,52.292348973692,1.658,0.595
1317,6.46164161276673,52.2923535102678,1.852,0.664
1318,6.46165446411271,52.2923580468435,1.898,0.681
1319,6.46166730682264,52.292362612309,2.105,0.755
1320,6.46168013327802,52.2923672321499,1.855,0.665
1321,6.46169295973339,52.2923718519909,1.819,0.652
1322,6.46170578618876,52.2923764718318,2.026,0.726
1323,6.46171861264413,52.2923810916728,2.09,0.749
1324,6.4617314390995,52.2923857115137,1.844,0.661
1325,6.46174426555487,52.2923903313547,2.002,0.718
1326,6.46175709201025,52.2923949511956,1.818,0.652
1327,6.46176991846562,52.2923995710365,2.044,0.733
1328,6.46178274492099,52.2924041908775,1.903,0.682
1329,6.46179561889296,52.2924086517638,1.959,0.702
1330,6.46180854471824,52.292412939188,2.154,0.772
1331,6.46182147054353,52.2924172266123,1.967,0.705
1332,6.46183439636881,52.2924215140366,2.141,0.768
1333,6.4618473221941,52.2924258014608,1.711,0.614
1334,6.46186024801938,52.2924300888851,1.958,0.702
1335,6.46187317384467,52.2924343763093,1.897,0.68
1336,6.46188609966995,52.2924386637336,1.951,0.7
1337,6.46189902549524,52.2924429511579,2.023,0.725
1338,6.46191195132052,52.2924472385821,1.874,0.672
1339,6.46192487714581,52.2924515260064,1.913,0.686
1340,6.46193780297109,52.2924558134306,2.009,0.72
1341,6.46195072879638,52.2924601008549,1.921,0.689
1342,6.46196365462166,52.2924643882792,1.826,0.655
1343,6.46197658044695,52.2924686757034,1.984,0.711
1344,6.46198956866631,52.2924727544042,1.78,0.638
1345,6.46200257608814,52.2924767688681,1.873,0.672
1346,6.46201558350997,52.2924807833319,2.003,0.718
1347,6.4620285909318,52.2924847977957,2.046,0.733
1348,6.46204159835363,52.2924888122596,1.787,0.641
1349,6.46205460577546,52.2924928267234,1.817,0.651
1350,6.46206761319729,52.2924968411873,1.796,0.644
1351,6.46208062061912,52.2925008556511,1.869,0.67
1352,6.46209362804095,52.2925048701149,1.655,0.593
1353,6.46210663546278,52.2925088845788,1.79,0.642
1354,6.46211964288461,52.2925128990426,2.031,0.728
1355,6.46213265030644,52.2925169135065,1.831,0.657
1356,6.46214565772827,52.2925209279703,2.082,0.746
1357,6.4621586651501,52.2925249424341,1.868,0.67
1358,6.46217167257193,52.292528956898,1.86,0.667
1359,6.46218467999376,52.2925329713618,2.021,0.725
1360,6.46219768741559,52.2925369858257,1.975,0.708
1361,6.46221051846905,52.2925415902849,1.872,0.671
1362,6.46222334849078,52.2925461981955,2.033,0.729
1363,6.46223617851252,52.2925508061061,1.972,0.707
1364,6.46224900853425,52.2925554140167,1.88,0.674
1365,6.46226183855599,52.2925600219272,1.946,0.698
1366,6.46227466857772,52.2925646298378,2.023,0.725
1367,6.46228749859946,52.2925692377484,1.919,0.688
1368,6.4623003286212,52.292573845659,1.809,0.649
1369,6.46231315864293,52.2925784535696,2.01,0.721
1370,6.46232598866467,52.2925830614802,1.914,0.686
1371,6.4623388186864,52.2925876693908,2.061,0.739
1372,6.46235164870814,52.2925922773014,2.001,0.717
1373,6.46236447872987,52.2925968852119,2.005,0.719
1374,6.4623773091482,52.2926014917958,1.786,0.64
1375,6.46239014748879,52.2926060718778,1.914,0.686
1376,6.46240298582938,52.2926106519598,1.826,0.655
1377,6.46241582416997,52.2926152320418,1.78,0.638
1378,6.46242866251055,52.2926198121238,1.821,0.653
1379,6.46244150085114,52.2926243922058,1.894,0.679
1380,6.46245433919173,52.2926289722878,2.027,0.727
1381,6.46246717753232,52.2926335523697,1.895,0.679
1382,6.46248001587291,52.2926381324517,2.115,0.758
1383,6.4624928542135,52.2926427125337,1.905,0.683
1384,6.46250569255409,52.2926472926157,1.976,0.708
1385,6.46251853089468,52.2926518726977,2.076,0.744
1386,6.46253136923526,52.2926564527797,2.057,0.738
1387,6.46254420757585,52.2926610328617,1.796,0.644
1388,6.46255704591644,52.2926656129437,1.859,0.667
1389,6.46256988425703,52.2926701930256,1.834,0.658
1390,6.46258272259762,52.2926747731076,2.077,0.745
1391,6.46259556093821,52.2926793531896,2.115,0.758
1392,6.4626083992788,52.2926839332716,1.9,0.681
1393,6.46262123761939,52.2926885133536,1.816,0.651
1394,6.46263407595997,52.2926930934356,1.926,0.691
1395,6.46264691430056,52.2926976735176,2.044,0.733
1396,6.46265975264115,52.2927022535995,1.886,0.676
1397,6.46267259098174,52.2927068336815,1.994,0.715
1398,6.46268542932233,52.2927114137635,1.963,0.704
1399,6.46269826766292,52.2927159938455,2.034,0.729
1400,6.46271110600351,52.2927205739275,1.793,0.643
1401,6.46272394434409,52.2927251540095,1.888,0.677
1402,6.46273678268468,52.2927297340915,1.922,0.689
1403,6.46274962102527,52.2927343141735,1.857,0.666
1404,6.46276243778265,52.2927389664566,1.86,0.667
1405,6.46277525405464,52.2927436203634,2.129,0.763
1406,6.46278807032664,52.2927482742702,1.666,0.597
1407,6.46280088659864,52.292752928177,1.872,0.671
1408,6.46281370287064,52.2927575820839,1.958,0.702
1409,6.46282651914264,52.2927622359907,1.89,0.678
1410,6.46283933541464,52.2927668898975,1.743,0.625
1411,6.46285215168664,52.2927715438043,1.986,0.712
1412,6.46286496795864,52.2927761977111,1.914,0.686
1413,6.46287778423064,52.292780851618,1.987,0.712
1414,6.46289060050264,52.2927855055248,1.833,0.657
1415,6.46290341677464,52.2927901594316,2.055,0.737
1416,6.46291623304663,52.2927948133384,1.774,0.636
1417,6.46292904931863,52.2927994672453,1.978,0.709
1418,6.46294186559063,52.2928041211521,2.183,0.783
1419,6.46295468186263,52.2928087750589,2.023,0.725
1420,6.46296749813463,52.2928134289657,1.954,0.701
1421,6.46298031440663,52.2928180828726,1.923,0.69
1422,6.46299313067863,52.2928227367794,1.888,0.677
1423,6.46300594695063,52.2928273906862,1.774,0.636
1424,6.46301876322263,52.292832044593,1.865,0.669
1425,6.46303157949463,52.2928366984998,1.869,0.67
1426,6.46304443289427,52.2928412282056,1.972,0.707
1427,6.46305729250313,52.29284573714,1.934,0.694
1428,6.46307015211198,52.2928502460744,1.944,0.697
1429,6.46308301172084,52.2928547550089,1.93,0.692
1430,6.4630958713297,52.2928592639433,1.759,0.631
1431,6.46310873093856,52.2928637728777,1.979,0.71
1432,6.46312159054741,52.2928682818121,1.86,0.667
1433,6.46313445015627,52.2928727907466,1.921,0.689
1434,6.46314730976513,52.292877299681,1.761,0.631
1435,6.46316016937399,52.2928818086154,1.949,0.699
1436,6.46317302898284,52.2928863175498,1.797,0.644
1437,6.4631858885917,52.2928908264842,2.078,0.745
1438,6.46319874820056,52.2928953354187,1.966,0.705
1439,6.46321160780942,52.2928998443531,1.614,0.579
1440,6.46322446741827,52.2929043532875,1.987,0.713
1441,6.46323732702713,52.2929088622219,1.762,0.632
1442,6.46325018663599,52.2929133711563,1.816,0.651
1443,6.46326304624485,52.2929178800908,1.71,0.613
1444,6.4632759058537,52.2929223890252,1.607,0.576
1445,6.46328876546256,52.2929268979596,1.851,0.664
1446,6.46330162507142,52.292931406894,1.896,0.68
1447,6.46331448468028,52.2929359158284,1.806,0.648
1448,6.46332734428913,52.2929404247629,1.69,0.606
1449,6.46334022436471,52.2929448652311,1.939,0.695
1450,6.46335311264979,52.2929492782365,1.848,0.663
1451,6.46336600093486,52.292953691242,1.951,0.7
1452,6.46337888921994,52.2929581042474,1.873,0.671
1453,6.46339177750501,52.2929625172529,2.088,0.749
1454,6.46340466579009,52.2929669302584,1.846,0.662
1455,6.46341755407516,52.2929713432638,1.878,0.673
1456,6.46343044236024,52.2929757562693,1.796,0.644
1457,6.46344333064531,52.2929801692747,1.637,0.587
1458,6.46345621893038,52.2929845822802,1.851,0.664
1459,6.46346910721546,52.2929889952856,1.699,0.609
1460,6.46348199550053,52.2929934082911,1.771,0.635
1461,6.46349488378561,52.2929978212965,1.73,0.62
1462,6.46350777207068,52.293002234302,1.93,0.692
1463,6.46352066035576,52.2930066473075,1.853,0.664
1464,6.46353354864083,52.2930110603129,1.95,0.699
1465,6.4635464369259,52.2930154733184,1.941,0.696
1466,6.46355932521098,52.2930198863238,1.813,0.65
1467,6.46357221349605,52.2930242993293,1.972,0.707
1468,6.46358510178113,52.2930287123347,1.794,0.643
1469,6.4635979900662,52.2930331253402,1.715,0.615
1470,6.46361085911022,52.2930376027117,1.957,0.702
1471,6.4636235666754,52.2930426202694,1.882,0.675
1472,6.46363627424058,52.2930476378272,1.974,0.708
1473,6.46364898180575,52.2930526553849,1.729,0.62
1474,6.46366168937093,52.2930576729427,1.739,0.623
1475,6.4636743969361,52.2930626905005,1.785,0.64
1476,6.46368710450128,52.2930677080582,1.733,0.621
1477,6.46369981206646,52.293072725616,1.805,0.647
1478,6.46371251963163,52.2930777431737,1.917,0.687
1479,6.46372522719681,52.2930827607315,2.039,0.731
1480,6.46373793476198,52.2930877782893,1.811,0.649
1481,6.46375064232716,52.293092795847,1.767,0.634
1482,6.46376334989234,52.2930978134048,1.721,0.617
1483,6.46377605745751,52.2931028309625,1.873,0.672
1484,6.46378876502269,52.2931078485203,1.609,0.577
1485,6.46380147258786,52.293112866078,2.091,0.75
1486,6.46381420441596,52.2931178024704,1.611,0.578
1487,6.46382695068908,52.2931226905406,1.817,0.652
1488,6.4638396969622,52.2931275786108,1.665,0.597
1489,6.46385244323532,52.293132466681,1.876,0.673
1490,6.46386518950844,52.2931373547512,1.805,0.647
1491,6.46387793578156,52.2931422428214,1.801,0.646
1492,6.46389068205468,52.2931471308917,1.833,0.657
1493,6.4639034283278,52.2931520189619,1.905,0.683
1494,6.46391617460092,52.2931569070321,1.999,0.717
1495,6.46392892087404,52.2931617951023,1.721,0.617
1496,6.46394166714716,52.2931666831725,1.629,0.584
1497,6.46395441342028,52.2931715712427,1.762,0.632
1498,6.4639671596934,52.2931764593129,1.792,0.642
1499,6.46397990596652,52.2931813473831,1.859,0.667
1500,6.46399265223964,52.2931862354533,1.802,0.646
1501,6.46400539851276,52.2931911235235,1.847,0.662
1502,6.46401814478588,52.2931960115937,1.738,0.623
1503,6.464030891059,52.293200899664,1.86,0.667
1504,6.46404363733212,52.2932057877342,1.813,0.65
1505,6.46405638360524,52.2932106758044,1.789,0.641
1506,6.46406912987836,52.2932155638746,1.939,0.695
1507,6.46408190764993,52.2932203465748,1.839,0.66
1508,6.46409481360777,52.2932247004605,1.741,0.624
1509,6.46410771956561,52.2932290543462,1.85,0.663
1510,6.46412062552346,52.2932334082319,1.843,0.661
1511,6.4641335314813,52.2932377621177,1.857,0.666
1512,6.46414643743914,52.2932421160034,1.843,0.661
1513,6.46415934339698,52.2932464698891,1.665,0.597
1514,6.46417224935482,52.2932508237748,1.786,0.64
1515,6.46418515531266,52.2932551776605,1.737,0.623
1516,6.4641980612705,52.2932595315463,1.955,0.701
1517,6.46421096722835,52.293263885432,1.822,0.653
1518,6.46422387318619,52.2932682393177,1.681,0.603
1519,6.46423677914403,52.2932725932034,1.644,0.59
1520,6.46424968510187,52.2932769470892,1.889,0.677
1521,6.46426259105971,52.2932813009749,1.699,0.609
1522,6.46427549701755,52.2932856548606,1.739,0.623
1523,6.46428840297539,52.2932900087463,1.947,0.698
1524,6.46430130893324,52.2932943626321,1.948,0.698
1525,6.46431421489108,52.2932987165178,1.719,0.617
1526,6.46432712084892,52.2933030704035,1.869,0.67
1527,6.46434002680676,52.2933074242892,1.748,0.627
1528,6.4643529327646,52.2933117781749,1.871,0.671
1529,6.46436683436509,52.2933128013923,1.761,0.631
1530,6.46437978894937,52.2933169926106,1.8,0.646
1531,6.46439274353365,52.293321183829,1.91,0.685
1532,6.46440569811793,52.2933253750474,1.671,0.599
1533,6.4644186527022,52.2933295662658,1.814,0.651
1534,6.46443160728648,52.2933337574842,1.835,0.658
1535,6.46444447788408,52.2933382296586,1.752,0.628
1536,6.46445733121021,52.2933427596103,1.872,0.671
1537,6.46447018453633,52.293347289562,1.684,0.604
1538,6.46448303786246,52.2933518195137,1.649,0.591
1539,6.46449588551404,52.2933563684481,1.753,0.629
1540,6.46450870028673,52.2933610273705,1.839,0.659
1541,6.46452151505942,52.2933656862928,1.931,0.692
1542,6.46453432983211,52.2933703452152,1.717,0.615
1543,6.46454714460481,52.2933750041376,1.742,0.624
1544,6.4645599593775,52.29337966306,1.92,0.688
1545,6.46457277415019,52.2933843219823,1.744,0.625
1546,6.46458551734042,52.2933892203656,1.863,0.668
1547,6.4645981565058,52.2933944667374,1.879,0.674
1548,6.46461079567118,52.2933997131092,1.834,0.658
1549,6.46462351679628,52.2934046853057,1.663,0.596
1550,6.46463632323009,52.2934093721237,1.993,0.715
1551,6.46464912966391,52.2934140589416,1.932,0.693
1552,6.46466193609772,52.2934187457596,1.643,0.589
1553,6.46467474253154,52.2934234325775,1.713,0.614
1554,6.46468754896535,52.2934281193955,1.676,0.601
1555,6.46470035539917,52.2934328062134,1.96,0.703
1556,6.46471316183298,52.2934374930314,1.847,0.662
1557,6.4647259682668,52.2934421798494,1.451,0.52
1558,6.46473877470061,52.2934468666673,1.751,0.628
1559,6.46475161880923,52.2934514274538,1.867,0.669
1560,6.46476447375076,52.2934559520016,1.862,0.668
1561,6.46477732869229,52.2934604765494,1.82,0.653
1562,6.46479018363383,52.2934650010971,2.073,0.743
1563,6.46480303857536,52.2934695256449,1.926,0.69
1564,6.46481589351689,52.2934740501927,1.788,0.641
1565,6.46482874845842,52.2934785747404,1.926,0.69
1566,6.46484160339996,52.2934830992882,1.739,0.624
1567,6.46485445834149,52.293487623836,1.722,0.617
1568,6.46486731328302,52.2934921483837,1.676,0.601
1569,6.46488016822455,52.2934966729315,2.127,0.763
1570,6.46489303712143,52.2935011507952,1.897,0.68
1571,6.46490592326238,52.2935055709733,1.924,0.69
1572,6.46491880940332,52.2935099911514,1.984,0.711
1573,6.46493169554427,52.2935144113295,1.706,0.612
1574,6.46494458168522,52.2935188315076,2.052,0.736
1575,6.46495746782616,52.2935232516856,1.941,0.696
1576,6.46497035396711,52.2935276718637,1.891,0.678
1577,6.46498324010806,52.2935320920418,1.817,0.651
1578,6.46499612624901,52.2935365122199,1.747,0.626
1579,6.46500901238995,52.293540932398,1.657,0.594
1580,6.4650218985309,52.2935453525761,1.797,0.644
1581,6.46503478467185,52.2935497727542,1.928,0.691
1582,6.46504767081279,52.2935541929323,1.875,0.672
1583,6.46506055695374,52.2935586131103,1.669,0.598
1584,6.46507344309469,52.2935630332884,1.898,0.681
1585,6.46508632923563,52.2935674534665,1.915,0.687
1586,6.46509921537658,52.2935718736446,1.859,0.667
1587,6.46511211710115,52.2935762416917,1.609,0.577
1588,6.46512513985292,52.2935802048731,1.774,0.636
1589,6.46513816260469,52.2935841680545,1.861,0.667
1590,6.46515118535647,52.2935881312359,1.912,0.686
1591,6.46516420810824,52.2935920944174,1.791,0.642
1592,6.46517723086002,52.2935960575988,1.682,0.603
1593,6.46519025361179,52.2936000207802,1.79,0.642
1594,6.46520327636356,52.2936039839616,1.693,0.607
1595,6.46521629911534,52.2936079471431,1.919,0.688
1596,6.46522932186711,52.2936119103245,1.881,0.674
1597,6.46524234461889,52.2936158735059,1.835,0.658
1598,6.46525536737066,52.2936198366873,1.663,0.596
1599,6.46526839012243,52.2936237998688,1.954,0.701
1600,6.46528141287421,52.2936277630502,1.876,0.673
1601,6.46529443562598,52.2936317262316,1.809,0.649
1602,6.46530745837776,52.293635689413,1.596,0.572
1603,6.46532029933283,52.2936402607489,1.811,0.649
1604,6.4653330012308,52.2936452972649,1.718,0.616
1605,6.46534570312877,52.2936503337808,1.737,0.623
1606,6.46535840502675,52.2936553702968,1.791,0.642
1607,6.46537110692472,52.2936604068127,1.863,0.668
1608,6.46538380882269,52.2936654433286,1.621,0.581
1609,6.46539651072067,52.2936704798446,1.821,0.653
1610,6.46540921261864,52.2936755163605,1.783,0.639
1611,6.46542191451661,52.2936805528765,1.841,0.66
1612,6.46543461641458,52.2936855893924,1.927,0.691
1613,6.4654474333875,52.2936902409545,1.617,0.58
1614,6.46546026062567,52.2936948581768,1.684,0.604
1615,6.46547308786384,52.2936994753991,1.826,0.655
1616,6.465485915102,52.2937040926214,1.651,0.592
1617,6.46549874234017,52.2937087098437,1.899,0.681
1618,6.46551156957834,52.293713327066,1.758,0.631
1619,6.46552439681651,52.2937179442883,1.656,0.594
1620,6.46553722405467,52.2937225615106,1.919,0.688
1621,6.46555005129284,52.2937271787329,1.746,0.626
1622,6.46556287853101,52.2937317959552,1.638,0.587
1623,6.46557570576917,52.2937364131775,1.998,0.716
1624,6.46558853300734,52.2937410303998,2.005,0.719
1625,6.46560136024551,52.2937456476221,1.931,0.692
1626,6.46561418748368,52.2937502648444,1.889,0.677
1627,6.46562701472184,52.2937548820667,2.018,0.724
1628,6.46563984196001,52.293759499289,1.775,0.636
1629,6.46565266919818,52.2937641165114,1.7,0.61
1630,6.46566549643634,52.2937687337337,1.834,0.658
1631,6.46567832367451,52.293773350956,1.899,0.681
1632,6.46569115091268,52.2937779681783,2.033,0.729
1633,6.46570397815084,52.2937825854006,1.918,0.688
1634,6.46571680538901,52.2937872026229,1.784,0.64
1635,6.46572963262718,52.2937918198452,1.79,0.642
1636,6.46574245986535,52.2937964370675,1.731,0.621
1637,6.46575528710351,52.2938010542898,1.776,0.637
1638,6.46576811434168,52.2938056715121,1.704,0.611
1639,6.46578094157985,52.2938102887344,2.006,0.719
1640,6.46579376881801,52.2938149059567,1.926,0.691
1641,6.46580659605618,52.293819523179,1.802,0.646
1642,6.46581942329435,52.2938241404013,1.832,0.657
1643,6.46583225053251,52.2938287576236,1.909,0.684
1644,6.46584510595293,52.2938332805694,1.917,0.687
1645,6.46585797804304,52.293837747751,1.846,0.662
1646,6.46587085013315,52.2938422149326,1.832,0.657
1647,6.46588372222327,52.2938466821141,1.742,0.625
1648,6.46589659431338,52.2938511492957,1.919,0.688
1649,6.4659094664035,52.2938556164772,1.814,0.65
1650,6.46592233849361,52.2938600836588,1.828,0.655
1651,6.46593521058372,52.2938645508404,2.037,0.73
1652,6.46594808267384,52.2938690180219,2.001,0.717
1653,6.46596095476395,52.2938734852035,1.801,0.646
1654,6.46597382685407,52.2938779523851,1.835,0.658
1655,6.46598669894418,52.2938824195666,1.983,0.711
1656,6.46599957103429,52.2938868867482,2.128,0.763
1657,6.46601244312441,52.2938913539297,2.066,0.741
1658,6.46602531521452,52.2938958211113,2.105,0.755
1659,6.46603818730464,52.2939002882929,2.159,0.774
1660,6.46605109477323,52.2939046371247,2.215,0.794
1661,6.46606419059784,52.2939083558596,2.118,0.759
1662,6.46607728642244,52.2939120745946,2.165,0.776
1663,6.46609038224705,52.2939157933295,2.043,0.732
1664,6.46610347807166,52.2939195120644,2.351,0.843
1665,6.46611657389626,52.2939232307993,2.215,0.794
1666,6.46612966972087,52.2939269495342,2.389,0.857
1667,6.46614276554548,52.2939306682691,2.47,0.886
1668,6.46615586137008,52.293934387004,2.568,0.921
1669,6.46616895719469,52.2939381057389,2.594,0.93
1670,6.46618197970133,52.2939420697404,2.413,0.865
1671,6.46619475345193,52.2939468658917,2.606,0.935
1672,6.46620752720254,52.293951662043,2.376,0.852
1673,6.46622030095314,52.2939564581943,2.582,0.926
1674,6.46623307470375,52.2939612543456,2.623,0.941
1675,6.46624584845435,52.2939660504969,2.742,0.983
1676,6.46625862220496,52.2939708466482,2.862,1.026
1677,6.46627139595556,52.2939756427995,2.935,1.052
1678,6.46628407662044,52.2939807503453,2.876,1.031
1679,6.46629674785494,52.2939858894381,2.738,0.982
1680,6.46630941908944,52.2939910285308,2.91,1.043
1681,6.46632209032394,52.2939961676236,3.241,1.162
1682,6.46633476155844,52.2940013067164,3.318,1.19
1683,6.46634743279293,52.2940064458091,3.337,1.197
1684,6.46636010402743,52.2940115849019,3.382,1.213
1685,6.46637282786428,52.2940165480269,3.221,1.155
1686,6.46638555281514,52.2940215074253,3.355,1.203
1687,6.46639827776601,52.2940264668237,3.978,1.426
1688,6.46641100271687,52.2940314262221,3.544,1.271
1689,6.46642372766773,52.2940363856205,3.744,1.343
1690,6.4664364526186,52.2940413450188,3.676,1.318
1691,6.46644917756946,52.2940463044172,3.805,1.364
1692,6.46646190252032,52.2940512638156,4.763,1.708
1693,6.46647462747119,52.294056223214,4.111,1.474
1694,6.46648735242205,52.2940611826124,3.947,1.415
1695,6.46650009965211,52.2940660674814,4.133,1.482
1696,6.46651298360701,52.2940704949723,4.496,1.612
1697,6.4665258675619,52.2940749224633,5.293,1.898
1698,6.4665387515168,52.2940793499542,4.289,1.538
1699,6.4665516354717,52.2940837774452,4.669,1.674
1700,6.46656465204373,52.2940877612994,4.943,1.772
1701,6.4665776240665,52.2940918941817,4.905,1.759
1702,6.46659059608927,52.2940960270641,4.936,1.77
1703,6.46660356811205,52.2941001599464,4.606,1.652
1704,6.46661654013482,52.2941042928288,4.673,1.675
1705,6.46662956056014,52.2941082637928,5.552,1.991
1706,6.46664261967498,52.2941121053309,4.722,1.693
1707,6.46665569141858,52.2941159046226,5.277,1.892
1708,6.46666880633055,52.2941195595056,5.625,2.017
1709,6.46668197412254,52.294123037492,5.354,1.92
1710,6.46669508412735,52.2941267087907,5.267,1.888
1711,6.46670818183737,52.2941304212184,5.339,1.914
1712,6.46672119496973,52.2941344165791,5.334,1.913
1713,6.46673419346387,52.2941384609083,5.236,1.877
1714,6.46674719195801,52.2941425052374,5.111,1.833
1715,6.46676019045215,52.2941465495666,5.36,1.922
1716,6.46677318894629,52.2941505938957,5.072,1.819
1717,6.46678618744043,52.2941546382249,4.714,1.69
1718,6.46679904821594,52.2941591432565,5.113,1.833
1719,6.46681187218433,52.2941637714171,5.463,1.959
1720,6.46682470053088,52.2941683849315,4.906,1.759
1721,6.46683752887744,52.294172998446,4.513,1.618
1722,6.466850357224,52.2941776119605,4.878,1.749
1723,6.46686318557056,52.2941822254749,4.811,1.725
1724,6.46687601391711,52.2941868389894,4.368,1.566
1725,6.46688884226367,52.2941914525039,4.48,1.606
1726,6.46690167061023,52.2941960660184,4.304,1.543
1727,6.46691449895679,52.2942006795328,4.228,1.516
1728,6.46692732730334,52.2942052930473,4.323,1.55
1729,6.4669401556499,52.2942099065618,4.558,1.634
1730,6.46695298399646,52.2942145200762,4.349,1.559
1731,6.46696581234302,52.2942191335907,3.759,1.348
1732,6.46697864068957,52.2942237471052,3.672,1.317
1733,6.46699146903613,52.2942283606196,3.84,1.377
1734,6.46700429738269,52.2942329741341,3.914,1.403
1735,6.46701712572924,52.2942375876486,3.385,1.214
1736,6.4670299540758,52.294242201163,3.637,1.304
1737,6.46704278242236,52.2942468146775,3.494,1.253
1738,6.46705561076892,52.294251428192,3.101,1.112
1739,6.46706843911547,52.2942560417064,3.505,1.257
1740,6.46708126746203,52.2942606552209,3.039,1.09
1741,6.46709409580859,52.2942652687354,3.278,1.176
1742,6.46710687690753,52.2942700403047,3.486,1.25
1743,6.46711944621298,52.2942755203751,2.766,0.992
1744,6.46713201551842,52.2942810004455,3.001,1.076
1745,6.46714458482387,52.2942864805159,2.776,0.995
1746,6.46715717042874,52.2942919060607,2.668,0.957
1747,6.46716997735194,52.2942965912416,2.622,0.94
1748,6.46718278427514,52.2943012764224,2.694,0.966
1749,6.46719559119834,52.2943059616033,2.882,1.033
1750,6.46720839812155,52.2943106467841,2.721,0.976
1751,6.46722120504475,52.2943153319649,2.967,1.064
1752,6.46723401196795,52.2943200171458,2.775,0.995
1753,6.46724681889116,52.2943247023266,2.485,0.891
1754,6.46725962581436,52.2943293875074,2.37,0.85
1755,6.46727243273756,52.2943340726883,2.29,0.821
1756,6.46728523966077,52.2943387578691,2.35,0.843
1757,6.46729804658397,52.2943434430499,2.305,0.826
1758,6.46731085350717,52.2943481282308,2.274,0.815
1759,6.46732366043037,52.2943528134116,2.354,0.844
1760,6.46733646735358,52.2943574985924,2.374,0.851
1761,6.46734927427678,52.2943621837733,2.012,0.721
1762,6.46736208119998,52.2943668689541,2.329,0.835
1763,6.46737492442185,52.294371432707,2.235,0.801
1764,6.46738777767105,52.2943759629161,2.098,0.752
1765,6.46740063092025,52.2943804931251,2.059,0.738
1766,6.46741348416945,52.2943850233341,2.163,0.776
1767,6.46742633741865,52.2943895535431,1.771,0.635
1768,6.46743919066785,52.2943940837522,1.829,0.656
1769,6.46745204391705,52.2943986139612,2.043,0.732
1770,6.46746489716626,52.2944031441702,2.114,0.758
1771,6.46747775041546,52.2944076743792,2.069,0.742
1772,6.46749061046594,52.2944121818363,2.078,0.745
1773,6.46750349119883,52.2944166201057,1.872,0.671
1774,6.46751637193172,52.294421058375,1.912,0.685
1775,6.46752925266461,52.2944254966444,2.109,0.756
1776,6.4675421333975,52.2944299349138,1.841,0.66
1777,6.46755501413038,52.2944343731831,2.008,0.72
1778,6.46756789486327,52.2944388114525,1.999,0.717
1779,6.46758077559616,52.2944432497219,1.933,0.693
1780,6.46759365632905,52.2944476879912,1.824,0.654
1781,6.46760653706194,52.2944521262606,1.716,0.615
1782,6.46761941779483,52.29445656453,1.915,0.687
1783,6.46763229852772,52.2944610027993,1.925,0.69
1784,6.46764517926061,52.2944654410687,1.949,0.699
1785,6.4676580599935,52.294469879338,1.958,0.702
1786,6.46767094072639,52.2944743176074,1.832,0.657
1787,6.46768382145928,52.2944787558768,1.905,0.683
1788,6.46769670219216,52.2944831941461,1.991,0.714
1789,6.46770959306233,52.2944875985038,2.017,0.723
1790,6.4677224992244,52.2944919517063,1.993,0.715
1791,6.46773540538647,52.2944963049089,2.144,0.769
1792,6.46774831154854,52.2945006581114,1.881,0.675
1793,6.46776121771061,52.2945050113139,1.955,0.701
1794,6.46777412387268,52.2945093645165,1.777,0.637
1795,6.46778703003475,52.294513717719,1.707,0.612
1796,6.46779993619682,52.2945180709215,1.951,0.699
1797,6.46781284235889,52.294522424124,1.899,0.681
1798,6.46782567888599,52.2945270102726,1.927,0.691
1799,6.4678383866494,52.2945320271672,1.766,0.633
1800,6.46785115433017,52.2945368436236,1.805,0.647
1801,6.46786412146869,52.294540992845,1.812,0.65
1802,6.46787708860722,52.2945451420663,2.031,0.728
1803,6.46789005574574,52.2945492912877,1.957,0.702
1804,6.46790302288426,52.2945534405091,2.107,0.755
1805,6.46791599002278,52.2945575897304,1.838,0.659
1806,6.46792895716131,52.2945617389518,1.823,0.654
1807,6.46794192429983,52.2945658881732,1.846,0.662
1808,6.46795489143835,52.2945700373945,1.994,0.715
1809,6.46796785857687,52.2945741866159,1.843,0.661
1810,6.4679808257154,52.2945783358373,2.049,0.735
1811,6.46799377311663,52.2945825510847,1.822,0.653
1812,6.46800651566709,52.2945874516081,1.641,0.588
1813,6.46801925821755,52.2945923521315,2.115,0.758
1814,6.46803200076801,52.294597252655,2.008,0.72
1815,6.46804474331846,52.2946021531784,1.929,0.692
1816,6.46805748586892,52.2946070537018,1.945,0.697
1817,6.46807022841938,52.2946119542252,1.836,0.658
1818,6.46808299651576,52.2946167692913,1.935,0.694
1819,6.46809579964872,52.2946214671514,2.022,0.725
1820,6.46810860278168,52.2946261650115,1.922,0.689
1821,6.46812140591465,52.2946308628716,1.873,0.671
1822,6.46813420904761,52.2946355607317,1.965,0.705
1823,6.46814701218058,52.2946402585919,2.002,0.718
1824,6.46815981531354,52.294644956452,1.909,0.685
1825,6.4681726184465,52.2946496543121,1.716,0.615
1826,6.46818542157947,52.2946543521722,1.721,0.617
1827,6.46819824016256,52.2946589983478,1.943,0.697
1828,6.46821106225319,52.2946636327899,1.841,0.66
1829,6.46822388434382,52.294668267232,1.985,0.712
1830,6.46823670643444,52.2946729016741,1.954,0.701
1831,6.46824952852507,52.2946775361162,1.782,0.639
1832,6.4682623506157,52.2946821705583,1.823,0.653
1833,6.46827522184097,52.2946866406329,1.937,0.694
1834,6.46828812458333,52.2946910052752,1.962,0.703
1835,6.4683010273257,52.2946953699175,1.901,0.681
1836,6.46831393006806,52.2946997345598,1.886,0.676
1837,6.46832683281042,52.2947040992021,1.809,0.649
1838,6.46833973555279,52.2947084638444,2.015,0.723
1839,6.46835263829515,52.2947128284866,1.807,0.648
1840,6.46836554103751,52.2947171931289,1.912,0.686
1841,6.46837844377988,52.2947215577712,2.073,0.743
1842,6.46839133469435,52.2947259619807,1.99,0.713
1843,6.46840417937989,52.2947305208372,1.963,0.704
1844,6.46841702406544,52.2947350796938,1.929,0.692
1845,6.46842986875099,52.2947396385503,1.774,0.636
1846,6.46844271050391,52.2947442072172,1.897,0.68
1847,6.46845554813507,52.2947487896724,1.782,0.639
1848,6.46846838576623,52.2947533721276,1.713,0.614
1849,6.46848122339739,52.2947579545828,1.834,0.658
1850,6.46849406102855,52.294762537038,2.097,0.752
1851,6.46850689865971,52.2947671194932,1.81,0.649
1852,6.46851977150183,52.2947715841592,2.054,0.736
1853,6.46853289209095,52.2947752200507,1.811,0.649
1854,6.46854572125578,52.2947798308278,1.817,0.651
1855,6.4685585504206,52.294784441605,1.649,0.591
1856,6.46857137958543,52.2947890523822,1.814,0.651
1857,6.46858420875026,52.2947936631593,1.889,0.677
1858,6.46859703791508,52.2947982739365,2.005,0.719
1859,6.46860986707991,52.2948028847136,1.822,0.653
1860,6.46862269624473,52.2948074954908,1.72,0.617
1861,6.46863552540956,52.294812106268,2.149,0.771
1862,6.46864835457439,52.2948167170451,1.829,0.656
1863,6.46866120930989,52.2948212422821,1.94,0.696
1864,6.46867410649833,52.2948256255036,1.989,0.713
1865,6.46868700368677,52.2948300087251,2.168,0.777
1866,6.46869989960655,52.2948343961906,1.89,0.678
1867,6.46871279460437,52.2948387867403,1.843,0.661
1868,6.4687256738853,52.2948432298668,1.838,0.659
1869,6.46873849249947,52.2948478759385,1.956,0.701
1870,6.46875131111363,52.2948525220102,1.933,0.693
1871,6.4687641297278,52.2948571680819,1.768,0.634
1872,6.46877694834197,52.2948618141536,1.864,0.668
1873,6.46878976695613,52.2948664602253,1.945,0.698
1874,6.4688025855703,52.294871106297,1.876,0.673
1875,6.46881575524799,52.2948745779753,1.968,0.706
1876,6.4688289990158,52.294877801804,1.898,0.681
1877,6.46884224278362,52.2948810256326,1.731,0.621
1878,6.46885547680272,52.2948842820731,1.895,0.679
1879,6.46886856330952,52.2948880319783,1.764,0.633
1880,6.46888164981632,52.2948917818836,1.83,0.656
1881,6.46889451830967,52.2948962610972,1.7,0.61
1882,6.46890696921137,52.2949021372572,1.855,0.665
1883,6.46891942011306,52.2949080134171,1.669,0.599
1884,6.46893187101475,52.2949138895771,1.621,0.581
1885,6.46894465973958,52.2949186356359,1.838,0.659
1886,6.46895744979191,52.2949233772539,1.616,0.579
1887,6.46897023984424,52.294928118872,1.928,0.691
1888,6.46898302989657,52.29493286049,1.98,0.71
1889,6.46899581994891,52.294937602108,1.773,0.636
1890,6.46900861000124,52.294942343726,1.871,0.671
1891,6.46902140005357,52.2949470853441,1.767,0.634
1892,6.4690341901059,52.2949518269621,1.943,0.697
1893,6.46904698015824,52.2949565685801,1.792,0.643
1894,6.46905977021057,52.2949613101982,1.65,0.592
1895,6.4690725602629,52.2949660518162,1.911,0.685
1896,6.46908535031523,52.2949707934342,1.7,0.61
1897,6.46909814036756,52.2949755350522,1.993,0.715
1898,6.4691109304199,52.2949802766703,1.819,0.652
1899,6.46912372047223,52.2949850182883,1.582,0.567
1900,6.46913651052456,52.2949897599063,2.017,0.723
1901,6.46914930057689,52.2949945015243,1.764,0.633
1902,6.46916212912235,52.2949991143735,1.829,0.656
1903,6.46917497295163,52.2950036760944,1.705,0.612
1904,6.46918781678092,52.2950082378154,2.001,0.717
1905,6.4692006606102,52.2950127995363,1.595,0.572
1906,6.46921350443948,52.2950173612573,1.784,0.64
1907,6.46922634826877,52.2950219229782,1.975,0.708
1908,6.46923919209805,52.2950264846992,1.736,0.622
1909,6.46925203592734,52.2950310464201,1.713,0.614
1910,6.46926487975662,52.2950356081411,1.66,0.595
1911,6.46927772358591,52.2950401698621,1.799,0.645
1912,6.46929056741519,52.295044731583,1.861,0.667
1913,6.46930341124447,52.295049293304,1.874,0.672
1914,6.46931625507376,52.2950538550249,1.7,0.61
1915,6.46932909890304,52.2950584167459,1.925,0.69
1916,6.46934194273233,52.2950629784668,1.748,0.627
1917,6.46935478656161,52.2950675401878,1.808,0.648
1918,6.4693676303909,52.2950721019088,2.081,0.746
1919,6.46938047422018,52.2950766636297,1.736,0.622
1920,6.46939331804947,52.2950812253507,1.658,0.594
1921,6.46940616187875,52.2950857870716,1.785,0.64
1922,6.46941900570803,52.2950903487926,1.916,0.687
1923,6.46943185883361,52.2950948794152,1.614,0.579
1924,6.46944473037509,52.2950993484321,1.84,0.66
1925,6.46945760191657,52.2951038174489,1.898,0.681
1926,6.46947047345805,52.2951082864658,1.617,0.58
1927,6.46948334499953,52.2951127554827,1.666,0.597
1928,6.46949621654101,52.2951172244996,1.778,0.637
1929,6.46950908808249,52.2951216935164,1.741,0.624
1930,6.46952195962397,52.2951261625333,2.028,0.727
1931,6.46953483116545,52.2951306315502,1.932,0.693
1932,6.46954770270693,52.2951351005671,1.836,0.658
1933,6.46956057424841,52.2951395695839,1.904,0.683
1934,6.46957344578989,52.2951440386008,1.874,0.672
1935,6.46958631733137,52.2951485076177,1.894,0.679
1936,6.46959918887285,52.2951529766346,1.864,0.669
1937,6.46961206041433,52.2951574456514,1.913,0.686
1938,6.46962493195581,52.2951619146683,1.662,0.596
1939,6.46963780349729,52.2951663836852,1.948,0.698
1940,6.46965067503877,52.2951708527021,1.832,0.657
1941,6.46966354658025,52.295175321719,1.881,0.675
1942,6.46967641812173,52.2951797907358,1.882,0.675
1943,6.46968928966321,52.2951842597527,1.684,0.604
1944,6.46970216120469,52.2951887287696,1.846,0.662
1945,6.46971537333064,52.295192058448,1.628,0.584
1946,6.46972867141256,52.2951951005827,1.979,0.71
1947,6.46974196949448,52.2951981427174,1.661,0.596
1948,6.46975526757641,52.295201184852,1.796,0.644
1949,6.46976856565833,52.2952042269867,1.995,0.715
1950,6.46978152929596,52.2952083879194,1.58,0.566
1951,6.46979409297583,52.2952138868087,1.817,0.652
1952,6.4698066566557,52.2952193856981,1.884,0.676
1953,6.46981922033557,52.2952248845874,1.895,0.68
1954,6.46983178401543,52.2952303834768,1.813,0.65
1955,6.46984438748517,52.2952357492593,1.879,0.674
1956,6.46985713329424,52.2952406388818,1.867,0.669
1957,6.46986987910331,52.2952455285044,1.635,0.586
1958,6.46988262491239,52.2952504181269,1.681,0.603
1959,6.46989537072146,52.2952553077495,1.754,0.629
1960,6.46990811653054,52.2952601973721,2.035,0.73
1961,6.46992086233961,52.2952650869946,1.719,0.616
1962,6.46993360814869,52.2952699766172,1.666,0.598
1963,6.46994635395776,52.2952748662397,2.03,0.728
1964,6.46995909976683,52.2952797558623,2.06,0.738
1965,6.46997184557591,52.2952846454848,1.769,0.634
1966,6.46998459138498,52.2952895351074,1.858,0.666
1967,6.46999733719406,52.29529442473,1.75,0.627
1968,6.47001008300313,52.2952993143525,1.842,0.66
1969,6.47002282881221,52.2953042039751,1.818,0.652
1970,6.47003559197031,52.2953090355609,1.778,0.637
1971,6.470048464848,52.2953135001078,1.686,0.605
1972,6.4700613377257,52.2953179646547,1.579,0.566
1973,6.4700742106034,52.2953224292016,1.596,0.572
1974,6.47008708348109,52.2953268937485,1.749,0.627
1975,6.47009995635879,52.2953313582954,1.792,0.642
1976,6.47011282923649,52.2953358228423,1.738,0.623
1977,6.47012570211418,52.2953402873892,1.777,0.637
1978,6.47013857499188,52.2953447519361,1.853,0.665
1979,6.47015144786957,52.295349216483,1.725,0.619
1980,6.47016432074727,52.2953536810299,1.726,0.619
1981,6.47017719362497,52.2953581455768,1.708,0.612
1982,6.47019006650266,52.2953626101238,1.602,0.574
1983,6.47020293938036,52.2953670746707,1.81,0.649
1984,6.47021581225806,52.2953715392176,2.0,0.717
1985,6.47022868513575,52.2953760037645,1.792,0.643
1986,6.47024155801345,52.2953804683114,1.931,0.692
1987,6.47025443089114,52.2953849328583,1.802,0.646
1988,6.47026730376884,52.2953893974052,1.795,0.644
1989,6.47028017664654,52.2953938619521,1.749,0.627
1990,6.47029304952423,52.295398326499,1.75,0.627
1991,6.47030592240193,52.2954027910459,1.861,0.667
1992,6.4703188004364,52.2954072383422,1.673,0.6
1993,6.47033172125108,52.2954115425281,1.881,0.674
1994,6.47034464206576,52.2954158467141,1.765,0.633
1995,6.47035756288044,52.2954201509,1.706,0.612
1996,6.47037048369513,52.295424455086,1.782,0.639
1997,6.47038340450981,52.2954287592719,1.676,0.601
1998,6.47039632532449,52.2954330634579,1.595,0.572
1999,6.47040924437875,52.2954373735329,1.611,0.578
2000,6.47042215516698,52.2954417112598,1.648,0.591
2001,6.47043506595521,52.2954460489867,1.629,0.584
2002,6.47044797674343,52.2954503867136,1.897,0.68
2003,6.47046088753166,52.2954547244405,1.921,0.689
2004,6.47047379831989,52.2954590621673,1.652,0.593
2005,6.47048670910812,52.2954633998942,1.937,0.695
2006,6.47049961989635,52.2954677376211,1.822,0.653
2007,6.47051253068458,52.295472075348,1.857,0.666
2008,6.47052544147281,52.2954764130749,1.744,0.625
2009,6.47053835226103,52.2954807508018,1.687,0.605
2010,6.47055126304926,52.2954850885287,1.813,0.65
2011,6.47056417383749,52.2954894262556,1.665,0.597
2012,6.47057708462572,52.2954937639825,1.7,0.609
2013,6.47058999541395,52.2954981017094,1.852,0.664
2014,6.47060290620218,52.2955024394363,1.836,0.658
2015,6.47061619064008,52.2955055272136,1.687,0.605
2016,6.47062960414776,52.2955081832208,1.635,0.586
2017,6.47064295317501,52.2955110549309,1.816,0.651
2018,6.47065616276764,52.2955143930839,1.547,0.555
2019,6.47066916604515,52.2955184214115,1.699,0.609
2020,6.47068158584232,52.2955244016237,1.868,0.67
2021,6.47069400563949,52.2955303818359,1.778,0.638
2022,6.4707067117289,52.2955354043304,1.677,0.601
2023,6.47071951189007,52.2955401121319,1.727,0.619
2024,6.47073231205124,52.2955448199334,1.641,0.588
2025,6.47074511221241,52.2955495277349,1.627,0.583
2026,6.47075791237358,52.2955542355364,1.596,0.572
2027,6.47077071253475,52.2955589433379,1.724,0.618
2028,6.47078351269592,52.2955636511394,1.79,0.642
2029,6.47079631285709,52.2955683589409,1.839,0.66
2030,6.47080911301826,52.2955730667424,1.762,0.632
2031,6.47082191317943,52.2955777745438,1.832,0.657
2032,6.4708347133406,52.2955824823453,1.826,0.655
2033,6.47084751350177,52.2955871901468,1.714,0.615
2034,6.47086031366294,52.2955918979483,1.74,0.624
2035,6.47087311382411,52.2955966057498,1.612,0.578
2036,6.47088591398528,52.2956013135513,1.556,0.558
2037,6.47089871414645,52.2956060213528,1.809,0.649
2038,6.47091151430762,52.2956107291543,1.674,0.6
2039,6.47092431446879,52.2956154369558,1.578,0.566
2040,6.47093711462996,52.2956201447572,1.885,0.676
2041,6.47094991479113,52.2956248525587,1.689,0.606
2042,6.47096280013273,52.2956292754109,1.659,0.595
2043,6.47097568826702,52.2956336889207,1.552,0.556
2044,6.47098857640132,52.2956381024306,1.803,0.647
2045,6.47100146453561,52.2956425159404,1.686,0.604
2046,6.47101435266991,52.2956469294503,1.592,0.571
2047,6.4710272408042,52.2956513429601,1.706,0.612
2048,6.4710401289385,52.29565575647,1.646,0.59
2049,6.47105301707279,52.2956601699798,1.634,0.586
2050,6.47106590520709,52.2956645834897,1.495,0.536
2051,6.47107879334138,52.2956689969995,1.603,0.575
2052,6.47109168147568,52.2956734105094,1.612,0.578
2053,6.47110456960997,52.2956778240192,1.8,0.645
2054,6.47111745774427,52.295682237529,1.548,0.555
2055,6.47113034587856,52.2956866510389,1.694,0.608
2056,6.47114323401285,52.2956910645487,1.697,0.609
2057,6.47115612214715,52.2956954780586,1.688,0.605
2058,6.47116901028144,52.2956998915684,1.81,0.649
2059,6.47118189841574,52.2957043050783,1.753,0.628
2060,6.47119478655003,52.2957087185881,1.685,0.604
2061,6.47120767468433,52.295713132098,1.673,0.6
2062,6.47122056281862,52.2957175456078,1.787,0.641
2063,6.47123345095292,52.2957219591177,1.84,0.66
2064,6.47124633908721,52.2957263726275,1.715,0.615
2065,6.47125922722151,52.2957307861374,1.785,0.64
2066,6.4712721153558,52.2957351996472,1.756,0.63
2067,6.4712850034901,52.2957396131571,1.768,0.634
2068,6.47129789162439,52.2957440266669,1.628,0.584
2069,6.47131077975869,52.2957484401768,1.592,0.571
2070,6.47132366789298,52.2957528536866,1.763,0.632
2071,6.47133655602728,52.2957572671965,1.713,0.614
2072,6.47134944416157,52.2957616807063,1.848,0.662
2073,6.47136233229587,52.2957660942162,1.677,0.601
2074,6.47137522043016,52.295770507726,1.684,0.604
2075,6.47138810856446,52.2957749212359,1.722,0.617
2076,6.47140099669875,52.2957793347457,1.501,0.538
2077,6.47141388483305,52.2957837482556,1.683,0.603
2078,6.47142677296734,52.2957881617654,1.888,0.677
2079,6.47143966110164,52.2957925752753,1.568,0.562
2080,6.47145254923593,52.2957969887851,1.513,0.542
2081,6.47146543737023,52.295801402295,1.651,0.592
2082,6.47147832550452,52.2958058158048,1.584,0.568
2083,6.47149121363882,52.2958102293147,1.639,0.588
2084,6.47150410177311,52.2958146428245,1.712,0.614
2085,6.47151703975154,52.2958188895935,1.668,0.598
2086,6.47153021591737,52.2958223395674,1.681,0.603
2087,6.4715433920832,52.2958257895412,1.621,0.581
2088,6.47155651299897,52.29582942434,1.768,0.634
2089,6.47156932147087,52.2958341043401,1.486,0.533
2090,6.47158212994276,52.2958387843402,1.408,0.505
2091,6.47159493841465,52.2958434643403,1.625,0.583
2092,6.47160774688654,52.2958481443404,1.552,0.556
2093,6.47162055535843,52.2958528243405,1.585,0.568
2094,6.47163336383033,52.2958575043406,1.541,0.552
2095,6.47164617230222,52.2958621843407,1.59,0.57
2096,6.47165898077411,52.2958668643408,1.696,0.608
2097,6.471671789246,52.2958715443408,1.718,0.616
2098,6.4716845977179,52.2958762243409,1.636,0.587
2099,6.47169740618979,52.295880904341,1.487,0.533
2100,6.47171021466168,52.2958855843411,1.604,0.575
2101,6.47172302313357,52.2958902643412,1.732,0.621
2102,6.47173583160547,52.2958949443413,1.579,0.566
2103,6.47174864007736,52.2958996243414,1.506,0.54
2104,6.47176144854925,52.2959043043415,1.559,0.559
2105,6.47177425702114,52.2959089843416,1.58,0.567
2106,6.47178706549304,52.2959136643416,1.457,0.522
2107,6.47179987396493,52.2959183443417,1.518,0.544
2108,6.47181268243682,52.2959230243418,1.542,0.553
2109,6.47182549090871,52.2959277043419,1.496,0.536
2110,6.47183829938061,52.295932384342,1.656,0.594
2111,6.4718511078525,52.2959370643421,1.548,0.555
2112,6.47186391632439,52.2959417443422,1.583,0.568
2113,6.47187672479628,52.2959464243423,1.667,0.598
2114,6.47188953326818,52.2959511043424,1.763,0.632
2115,6.47190234174007,52.2959557843424,1.486,0.533
2116,6.47191515021196,52.2959604643425,1.706,0.612
2117,6.47192795868385,52.2959651443426,1.7,0.609
2118,6.47194076715575,52.2959698243427,1.731,0.621
2119,6.47195357562764,52.2959745043428,1.49,0.534
2120,6.47196638409953,52.2959791843429,1.449,0.519
2121,6.47197919257142,52.295983864343,1.779,0.638
2122,6.47199200104331,52.2959885443431,1.702,0.61
2123,6.47200480951521,52.2959932243431,1.488,0.534
2124,6.4720176179871,52.2959979043432,1.729,0.62
2125,6.47203042645899,52.2960025843433,1.61,0.577
2126,6.47204323493088,52.2960072643434,1.603,0.575
2127,6.47205604340278,52.2960119443435,1.684,0.604
2128,6.47206885187467,52.2960166243436,1.576,0.565
2129,6.47208166034656,52.2960213043437,1.575,0.565
2130,6.47209446881845,52.2960259843438,1.595,0.572
2131,6.47210727729035,52.2960306643439,1.707,0.612
2132,6.47212017586947,52.2960350429132,1.559,0.559
2133,6.47213310628023,52.2960393149979,1.481,0.531
2134,6.47214603669099,52.2960435870826,1.393,0.5
2135,6.47215896710175,52.2960478591674,1.677,0.601
2136,6.47217189751251,52.2960521312521,1.539,0.552
2137,6.47218482792327,52.2960564033368,1.633,0.586
2138,6.47219775833403,52.2960606754215,1.409,0.505
2139,6.47221068874479,52.2960649475062,1.516,0.544
2140,6.47222361915555,52.296069219591,1.555,0.557
2141,6.47223654956631,52.2960734916757,1.322,0.474
2142,6.47224947997708,52.2960777637604,1.578,0.566
2143,6.47226241038784,52.2960820358451,1.564,0.561
2144,6.4722753407986,52.2960863079298,1.45,0.52
2145,6.47228827120936,52.2960905800146,1.625,0.583
2146,6.47230120162012,52.2960948520993,1.573,0.564
2147,6.47231413203088,52.296099124184,1.638,0.587
2148,6.47232706244164,52.2961033962687,1.623,0.582
2149,6.4723399928524,52.2961076683534,1.433,0.514
2150,6.47235292326316,52.2961119404382,1.595,0.572
2151,6.47236585367393,52.2961162125229,1.576,0.565
2152,6.47237878408469,52.2961204846076,1.456,0.522
2153,6.47239171449545,52.2961247566923,1.697,0.608
2154,6.47240464490621,52.296129028777,1.656,0.594
2155,6.47241757531697,52.2961333008618,1.533,0.55
2156,6.4724306842027,52.296136975904,1.386,0.497
2157,6.4724438608437,52.2961404242883,1.503,0.539
2158,6.4724564812638,52.2961457333677,1.448,0.519
2159,6.47246887374768,52.2961518049495,1.466,0.526
2160,6.47248158142402,52.2961568221354,1.581,0.567
2161,6.47249444202344,52.2961613277561,1.633,0.586
2162,6.47250730262286,52.2961658333769,1.484,0.532
2163,6.47252016322227,52.2961703389977,1.639,0.588
2164,6.47253302382169,52.2961748446184,1.48,0.531
2165,6.47254588442111,52.2961793502392,1.509,0.541
2166,6.47255874502052,52.2961838558599,1.479,0.53
2167,6.47257160561994,52.2961883614807,1.467,0.526
2168,6.47258446621936,52.2961928671014,1.69,0.606
2169,6.47259732681877,52.2961973727222,1.658,0.594
2170,6.47261018741819,52.296201878343,1.61,0.577
2171,6.47262304801761,52.2962063839637,1.438,0.516
2172,6.47263590861702,52.2962108895845,1.701,0.61
2173,6.47264876921644,52.2962153952052,1.529,0.548
2174,6.47266162981586,52.296219900826,1.464,0.525
2175,6.47267449041528,52.2962244064467,1.411,0.506
2176,6.47268735101469,52.2962289120675,1.444,0.518
2177,6.47270021161411,52.2962334176883,1.58,0.566
2178,6.47271307221353,52.296237923309,1.482,0.531
2179,6.47272593281294,52.2962424289298,1.395,0.5
2180,6.47273879341236,52.2962469345505,1.529,0.548
2181,6.47275165401178,52.2962514401713,1.398,0.501
2182,6.47276451326093,52.296255950309,1.351,0.485
2183,6.47277737239186,52.2962604608422,1.427,0.512
2184,6.4727902315228,52.2962649713754,1.595,0.572
2185,6.47280309065373,52.2962694819086,1.466,0.526
2186,6.47281594978467,52.2962739924418,1.413,0.507
2187,6.47282880970923,52.2962785003201,1.528,0.548
2188,6.47284166984327,52.2962830074976,1.478,0.53
2189,6.47285452997732,52.2962875146752,1.747,0.626
2190,6.47286739011137,52.2962920218527,1.451,0.52
2191,6.47288025024542,52.2962965290302,1.542,0.553
2192,6.47289311037947,52.2963010362077,1.509,0.541
2193,6.47290597051352,52.2963055433853,1.365,0.49
2194,6.4729188325025,52.2963100443576,1.529,0.548
2195,6.47293169529805,52.2963145426317,1.598,0.573
2196,6.47294455608039,52.2963190476406,1.437,0.515
2197,6.47295741548001,52.2963235572749,1.496,0.536
2198,6.47297027487962,52.2963280669093,1.513,0.543
2199,6.47298313427924,52.2963325765437,1.39,0.498
2200,6.47299599367885,52.2963370861781,1.647,0.591
2201,6.47300885307847,52.2963415958125,1.483,0.532
2202,6.47302171247808,52.2963461054469,1.469,0.527
2203,6.4730345718777,52.2963506150813,1.461,0.524
2204,6.47304743127731,52.2963551247157,1.395,0.5
2205,6.47306029067693,52.2963596343501,1.541,0.553
2206,6.47307315007654,52.2963641439844,1.586,0.569
2207,6.47308600947616,52.2963686536188,1.53,0.549
2208,6.47309886887577,52.2963731632532,1.424,0.51
2209,6.47311172827539,52.2963776728876,1.457,0.522
2210,6.473124587675,52.296382182522,1.409,0.505
2211,6.47313744793173,52.2963866892891,1.403,0.503
2212,6.47315030945961,52.296391191804,1.429,0.512
2213,6.47316317098748,52.2963956943188,1.376,0.493
2214,6.47317603251536,52.2964001968336,1.623,0.582
2215,6.47318889404324,52.2964046993485,1.501,0.538
2216,6.47320175557112,52.2964092018633,1.351,0.484
2217,6.47321461709899,52.2964137043781,1.463,0.524
2218,6.47322747862687,52.2964182068929,1.292,0.463
2219,6.47324034015475,52.2964227094078,1.613,0.578
2220,6.47325320168263,52.2964272119226,1.352,0.485
2221,6.4732660632105,52.2964317144374,1.522,0.546
2222,6.47327892473838,52.2964362169523,1.367,0.49
2223,6.47329178626626,52.2964407194671,1.439,0.516
2224,6.47330464779414,52.2964452219819,1.564,0.561
2225,6.47331798371026,52.2964481375519,1.507,0.54
2226,6.4733313498638,52.2964509519704,1.446,0.518
2227,6.47334460466545,52.2964541388881,1.387,0.497
2228,6.47335736525439,52.2964589790684,1.336,0.479
2229,6.47337012584333,52.2964638192487,1.424,0.511
2230,6.47338288643227,52.296468659429,1.423,0.51
2231,6.47339564702121,52.2964734996093,1.336,0.479
2232,6.47340840761015,52.2964783397896,1.501,0.538
2233,6.47342116819909,52.2964831799699,1.364,0.489
2234,6.47343392878803,52.2964880201502,1.409,0.505
2235,6.47344668937696,52.2964928603305,1.408,0.505
2236,6.4734594499659,52.2964977005107,1.476,0.529
2237,6.47347221055484,52.296502540691,1.425,0.511
2238,6.47348497114378,52.2965073808713,1.521,0.546
2239,6.47349773173272,52.2965122210516,1.449,0.52
2240,6.47351049793714,52.2965170424468,1.473,0.528
2241,6.473523357981,52.296521549926,1.463,0.524
2242,6.47353621802487,52.2965260574052,1.509,0.541
2243,6.47354907806873,52.2965305648844,1.52,0.545
2244,6.47356193811259,52.2965350723636,1.509,0.541
2245,6.47357479815646,52.2965395798429,1.519,0.545
2246,6.47358765820032,52.2965440873221,1.414,0.507
2247,6.47360051824418,52.2965485948013,1.624,0.582
2248,6.47361337828805,52.2965531022805,1.408,0.505
2249,6.47362623744561,52.2965576127246,1.474,0.529
2250,6.47363905060337,52.2965622770493,1.383,0.496
2251,6.47365186376112,52.2965669413741,1.499,0.537
2252,6.47366467691888,52.2965716056988,1.416,0.508
2253,6.47367749007664,52.2965762700235,1.366,0.49
2254,6.47369030323439,52.2965809343482,1.376,0.494
2255,6.47370311639215,52.296585598673,1.419,0.509
2256,6.47371592954991,52.2965902629977,1.374,0.493
2257,6.47372874270766,52.2965949273224,1.474,0.529
2258,6.47374155586542,52.2965995916472,1.397,0.501
2259,6.47375436902318,52.2966042559719,1.433,0.514
2260,6.47376718218093,52.2966089202966,1.471,0.527
2261,6.47377999533869,52.2966135846213,1.49,0.534
2262,6.47379280849644,52.2966182489461,1.518,0.544
2263,6.4738056216542,52.2966229132708,1.498,0.537
2264,6.47381843481196,52.2966275775955,1.554,0.557
2265,6.47383124796971,52.2966322419202,1.456,0.522
2266,6.47384406112747,52.296636906245,1.353,0.485
2267,6.47385687428523,52.2966415705697,1.402,0.503
2268,6.47386968744298,52.2966462348944,1.231,0.441
2269,6.47388250060074,52.2966508992191,1.524,0.546
2270,6.47389531375849,52.2966555635439,1.503,0.539
2271,6.47390812691625,52.2966602278686,1.263,0.453
2272,6.47392094007401,52.2966648921933,1.395,0.5
2273,6.47393375323176,52.296669556518,1.277,0.458
2274,6.47394656638952,52.2966742208428,1.384,0.496
2275,6.47395937954728,52.2966788851675,1.486,0.533
2276,6.47397219270503,52.2966835494922,1.503,0.539
2277,6.47398500586279,52.296688213817,1.39,0.498
2278,6.47399781902055,52.2966928781417,1.478,0.53
2279,6.4740106321783,52.2966975424664,1.264,0.453
2280,6.47402344533606,52.2967022067911,1.278,0.458
2281,6.47403625849381,52.2967068711159,1.516,0.544
2282,6.47404907165157,52.2967115354406,1.298,0.465
2283,6.47406194123011,52.296716011024,1.493,0.535
2284,6.47407481343374,52.2967204778258,1.318,0.473
2285,6.47408768563737,52.2967249446276,1.41,0.506
2286,6.47410055784101,52.2967294114294,1.163,0.417
2287,6.47411343004464,52.2967338782312,1.329,0.476
2288,6.47412630224828,52.296738345033,1.529,0.548
2289,6.47413917445191,52.2967428118349,1.346,0.483
2290,6.47415204665555,52.2967472786367,1.331,0.477
2291,6.47416491885918,52.2967517454385,1.481,0.531
2292,6.47417817420793,52.296754930526,1.387,0.497
2293,6.47419149269315,52.2967579044067,1.279,0.458
2294,6.4742050102656,52.2967602122918,1.256,0.45
2295,6.47421831235345,52.2967632410257,1.343,0.482
2296,6.4742315045514,52.2967666373682,1.365,0.489
2297,6.47424403929967,52.2967722330408,1.347,0.483
2298,6.47425652110027,52.2967780058363,1.269,0.455
2299,6.47426923219739,52.2967830115789,1.38,0.495
2300,6.47428200525929,52.296787810034,1.412,0.506
2301,6.47429477832119,52.2967926084892,1.532,0.549
2302,6.47430756103281,52.2967973746638,1.404,0.503
2303,6.47432036500353,52.2968020697214,1.469,0.527
2304,6.47433316897425,52.296806764779,1.204,0.432
2305,6.47434597294497,52.2968114598366,1.528,0.548
2306,6.4743587769157,52.2968161548942,1.392,0.499
2307,6.47437158088642,52.2968208499518,1.276,0.457
2308,6.47438438485714,52.2968255450094,1.384,0.496
2309,6.47439718882786,52.296830240067,1.381,0.495
2310,6.47440999279858,52.2968349351246,1.412,0.506
2311,6.47442279676931,52.2968396301822,1.444,0.518
2312,6.47443560074003,52.2968443252398,1.318,0.472
2313,6.47444840471075,52.2968490202974,1.368,0.491
2314,6.47446120868147,52.296853715355,1.382,0.495
2315,6.4744740126522,52.2968584104126,1.172,0.42
2316,6.47448684183201,52.2968630211396,1.336,0.479
2317,6.47449971240328,52.2968674934021,1.352,0.485
2318,6.47451258297455,52.2968719656646,1.351,0.484
2319,6.47452545354582,52.296876437927,1.377,0.494
2320,6.47453832411709,52.2968809101895,1.321,0.474
2321,6.47455119468836,52.296885382452,1.39,0.498
2322,6.47456406525962,52.2968898547145,1.443,0.517
2323,6.47457693583089,52.2968943269769,1.306,0.468
2324,6.4745897738086,52.2968989082729,1.312,0.47
2325,6.47460261030968,52.2969034945084,1.469,0.527
2326,6.47461544681076,52.296908080744,1.467,0.526
2327,6.47462828331185,52.2969126669796,1.347,0.483
2328,6.47464111981293,52.2969172532152,1.24,0.445
2329,6.47465395631401,52.2969218394508,1.407,0.504
2330,6.4746667928151,52.2969264256864,1.199,0.43
2331,6.47467962931618,52.2969310119219,1.476,0.529
2332,6.47469246581726,52.2969355981575,1.354,0.486
2333,6.47470530231835,52.2969401843931,1.419,0.509
2334,6.47471813881943,52.2969447706287,1.293,0.463
2335,6.47473097532051,52.2969493568643,1.396,0.501
2336,6.4747438118216,52.2969539430998,1.408,0.505
2337,6.47475664832268,52.2969585293354,1.343,0.482
2338,6.47476948482376,52.296963115571,1.232,0.442
2339,6.47478231244987,52.2969677314955,1.247,0.447
2340,6.47479512690521,52.2969723914795,1.29,0.463
2341,6.47480794136055,52.2969770514635,1.396,0.501
2342,6.47482075581588,52.2969817114476,1.437,0.515
2343,6.47483357027122,52.2969863714316,1.432,0.513
2344,6.47484638472656,52.2969910314156,1.306,0.468
2345,6.4748591991819,52.2969956913996,1.411,0.506
2346,6.47487201363723,52.2970003513836,1.295,0.464
2347,6.47488482809257,52.2970050113676,1.258,0.451
2348,6.47489764254791,52.2970096713516,1.371,0.492
2349,6.47491045700324,52.2970143313356,1.389,0.498
2350,6.47492331460139,52.2970188469963,1.319,0.473
2351,6.47493622060337,52.2970232007344,1.414,0.507
2352,6.47494912660534,52.2970275544725,1.34,0.48
2353,6.47496203260732,52.2970319082106,1.439,0.516
2354,6.47497493860929,52.2970362619486,1.407,0.505
2355,6.47498784461127,52.2970406156867,1.26,0.452
2356,6.47500075061324,52.2970449694248,1.276,0.458
2357,6.47501365661522,52.2970493231629,1.187,0.426
2358,6.47502656261719,52.297053676901,1.335,0.479
2359,6.47503946861917,52.2970580306391,1.329,0.476
2360,6.47505237462114,52.2970623843771,1.363,0.489
2361,6.47506541027571,52.2970663043956,1.328,0.476
2362,6.47507886777816,52.2970688132296,1.415,0.507
2363,6.4750923252806,52.2970713220636,1.307,0.469
2364,6.47510578278304,52.2970738308976,1.254,0.45
2365,6.47511924028549,52.2970763397315,1.464,0.525
2366,6.47513219890497,52.2970805174512,1.349,0.484
2367,6.47514446629166,52.2970870075138,1.259,0.452
2368,6.4751568636507,52.297093062787,1.442,0.517
2369,6.47516967264762,52.2970977410307,1.224,0.439
2370,6.47518248164454,52.2971024192745,1.523,0.546
2371,6.47519529064146,52.2971070975182,1.457,0.522
2372,6.47520809963838,52.2971117757619,1.265,0.454
2373,6.4752209086353,52.2971164540057,1.193,0.428
2374,6.47523371763222,52.2971211322494,1.213,0.435
2375,6.47524652662914,52.2971258104932,1.278,0.458
2376,6.47525933562606,52.2971304887369,1.226,0.44
2377,6.47527214462298,52.2971351669807,1.319,0.473
2378,6.4752849536199,52.2971398452244,1.448,0.519
2379,6.47529776261682,52.2971445234681,1.302,0.467
2380,6.47531057161374,52.2971492017119,1.338,0.48
2381,6.47532338061066,52.2971538799556,1.276,0.458
2382,6.47533618960758,52.2971585581994,1.263,0.453
2383,6.4753489986045,52.2971632364431,1.435,0.514
2384,6.47536180760142,52.2971679146869,1.247,0.447
2385,6.47537461659834,52.2971725929306,1.209,0.434
2386,6.47538742559526,52.2971772711743,1.308,0.469
2387,6.47540023459218,52.2971819494181,1.269,0.455
2388,6.47541309614962,52.297186451834,1.438,0.516
2389,6.47542596616257,52.2971909259642,1.476,0.529
2390,6.47543883617552,52.2971954000944,1.059,0.38
2391,6.47545170618847,52.2971998742246,1.401,0.502
2392,6.47546457620142,52.2972043483548,1.422,0.51
2393,6.47547744621436,52.297208822485,1.214,0.435
2394,6.47549031622731,52.2972132966151,1.331,0.477
2395,6.47550318624026,52.2972177707453,1.347,0.483
2396,6.47551605625321,52.2972222448755,1.428,0.512
2397,6.47552892626616,52.2972267190057,1.453,0.521
2398,6.47554179627911,52.2972311931359,1.366,0.49
2399,6.47555466629206,52.2972356672661,1.158,0.415
2400,6.47556753630501,52.2972401413963,1.431,0.513
2401,6.47558040631796,52.2972446155265,1.254,0.45
2402,6.47559327633091,52.2972490896566,1.271,0.456
2403,6.47560614634386,52.2972535637868,1.269,0.455
2404,6.4756190163568,52.297258037917,1.342,0.481
2405,6.47563188636975,52.2972625120472,1.391,0.499
2406,6.4756447563827,52.2972669861774,1.191,0.427
2407,6.47565762639565,52.2972714603076,1.518,0.544
2408,6.4756704964086,52.2972759344378,1.353,0.485
2409,6.47568336642155,52.297280408568,1.278,0.458
2410,6.4756962364345,52.2972848826981,1.285,0.461
2411,6.47570910644745,52.2972893568283,1.343,0.482
2412,6.4757219764604,52.2972938309585,1.221,0.438
2413,6.47573484647335,52.2972983050887,1.34,0.48
2414,6.4757477164863,52.2973027792189,1.308,0.469
2415,6.47576058649924,52.2973072533491,1.425,0.511
2416,6.47577345651219,52.2973117274793,1.396,0.5
2417,6.47578632652514,52.2973162016095,1.262,0.453
2418,6.47579919653809,52.2973206757396,1.392,0.499
2419,6.47581206628425,52.2973251507623,1.374,0.493
2420,6.47582492895682,52.2973296494479,1.442,0.517
2421,6.47583779162938,52.2973341481334,1.393,0.499
2422,6.47585065430195,52.297338646819,1.449,0.52
2423,6.47586351697451,52.2973431455046,1.333,0.478
2424,6.47587637964708,52.2973476441902,1.528,0.548
2425,6.47588924231964,52.2973521428757,1.431,0.513
2426,6.47590202793214,52.2973568993461,1.424,0.511
2427,6.47591479495591,52.2973617180003,1.404,0.504
2428,6.47592770579487,52.2973660555575,1.225,0.439
2429,6.47594103601653,52.2973689901768,1.373,0.492
2430,6.47595430297165,52.2973721364383,1.286,0.461
2431,6.4759674486059,52.2973756885477,1.338,0.48
2432,6.47598059424016,52.2973792406572,1.574,0.564
2433,6.47599373987441,52.2973827927666,1.501,0.538
2434,6.47600688550867,52.2973863448761,1.4,0.502
2435,6.47601987970756,52.2973904035739,1.39,0.499
2436,6.47603255825058,52.2973955182179,1.316,0.472
2437,6.47604523679359,52.2974006328618,1.366,0.49
2438,6.47605791533661,52.2974057475058,1.522,0.546
2439,6.47607059387963,52.2974108621498,1.404,0.504
2440,6.47608327242265,52.2974159767938,1.356,0.486
2441,6.47609595096567,52.2974210914378,1.491,0.535
2442,6.47610862950869,52.2974262060817,1.507,0.54
2443,6.47612130805171,52.2974313207257,1.544,0.554
2444,6.47613403666213,52.297436267882,1.548,0.555
2445,6.47614679262119,52.2974411235504,1.652,0.592
2446,6.47615954858024,52.2974459792187,1.355,0.486
2447,6.47617240601913,52.2974504954122,1.46,0.523
2448,6.47618530701653,52.2974548658919,1.524,0.547
2449,6.47619820801393,52.2974592363715,1.51,0.541
2450,6.47621110901132,52.2974636068511,1.566,0.562
2451,6.47622401000872,52.2974679773307,1.667,0.598
2452,6.47623687895099,52.2974724550426,1.677,0.601
2453,6.47624974236396,52.2974769512513,1.836,0.658
2454,6.47626260577693,52.2974814474601,1.827,0.655
2455,6.4762754691899,52.2974859436688,1.89,0.678
2456,6.47628833260286,52.2974904398776,1.883,0.675
2457,6.47630119601583,52.2974949360863,1.79,0.642
2458,6.47631405926963,52.2974994328275,2.163,0.776
2459,6.476326920968,52.297503934772,1.908,0.684
2460,6.47633978266636,52.2975084367165,2.008,0.72
2461,6.47635264436472,52.297512938661,1.975,0.708
2462,6.47636550606309,52.2975174406055,1.943,0.697
2463,6.47637836776145,52.2975219425501,2.021,0.725
2464,6.47639122945981,52.2975264444946,2.313,0.829
2465,6.47640409115817,52.2975309464391,2.232,0.8
2466,6.47641695285654,52.2975354483836,2.353,0.844
2467,6.4764298145549,52.2975399503281,2.23,0.799
2468,6.47644267625326,52.2975444522726,2.356,0.845
2469,6.47645553795162,52.2975489542171,2.308,0.828
2470,6.47646839964999,52.2975534561617,2.597,0.931
2471,6.47648125899807,52.2975579659684,2.603,0.933
2472,6.47649410853658,52.2975625085906,2.476,0.888
2473,6.47650695807508,52.2975670512128,2.77,0.993
2474,6.47651980761359,52.2975715938351,2.725,0.977
2475,6.4765326571521,52.2975761364573,2.58,0.925
2476,6.47654550669061,52.2975806790795,3.105,1.113
2477,6.47655835622912,52.2975852217017,2.75,0.986
2478,6.47657121071939,52.297589747759,2.986,1.071
2479,6.47658414704668,52.2975940000515,2.985,1.07
2480,6.47659708337397,52.297598252344,3.387,1.215
2481,6.47661001970126,52.2976025046365,3.205,1.149
2482,6.47662295602855,52.2976067569289,3.011,1.08
2483,6.47663589235584,52.2976110092214,3.069,1.1
2484,6.47664882868312,52.2976152615139,3.348,1.201
2485,6.47666176501041,52.2976195138064,3.29,1.18
2486,6.4766747013377,52.2976237660989,3.529,1.265
2487,6.47668763766499,52.2976280183914,3.281,1.176
2488,6.47670077892998,52.2976315851171,3.424,1.228
2489,6.47671397043978,52.2976349837616,3.599,1.29
2490,6.47672716194958,52.2976383824061,3.391,1.216
2491,6.4767402825308,52.2976420183241,3.593,1.288
2492,6.47675312232965,52.2976465935278,3.411,1.223
2493,6.47676596212851,52.2976511687315,3.419,1.226
2494,6.47677880192736,52.2976557439353,3.914,1.404
2495,6.47679164172622,52.297660319139,3.969,1.423
2496,6.47680448152507,52.2976648943427,3.77,1.352
2497,6.47681732132393,52.2976694695465,3.843,1.378
2498,6.47683010168473,52.297674243585,3.563,1.278
2499,6.47684283441771,52.2976791769503,3.623,1.299
2500,6.47685556807661,52.2976841072182,3.408,1.222
2501,6.4768683217787,52.2976889704367,3.749,1.344
2502,6.47688107548079,52.2976938336552,3.31,1.187
2503,6.47689382918288,52.2976986968736,3.379,1.212
2504,6.47690658288497,52.2977035600921,3.241,1.162
2505,6.47691933658707,52.2977084233106,3.307,1.186
2506,6.47693208710354,52.2977132971857,3.177,1.139
2507,6.47694483468916,52.2977181808653,3.189,1.143
2508,6.47695758227479,52.2977230645449,3.199,1.147
2509,6.47697033531011,52.2977279299939,3.139,1.126
2510,6.47698309304598,52.2977327797184,2.839,1.018
2511,6.47699585078184,52.2977376294429,3.185,1.142
2512,6.47700860851771,52.2977424791674,2.922,1.048
2513,6.47702136625358,52.2977473288919,2.883,1.034
2514,6.47703414865646,52.2977520960992,2.755,0.988
2515,6.47704698708418,52.2977566758897,2.784,0.998
2516,6.47705982551191,52.2977612556802,2.814,1.009
2517,6.47707266393964,52.2977658354707,2.775,0.995
2518,6.47708550236736,52.2977704152612,2.56,0.918
2519,6.47709834079509,52.2977749950517,2.531,0.908
2520,6.47711117922281,52.2977795748422,2.208,0.792
2521,6.47712401765054,52.2977841546327,2.87,1.029
2522,6.47713685607826,52.2977887344232,2.34,0.839
2523,6.47714969450599,52.2977933142137,2.208,0.792
2524,6.47716253293372,52.2977978940042,2.234,0.801
2525,6.47717537136144,52.2978024737946,2.438,0.874
2526,6.47718820978917,52.2978070535851,1.893,0.679
2527,6.47720104821689,52.2978116333756,2.128,0.763
2528,6.47721388664462,52.2978162131661,1.956,0.701
2529,6.47722672507234,52.2978207929566,1.902,0.682
2530,6.47723956350007,52.2978253727471,1.972,0.707
2531,6.4772524019278,52.2978299525376,1.924,0.69
2532,6.47726524035552,52.2978345323281,1.788,0.641
2533,6.47727807878325,52.2978391121186,2.049,0.735
2534,6.47729091721097,52.2978436919091,1.854,0.665
2535,6.4773037556387,52.2978482716996,1.692,0.607
2536,6.47731665403797,52.2978526508705,1.601,0.574
2537,6.47732959408923,52.2978568907055,1.725,0.619
2538,6.47734253414048,52.2978611305404,1.647,0.591
2539,6.47735547419174,52.2978653703753,1.81,0.649
2540,6.47736841424299,52.2978696102102,1.549,0.555
2541,6.47738135429425,52.2978738500451,1.546,0.554
2542,6.4773942943455,52.29787808988,1.491,0.534
2543,6.47740723439676,52.2978823297149,1.648,0.591
2544,6.47742017444801,52.2978865695498,1.651,0.592
2545,6.47743319433356,52.2978905423195,1.484,0.532
2546,6.47744627249885,52.2978943201291,1.459,0.523
2547,6.47745925940291,52.2978984032299,1.546,0.554
2548,6.47747213732345,52.2979028509073,1.594,0.572
2549,6.47748501524399,52.2979072985846,1.43,0.513
2550,6.47749789316453,52.297911746262,1.639,0.588
2551,6.47751077108507,52.2979161939394,1.415,0.507
2552,6.47752364900561,52.2979206416167,1.522,0.546
2553,6.47753655993785,52.2979249788618,1.532,0.549
2554,6.47754951109505,52.2979291815447,1.352,0.485
2555,6.47756246225224,52.2979333842275,1.339,0.48
2556,6.47757541340943,52.2979375869103,1.456,0.522
2557,6.47758836456662,52.2979417895932,1.289,0.462
2558,6.47760131572381,52.297945992276,1.42,0.509
2559,6.477614266881,52.2979501949588,1.351,0.484
2560,6.47762721803819,52.2979543976417,1.431,0.513
2561,6.47764016919538,52.2979586003245,1.432,0.513
2562,6.47765312035258,52.2979628030073,1.343,0.482
2563,6.47766607150977,52.2979670056901,1.459,0.523
2564,6.47767902266696,52.297971208373,1.429,0.512
2565,6.47769197382415,52.2979754110558,1.41,0.506
2566,6.47770485118479,52.2979798606062,1.322,0.474
2567,6.47771769041575,52.2979844377097,1.414,0.507
2568,6.47773052964671,52.2979890148131,1.377,0.494
2569,6.47774336887767,52.2979935919166,1.382,0.496
2570,6.47775620810863,52.2979981690201,1.347,0.483
2571,6.47776902571743,52.298002818455,1.298,0.465
2572,6.47778173310215,52.2980078366164,1.22,0.437
2573,6.47779444048687,52.2980128547778,1.45,0.52
2574,6.4778071478716,52.2980178729392,1.495,0.536
2575,6.47781985525632,52.2980228911007,1.354,0.486
2576,6.47783256264104,52.2980279092621,1.491,0.535
2577,6.47784527002576,52.2980329274235,1.407,0.504
2578,6.47785797741049,52.2980379455849,1.368,0.491
2579,6.47787068479521,52.2980429637463,1.361,0.488
2580,6.47788339217993,52.2980479819078,1.542,0.553
2581,6.47789609956465,52.2980530000692,1.336,0.479
2582,6.47790880694937,52.2980580182306,1.583,0.567
2583,6.4779215143341,52.298063036392,1.304,0.468
2584,6.47793422171882,52.2980680545534,1.384,0.496
2585,6.47794692910354,52.2980730727149,1.429,0.512
2586,6.4779597557908,52.2980776917801,1.544,0.553
2587,6.47797261030276,52.2980822177649,1.436,0.515
2588,6.47798546481472,52.2980867437497,1.366,0.49
2589,6.47799831932668,52.2980912697345,1.308,0.469
2590,6.47801117383865,52.2980957957192,1.432,0.513
2591,6.47802402835061,52.298100321704,1.426,0.511
2592,6.47803688286257,52.2981048476888,1.338,0.48
2593,6.47804973737453,52.2981093736736,1.429,0.512
2594,6.47806259188649,52.2981138996584,1.369,0.491
2595,6.47807544639845,52.2981184256432,1.363,0.489
2596,6.47808830091041,52.298122951628,1.519,0.545
2597,6.47810115542238,52.2981274776127,1.402,0.503
2598,6.47811400993434,52.2981320035975,1.428,0.512
2599,6.4781268644463,52.2981365295823,1.268,0.455
2600,6.47813971895826,52.2981410555671,1.279,0.459
2601,6.47815257347022,52.2981455815519,1.301,0.467
2602,6.47816542798218,52.2981501075367,1.409,0.505
2603,6.47817828249414,52.2981546335215,1.276,0.458
2604,6.47819113700611,52.2981591595062,1.406,0.504
2605,6.47820399151807,52.298163685491,1.374,0.493
2606,6.47821690706123,52.2981680073115,1.346,0.483
2607,6.47822989123506,52.2981720995456,1.452,0.52
2608,6.47824287540889,52.2981761917797,1.24,0.445
2609,6.47825585958273,52.2981802840138,1.423,0.51
2610,6.47826884375656,52.2981843762478,1.424,0.511
2611,6.47828182793039,52.2981884684819,1.424,0.511
2612,6.47829481210423,52.298192560716,1.355,0.486
2613,6.47830779627806,52.2981966529501,1.48,0.531
2614,6.47832078045189,52.2982007451842,1.341,0.481
2615,6.47833376462573,52.2982048374182,1.384,0.496
2616,6.47834674879956,52.2982089296523,1.415,0.507
2617,6.47835973297339,52.2982130218864,1.458,0.523
2618,6.47837271714723,52.2982171141205,1.308,0.469
2619,6.47838570132106,52.2982212063546,1.451,0.52
2620,6.47839868549489,52.2982252985886,1.41,0.506
2621,6.47841166966873,52.2982293908227,1.521,0.545
2622,6.47842465384256,52.2982334830568,1.457,0.522
2623,6.47843763801639,52.2982375752909,1.36,0.488
2624,6.47845062219023,52.298241667525,1.497,0.537
2625,6.47846360636406,52.298245759759,1.38,0.495
2626,6.47847659053789,52.2982498519931,1.529,0.548
2627,6.47848957471173,52.2982539442272,1.316,0.472
2628,6.4785023720842,52.2982586613576,1.249,0.448
2629,6.47851500485988,52.2982639291045,1.435,0.514
2630,6.47852763763557,52.2982691968514,1.472,0.528
2631,6.47854027041125,52.2982744645983,1.353,0.485
2632,6.47855303594933,52.2982792882226,1.307,0.469
2633,6.47856583657394,52.2982839944737,1.384,0.496
2634,6.47857863719854,52.2982887007249,1.389,0.498
2635,6.47859143782315,52.2982934069761,1.432,0.513
2636,6.47860423844776,52.2982981132273,1.379,0.494
2637,6.47861703907236,52.2983028194784,1.425,0.511
2638,6.47862983969697,52.2983075257296,1.506,0.54
2639,6.47864264032158,52.2983122319808,1.406,0.504
2640,6.47865544094619,52.298316938232,1.493,0.535
2641,6.4786682415708,52.2983216444831,1.575,0.565
2642,6.4786810421954,52.2983263507343,1.385,0.497
2643,6.47869384282001,52.2983310569855,1.56,0.559
2644,6.47870664344462,52.2983357632367,1.322,0.474
2645,6.47871944406923,52.2983404694879,1.366,0.49
2646,6.47873224469383,52.298345175739,1.401,0.502
2647,6.47874504531844,52.2983498819902,1.376,0.493
2648,6.47875784594305,52.2983545882414,1.366,0.49
2649,6.47877064656766,52.2983592944926,1.469,0.527
2650,6.47878339876852,52.298364162733,1.459,0.523
2651,6.47879611696435,52.2983691447286,1.339,0.48
2652,6.47880883516019,52.2983741267242,1.415,0.507
2653,6.47882155335603,52.2983791087198,1.448,0.519
2654,6.47883427155186,52.2983840907154,1.513,0.542
2655,6.4788469897477,52.298389072711,1.577,0.566
2656,6.47885970794354,52.2983940547066,1.466,0.526
2657,6.47887242613938,52.2983990367022,1.377,0.494
2658,6.47888525286874,52.2984036556266,1.343,0.482
2659,6.47889811721699,52.2984081487065,1.403,0.503
2660,6.47891098156525,52.2984126417865,1.315,0.472
2661,6.4789238459135,52.2984171348665,1.411,0.506
2662,6.47893671026175,52.2984216279465,1.399,0.502
2663,6.47894957461,52.2984261210265,1.432,0.513
2664,6.47896243895826,52.2984306141065,1.306,0.468
2665,6.47897530330651,52.2984351071865,1.429,0.512
2666,6.47898816765476,52.2984396002664,1.439,0.516
2667,6.47900103200301,52.2984440933464,1.408,0.505
2668,6.47901389635126,52.2984485864264,1.437,0.515
2669,6.47902677282837,52.2984530389324,1.482,0.531
2670,6.47903967288325,52.298457412565,1.526,0.547
2671,6.47905257293813,52.2984617861976,1.363,0.489
2672,6.47906547299301,52.2984661598301,1.459,0.523
2673,6.47907837304788,52.2984705334627,1.51,0.542
2674,6.47909127310276,52.2984749070953,1.434,0.514
2675,6.47910417315764,52.2984792807279,1.403,0.503
2676,6.47911707321252,52.2984836543605,1.495,0.536
2677,6.47912997326739,52.2984880279931,1.253,0.449
2678,6.47914287332227,52.2984924016256,1.423,0.51
2679,6.47915577337715,52.2984967752582,1.417,0.508
2680,6.47916867343202,52.2985011488908,1.315,0.472
2681,6.47918191095141,52.298504393622,1.303,0.467
2682,6.47919524626717,52.2985073112004,1.428,0.512
2683,6.47920858158293,52.2985102287787,1.574,0.564
2684,6.47922183550971,52.2985134186232,1.274,0.457
2685,6.47923503071437,52.2985168049075,1.456,0.522
2686,6.47924822591904,52.2985201911917,1.4,0.502
2687,6.47926115041275,52.2985244830704,1.298,0.466
2688,6.47927371313286,52.2985299851704,1.389,0.498
2689,6.47928631039783,52.2985353717093,1.409,0.505
2690,6.47929905838587,52.2985402540427,1.271,0.456
2691,6.47931180637391,52.2985451363761,1.422,0.51
2692,6.47932455436195,52.2985500187095,1.443,0.517
2693,6.47933730234999,52.2985549010429,1.519,0.545
2694,6.47935005033803,52.2985597833763,1.433,0.514
2695,6.47936279832607,52.2985646657096,1.5,0.538
2696,6.47937554631411,52.298569548043,1.298,0.465
2697,6.47938829430215,52.2985744303764,1.486,0.533
2698,6.47940104229019,52.2985793127098,1.587,0.569
2699,6.47941379027823,52.2985841950432,1.562,0.56
2700,6.47942653826627,52.2985890773766,1.553,0.557
2701,6.47943928625431,52.29859395971,1.707,0.612
2702,6.47945203424235,52.2985988420433,1.566,0.562
2703,6.47946478223039,52.2986037243767,1.563,0.56
2704,6.47947753021843,52.2986086067101,1.537,0.551
2705,6.47949027820647,52.2986134890435,1.653,0.593
2706,6.47950302619451,52.2986183713769,1.48,0.531
2707,6.47951577418254,52.2986232537103,1.47,0.527
2708,6.47952852217058,52.2986281360436,1.638,0.587
2709,6.47954127015862,52.298633018377,1.614,0.579
2710,6.47955401914834,52.2986378973595,1.734,0.622
2711,6.47956687103482,52.2986424321272,1.853,0.664
2712,6.4795797229213,52.2986469668949,1.681,0.603
2713,6.47959257480778,52.2986515016625,1.696,0.608
2714,6.47960542669426,52.2986560364302,1.738,0.623
2715,6.47961827858074,52.2986605711979,1.828,0.656
2716,6.47963113046722,52.2986651059655,1.799,0.645
2717,6.4796439823537,52.2986696407332,1.755,0.629
2718,6.47965683424018,52.2986741755009,1.742,0.625
2719,6.47966968612666,52.2986787102685,2.02,0.724
2720,6.47968253801314,52.2986832450362,1.87,0.671
2721,6.47969538989962,52.2986877798039,2.163,0.775
2722,6.4797082417861,52.2986923145715,2.268,0.813
2723,6.47972109367258,52.2986968493392,2.154,0.772
2724,6.47973394555906,52.2987013841069,2.313,0.829
2725,6.47974679744554,52.2987059188745,2.454,0.88
2726,6.47975967363916,52.2987103723288,2.394,0.858
2727,6.47977257434791,52.2987147437741,2.234,0.801
2728,6.47978547505666,52.2987191152193,2.592,0.929
2729,6.47979837576541,52.2987234866645,2.532,0.908
2730,6.47981127647416,52.2987278581097,2.647,0.949
2731,6.4798241771829,52.298732229555,2.934,1.052
2732,6.47983707789165,52.2987366010002,2.639,0.946
2733,6.47985019972253,52.2987402327377,2.811,1.008
2734,6.47986336022984,52.2987437350932,2.881,1.033
2735,6.47987652073715,52.2987472374486,3.293,1.181
2736,6.47988968124445,52.2987507398041,3.254,1.167
2737,6.47990284175176,52.2987542421595,3.485,1.25
2738,6.4799158292771,52.298758323182,3.747,1.344
2739,6.47992874797647,52.2987626344442,4.208,1.509
2740,6.47994166667584,52.2987669457064,4.195,1.504
2741,6.47995458537521,52.2987712569686,3.968,1.423
2742,6.47996750407458,52.2987755682307,4.708,1.688
2743,6.47998042277395,52.2987798794929,4.36,1.563
2744,6.47999334147332,52.2987841907551,4.65,1.667
2745,6.48000626017269,52.2987885020173,4.858,1.742
2746,6.48001917887206,52.2987928132795,5.356,1.92
2747,6.48003209757143,52.2987971245417,5.413,1.941
2748,6.48004501627079,52.2988014358039,5.407,1.939
2749,6.48005801953497,52.2988054641761,6.245,2.239
2750,6.48007103202751,52.2988094616772,6.283,2.253
2751,6.48008401825019,52.2988135470574,6.324,2.267
2752,6.48009638458196,52.2988197061244,6.239,2.237
2753,6.48010875091374,52.2988258651914,7.229,2.592
2754,6.48012111724551,52.2988320242585,7.648,2.742
2755,6.48013348357728,52.2988381833255,7.254,2.601
2756,6.48014584990906,52.2988443423925,7.053,2.529
2757,6.48015848130598,52.2988496147518,7.992,2.866
2758,6.48017147376755,52.2988536792613,8.062,2.891
2759,6.48018446622913,52.2988577437709,8.566,3.071
2760,6.48019745869071,52.2988618082804,8.101,2.905
2761,6.48021045115228,52.29886587279,8.59,3.08
2762,6.4802234479142,52.2988699229138,8.594,3.081
2763,6.48023644795023,52.2988739620849,8.427,3.022
2764,6.48024955784627,52.2988776337475,7.542,2.704
2765,6.48026275542617,52.298881012086,8.855,3.175
2766,6.48027599400764,52.2988842532643,8.57,3.073
2767,6.48028926259545,52.298887394064,8.704,3.121
2768,6.48030253118326,52.2988905348637,8.978,3.219
2769,6.4803150171348,52.2988962937733,8.774,3.146
2770,6.48032739246049,52.2989024227535,8.736,3.132
2771,6.48033976778618,52.2989085517336,9.236,3.312
2772,6.48035214089688,52.2989141138908,7.979,2.861
2773,6.48036451011326,52.2989186794796,7.807,2.799
2774,6.48037687932963,52.2989232450685,7.536,2.702
2775,6.480389248546,52.2989278106573,7.394,2.651
2776,6.48040161776237,52.2989323762461,7.73,2.772
2777,6.48041398697875,52.298936941835,6.793,2.436
2778,6.48042635619512,52.2989415074238,6.84,2.453
2779,6.48043872541149,52.2989460730127,7.051,2.528
2780,6.48045108933125,52.2989506311134,6.992,2.507
2781,6.48046325044723,52.2989549025016,6.349,2.277
2782,6.48047541156322,52.2989591738898,6.73,2.413
2783,6.48048757267921,52.2989634452779,5.704,2.045
2784,6.4804997337952,52.2989677166661,5.845,2.096
2785,6.48051189491119,52.2989719880543,5.913,2.12
2786,6.48052405602717,52.2989762594425,5.409,1.939
2787,6.48053621714316,52.2989805308306,4.606,1.652
2788,6.48054837825915,52.2989848022188,4.877,1.749
2789,6.48056053937514,52.298989073607,4.995,1.791
2790,6.48057270049112,52.2989933449951,4.536,1.626
2791,6.48058486160711,52.2989976163833,4.727,1.695
2792,6.4805970227231,52.2990018877715,4.311,1.546
2793,6.48060918383909,52.2990061591596,4.092,1.467
2794,6.48062134495508,52.2990104305478,4.028,1.444
2795,6.48063350607106,52.299014701936,3.632,1.302
2796,6.48064566718705,52.2990189733241,3.681,1.32
2797,6.48065782830304,52.2990232447123,3.298,1.182
2798,6.48066998941903,52.2990275161005,3.127,1.121
2799,6.48068215053501,52.2990317874886,3.347,1.2
2800,6.480694311651,52.2990360588768,2.631,0.943
2801,6.48070647276699,52.299040330265,2.845,1.02
2802,6.48071863388298,52.2990446016532,2.729,0.978
2803,6.48073079499897,52.2990488730413,2.882,1.033
2804,6.48074295611495,52.2990531444295,2.612,0.937
2805,6.48075511723094,52.2990574158177,2.516,0.902
2806,6.48076727834693,52.2990616872058,2.649,0.95
2807,6.48077943946292,52.299065958594,2.299,0.824
2808,6.48079162865077,52.2990701435917,2.207,0.791
2809,6.48080392908365,52.2990739862355,2.205,0.791
2810,6.48081622951652,52.2990778288792,1.962,0.703
2811,6.48082852994939,52.299081671523,1.834,0.657
2812,6.48084083038226,52.2990855141668,2.153,0.772
2813,6.48085313081514,52.2990893568106,1.784,0.64
2814,6.48086543124801,52.2990931994544,2.04,0.731
2815,6.48087773168088,52.2990970420982,2.023,0.725
2816,6.48089003211376,52.299100884742,1.959,0.702
2817,6.48090237232678,52.2991046049633,1.936,0.694
2818,6.48091472145678,52.2991082977429,1.914,0.686
2819,6.48092707058677,52.2991119905225,1.831,0.657
2820,6.48093941971677,52.299115683302,1.72,0.617
2821,6.48095176884676,52.2991193760816,1.841,0.66
2822,6.48096411797676,52.2991230688612,1.831,0.657
2823,6.4809763576676,52.2991270984371,1.72,0.617
2824,6.48098833986042,52.299131920457,1.539,0.552
2825,6.48100032205324,52.299136742477,1.434,0.514
2826,6.48101230424606,52.2991415644969,1.717,0.616
2827,6.48102447612013,52.2991458027773,1.606,0.576
2828,6.48103664815755,52.299150040555,1.488,0.534
2829,6.48104882019496,52.2991542783328,1.524,0.547
2830,6.48106099223237,52.2991585161105,1.597,0.573
2831,6.48107316426979,52.2991627538883,1.628,0.584
2832,6.4810853363072,52.299166991666,1.643,0.589
2833,6.48109750834461,52.2991712294438,1.602,0.575
2834,6.48110968038203,52.2991754672215,1.692,0.607
2835,6.48112185241944,52.2991797049992,1.644,0.59
2836,6.48113402445686,52.299183942777,1.593,0.571
2837,6.48114619649427,52.2991881805547,1.584,0.568
2838,6.48115836853168,52.2991924183325,1.612,0.578
2839,6.4811705405691,52.2991966561102,1.434,0.514
2840,6.48118271260651,52.299200893888,1.554,0.557
2841,6.48119488464392,52.2992051316657,1.551,0.556
2842,6.48120705668134,52.2992093694434,1.454,0.521
2843,6.48121922871875,52.2992136072212,1.486,0.533
2844,6.48123140075616,52.2992178449989,1.445,0.518
2845,6.48124357279358,52.2992220827767,1.612,0.578
2846,6.48125574483099,52.2992263205544,1.413,0.507
2847,6.4812679168684,52.2992305583322,1.59,0.57
2848,6.48128008890582,52.2992347961099,1.557,0.558
2849,6.48129226094323,52.2992390338876,1.506,0.54
2850,6.48130443298064,52.2992432716654,1.41,0.505
2851,6.48131660501806,52.2992475094431,1.505,0.54
2852,6.4813287887654,52.2992517111838,1.494,0.536
2853,6.48134097419761,52.2992559077394,1.372,0.492
2854,6.48135315962983,52.299260104295,1.485,0.533
2855,6.48136534506204,52.2992643008505,1.444,0.518
2856,6.48137753049426,52.2992684974061,1.635,0.586
2857,6.48138971592647,52.2992726939617,1.47,0.527
2858,6.48140190135868,52.2992768905172,1.532,0.549
2859,6.4814140867909,52.2992810870728,1.378,0.494
2860,6.48142627222311,52.2992852836284,1.448,0.519
2861,6.48143845765533,52.2992894801839,1.511,0.542
2862,6.48145064308754,52.2992936767395,1.471,0.527
2863,6.48146282851975,52.2992978732951,1.508,0.541
2864,6.48147501395197,52.2993020698506,1.473,0.528
2865,6.48148719938418,52.2993062664062,1.452,0.521
2866,6.48149938481639,52.2993104629618,1.507,0.54
2867,6.48151157024861,52.2993146595173,1.546,0.554
2868,6.48152375568082,52.2993188560729,1.442,0.517
2869,6.48153594111304,52.2993230526285,1.484,0.532
2870,6.48154812654525,52.299327249184,1.649,0.591
2871,6.48156031197746,52.2993314457396,1.578,0.566
2872,6.48157249740968,52.2993356422952,1.445,0.518
2873,6.48158468284189,52.2993398388507,1.436,0.515
2874,6.4815968682741,52.2993440354063,1.293,0.464
2875,6.48160905370632,52.2993482319619,1.408,0.505
2876,6.48162123913853,52.2993524285174,1.586,0.569
2877,6.48163342457075,52.299356625073,1.524,0.546
2878,6.48164561000296,52.2993608216286,1.431,0.513
2879,6.48165779543517,52.2993650181841,1.768,0.634
2880,6.48166998086739,52.2993692147397,1.402,0.503
2881,6.4816821643922,52.2993734171652,1.634,0.586
2882,6.48169434232221,52.2993776368087,1.47,0.527
2883,6.48170652025222,52.2993818564521,1.503,0.539
2884,6.48171869818223,52.2993860760955,1.442,0.517
2885,6.48173087611223,52.2993902957389,1.49,0.534
2886,6.48174305404224,52.2993945153823,1.537,0.551
2887,6.48175523197225,52.2993987350258,1.539,0.552
2888,6.48176740990226,52.2994029546692,1.468,0.526
2889,6.48177958783227,52.2994071743126,1.497,0.537
2890,6.48179176576228,52.299411393956,1.414,0.507
2891,6.48180390712297,52.2994157261407,1.473,0.528
2892,6.48181553193528,52.2994216479905,1.389,0.498
2893,6.48182715674759,52.2994275698404,1.352,0.485
2894,6.4818387815599,52.2994334916903,1.334,0.478
2895,6.48185040637221,52.2994394135402,1.577,0.566
2896,6.48186229482222,52.2994445240514,1.533,0.55
2897,6.48187442765085,52.2994488824932,1.38,0.495
2898,6.48188656047949,52.299453240935,1.484,0.532
2899,6.48189869330812,52.2994575993768,1.426,0.511
2900,6.48191082613676,52.2994619578187,1.705,0.611
2901,6.48192295896539,52.2994663162605,1.56,0.559
2902,6.48193509179403,52.2994706747023,1.435,0.515
2903,6.48194722462266,52.2994750331441,1.479,0.53
2904,6.4819593574513,52.2994793915859,1.514,0.543
2905,6.48197149027993,52.2994837500277,1.499,0.538
2906,6.48198362310857,52.2994881084696,1.465,0.525
2907,6.4819957559372,52.2994924669114,1.508,0.541
2908,6.48200788876584,52.2994968253532,1.453,0.521
2909,6.48202002159448,52.299501183795,1.468,0.526
2910,6.48203215442311,52.2995055422368,1.359,0.487
2911,6.48204428725175,52.2995099006787,1.509,0.541
2912,6.48205642008038,52.2995142591205,1.418,0.508
2913,6.48206855290902,52.2995186175623,1.354,0.485
2914,6.48208068573765,52.2995229760041,1.667,0.598
2915,6.48209281856629,52.2995273344459,1.47,0.527
2916,6.48210495139492,52.2995316928877,1.495,0.536
2917,6.48211708422356,52.2995360513296,1.371,0.492
2918,6.48212921705219,52.2995404097714,1.467,0.526
2919,6.48214134988083,52.2995447682132,1.547,0.555
2920,6.4821534860286,52.2995491164405,1.53,0.549
2921,6.48216568541854,52.2995532700415,1.55,0.556
2922,6.48217788480849,52.2995574236424,1.464,0.525
2923,6.48219008419843,52.2995615772434,1.499,0.537
2924,6.48220228358837,52.2995657308444,1.328,0.476
2925,6.48221448297832,52.2995698844454,1.426,0.511
2926,6.48222668236826,52.2995740380464,1.453,0.521
2927,6.48223888175821,52.2995781916474,1.462,0.524
2928,6.48225108114815,52.2995823452483,1.47,0.527
2929,6.4822632805381,52.2995864988493,1.572,0.564
2930,6.48227547992804,52.2995906524503,1.364,0.489
2931,6.48228767931798,52.2995948060513,1.406,0.504
2932,6.48229987870793,52.2995989596523,1.438,0.516
2933,6.48231207809787,52.2996031132533,1.349,0.484
2934,6.48232427748782,52.2996072668543,1.509,0.541
2935,6.48233647687776,52.2996114204552,1.553,0.557
2936,6.48234867626771,52.2996155740562,1.456,0.522
2937,6.48236087565765,52.2996197276572,1.316,0.472
2938,6.4823730750476,52.2996238812582,1.484,0.532
2939,6.48238527443754,52.2996280348592,1.542,0.553
2940,6.48239747382748,52.2996321884602,1.47,0.527
2941,6.48240967321743,52.2996363420611,1.488,0.533
2942,6.48242187260737,52.2996404956621,1.369,0.491
2943,6.4824340372754,52.299644756119,1.403,0.503
2944,6.48244615443875,52.2996491627704,1.462,0.524
2945,6.48245827160209,52.2996535694217,1.477,0.53
2946,6.48247038876544,52.2996579760731,1.537,0.551
2947,6.48248250592878,52.2996623827245,1.409,0.505
2948,6.48249462309213,52.2996667893758,1.354,0.485
2949,6.48250674025548,52.2996711960272,1.505,0.54
2950,6.48251885741882,52.2996756026786,1.208,0.433
2951,6.48253097458217,52.2996800093299,1.352,0.485
2952,6.48254309174551,52.2996844159813,1.481,0.531
2953,6.48255520890886,52.2996888226327,1.639,0.588
2954,6.4825673260722,52.2996932292841,1.337,0.479
2955,6.48257944323555,52.2996976359354,1.429,0.512
2956,6.4825915603989,52.2997020425868,1.567,0.562
2957,6.48260367756224,52.2997064492382,1.488,0.534
2958,6.48261619325734,52.2997096294176,1.561,0.56
2959,6.48262876261405,52.2997126444548,1.509,0.541
2960,6.48264133197075,52.2997156594919,1.608,0.577
2961,6.48265390132746,52.299718674529,1.324,0.475
2962,6.48266647068417,52.2997216895662,1.373,0.492
2963,6.48267904004088,52.2997247046033,1.453,0.521
2964,6.48269150931695,52.2997280276362,1.516,0.544
2965,6.4827033344659,52.2997333329549,1.63,0.585
2966,6.4827151752264,52.2997385902294,1.404,0.503
2967,6.48272711101226,52.2997435550656,1.411,0.506
2968,6.48273904679813,52.2997485199018,1.581,0.567
2969,6.482750982584,52.299753484738,1.469,0.527
2970,6.48276291836987,52.2997584495742,1.562,0.56
2971,6.48277485415573,52.2997634144105,1.579,0.566
2972,6.48278692473938,52.2997679644097,1.307,0.469
2973,6.48279906247374,52.2997723077543,1.386,0.497
2974,6.4828112002081,52.2997766510989,1.517,0.544
2975,6.48282333794246,52.2997809944435,1.43,0.513
2976,6.48283547567681,52.299785337788,1.489,0.534
2977,6.48284761341117,52.2997896811326,1.455,0.522
2978,6.48285975114553,52.2997940244772,1.508,0.541
2979,6.48287188887989,52.2997983678218,1.446,0.518
2980,6.48288402661425,52.2998027111663,1.602,0.574
2981,6.48289616434861,52.2998070545109,1.419,0.509
2982,6.48290830208296,52.2998113978555,1.548,0.555
2983,6.48292043981732,52.2998157412,1.518,0.544
2984,6.48293257755168,52.2998200845446,1.458,0.523
2985,6.48294471528604,52.2998244278892,1.488,0.533
2986,6.4829568530204,52.2998287712338,1.405,0.504
2987,6.48296899075476,52.2998331145783,1.474,0.528
2988,6.48298112848912,52.2998374579229,1.6,0.574
2989,6.48299326622347,52.2998418012675,1.555,0.558
2990,6.48300540395783,52.2998461446121,1.362,0.488
2991,6.48301754169219,52.2998504879566,1.419,0.509
2992,6.48302967942655,52.2998548313012,1.488,0.534
2993,6.48304181716091,52.2998591746458,1.489,0.534
2994,6.48305395489527,52.2998635179903,1.342,0.481
2995,6.48306609262962,52.2998678613349,1.427,0.512
2996,6.48307823036398,52.2998722046795,1.502,0.538
2997,6.48309036809834,52.2998765480241,1.372,0.492
2998,6.4831025058327,52.2998808913686,1.383,0.496
2999,6.48311464356706,52.2998852347132,1.443,0.517
3000,6.48312678130142,52.2998895780578,1.387,0.497
3001,6.48313891903577,52.2998939214024,1.383,0.496
3002,6.48315105677013,52.2998982647469,1.519,0.545
3003,6.48316319450449,52.2999026080915,1.473,0.528
3004,6.48317533223885,52.2999069514361,1.476,0.529
3005,6.48318746997321,52.2999112947806,1.559,0.559
3006,6.48319960770757,52.2999156381252,1.594,0.571
3007,6.48321175451516,52.2999199535471,1.414,0.507
3008,6.48322395548445,52.2999241022877,1.334,0.478
3009,6.48323615645375,52.2999282510283,1.25,0.448
3010,6.48324835742304,52.2999323997688,1.332,0.477
3011,6.48326055839234,52.2999365485094,1.513,0.543
3012,6.48327275936164,52.29994069725,1.455,0.522
3013,6.48328496033093,52.2999448459905,1.403,0.503
3014,6.48329713274974,52.2999490825945,1.287,0.461
3015,6.4833092412039,52.2999535160482,1.52,0.545
3016,6.48332134965805,52.2999579495019,1.613,0.578
3017,6.48333345811221,52.2999623829556,1.396,0.5
3018,6.48334556656636,52.2999668164093,1.513,0.542
3019,6.48335767502052,52.299971249863,1.242,0.445
3020,6.48336978347467,52.2999756833167,1.412,0.506
3021,6.48338189192883,52.2999801167704,1.392,0.499
3022,6.48339400038298,52.2999845502241,1.45,0.52
3023,6.48340610883714,52.2999889836778,1.584,0.568
3024,6.48341827500951,52.2999932395051,1.271,0.456
3025,6.48343066677457,52.2999968010763,1.368,0.49
3026,6.48344305853964,52.3000003626474,1.413,0.507
3027,6.4834554503047,52.3000039242186,1.593,0.571
3028,6.48346784206976,52.3000074857897,1.411,0.506
3029,6.48348023383482,52.3000110473609,1.353,0.485
3030,6.48349262559989,52.3000146089321,1.367,0.49
3031,6.48350501736495,52.3000181705033,1.29,0.462
3032,6.48351745162988,52.3000216012821,1.371,0.491
3033,6.48353002721832,52.3000245971412,1.346,0.483
3034,6.48354260280677,52.3000275930003,1.426,0.511
3035,6.48355509047423,52.3000308594342,1.524,0.547
3036,6.48356742862261,52.3000345860094,1.35,0.484
3037,6.4835796550415,52.3000386564295,1.425,0.511
3038,6.48359156810808,52.3000436911837,1.505,0.54
3039,6.48360348117467,52.300048725938,1.463,0.525
3040,6.48361539424125,52.3000537606922,1.35,0.484
3041,6.48362730730784,52.3000587954465,1.411,0.506
3042,6.48363922037442,52.3000638302007,1.322,0.474
3043,6.48365113344101,52.300068864955,1.41,0.506
3044,6.4836630465076,52.3000738997093,1.43,0.513
3045,6.48367495957418,52.3000789344635,1.536,0.551
3046,6.48368687264077,52.3000839692178,1.452,0.52
3047,6.48369878570735,52.300089003972,1.485,0.533
3048,6.4837108293159,52.3000936369866,1.399,0.502
3049,6.48372299454577,52.3000978957143,1.43,0.513
3050,6.48373515977564,52.3001021544421,1.442,0.517
3051,6.48374732500551,52.3001064131699,1.515,0.543
3052,6.48375949023538,52.3001106718977,1.397,0.501
3053,6.48377165546525,52.3001149306255,1.384,0.496
3054,6.48378382069513,52.3001191893533,1.374,0.493
3055,6.483795985925,52.3001234480811,1.297,0.465
3056,6.48380815115487,52.3001277068089,1.492,0.535
3057,6.48382031638474,52.3001319655367,1.52,0.545
3058,6.48383248161461,52.3001362242645,1.365,0.489
3059,6.48384464684448,52.3001404829922,1.331,0.477
3060,6.48385681207436,52.30014474172,1.351,0.485
3061,6.48386897730423,52.3001490004478,1.417,0.508
3062,6.4838811425341,52.3001532591756,1.43,0.513
3063,6.48389330776397,52.3001575179034,1.318,0.473
3064,6.48390547299384,52.3001617766312,1.332,0.477
3065,6.48391763822371,52.300166035359,1.338,0.48
3066,6.48392980345358,52.3001702940868,1.419,0.509
3067,6.48394196868346,52.3001745528146,1.324,0.475
3068,6.48395413391333,52.3001788115424,1.522,0.546
3069,6.4839662991432,52.3001830702701,1.276,0.458
3070,6.48397846437307,52.3001873289979,1.435,0.514
3071,6.48399062960294,52.3001915877257,1.448,0.519
3072,6.48400279483281,52.3001958464535,1.271,0.456
3073,6.48401496006269,52.3002001051813,1.385,0.497
3074,6.48402712653359,52.3002043600899,1.364,0.489
3075,6.48403930814901,52.3002085683915,1.352,0.485
3076,6.48405148976442,52.3002127766932,1.307,0.469
3077,6.48406367137984,52.3002169849948,1.461,0.524
3078,6.48407585299526,52.3002211932965,1.323,0.474
3079,6.48408803461068,52.3002254015982,1.432,0.514
3080,6.48410021622609,52.3002296098998,1.567,0.562
3081,6.48411239784151,52.3002338182015,1.364,0.489
3082,6.48412457945693,52.3002380265032,1.464,0.525
3083,6.48413676107235,52.3002422348048,1.485,0.532
3084,6.48414894268777,52.3002464431065,1.431,0.513
3085,6.48416112430318,52.3002506514082,1.277,0.458
3086,6.4841733059186,52.3002548597098,1.512,0.542
3087,6.48418548753402,52.3002590680115,1.355,0.486
3088,6.48419766914944,52.3002632763131,1.439,0.516
3089,6.48420985076485,52.3002674846148,1.428,0.512
3090,6.48422203238027,52.3002716929165,1.484,0.532
3091,6.48423421399569,52.3002759012181,1.433,0.514
3092,6.48424629943954,52.3002804054855,1.457,0.522
3093,6.4842583591798,52.300284988855,1.359,0.487
3094,6.48427041892006,52.3002895722246,1.526,0.547
3095,6.48428247866032,52.3002941555941,1.444,0.518
3096,6.48429453840058,52.3002987389637,1.324,0.475
3097,6.48430659814083,52.3003033223332,1.47,0.527
3098,6.48431865788109,52.3003079057028,1.464,0.525
3099,6.4843309271365,52.3003118442945,1.394,0.5
3100,6.48434331064328,52.3003154312803,1.412,0.506
3101,6.48435569415005,52.3003190182662,1.365,0.489
3102,6.48436807765682,52.300322605252,1.279,0.459
3103,6.48438046116359,52.3003261922379,1.464,0.525
3104,6.48439284467036,52.3003297792238,1.391,0.499
3105,6.48440523181301,52.3003333550203,1.378,0.494
3106,6.48441783298592,52.3003362721438,1.448,0.519
3107,6.48443043415884,52.3003391892673,1.364,0.489
3108,6.48444292248757,52.3003424536661,1.398,0.501
3109,6.48445513431176,52.300346569001,1.331,0.477
3110,6.48446734613595,52.3003506843359,1.323,0.474
3111,6.48447951634827,52.3003549277303,1.423,0.51
3112,6.48449168337042,52.3003591809424,1.474,0.528
3113,6.48450385039257,52.3003634341545,1.446,0.518
3114,6.48451594234904,52.3003679183795,1.458,0.523
3115,6.48452777066247,52.3003732139595,1.396,0.501
3116,6.4845395989759,52.3003785095396,1.448,0.519
3117,6.48455142728933,52.3003838051196,1.284,0.46
3118,6.48456325560277,52.3003891006997,1.526,0.547
3119,6.4845750839162,52.3003943962798,1.465,0.525
3120,6.48458691222963,52.3003996918598,1.458,0.523
3121,6.48459890135595,52.3004044925421,1.346,0.482
3122,6.48461108467358,52.3004086956052,1.379,0.495
3123,6.4846232679912,52.3004128986684,1.503,0.539
3124,6.48463545130883,52.3004171017316,1.381,0.495
3125,6.48464763462645,52.3004213047947,1.349,0.484
3126,6.48465981794407,52.3004255078579,1.495,0.536
3127,6.4846720012617,52.300429710921,1.497,0.537
3128,6.48468418457932,52.3004339139842,1.409,0.505
3129,6.48469636789695,52.3004381170474,1.42,0.509
3130,6.48470855121457,52.3004423201105,1.504,0.539
3131,6.4847207345322,52.3004465231737,1.327,0.476
3132,6.48473291784982,52.3004507262369,1.512,0.542
3133,6.48474510116744,52.3004549293,1.533,0.55
3134,6.48475728448507,52.3004591323632,1.291,0.463
3135,6.48476946780269,52.3004633354264,1.465,0.525
3136,6.48478165112032,52.3004675384895,1.524,0.546
3137,6.48479383443794,52.3004717415527,1.379,0.494
3138,6.48480601775556,52.3004759446159,1.381,0.495
3139,6.48481820107319,52.300480147679,1.354,0.485
3140,6.48483038439081,52.3004843507422,1.409,0.505
3141,6.48484256770844,52.3004885538054,1.511,0.542
3142,6.48485473272555,52.3004928131879,1.355,0.486
3143,6.48486688360719,52.300497116072,1.337,0.48
3144,6.48487903448884,52.3005014189561,1.256,0.45
3145,6.48489118537049,52.3005057218402,1.501,0.538
3146,6.48490333625214,52.3005100247243,1.466,0.526
3147,6.48491548713378,52.3005143276084,1.48,0.531
3148,6.48492763801543,52.3005186304925,1.475,0.529
3149,6.48493978889708,52.3005229333766,1.312,0.47
3150,6.48495193977873,52.3005272362607,1.435,0.515
3151,6.48496409066038,52.3005315391449,1.401,0.502
3152,6.48497624154202,52.300535842029,1.419,0.509
3153,6.48498839242367,52.3005401449131,1.602,0.575
3154,6.48500054330532,52.3005444477972,1.45,0.52
3155,6.48501269418697,52.3005487506813,1.533,0.55
3156,6.48502484506861,52.3005530535654,1.354,0.485
3157,6.48503699595026,52.3005573564495,1.413,0.507
3158,6.48504914683191,52.3005616593336,1.332,0.478
3159,6.48506131308426,52.3005659149147,1.505,0.54
3160,6.48507348696858,52.3005701470087,1.322,0.474
3161,6.4850856608529,52.3005743791026,1.482,0.531
3162,6.48509783473722,52.3005786111965,1.433,0.514
3163,6.48511000862154,52.3005828432905,1.284,0.46
3164,6.48512218250586,52.3005870753844,1.313,0.471
3165,6.48513435639018,52.3005913074783,1.287,0.461
3166,6.4851465302745,52.3005955395723,1.344,0.482
3167,6.48515870415882,52.3005997716662,1.446,0.518
3168,6.48517087804314,52.3006040037601,1.385,0.497
3169,6.48518305192746,52.300608235854,1.428,0.512
3170,6.48519522581178,52.300612467948,1.349,0.484
3171,6.4852073996961,52.3006167000419,1.392,0.499
3172,6.48521957358042,52.3006209321358,1.405,0.504
3173,6.48523174746474,52.3006251642298,1.5,0.538
3174,6.48524392134906,52.3006293963237,1.481,0.531
3175,6.48525609523338,52.3006336284176,1.322,0.474
3176,6.48526828156894,52.3006378221932,1.502,0.539
3177,6.48528075370656,52.3006411364197,1.596,0.572
3178,6.48529322584417,52.3006444506463,1.483,0.532
3179,6.48530569798179,52.3006477648729,1.542,0.553
3180,6.4853181701194,52.3006510790994,1.501,0.538
3181,6.48533064225702,52.300654393326,1.339,0.48
3182,6.48534311439463,52.3006577075526,1.431,0.513
3183,6.48535558653225,52.3006610217791,1.473,0.528
3184,6.48536805866986,52.3006643360057,1.564,0.561
3185,6.48538007766519,52.3006690447668,1.431,0.513
3186,6.48539209458329,52.3006737599205,1.28,0.459
3187,6.48540411150139,52.3006784750742,1.48,0.531
3188,6.4854161284195,52.3006831902279,1.431,0.513
3189,6.4854281453376,52.3006879053816,1.577,0.565
3190,6.4854401622557,52.3006926205353,1.374,0.493
3191,6.48545217917381,52.300697335689,1.56,0.559
3192,6.48546419609191,52.3007020508427,1.471,0.527
3193,6.48547621301001,52.3007067659964,1.379,0.495
3194,6.48548822992812,52.3007114811501,1.473,0.528
3195,6.48550024684622,52.3007161963038,1.56,0.559
3196,6.48551226376432,52.3007209114575,1.398,0.501
3197,6.48552428068243,52.3007256266112,1.466,0.526
3198,6.48553629760053,52.3007303417649,1.404,0.503
3199,6.48554831451863,52.3007350569186,1.394,0.5
3200,6.48556033143674,52.3007397720723,1.736,0.623
3201,6.48557234835484,52.300744487226,1.507,0.541
3202,6.48558440110637,52.3007490921032,1.316,0.472
3203,6.48559652327271,52.300753483358,1.528,0.548
3204,6.48560864543905,52.3007578746128,1.552,0.557
3205,6.48562076760538,52.3007622658676,1.454,0.521
3206,6.48563288977172,52.3007666571224,1.351,0.485
3207,6.48564501193806,52.3007710483771,1.469,0.527
3208,6.4856571341044,52.3007754396319,1.432,0.514
3209,6.48566925627073,52.3007798308867,1.36,0.488
3210,6.48568137843707,52.3007842221415,1.501,0.538
3211,6.48569350060341,52.3007886133963,1.252,0.449
3212,6.48570562276974,52.3007930046511,1.425,0.511
3213,6.48571777709329,52.3007972969428,1.529,0.548
3214,6.48572993339134,52.3008015831581,1.683,0.604
3215,6.48574208968938,52.3008058693733,1.442,0.517
3216,6.48575424598743,52.3008101555886,1.566,0.562
3217,6.48576640228548,52.3008144418039,1.468,0.526
3218,6.48577855858353,52.3008187280191,1.43,0.513
3219,6.48579071488157,52.3008230142344,1.488,0.534
3220,6.48580287205721,52.3008272977489,1.321,0.474
3221,6.48581502967261,52.3008315799101,1.381,0.495
3222,6.485827187288,52.3008358620712,1.596,0.572
3223,6.4858393449034,52.3008401442324,1.344,0.482
3224,6.4858515025188,52.3008444263935,1.435,0.515
3225,6.4858636601342,52.3008487085547,1.423,0.51
3226,6.4858758177496,52.3008529907158,1.55,0.556
3227,6.485887975365,52.300857272877,1.449,0.52
3228,6.4859001329804,52.3008615550381,1.497,0.537
3229,6.48591229059579,52.3008658371993,1.426,0.511
3230,6.48592444821119,52.3008701193604,1.402,0.503
3231,6.48593660582659,52.3008744015215,1.422,0.51
3232,6.48594876344199,52.3008786836827,1.443,0.517
3233,6.48596092105739,52.3008829658438,1.481,0.531
3234,6.48597307867279,52.300887248005,1.24,0.445
3235,6.48598523628818,52.3008915301661,1.56,0.559
3236,6.48599739390358,52.3008958123273,1.423,0.51
3237,6.48600955151898,52.3009000944884,1.524,0.547
3238,6.48602174832631,52.3009042560373,1.411,0.506
3239,6.48603396637097,52.3009083522289,1.471,0.527
3240,6.48604618441563,52.3009124484205,1.278,0.458
3241,6.48605840246029,52.300916544612,1.412,0.506
3242,6.48607062050494,52.3009206408036,1.38,0.495
3243,6.4860828385496,52.3009247369951,1.315,0.472
3244,6.48609505659426,52.3009288331867,1.358,0.487
3245,6.48610727463891,52.3009329293782,1.376,0.493
3246,6.48611949268357,52.3009370255698,1.557,0.558
3247,6.48613171072823,52.3009411217613,1.585,0.568
3248,6.48614392877288,52.3009452179529,1.572,0.564
3249,6.48615614681754,52.3009493141444,1.572,0.564
3250,6.4861683648622,52.300953410336,1.475,0.529
3251,6.48618058290685,52.3009575065275,1.39,0.498
3252,6.48619299046814,52.3009610194862,1.421,0.51
3253,6.4862055375443,52.3009641030912,1.451,0.52
3254,6.48621808462045,52.3009671866962,1.354,0.485
3255,6.4862306316966,52.3009702703012,1.58,0.567
3256,6.48624317877275,52.3009733539062,1.404,0.503
3257,6.4862556013017,52.3009768208023,1.353,0.485
3258,6.48626762493457,52.3009815152914,1.441,0.517
3259,6.48627964856745,52.3009862097806,1.547,0.555
3260,6.48629167220032,52.3009909042698,1.352,0.485
3261,6.48630369583319,52.3009955987589,1.449,0.52
3262,6.48631571946606,52.3010002932481,1.398,0.501
3263,6.48632774309894,52.3010049877373,1.583,0.568
3264,6.48633976673181,52.3010096822264,1.494,0.536
3265,6.48635179036468,52.3010143767156,1.46,0.523
3266,6.48636381399755,52.3010190712047,1.434,0.514
3267,6.48637583763043,52.3010237656939,1.345,0.482
3268,6.4863878612633,52.3010284601831,1.52,0.545
3269,6.48639988489617,52.3010331546722,1.439,0.516
3270,6.48641190852904,52.3010378491614,1.436,0.515
3271,6.48642397292803,52.3010424181938,1.501,0.538
3272,6.48643609025897,52.3010468243294,1.53,0.548
3273,6.48644820758991,52.301051230465,1.564,0.561
3274,6.48646032492085,52.3010556366006,1.548,0.555
3275,6.4864724422518,52.3010600427362,1.406,0.504
3276,6.48648455958274,52.3010644488718,1.547,0.555
3277,6.48649667691368,52.3010688550074,1.572,0.564
3278,6.48650879424462,52.301073261143,1.489,0.534
3279,6.48652095107676,52.3010775457146,1.638,0.587
3280,6.48653313465538,52.3010817479746,1.402,0.503
3281,6.48654531823399,52.3010859502346,1.534,0.55
3282,6.48655750181261,52.3010901524945,1.482,0.531
3283,6.48656968539122,52.3010943547545,1.526,0.547
3284,6.48658186896984,52.3010985570145,1.609,0.577
3285,6.48659405254845,52.3011027592744,1.35,0.484
3286,6.48660623612707,52.3011069615344,1.526,0.547
3287,6.48661841970569,52.3011111637944,1.507,0.54
3288,6.4866306032843,52.3011153660543,1.519,0.544
3289,6.48664278686292,52.3011195683143,1.45,0.52
3290,6.48665495977342,52.3011238034051,1.487,0.533
3291,6.48666712262328,52.3011280694574,1.63,0.584
3292,6.48667928547313,52.3011323355096,1.455,0.522
3293,6.48669144832298,52.3011366015619,1.352,0.485
3294,6.48670361117283,52.3011408676141,1.434,0.514
3295,6.48671577402269,52.3011451336663,1.706,0.612
3296,6.48672793687254,52.3011493997186,1.339,0.48
3297,6.48674009972239,52.3011536657708,1.46,0.524
3298,6.48675226257225,52.3011579318231,1.594,0.571
3299,6.4867644254221,52.3011621978753,1.435,0.514
3300,6.48677658827195,52.3011664639275,1.443,0.517
3301,6.4867887511218,52.3011707299798,1.463,0.525
3302,6.48680095560555,52.3011748679047,1.429,0.513
3303,6.48681316012299,52.3011790057259,1.481,0.531
3304,6.48682536464043,52.3011831435472,1.393,0.499
3305,6.48683756915787,52.3011872813684,1.525,0.547
3306,6.48684977367531,52.3011914191897,1.496,0.536
3307,6.48686197819275,52.3011955570109,1.587,0.569
3308,6.48687418271019,52.3011996948322,1.52,0.545
3309,6.48688638722763,52.3012038326534,1.466,0.526
3310,6.4868985792026,52.3012080090738,1.612,0.578
3311,6.48691075954388,52.3012122212966,1.517,0.544
3312,6.48692293988515,52.3012164335194,1.71,0.613
3313,6.48693512022643,52.3012206457422,1.651,0.592
3314,6.4869473005677,52.301224857965,1.673,0.6
3315,6.48695948090898,52.3012290701878,1.687,0.605
3316,6.48697166125025,52.3012332824106,1.721,0.617
3317,6.48698384159153,52.3012374946334,1.705,0.611
3318,6.4869960219328,52.3012417068562,1.632,0.585
3319,6.48700820227408,52.301245919079,1.729,0.62
3320,6.48702038261535,52.3012501313018,1.481,0.531
3321,6.48703256295663,52.3012543435247,1.772,0.635
3322,6.48704476730639,52.3012584818619,1.869,0.67
3323,6.48705743071192,52.301261207466,1.87,0.67
3324,6.48707009411745,52.3012639330702,1.83,0.656
3325,6.4870825942503,52.3012671611421,1.893,0.679
3326,6.48709480490617,52.3012712800725,2.268,0.813
3327,6.48710701556205,52.3012753990028,2.015,0.722
3328,6.48711922621792,52.3012795179332,2.186,0.784
3329,6.4871314368738,52.3012836368635,2.441,0.875
3330,6.48714357329743,52.3012879842418,2.346,0.841
3331,6.48715536627228,52.3012933885755,2.161,0.775
3332,6.48716715924713,52.3012987929092,2.326,0.834
3333,6.48717895222198,52.3013041972429,2.453,0.879
3334,6.4871907812979,52.3013094904764,2.422,0.868
3335,6.48720264753054,52.301314669361,2.45,0.878
3336,6.48721451376319,52.3013198482456,2.63,0.943
3337,6.48722637999584,52.3013250271302,2.515,0.902
3338,6.48723824622848,52.3013302060148,2.497,0.895
3339,6.48725014906984,52.301335272237,2.438,0.874
3340,6.48726231571992,52.3013395265941,2.813,1.009
3341,6.48727448237,52.3013437809512,2.555,0.916
3342,6.48728664902009,52.3013480353083,2.427,0.87
3343,6.48729881567017,52.3013522896654,2.525,0.905
3344,6.48731098232026,52.3013565440226,2.515,0.902
3345,6.48732314897034,52.3013607983797,2.576,0.924
3346,6.48733531562042,52.3013650527368,2.574,0.923
3347,6.48734743879809,52.3013694408792,2.407,0.863
3348,6.48735954056019,52.3013738949276,2.36,0.846
3349,6.4873716423223,52.3013783489759,2.346,0.841
3350,6.4873837440844,52.3013828030242,2.196,0.787
3351,6.48739589316315,52.3013871114567,2.218,0.795
3352,6.48740812002773,52.3013911805051,2.179,0.781
3353,6.48742034689231,52.3013952495536,1.844,0.661
3354,6.4874325737569,52.301399318602,1.923,0.689
3355,6.48744480062148,52.3014033876505,2.185,0.784
3356,6.48745702748606,52.3014074566989,2.005,0.719
3357,6.48746925435065,52.3014115257473,1.8,0.645
3358,6.48748148121523,52.3014155947958,1.803,0.647
3359,6.48749370807981,52.3014196638442,1.626,0.583
3360,6.4875059349444,52.3014237328927,1.949,0.699
3361,6.48751816180898,52.3014278019411,1.554,0.557
3362,6.48753038867356,52.3014318709896,1.751,0.628
3363,6.48754261553815,52.301435940038,1.579,0.566
3364,6.48755484240273,52.3014400090864,1.738,0.623
3365,6.48756706926731,52.3014440781349,1.921,0.689
3366,6.4875792961319,52.3014481471833,1.554,0.557
3367,6.48759152299648,52.3014522162318,1.597,0.573
3368,6.48760374986106,52.3014562852802,1.74,0.624
3369,6.48761597672565,52.3014603543286,1.656,0.594
3370,6.48762820359023,52.3014644233771,1.535,0.55
3371,6.48764043045481,52.3014684924255,1.644,0.589
3372,6.4876526573194,52.301472561474,1.71,0.613
3373,6.48766488418398,52.3014766305224,1.589,0.57
3374,6.48767711104856,52.3014806995709,1.62,0.581
3375,6.48768933791315,52.3014847686193,1.45,0.52
3376,6.48770156477773,52.3014888376677,1.548,0.555
3377,6.48771379164231,52.3014929067162,1.521,0.545
3378,6.4877260185069,52.3014969757646,1.639,0.588
3379,6.48773824537148,52.3015010448131,1.451,0.52
3380,6.48775047223606,52.3015051138615,1.476,0.529
3381,6.48776269910065,52.3015091829099,1.598,0.573
3382,6.48777492596523,52.3015132519584,1.609,0.577
3383,6.48778715282981,52.3015173210068,1.61,0.577
3384,6.4877993796944,52.3015213900553,1.394,0.5
3385,6.48781160655898,52.3015254591037,1.524,0.546
3386,6.48782383342356,52.3015295281521,1.463,0.525
3387,6.48783606028815,52.3015335972006,1.549,0.555
3388,6.48784828715273,52.301537666249,1.31,0.47
3389,6.48786051401731,52.3015417352975,1.517,0.544
3390,6.4878727408819,52.3015458043459,1.631,0.585
3391,6.48788496774648,52.3015498733944,1.681,0.603
3392,6.48789719461106,52.3015539424428,1.503,0.539
3393,6.48790942147565,52.3015580114912,1.632,0.585
3394,6.48792164834023,52.3015620805397,1.461,0.524
3395,6.48793387520481,52.3015661495881,1.513,0.542
3396,6.4879461020694,52.3015702186366,1.624,0.582
3397,6.48795832893398,52.301574287685,1.566,0.562
3398,6.48797055579856,52.3015783567334,1.61,0.577
3399,6.48798278266315,52.3015824257819,1.505,0.54
3400,6.48799500952773,52.3015864948303,1.516,0.543
3401,6.48800723639231,52.3015905638788,1.582,0.567
3402,6.48801990390179,52.3015932768531,1.528,0.548
3403,6.48803260890373,52.3015958744453,1.506,0.54
3404,6.48804468370414,52.3016004114676,1.547,0.555
3405,6.48805634131458,52.301606232382,1.461,0.524
3406,6.48806799892502,52.3016120532964,1.405,0.504
3407,6.4880798626028,52.3016172400435,1.48,0.531
3408,6.48809201330049,52.3016215434938,1.592,0.571
3409,6.48810416399818,52.301625846944,1.634,0.586
3410,6.48811631469587,52.3016301503942,1.58,0.566
3411,6.48812846539357,52.3016344538445,1.569,0.563
3412,6.48814061609126,52.3016387572947,1.811,0.649
3413,6.48815276678895,52.3016430607449,1.627,0.583
3414,6.48816491748664,52.3016473641952,1.595,0.572
3415,6.48817706818433,52.3016516676454,1.514,0.543
3416,6.48818921888202,52.3016559710956,1.621,0.581
3417,6.48820136957971,52.3016602745458,1.553,0.557
3418,6.4882135202774,52.3016645779961,1.621,0.581
3419,6.48822567097509,52.3016688814463,1.646,0.59
3420,6.48823782167278,52.3016731848965,1.637,0.587
3421,6.48824997237047,52.3016774883468,1.763,0.632
3422,6.48826212306816,52.301681791797,1.74,0.624
3423,6.48827427376585,52.3016860952472,1.609,0.577
3424,6.48828642446354,52.3016903986974,1.821,0.653
3425,6.48829857516123,52.3016947021477,1.523,0.546
3426,6.48831072585892,52.3016990055979,1.518,0.544
3427,6.48832287655661,52.3017033090481,1.554,0.557
3428,6.4883350272543,52.3017076124984,1.688,0.605
3429,6.48834717795199,52.3017119159486,1.437,0.515
3430,6.48835932864968,52.3017162193988,1.647,0.59
3431,6.48837147934737,52.3017205228491,1.745,0.626
3432,6.48838363004506,52.3017248262993,1.655,0.593
3433,6.48839578074275,52.3017291297495,1.548,0.555
3434,6.48840793144044,52.3017334331997,1.708,0.612
3435,6.48842008213814,52.30173773665,1.615,0.579
3436,6.4884322489274,52.3017419905788,1.706,0.612
3437,6.48844441784058,52.3017462379713,1.6,0.574
3438,6.48845658675376,52.3017504853637,1.427,0.512
3439,6.48846875566694,52.3017547327562,1.524,0.546
3440,6.48848092458012,52.3017589801487,1.675,0.601
3441,6.4884930934933,52.3017632275412,1.516,0.544
3442,6.48850526240648,52.3017674749337,1.536,0.551
3443,6.48851743131966,52.3017717223262,1.649,0.591
3444,6.48852960023284,52.3017759697187,1.811,0.649
3445,6.48854176914602,52.3017802171112,1.662,0.596
3446,6.4885539380592,52.3017844645037,1.589,0.57
3447,6.48856610697238,52.3017887118962,1.532,0.549
3448,6.48857827588556,52.3017929592887,1.671,0.599
3449,6.48859044479874,52.3017972066812,1.691,0.606
3450,6.48860261371192,52.3018014540737,1.543,0.553
3451,6.4886147826251,52.3018057014662,1.519,0.545
3452,6.48862695153828,52.3018099488587,1.705,0.611
3453,6.48863912045146,52.3018141962512,1.568,0.562
3454,6.48865124246563,52.3018185879743,1.806,0.648
3455,6.48866333037513,52.3018230846537,1.567,0.562
3456,6.48867541828463,52.301827581333,1.639,0.588
3457,6.48868750619414,52.3018320780124,1.518,0.544
3458,6.48869959410364,52.3018365746918,1.615,0.579
3459,6.48871168201314,52.3018410713711,1.79,0.642
3460,6.48872376992264,52.3018455680505,1.549,0.556
3461,6.48873585783215,52.3018500647299,1.595,0.572
3462,6.48874794574165,52.3018545614093,1.695,0.608
3463,6.48876003365115,52.3018590580886,1.645,0.59
3464,6.48877212156065,52.301863554768,1.777,0.637
3465,6.48878420947015,52.3018680514474,1.658,0.595
3466,6.48879629737966,52.3018725481268,1.506,0.54
3467,6.48880838528916,52.3018770448061,1.619,0.58
3468,6.48882047319866,52.3018815414855,1.562,0.56
3469,6.48883276089542,52.3018854233244,1.691,0.606
3470,6.48884526136521,52.3018886503594,1.596,0.572
3471,6.488857761835,52.3018918773943,1.683,0.603
3472,6.48887026230479,52.3018951044293,1.745,0.626
3473,6.48888276277458,52.3018983314643,1.626,0.583
3474,6.48889526324438,52.3019015584992,1.76,0.631
3475,6.48890776371417,52.3019047855342,1.716,0.615
3476,6.48892026418396,52.3019080125692,1.687,0.605
3477,6.48893258657602,52.3019117876341,1.745,0.626
3478,6.48894439215865,52.3019171531676,1.789,0.642
3479,6.48895623183805,52.3019224137692,1.783,0.639
3480,6.488968318867,52.3019269131585,1.684,0.604
3481,6.48898040589594,52.3019314125478,1.676,0.601
3482,6.48899249292489,52.301935911937,1.783,0.639
3483,6.48900457995383,52.3019404113263,1.67,0.599
3484,6.48901666698278,52.3019449107156,1.79,0.642
3485,6.48902875401172,52.3019494101048,1.645,0.59
3486,6.48904084104066,52.3019539094941,1.708,0.612
3487,6.48905292806961,52.3019584088834,1.738,0.623
3488,6.48906501509855,52.3019629082726,1.696,0.608
3489,6.4890771021275,52.3019674076619,1.715,0.615
3490,6.48908918915644,52.3019719070512,1.602,0.574
3491,6.48910127618539,52.3019764064404,1.699,0.609
3492,6.48911336321433,52.3019809058297,1.835,0.658
3493,6.48912545024328,52.301985405219,1.7,0.61
3494,6.48913753727222,52.3019899046082,1.727,0.619
3495,6.48914962430117,52.3019944039975,1.628,0.584
3496,6.48916171133011,52.3019989033868,1.933,0.693
3497,6.48917379835906,52.302003402776,1.608,0.577
3498,6.489185885388,52.3020079021653,1.718,0.616
3499,6.48919797241695,52.3020124015546,1.745,0.626
3500,6.48921005944589,52.3020169009438,1.597,0.573
3501,6.48922214647484,52.3020214003331,1.711,0.613
3502,6.48923423350378,52.3020258997224,1.686,0.605
3503,6.48924632053272,52.3020303991117,1.812,0.65
3504,6.48925840756167,52.3020348985009,1.722,0.617
3505,6.48927049459061,52.3020393978902,1.685,0.604
3506,6.48928258161956,52.3020438972795,1.751,0.628
3507,6.4892946686485,52.3020483966687,1.791,0.642
3508,6.48930675567745,52.302052896058,1.909,0.684
3509,6.48931884270639,52.3020573954473,1.659,0.595
3510,6.48933092973534,52.3020618948365,1.764,0.632
3511,6.48934364457663,52.3020644621483,1.889,0.677
3512,6.48935613415507,52.3020677227012,1.749,0.627
3513,6.48936856251095,52.302071171665,1.689,0.606
3514,6.48938099086684,52.3020746206288,1.852,0.664
3515,6.48939341922272,52.3020780695926,1.896,0.68
3516,6.48940557554377,52.302082355737,1.802,0.646
3517,6.48941767431933,52.3020868189764,1.892,0.678
3518,6.48942977309489,52.3020912822157,1.784,0.64
3519,6.48944187187045,52.3020957454551,1.825,0.654
3520,6.48945397064601,52.3021002086944,1.795,0.644
3521,6.48946606942157,52.3021046719337,1.762,0.632
3522,6.48947816819714,52.3021091351731,1.591,0.57
3523,6.4894902669727,52.3021135984124,1.903,0.682
3524,6.48950236574826,52.3021180616517,1.813,0.65
3525,6.48951446452382,52.3021225248911,1.77,0.635
3526,6.48952674093784,52.3021264414523,1.698,0.609
3527,6.48953911318272,52.3021300630964,1.775,0.637
3528,6.4895514854276,52.3021336847405,1.681,0.603
3529,6.48956385767248,52.3021373063845,1.833,0.657
3530,6.48957622991736,52.3021409280286,2.085,0.747
3531,6.48958860216224,52.3021445496726,1.59,0.57
3532,6.48960097102609,52.3021481817217,1.97,0.707
3533,6.48961357314096,52.3021510959464,1.696,0.608
3534,6.48962543358222,52.3021562926538,1.874,0.672
3535,6.48963723277324,52.3021616778574,1.677,0.601
3536,6.48964903196427,52.302167063061,1.723,0.618
3537,6.48966083115529,52.3021724482646,1.789,0.642
3538,6.48967286225001,52.3021771197901,1.772,0.635
3539,6.48968519339725,52.3021808679111,1.921,0.689
3540,6.4896975245445,52.3021846160322,1.877,0.673
3541,6.48970985569175,52.3021883641532,1.926,0.691
3542,6.489722186839,52.3021921122742,1.885,0.676
3543,6.48973451798625,52.3021958603953,2.161,0.775
3544,6.4897468491335,52.3021996085163,1.952,0.7
3545,6.48975918028075,52.3022033566373,2.071,0.742
3546,6.489771511428,52.3022071047584,1.904,0.683
3547,6.48978384257525,52.3022108528794,2.012,0.721
3548,6.4897961737225,52.3022146010004,1.803,0.647
3549,6.48980853339951,52.3022182613218,1.893,0.679
3550,6.4898208046204,52.3022221938648,2.024,0.726
3551,6.48983255414822,52.3022277319057,1.757,0.63
3552,6.48984430367604,52.3022332699466,1.793,0.643
3553,6.48985605320386,52.3022388079875,2.009,0.72
3554,6.48986810644584,52.3022434113553,1.765,0.633
3555,6.48988031399268,52.3022475398536,2.243,0.804
3556,6.48989252153952,52.302251668352,1.903,0.682
3557,6.48990466933607,52.3022559807304,1.945,0.698
3558,6.48991665664292,52.302260787012,1.919,0.688
3559,6.48992864394978,52.3022655932936,2.083,0.747
3560,6.48994063125663,52.3022703995752,1.914,0.686
3561,6.48995261856349,52.3022752058568,1.79,0.642
3562,6.48996460587034,52.3022800121384,1.86,0.667
3563,6.4899765931772,52.3022848184201,2.028,0.727
3564,6.48998858048405,52.3022896247017,2.031,0.728
3565,6.49000056779091,52.3022944309833,2.094,0.751
3566,6.49001255509776,52.3022992372649,1.98,0.71
3567,6.49002461900555,52.302303807809,2.075,0.744
3568,6.49003675617379,52.3023081528957,1.974,0.708
3569,6.49004889334204,52.3023124979825,2.214,0.794
3570,6.49006103051028,52.3023168430693,2.021,0.725
3571,6.49007316767853,52.3023211881561,1.897,0.68
3572,6.49008530484677,52.3023255332429,2.015,0.722
3573,6.49009744201501,52.3023298783296,2.113,0.758
3574,6.49010957918326,52.3023342234164,2.068,0.741
3575,6.49012186726104,52.3023381040827,2.247,0.806
3576,6.49013417809218,52.3023419147261,2.324,0.833
3577,6.49014648892332,52.3023457253695,2.064,0.74
3578,6.49015879975445,52.3023495360128,2.093,0.751
3579,6.49017111058559,52.3023533466562,2.18,0.782
3580,6.49018345383993,52.302357057518,2.167,0.777
3581,6.49019603497915,52.3023600362947,2.229,0.799
3582,6.49020861611838,52.3023630150714,2.001,0.718
3583,6.49022119725761,52.3023659938481,1.978,0.709
3584,6.49023350262146,52.302369821317,2.016,0.723
3585,6.49024487201267,52.3023765292192,1.92,0.688
3586,6.49025624140388,52.3023832371214,2.249,0.806
3587,6.49027026896472,52.3023817645702,2.11,0.757
3588,6.49028223594207,52.3023866334154,2.118,0.759
3589,6.49029420291942,52.3023915022605,2.3,0.825
3590,6.49030616989678,52.3023963711057,2.047,0.734
3591,6.49031813687413,52.3024012399509,2.202,0.79
3592,6.49033010385148,52.302406108796,1.988,0.713
3593,6.49034207082884,52.3024109776412,1.911,0.685
3594,6.49035403780619,52.3024158464864,2.046,0.734
3595,6.49036600478354,52.3024207153315,1.977,0.709
3596,6.4903779717609,52.3024255841767,2.113,0.758
3597,6.49038993873825,52.3024304530219,2.057,0.738
3598,6.49040203611967,52.3024349205516,2.05,0.735
3599,6.49041428919069,52.3024389089504,2.218,0.795
3600,6.49042654226171,52.3024428973492,1.907,0.684
3601,6.49043879533272,52.3024468857479,2.284,0.819
3602,6.49045104840374,52.3024508741467,2.239,0.803
3603,6.49046330147476,52.3024548625455,2.078,0.745
3604,6.49047555454577,52.3024588509443,2.464,0.884
3605,6.49048780761679,52.302462839343,2.38,0.853
3606,6.49050006068781,52.3024668277418,2.282,0.818
3607,6.49051231375882,52.3024708161406,2.189,0.785
3608,6.49052456682984,52.3024748045393,2.521,0.904
3609,6.49053676968022,52.3024789474909,2.07,0.742
3610,6.4905489529327,52.3024831507546,2.238,0.803
3611,6.49056113618518,52.3024873540182,2.165,0.776
3612,6.49057331943767,52.3024915572818,2.277,0.816
3613,6.49058550269015,52.3024957605455,2.324,0.833
3614,6.49059768594264,52.3024999638091,2.444,0.876
3615,6.49060988606341,52.302504115161,2.189,0.785
3616,6.49062237511936,52.3025073773217,2.335,0.837
3617,6.49063486417532,52.3025106394825,2.359,0.846
3618,6.49064735323128,52.3025139016433,2.414,0.866
3619,6.49065966457778,52.3025177107007,2.243,0.804
3620,6.49067184112883,52.3025219345878,2.058,0.738
3621,6.4906840267246,52.30252613064,2.493,0.894
3622,6.49069668880241,52.3025288603302,2.597,0.931
3623,6.4907093508802,52.3025315900204,2.335,0.837
3624,6.49072132969774,52.3025364224277,2.145,0.769
3625,6.49073314464474,52.3025417591426,2.218,0.795
3626,6.49074495959174,52.3025470958575,2.28,0.817
3627,6.49075677453873,52.3025524325725,2.135,0.766
3628,6.49076858948573,52.3025577692874,2.653,0.951
3629,6.49078046538924,52.3025629184102,2.355,0.845
3630,6.49079269904978,52.3025669665442,2.617,0.938
3631,6.49080493271032,52.3025710146783,2.448,0.878
3632,6.49081716637086,52.3025750628123,2.211,0.793
3633,6.4908294000314,52.3025791109464,2.592,0.929
3634,6.49084163369194,52.3025831590804,2.638,0.946
3635,6.49085386735247,52.3025872072145,2.298,0.824
3636,6.49086610101301,52.3025912553485,2.571,0.922
3637,6.49087833467355,52.3025953034826,2.333,0.836
3638,6.49089056833409,52.3025993516166,2.544,0.912
3639,6.49090280199463,52.3026033997507,2.67,0.957
3640,6.49091503565516,52.3026074478847,2.406,0.863
3641,6.49092738582086,52.302611137477,2.169,0.778
3642,6.49093979146632,52.3026146563315,2.607,0.935
3643,6.49095219711177,52.3026181751861,2.684,0.962
3644,6.49096460275723,52.3026216940407,2.726,0.977
3645,6.49097700840269,52.3026252128953,2.31,0.828
3646,6.49098941404815,52.3026287317499,2.673,0.958
3647,6.49100166987122,52.3026327116793,2.511,0.9
3648,6.49101385071838,52.3026369223452,2.572,0.922
3649,6.49102603156555,52.3026411330112,2.831,1.015
3650,6.49103819525437,52.3026453964815,2.455,0.88
3651,6.49105028762395,52.3026498794351,2.519,0.903
3652,6.49106237999353,52.3026543623887,2.604,0.934
3653,6.49107447236311,52.3026588453423,2.615,0.938
3654,6.49108656473268,52.3026633282959,2.5,0.897
3655,6.49109865710226,52.3026678112495,2.835,1.016
3656,6.49111074947184,52.3026722942031,2.692,0.965
3657,6.49112285849886,52.3026767258938,2.362,0.847
3658,6.49113502319384,52.3026809862677,2.679,0.961
3659,6.49114718788882,52.3026852466416,2.252,0.808
3660,6.4911593525838,52.3026895070155,2.92,1.047
3661,6.49117151727878,52.3026937673894,2.941,1.055
3662,6.49118368197376,52.3026980277633,2.881,1.033
3663,6.49119584666874,52.3027022881372,2.754,0.987
3664,6.49120801136372,52.3027065485111,3.036,1.089
3665,6.4912201760587,52.3027108088851,2.688,0.964
3666,6.49123234075368,52.302715069259,2.598,0.932
3667,6.49124450544866,52.3027193296329,2.725,0.977
3668,6.49125667014364,52.3027235900068,2.867,1.028
3669,6.49126883483862,52.3027278503807,3.162,1.134
3670,6.4912809995336,52.3027321107546,2.615,0.938
3671,6.49129316422858,52.3027363711285,2.923,1.048
3672,6.49130532892356,52.3027406315024,2.854,1.023
3673,6.49131749361853,52.3027448918763,2.833,1.016
3674,6.49132965831352,52.3027491522502,2.992,1.073
3675,6.4913418230085,52.3027534126241,3.042,1.091
3676,6.49135398770347,52.302757672998,2.903,1.041
3677,6.49136615239845,52.3027619333719,2.737,0.982
3678,6.49137831709343,52.3027661937458,2.911,1.044
3679,6.49139048178841,52.3027704541197,2.944,1.055
3680,6.49140264864057,52.302774707855,3.016,1.081
3681,6.49141481782581,52.3027789544102,2.845,1.02
3682,6.49142698701104,52.3027832009655,2.903,1.041
3683,6.49143915619628,52.3027874475207,2.777,0.996
3684,6.49145132538151,52.302791694076,3.085,1.106
3685,6.49146349456674,52.3027959406313,2.87,1.029
3686,6.49147566375198,52.3028001871865,2.893,1.037
3687,6.49148783293721,52.3028044337418,2.767,0.992
3688,6.49150000212244,52.302808680297,2.887,1.035
3689,6.49151217130768,52.3028129268523,2.969,1.065
3690,6.49152434049291,52.3028171734075,2.957,1.06
3691,6.49153650967815,52.3028214199628,2.961,1.062
3692,6.49154867886338,52.3028256665181,2.856,1.024
3693,6.49156084804862,52.3028299130733,3.017,1.082
3694,6.49157301723385,52.3028341596286,3.029,1.086
3695,6.49158518641908,52.3028384061838,2.891,1.037
3696,6.49159735560432,52.3028426527391,2.956,1.06
3697,6.49160952478955,52.3028468992943,2.916,1.045
3698,6.49162169397478,52.3028511458496,3.186,1.142
3699,6.49163386316002,52.3028553924049,2.996,1.074
3700,6.49164603234525,52.3028596389601,3.028,1.086
3701,6.49165820153049,52.3028638855154,3.381,1.212
3702,6.49167037071572,52.3028681320706,2.999,1.075
3703,6.49168253834202,52.3028723834235,2.991,1.072
3704,6.49169470167735,52.3028766479817,2.975,1.067
3705,6.49170686501267,52.3028809125399,3.263,1.17
3706,6.491719028348,52.3028851770981,2.817,1.01
3707,6.49173119168333,52.3028894416563,2.893,1.037
3708,6.49174335501865,52.3028937062145,3.237,1.161
3709,6.49175551835398,52.3028979707727,2.846,1.02
3710,6.49176768168931,52.3029022353309,3.581,1.284
3711,6.49177984502464,52.3029064998891,2.807,1.007
3712,6.49179200835996,52.3029107644473,3.34,1.198
3713,6.49180417169529,52.3029150290055,2.897,1.039
3714,6.49181633503062,52.3029192935637,3.13,1.122
3715,6.49182849836594,52.3029235581219,2.929,1.05
3716,6.49184066170127,52.3029278226801,3.206,1.149
3717,6.4918528250366,52.3029320872383,3.433,1.231
3718,6.49186498837193,52.3029363517965,3.21,1.151
3719,6.49187715170725,52.3029406163548,3.11,1.115
3720,6.49188931504258,52.302944880913,3.149,1.129
3721,6.49190147837791,52.3029491454712,3.09,1.108
3722,6.49191364171323,52.3029534100294,3.501,1.255
3723,6.49192580504856,52.3029576745876,2.911,1.044
3724,6.49193796838389,52.3029619391458,3.01,1.079
3725,6.49195013171922,52.302966203704,3.006,1.078
3726,6.49196229505454,52.3029704682622,3.099,1.111
3727,6.49197445838987,52.3029747328204,3.106,1.114
3728,6.4919866217252,52.3029789973786,3.116,1.117
3729,6.49199878506052,52.3029832619368,3.454,1.239
3730,6.49201094839585,52.302987526495,3.013,1.08
3731,6.49202311173118,52.3029917910532,3.018,1.082
3732,6.49203527506651,52.3029960556114,2.734,0.98
3733,6.49204743840183,52.3030003201696,3.156,1.132
3734,6.49205960173716,52.3030045847278,2.585,0.927
3735,6.49207176507249,52.303008849286,2.964,1.063
3736,6.49208392840781,52.3030131138442,3.149,1.129
3737,6.49209609174314,52.3030173784024,3.09,1.108
3738,6.49210825507847,52.3030216429607,3.311,1.187
3739,6.49212041841379,52.3030259075189,3.158,1.132
3740,6.49213258174912,52.3030301720771,3.209,1.15
3741,6.49214474508445,52.3030344366353,2.852,1.023
3742,6.49215690841978,52.3030387011935,2.935,1.052
3743,6.4921690717551,52.3030429657517,2.928,1.05
3744,6.49218123509043,52.3030472303099,3.446,1.235
3745,6.49219339842576,52.3030514948681,3.2,1.147
3746,6.49220556176108,52.3030557594263,3.292,1.181
3747,6.49221772509641,52.3030600239845,3.024,1.084
3748,6.49222988843174,52.3030642885427,3.108,1.115
3749,6.49224205176707,52.3030685531009,3.131,1.123
3750,6.49225421510239,52.3030728176591,3.003,1.077
3751,6.49226637843772,52.3030770822173,3.211,1.151
3752,6.49227854177305,52.3030813467755,3.105,1.113
3753,6.49229070510837,52.3030856113337,3.122,1.119
3754,6.4923028684437,52.3030898758919,2.975,1.067
3755,6.49231503177903,52.3030941404501,2.91,1.043
3756,6.49232719511436,52.3030984050083,3.22,1.155
3757,6.49233935844968,52.3031026695665,2.884,1.034
3758,6.49235152178501,52.3031069341247,3.101,1.112
3759,6.49236368512034,52.303111198683,3.207,1.15
3760,6.49237584845566,52.3031154632412,3.163,1.134
3761,6.49238801179099,52.3031197277994,3.046,1.092
3762,6.49240017512632,52.3031239923576,2.889,1.036
3763,6.49241233846164,52.3031282569158,3.113,1.116
3764,6.49242450367584,52.3031325156918,3.283,1.177
3765,6.4924366723251,52.3031367638965,3.401,1.22
3766,6.49244884097435,52.3031410121012,3.212,1.152
3767,6.4924610096236,52.303145260306,2.982,1.069
3768,6.49247317827286,52.3031495085107,2.866,1.028
3769,6.49248534335105,52.3031537677053,3.164,1.135
3770,6.49249750794611,52.3031580283867,2.842,1.019
3771,6.49250967254116,52.3031622890681,3.073,1.102
3772,6.49252183713621,52.3031665497495,2.984,1.07
3773,6.49253400173127,52.303170810431,2.934,1.052
3774,6.49254616632632,52.3031750711124,3.016,1.082
3775,6.49255833092138,52.3031793317938,2.557,0.917
3776,6.49257049551643,52.3031835924752,2.553,0.915
3777,6.49258266011149,52.3031878531567,2.991,1.072
3778,6.49259482470654,52.3031921138381,2.616,0.938
3779,6.4926069893016,52.3031963745195,2.844,1.02
3780,6.49261915389665,52.3032006352009,2.936,1.053
3781,6.49263131849171,52.3032048958824,3.051,1.094
3782,6.49264348241619,52.3032091586274,3.039,1.09
3783,6.49265564514496,52.3032134250523,2.7,0.968
3784,6.49266780787374,52.3032176914772,2.825,1.013
3785,6.49267997060251,52.303221957902,2.618,0.939
3786,6.49269213333129,52.3032262243269,3.063,1.098
3787,6.49270429606006,52.3032304907517,3.196,1.146
3788,6.49271645878883,52.3032347571766,3.015,1.081
3789,6.49272862094732,52.3032390253565,2.837,1.017
3790,6.49274078076333,52.3032433007453,2.865,1.027
3791,6.49275294057933,52.3032475761342,2.596,0.931
3792,6.49276510039533,52.303251851523,2.999,1.075
3793,6.49277726021134,52.3032561269118,3.061,1.098
3794,6.49278942002734,52.3032604023007,3.373,1.209
3795,6.49280157984335,52.3032646776895,3.098,1.111
3796,6.49281373965935,52.3032689530784,2.74,0.982
3797,6.49282589947535,52.3032732284672,2.995,1.074
3798,6.49283805947306,52.3032775032968,2.666,0.956
3799,6.49285022227638,52.3032817694923,2.832,1.016
3800,6.49286238507969,52.3032860356878,2.664,0.955
3801,6.492874547883,52.3032903018832,2.78,0.997
3802,6.49288671068631,52.3032945680787,2.831,1.015
3803,6.49289887348962,52.3032988342742,2.682,0.962
3804,6.49291103629293,52.3033031004697,2.949,1.057
3805,6.49292319909624,52.3033073666651,2.888,1.035
3806,6.49293536189955,52.3033116328606,2.732,0.979
3807,6.49294752470286,52.3033158990561,2.891,1.037
3808,6.49295968750617,52.3033201652515,2.466,0.884
3809,6.49297185030949,52.303324431447,2.517,0.902
3810,6.4929840131128,52.3033286976425,2.836,1.017
3811,6.49299617591611,52.303332963838,3.087,1.107
3812,6.49300833871942,52.3033372300334,2.665,0.955
3813,6.49302050152273,52.3033414962289,2.889,1.036
3814,6.49303266432604,52.3033457624244,2.536,0.909
3815,6.49304483021914,52.3033500191111,2.673,0.959
3816,6.49305700285696,52.3033542550411,2.44,0.875
3817,6.49306917549478,52.3033584909711,2.37,0.85
3818,6.4930813481326,52.3033627269011,2.597,0.931
3819,6.49309352077042,52.3033669628311,2.544,0.912
3820,6.49310569340824,52.3033711987611,2.322,0.833
3821,6.49311786604606,52.3033754346911,2.652,0.951
3822,6.49313003868388,52.3033796706211,2.586,0.927
3823,6.4931422113217,52.3033839065512,2.652,0.951
3824,6.49315438395952,52.3033881424812,2.627,0.942
3825,6.49316655659734,52.3033923784112,2.427,0.87
3826,6.49317872923516,52.3033966143412,2.472,0.886
3827,6.49319090187298,52.3034008502712,2.458,0.881
3828,6.4932030745108,52.3034050862012,2.595,0.931
3829,6.49321524714862,52.3034093221312,2.854,1.023
3830,6.49322741978644,52.3034135580612,2.581,0.925
3831,6.49323959242426,52.3034177939912,2.449,0.878
3832,6.49325176506208,52.3034220299212,2.677,0.96
3833,6.4932639376999,52.3034262658512,2.788,1.0
3834,6.49327611033772,52.3034305017812,2.477,0.888
3835,6.49328828297554,52.3034347377112,2.355,0.844
3836,6.49330045561337,52.3034389736412,2.641,0.947
3837,6.49331262825119,52.3034432095712,2.594,0.93
3838,6.49332480088901,52.3034474455012,2.362,0.847
3839,6.49333697352683,52.3034516814312,2.43,0.871
3840,6.49334914616465,52.3034559173612,2.33,0.836
3841,6.49336131880247,52.3034601532912,2.215,0.794
3842,6.49337349144029,52.3034643892212,2.356,0.845
3843,6.49338566407811,52.3034686251512,2.234,0.801
3844,6.49339783671593,52.3034728610813,2.451,0.879
3845,6.49341000935375,52.3034770970113,2.357,0.845
3846,6.49342218199157,52.3034813329413,1.993,0.715
3847,6.49343435462939,52.3034855688713,2.576,0.924
3848,6.49344652726721,52.3034898048013,2.161,0.775
3849,6.49345869990503,52.3034940407313,2.387,0.856
3850,6.49347087254285,52.3034982766613,2.167,0.777
3851,6.49348304518067,52.3035025125913,2.157,0.773
3852,6.49349521781849,52.3035067485213,2.614,0.937
3853,6.49350739045631,52.3035109844513,2.294,0.822
3854,6.49351956860683,52.3035152034161,2.198,0.788
3855,6.49353175365847,52.3035194011429,2.337,0.838
3856,6.49354393871011,52.3035235988697,2.341,0.839
3857,6.49355612376175,52.3035277965964,2.471,0.886
3858,6.49356830881339,52.3035319943232,2.153,0.772
3859,6.49358049386502,52.30353619205,2.344,0.841
3860,6.49359267891666,52.3035403897768,2.091,0.75
3861,6.4936048639683,52.3035445875035,2.171,0.778
3862,6.49361704901994,52.3035487852303,2.242,0.804
3863,6.49362923407158,52.3035529829571,2.263,0.811
3864,6.49364141912321,52.3035571806839,2.259,0.81
3865,6.49365357900211,52.3035614558792,2.367,0.849
3866,6.49366573774469,52.3035657345714,2.314,0.83
3867,6.49367789648728,52.3035700132637,2.12,0.76
3868,6.49369005522987,52.3035742919559,2.163,0.776
3869,6.49370221397246,52.3035785706482,2.096,0.751
3870,6.49371437271505,52.3035828493404,2.245,0.805
3871,6.49372653145763,52.3035871280327,2.283,0.819
3872,6.49373869020022,52.3035914067249,2.149,0.771
3873,6.49375084894281,52.3035956854172,2.217,0.795
3874,6.4937630076854,52.3035999641094,2.286,0.82
3875,6.49377516642799,52.3036042428017,1.956,0.701
3876,6.49378732517058,52.3036085214939,2.264,0.812
3877,6.49379948391316,52.3036128001862,2.245,0.805
3878,6.49381164265575,52.3036170788784,2.299,0.824
3879,6.49382380139834,52.3036213575707,2.056,0.737
3880,6.49383596014093,52.3036256362629,2.204,0.79
3881,6.49384811888352,52.3036299149552,2.089,0.749
3882,6.49386027762611,52.3036341936474,2.298,0.824
3883,6.49387243636869,52.3036384723397,2.18,0.782
3884,6.49388459511128,52.3036427510319,2.13,0.764
3885,6.49389675385387,52.3036470297242,2.029,0.727
3886,6.49390891259646,52.3036513084164,2.19,0.785
3887,6.49392107133905,52.3036555871087,1.986,0.712
3888,6.49393323008164,52.3036598658009,2.182,0.782
3889,6.49394538882422,52.3036641444932,2.139,0.767
3890,6.49395754756681,52.3036684231854,2.006,0.719
3891,6.4939697063094,52.3036727018777,1.928,0.691
3892,6.49398186505199,52.3036769805699,1.898,0.681
3893,6.49399402379458,52.3036812592621,1.998,0.716
3894,6.49400618253717,52.3036855379544,2.185,0.783
3895,6.49401834127975,52.3036898166466,2.041,0.732
3896,6.49403050002234,52.3036940953389,2.13,0.764
3897,6.49404265876493,52.3036983740311,1.986,0.712
3898,6.49405481750752,52.3037026527234,1.982,0.711
3899,6.49406697625011,52.3037069314156,2.003,0.718
3900,6.4940791349927,52.3037112101079,2.201,0.789
3901,6.49409129373528,52.3037154888001,2.309,0.828
3902,6.49410345247787,52.3037197674924,2.119,0.76
3903,6.49411561122046,52.3037240461846,1.985,0.712
3904,6.49412776996305,52.3037283248769,1.988,0.713
3905,6.49413992870564,52.3037326035691,1.957,0.702
3906,6.49415208744823,52.3037368822614,1.983,0.711
3907,6.49416424619081,52.3037411609536,1.996,0.716
3908,6.4941764049334,52.3037454396459,2.141,0.768
3909,6.49418856367599,52.3037497183381,1.963,0.704
3910,6.49420072241858,52.3037539970304,1.996,0.716
3911,6.49421288116117,52.3037582757226,2.039,0.731
3912,6.49422503990376,52.3037625544149,2.014,0.722
3913,6.49423719864634,52.3037668331071,2.173,0.779
3914,6.49424935738893,52.3037711117994,1.862,0.668
3915,6.49426151311126,52.3037753997864,1.884,0.675
3916,6.49427366787959,52.3037796907093,2.124,0.762
3917,6.49428582264791,52.3037839816323,1.906,0.683
3918,6.49429797741623,52.3037882725553,2.101,0.753
3919,6.49431013218455,52.3037925634782,1.798,0.645
3920,6.49432228695287,52.3037968544012,1.834,0.658
3921,6.49433444172119,52.3038011453242,1.98,0.71
3922,6.49434659648951,52.3038054362471,1.956,0.701
3923,6.49435875125783,52.3038097271701,1.981,0.71
3924,6.49437090602615,52.303814018093,2.035,0.73
3925,6.49438306079447,52.303818309016,1.821,0.653
3926,6.4943952155628,52.303822599939,1.889,0.677
3927,6.49440737033112,52.3038268908619,2.132,0.764
3928,6.49441952509944,52.3038311817849,2.004,0.719
3929,6.49443168102259,52.3038354691539,1.698,0.609
3930,6.49444383723342,52.3038397556375,1.738,0.623
3931,6.49445599344426,52.3038440421212,1.99,0.714
3932,6.49446814965509,52.3038483286049,1.746,0.626
3933,6.49448030586592,52.3038526150885,2.008,0.72
3934,6.49449246207675,52.3038569015722,2.043,0.732
3935,6.49450461828758,52.3038611880559,2.198,0.788
3936,6.49451677449842,52.3038654745395,1.78,0.638
3937,6.49452893070925,52.3038697610232,2.02,0.724
3938,6.49454108692008,52.3038740475069,1.74,0.624
3939,6.49455324313091,52.3038783339905,1.787,0.641
3940,6.49456539934174,52.3038826204742,1.813,0.65
3941,6.49457755555258,52.3038869069579,2.04,0.731
3942,6.49458971176341,52.3038911934416,1.762,0.632
3943,6.49460239834084,52.3038938477347,1.954,0.701
3944,6.49461681498522,52.3038911777883,1.693,0.607
3945,6.49463098327489,52.3038892721476,1.786,0.64
3946,6.49464310931982,52.3038936514661,1.846,0.662
3947,6.49465523536476,52.3038980307845,1.962,0.704
3948,6.4946673614097,52.303902410103,1.737,0.623
3949,6.49467948745463,52.3039067894215,1.933,0.693
3950,6.49469069895658,52.3039139832242,1.842,0.661
3951,6.4946989875918,52.3039301720791,1.932,0.693
3952,6.49471113705637,52.3039344793242,1.938,0.695
3953,6.49472328652094,52.3039387865693,1.714,0.615
3954,6.49473543598551,52.3039430938145,2.007,0.72
3955,6.49474758545008,52.3039474010596,1.823,0.654
3956,6.49475973491464,52.3039517083047,1.949,0.699
3957,6.49477188437921,52.3039560155499,1.954,0.701
3958,6.49478403384378,52.303960322795,1.733,0.621
3959,6.49479618330835,52.3039646300401,1.857,0.666
3960,6.49480833277292,52.3039689372853,1.855,0.665
3961,6.49482048223749,52.3039732445304,1.93,0.692
3962,6.49483263170206,52.3039775517755,1.651,0.592
3963,6.49484478116663,52.3039818590207,2.11,0.757
3964,6.49485693063119,52.3039861662658,1.712,0.614
3965,6.49486908009576,52.3039904735109,1.95,0.699
3966,6.49488122956033,52.3039947807561,2.093,0.75
3967,6.4948933790249,52.3039990880012,1.809,0.649
3968,6.49490552848947,52.3040033952463,2.054,0.736
3969,6.49491767795404,52.3040077024915,1.857,0.666
3970,6.49492982523074,52.3040120164697,1.985,0.712
3971,6.49494196692918,52.3040163476149,1.985,0.712
3972,6.49495410862763,52.3040206787601,1.785,0.64
3973,6.49496625032607,52.3040250099053,1.886,0.676
3974,6.49497839202452,52.3040293410505,1.682,0.603
3975,6.49499053372297,52.3040336721956,1.82,0.652
3976,6.49500267542141,52.3040380033408,1.819,0.652
3977,6.49501481711986,52.304042334486,1.694,0.608
3978,6.4950269588183,52.3040466656312,1.737,0.623
3979,6.49503910051675,52.3040509967764,1.705,0.611
3980,6.4950512422152,52.3040553279216,1.808,0.648
3981,6.49506338391364,52.3040596590668,1.913,0.686
3982,6.49507552561209,52.304063990212,1.92,0.688
3983,6.49508766731053,52.3040683213571,1.723,0.618
3984,6.49509980900898,52.3040726525023,1.684,0.604
3985,6.49511195070743,52.3040769836475,1.824,0.654
3986,6.49512409240587,52.3040813147927,1.959,0.702
3987,6.49513623410432,52.3040856459379,1.837,0.659
3988,6.49514837580276,52.3040899770831,2.013,0.722
3989,6.49516051750121,52.3040943082283,1.88,0.674
3990,6.49517265919966,52.3040986393735,1.938,0.695
3991,6.4951848008981,52.3041029705187,1.768,0.634
3992,6.49519694259655,52.3041073016638,1.618,0.58
3993,6.49520908429499,52.304111632809,1.971,0.707
3994,6.49522122599344,52.3041159639542,1.871,0.671
3995,6.49523336769189,52.3041202950994,1.904,0.683
3996,6.49524550939033,52.3041246262446,2.057,0.738
3997,6.49525765108878,52.3041289573898,1.889,0.677
3998,6.49526979278722,52.304133288535,1.975,0.708
3999,6.49528193448567,52.3041376196802,1.721,0.617
4000,6.49529407618412,52.3041419508253,1.552,0.557
4001,6.49530621788256,52.3041462819705,1.936,0.694
4002,6.49531835958101,52.3041506131157,1.745,0.626
4003,6.49533050127946,52.3041549442609,1.793,0.643
4004,6.4953426429779,52.3041592754061,1.793,0.643
4005,6.49535478467635,52.3041636065513,1.967,0.705
4006,6.49536692637479,52.3041679376965,1.686,0.605
4007,6.49537906807324,52.3041722688417,1.753,0.629
4008,6.49539120977169,52.3041765999868,1.872,0.671
4009,6.49540335147013,52.304180931132,1.794,0.643
4010,6.49541549316858,52.3041852622772,1.71,0.613
4011,6.49542763486702,52.3041895934224,1.782,0.639
4012,6.49543977656547,52.3041939245676,1.728,0.62
4013,6.49545191826392,52.3041982557128,1.68,0.602
4014,6.49546405996236,52.304202586858,1.743,0.625
4015,6.49547620166081,52.3042069180032,1.799,0.645
4016,6.49548834335925,52.3042112491484,1.9,0.681
4017,6.49550048056943,52.3042155941061,1.635,0.586
4018,6.49551261122892,52.3042199592234,1.82,0.653
4019,6.49552474188841,52.3042243243407,1.761,0.631
4020,6.49553687254789,52.304228689458,1.911,0.685
4021,6.49554900320738,52.3042330545754,1.774,0.636
4022,6.49556113386686,52.3042374196927,1.746,0.626
4023,6.49557326452635,52.30424178481,1.911,0.685
4024,6.49558539518583,52.3042461499273,1.845,0.662
4025,6.49559752584532,52.3042505150447,1.693,0.607
4026,6.49560965650481,52.304254880162,1.929,0.692
4027,6.49562178716429,52.3042592452793,1.876,0.673
4028,6.49563391782378,52.3042636103966,1.807,0.648
4029,6.49564604848326,52.304267975514,1.77,0.635
4030,6.49565817914275,52.3042723406313,1.885,0.676
4031,6.49567030980224,52.3042767057486,1.873,0.672
4032,6.49568244046172,52.3042810708659,1.727,0.619
4033,6.49569457112121,52.3042854359832,1.873,0.672
4034,6.49570670178069,52.3042898011006,1.802,0.646
4035,6.49571883244018,52.3042941662179,1.792,0.643
4036,6.49573096309967,52.3042985313352,1.803,0.646
4037,6.49574309375915,52.3043028964525,1.732,0.621
4038,6.49575522441864,52.3043072615699,1.735,0.622
4039,6.49576735507812,52.3043116266872,1.686,0.604
4040,6.49577948573761,52.3043159918045,1.691,0.606
4041,6.49579161639709,52.3043203569218,1.685,0.604
4042,6.49580374705658,52.3043247220392,1.78,0.638
4043,6.49581587771607,52.3043290871565,2.006,0.719
4044,6.49582800837555,52.3043334522738,1.797,0.644
4045,6.49584013903504,52.3043378173911,1.79,0.642
4046,6.49585226969452,52.3043421825085,1.653,0.593
4047,6.49586440035401,52.3043465476258,1.73,0.62
4048,6.4958765310135,52.3043509127431,1.721,0.617
4049,6.49588866167298,52.3043552778604,1.785,0.64
4050,6.49590079233247,52.3043596429777,1.771,0.635
4051,6.49591292299195,52.3043640080951,1.647,0.591
4052,6.49592505365144,52.3043683732124,1.775,0.637
4053,6.49593718431093,52.3043727383297,1.839,0.66
4054,6.49594931497041,52.304377103447,1.694,0.607
4055,6.4959614456299,52.3043814685644,1.882,0.675
4056,6.49597357628938,52.3043858336817,1.749,0.627
4057,6.49598570694887,52.304390198799,1.7,0.61
4058,6.49599783843445,52.304394561374,1.8,0.646
4059,6.49600997481386,52.3043989088885,1.996,0.716
4060,6.49602211119326,52.3044032564029,1.912,0.686
4061,6.49603424757267,52.3044076039173,1.683,0.603
4062,6.49604638395207,52.3044119514317,1.708,0.612
4063,6.49605852033148,52.3044162989461,1.74,0.624
4064,6.49607065671089,52.3044206464605,1.801,0.646
4065,6.49608279309029,52.3044249939749,2.082,0.747
4066,6.4960949294697,52.3044293414893,1.917,0.687
4067,6.4961070658491,52.3044336890037,1.773,0.636
4068,6.49611920222851,52.3044380365181,1.593,0.571
4069,6.49613133860791,52.3044423840325,1.699,0.609
4070,6.49614347498732,52.3044467315469,1.74,0.624
4071,6.49615561136673,52.3044510790613,1.777,0.637
4072,6.49616774774613,52.3044554265757,1.701,0.61
4073,6.49617988412554,52.3044597740902,1.601,0.574
4074,6.49619202050494,52.3044641216046,1.636,0.587
4075,6.49620415688435,52.304468469119,1.607,0.576
4076,6.49621629276969,52.3044728181538,1.706,0.612
4077,6.49622842733567,52.304477171249,1.856,0.665
4078,6.49624056190164,52.3044815243442,1.811,0.649
4079,6.49625269646762,52.3044858774394,1.811,0.649
4080,6.4962648310336,52.3044902305346,1.624,0.582
4081,6.49627696559957,52.3044945836298,1.808,0.648
4082,6.49628910016555,52.304498936725,1.749,0.627
4083,6.49630123473152,52.3045032898202,1.658,0.594
4084,6.4963133692975,52.3045076429154,1.806,0.648
4085,6.49632550386347,52.3045119960106,1.628,0.584
4086,6.49633763842945,52.3045163491058,1.874,0.672
4087,6.49634977299542,52.304520702201,1.647,0.591
4088,6.4963619075614,52.3045250552962,1.709,0.613
4089,6.49637404212737,52.3045294083914,1.885,0.676
4090,6.49638617669335,52.3045337614866,1.579,0.566
4091,6.49639831125933,52.3045381145818,1.737,0.623
4092,6.4964104458253,52.304542467677,1.727,0.619
4093,6.49642258039128,52.3045468207722,1.676,0.601
4094,6.49643471495725,52.3045511738673,1.567,0.562
4095,6.49644684952323,52.3045555269625,1.805,0.647
4096,6.4964589840892,52.3045598800577,1.747,0.627
4097,6.49647111865518,52.3045642331529,1.868,0.67
4098,6.49648325322115,52.3045685862481,1.803,0.646
4099,6.49649538778713,52.3045729393433,1.694,0.607
4100,6.49650752235311,52.3045772924385,1.88,0.674
4101,6.49651965691908,52.3045816455337,1.637,0.587
4102,6.49653179148506,52.3045859986289,1.611,0.578
4103,6.49654392605103,52.3045903517241,1.894,0.679
4104,6.49655606061701,52.3045947048193,1.73,0.62
4105,6.49656819518298,52.3045990579145,1.889,0.677
4106,6.49658032974896,52.3046034110097,1.837,0.659
4107,6.49659246431493,52.3046077641049,1.61,0.577
4108,6.49660459888091,52.3046121172001,1.897,0.68
4109,6.49661673344689,52.3046164702953,1.749,0.627
4110,6.49662886801286,52.3046208233905,1.712,0.614
4111,6.49664100257884,52.3046251764857,1.707,0.612
4112,6.49665313714481,52.3046295295809,1.897,0.68
4113,6.49666527171079,52.3046338826761,1.597,0.573
4114,6.49667740627676,52.3046382357713,1.618,0.58
4115,6.49668954084274,52.3046425888664,1.722,0.617
4116,6.49670167540871,52.3046469419616,1.728,0.62
4117,6.49671380997469,52.3046512950568,1.91,0.685
4118,6.49672594454066,52.304655648152,1.832,0.657
4119,6.49673807910664,52.3046600012472,1.78,0.638
4120,6.49675021367262,52.3046643543424,1.661,0.595
4121,6.49676234823859,52.3046687074376,1.712,0.614
4122,6.49677448280457,52.3046730605328,1.624,0.582
4123,6.49678661737054,52.304677413628,1.785,0.64
4124,6.49679875193652,52.3046817667232,1.929,0.692
4125,6.49681088650249,52.3046861198184,1.917,0.687
4126,6.49682302106847,52.3046904729136,1.715,0.615
4127,6.49683515563444,52.3046948260088,1.631,0.585
4128,6.49684729002217,52.3046991796525,1.731,0.621
4129,6.49685941214118,52.304703571053,1.669,0.598
4130,6.49687153426019,52.3047079624534,1.515,0.543
4131,6.4968836563792,52.3047123538538,1.639,0.588
4132,6.49689577849821,52.3047167452543,1.708,0.612
4133,6.49690790061722,52.3047211366547,1.518,0.544
4134,6.49692002273623,52.3047255280551,1.742,0.625
4135,6.49693214485524,52.3047299194556,1.778,0.638
4136,6.49694426697425,52.304734310856,1.595,0.572
4137,6.49695638909326,52.3047387022564,1.625,0.583
4138,6.49696851121227,52.3047430936569,1.836,0.658
4139,6.49698063333128,52.3047474850573,1.758,0.63
4140,6.49699275545029,52.3047518764577,1.718,0.616
4141,6.4970048775693,52.3047562678582,1.769,0.634
4142,6.49701699968831,52.3047606592586,1.633,0.585
4143,6.49702912180732,52.304765050659,1.804,0.647
4144,6.49704124392634,52.3047694420595,1.663,0.596
4145,6.49705336604535,52.3047738334599,1.675,0.601
4146,6.49706549410827,52.3047782065681,1.783,0.639
4147,6.49707763204811,52.3047825492803,1.737,0.623
4148,6.49708976998795,52.3047868919925,1.741,0.624
4149,6.49710190792778,52.3047912347047,1.854,0.665
4150,6.49711404586762,52.3047955774169,1.835,0.658
4151,6.49712618380746,52.3047999201291,1.841,0.66
4152,6.49713832174729,52.3048042628414,1.838,0.659
4153,6.49715045968713,52.3048086055536,1.732,0.621
4154,6.49716259762697,52.3048129482658,1.816,0.651
4155,6.49717473556681,52.304817290978,1.675,0.601
4156,6.49718687350664,52.3048216336902,1.703,0.611
4157,6.49719901144648,52.3048259764024,1.838,0.659
4158,6.49721114938632,52.3048303191147,1.578,0.566
4159,6.49722328732616,52.3048346618269,1.611,0.578
4160,6.49723542526599,52.3048390045391,1.573,0.564
4161,6.49724756320583,52.3048433472513,1.844,0.661
4162,6.49725970114567,52.3048476899635,1.786,0.64
4163,6.49727183908551,52.3048520326757,1.852,0.664
4164,6.49728397702534,52.304856375388,1.865,0.669
4165,6.49729611496518,52.3048607181002,1.913,0.686
4166,6.49730825290502,52.3048650608124,1.888,0.677
4167,6.49732039084486,52.3048694035246,1.824,0.654
4168,6.49733249405122,52.3048738531283,1.916,0.687
4169,6.49734456677181,52.3048783965511,2.06,0.739
4170,6.4973566394924,52.304882939974,2.036,0.73
4171,6.49736871221299,52.3048874833969,2.032,0.728
4172,6.49738078493358,52.3048920268198,2.053,0.736
4173,6.49739285765418,52.3048965702427,1.824,0.654
4174,6.49740493037477,52.3049011136656,2.148,0.77
4175,6.49741700309536,52.3049056570884,2.01,0.721
4176,6.49742907581595,52.3049102005113,2.013,0.722
4177,6.49744114853654,52.3049147439342,2.085,0.748
4178,6.49745322125713,52.3049192873571,1.903,0.682
4179,6.49746529148302,52.3049238384574,2.273,0.815
4180,6.49747735931011,52.3049283969399,1.946,0.698
4181,6.4974894271372,52.3049329554224,2.35,0.842
4182,6.49750153463791,52.3049373918103,2.057,0.738
4183,6.4975137366433,52.3049415373623,2.295,0.823
4184,6.49752593864869,52.3049456829143,2.312,0.829
4185,6.49753814065409,52.3049498284663,2.464,0.884
4186,6.49755034265948,52.3049539740183,2.292,0.822
4187,6.49756254466487,52.3049581195703,2.456,0.881
4188,6.49757474667026,52.3049622651223,2.665,0.956
4189,6.49758694867565,52.3049664106743,2.746,0.985
4190,6.49759915068104,52.3049705562264,2.584,0.927
4191,6.49761135268644,52.3049747017784,2.704,0.97
4192,6.49762356426713,52.3049788178626,2.552,0.915
4193,6.49763581733444,52.3049828062728,2.911,1.044
4194,6.49764807040176,52.3049867946829,2.695,0.966
4195,6.49766032346907,52.3049907830931,2.657,0.953
4196,6.49767257653639,52.3049947715033,2.778,0.996
4197,6.4976848296037,52.3049987599134,2.772,0.994
4198,6.49769708267102,52.3050027483236,2.728,0.978
4199,6.49770933573833,52.3050067367338,3.085,1.106
4200,6.49772155812687,52.3050108195571,3.155,1.131
4201,6.49773366695592,52.3050152518571,2.834,1.016
4202,6.49774577578497,52.3050196841571,2.954,1.059
4203,6.49775788461402,52.305024116457,2.815,1.009
4204,6.49776999344307,52.305028548757,2.582,0.926
4205,6.49778210227212,52.305032981057,2.999,1.075
4206,6.49779421110117,52.3050374133569,3.049,1.093
4207,6.49780631993022,52.3050418456569,2.92,1.047
4208,6.49781842875927,52.3050462779569,2.801,1.004
4209,6.49783053758832,52.3050507102568,3.125,1.12
4210,6.49784264641737,52.3050551425568,3.071,1.101
4211,6.49785475524642,52.3050595748568,2.757,0.989
4212,6.49786686407547,52.3050640071567,3.155,1.131
4213,6.49787897290452,52.3050684394567,3.247,1.164
4214,6.49789108173357,52.3050728717567,2.786,0.999
4215,6.49790319056262,52.3050773040566,2.699,0.968
4216,6.49791529939167,52.3050817363566,2.716,0.974
4217,6.49792740822072,52.3050861686566,2.75,0.986
4218,6.49793839599049,52.3050940509896,2.979,1.068
4219,6.49795049264828,52.3050985207463,2.742,0.983
4220,6.49796308490042,52.3051014653233,2.584,0.927
4221,6.49797483087159,52.3051070143097,2.511,0.9
4222,6.49798657684277,52.3051125632961,2.829,1.014
4223,6.49799832281395,52.3051181122824,2.703,0.969
4224,6.49801006878513,52.3051236612688,2.49,0.893
4225,6.49802181475631,52.3051292102552,2.661,0.954
4226,6.49803356072748,52.3051347592416,2.726,0.978
4227,6.49804530669866,52.3051403082279,2.6,0.932
4228,6.49805705266984,52.3051458572143,2.598,0.932
4229,6.49806879864102,52.3051514062007,2.378,0.853
4230,6.49808092818705,52.3051557747446,2.388,0.856
4231,6.49809306509751,52.3051601206247,2.41,0.864
4232,6.49810520200798,52.3051644665048,2.404,0.862
4233,6.49811733891845,52.3051688123849,2.356,0.845
4234,6.49812947582892,52.305173158265,2.196,0.787
4235,6.49814161273938,52.305177504145,2.607,0.935
4236,6.49815374964985,52.3051818500251,2.123,0.761
4237,6.49816588656032,52.3051861959052,2.002,0.718
4238,6.49817802347078,52.3051905417853,2.637,0.946
4239,6.49819016038125,52.3051948876654,2.17,0.778
4240,6.49820229729172,52.3051992335454,2.333,0.837
4241,6.49821443420218,52.3052035794255,2.321,0.832
4242,6.49822657111265,52.3052079253056,2.341,0.839
4243,6.49823870802312,52.3052122711857,2.518,0.903
4244,6.49825084493358,52.3052166170657,2.457,0.881
4245,6.49826298184405,52.3052209629458,2.25,0.807
4246,6.49827511875452,52.3052253088259,2.282,0.818
4247,6.49828720005495,52.3052298258445,2.67,0.958
4248,6.49829926988686,52.3052343781573,2.581,0.925
4249,6.49831133971876,52.30523893047,2.629,0.942
4250,6.49832385143922,52.3052421228813,2.673,0.958
4251,6.49833636872232,52.3052452981737,2.439,0.874
4252,6.4983488896617,52.305248462214,2.819,1.011
4253,6.49836141060108,52.3052516262543,2.723,0.976
4254,6.49837393154046,52.3052547902946,2.697,0.967
4255,6.49838645247984,52.3052579543349,2.603,0.933
4256,6.49839893824007,52.3052612266382,2.769,0.993
4257,6.49841110755125,52.3052654728059,2.934,1.052
4258,6.49842327686243,52.3052697189736,2.922,1.048
4259,6.49843544617361,52.3052739651412,2.946,1.056
4260,6.49844761548479,52.3052782113089,3.004,1.077
4261,6.49845978479597,52.3052824574766,3.252,1.166
4262,6.49847195410715,52.3052867036442,2.755,0.988
4263,6.49848412341833,52.3052909498119,2.989,1.072
4264,6.49849629272951,52.3052951959795,3.385,1.214
4265,6.49850846218788,52.3052994416942,3.166,1.135
4266,6.49852064916507,52.3053036334952,3.33,1.194
4267,6.49853283614226,52.3053078252961,3.223,1.156
4268,6.49854502311946,52.305312017097,3.183,1.141
4269,6.49855721009665,52.3053162088979,2.885,1.034
4270,6.49856939707384,52.3053204006989,3.293,1.181
4271,6.49858158405104,52.3053245924998,2.969,1.065
4272,6.49859377102823,52.3053287843007,3.257,1.168
4273,6.49860595800542,52.3053329761017,3.048,1.093
4274,6.49861814498261,52.3053371679026,3.296,1.182
4275,6.49863033195981,52.3053413597035,3.163,1.134
4276,6.498642518937,52.3053455515045,2.949,1.057
4277,6.49865470589409,52.3053497433673,2.717,0.974
4278,6.49866689278585,52.3053539354311,3.218,1.154
4279,6.49867907967761,52.3053581274949,3.281,1.176
4280,6.49869126656937,52.3053623195588,3.099,1.111
4281,6.49870339596309,52.3053666885715,3.24,1.162
4282,6.4987154673025,52.3053712362449,2.865,1.027
4283,6.49872752898458,52.3053758136386,2.899,1.04
4284,6.49873957461752,52.305380440423,2.741,0.983
4285,6.49875162025046,52.3053850672075,2.626,0.942
4286,6.4987636658834,52.305389693992,3.001,1.076
4287,6.49877571151635,52.3053943207765,2.942,1.055
4288,6.49878775714929,52.3053989475609,2.684,0.962
4289,6.49879980278223,52.3054035743454,2.487,0.892
4290,6.49881184841518,52.3054082011299,2.558,0.917
4291,6.49882389404812,52.3054128279143,2.699,0.968
4292,6.49883593968106,52.3054174546988,2.595,0.931
4293,6.498847985314,52.3054220814833,2.582,0.926
4294,6.49886003094695,52.3054267082678,2.374,0.851
4295,6.49887207657989,52.3054313350522,2.292,0.822
4296,6.49888412221283,52.3054359618367,2.43,0.871
4297,6.49889616784577,52.3054405886212,2.298,0.824
4298,6.49890821347872,52.3054452154056,2.325,0.834
4299,6.49892025911166,52.3054498421901,2.126,0.762
4300,6.4989323047446,52.3054544689746,2.291,0.821
4301,6.49894435037755,52.3054590957591,2.292,0.822
4302,6.49895649269703,52.305463424993,2.241,0.803
4303,6.49896870435217,52.3054675408482,2.105,0.755
4304,6.4989809160073,52.3054716567033,2.222,0.797
4305,6.49899312766244,52.3054757725585,2.129,0.763
4306,6.49900533931758,52.3054798884136,2.274,0.815
4307,6.49901755097271,52.3054840042688,1.947,0.698
4308,6.49902976262785,52.3054881201239,1.953,0.7
4309,6.49904197428298,52.3054922359791,1.896,0.68
4310,6.49905418593812,52.3054963518342,2.04,0.732
4311,6.49906639759325,52.3055004676894,2.336,0.838
4312,6.49907860924839,52.3055045835445,1.994,0.715
4313,6.49909082090353,52.3055086993997,1.999,0.717
4314,6.49910303255866,52.3055128152548,2.249,0.807
4315,6.4991152442138,52.30551693111,2.164,0.776
4316,6.49912713770335,52.3055220261121,1.967,0.705
4317,6.49913891277609,52.3055274855391,2.318,0.831
4318,6.49915070109911,52.3055329041887,2.084,0.747
4319,6.49916287948157,52.3055371224397,1.947,0.698
4320,6.49917505786404,52.3055413406907,2.13,0.764
4321,6.49918723624651,52.3055455589417,1.8,0.645
4322,6.49919941462897,52.3055497771927,1.881,0.674
4323,6.49921159301144,52.3055539954437,1.93,0.692
4324,6.49922377139391,52.3055582136947,1.982,0.711
4325,6.49923594977637,52.3055624319457,2.102,0.754
4326,6.49924812815884,52.3055666501967,2.083,0.747
4327,6.49926030654131,52.3055708684477,2.259,0.81
4328,6.49927248492377,52.3055750866987,2.013,0.722
4329,6.49928466330624,52.3055793049497,2.04,0.732
4330,6.49929684168871,52.3055835232006,2.303,0.826
4331,6.49930902007117,52.3055877414516,2.099,0.753
4332,6.49932119845364,52.3055919597026,1.974,0.708
4333,6.49933337683611,52.3055961779536,2.178,0.781
4334,6.49934555521857,52.3056003962046,2.199,0.788
4335,6.49935773360104,52.3056046144556,2.008,0.72
4336,6.4993699119835,52.3056088327066,2.286,0.82
4337,6.49938209036597,52.3056130509576,1.993,0.714
4338,6.49939426874844,52.3056172692086,1.893,0.679
4339,6.4994064471309,52.3056214874596,2.186,0.784
4340,6.49941862551337,52.3056257057106,2.273,0.815
4341,6.49943080389584,52.3056299239616,2.045,0.733
4342,6.4994429822783,52.3056341422126,2.11,0.756
4343,6.49945516066077,52.3056383604636,2.327,0.834
4344,6.49946733904324,52.3056425787146,1.852,0.664
4345,6.4994795174257,52.3056467969656,2.231,0.8
4346,6.49949169580817,52.3056510152165,2.152,0.772
4347,6.49950387419064,52.3056552334675,2.101,0.753
4348,6.4995160525731,52.3056594517185,2.234,0.801
4349,6.49952822539163,52.3056636870924,2.312,0.829
4350,6.49954035804457,52.3056680460749,2.104,0.755
4351,6.49955249069752,52.3056724050574,1.927,0.691
4352,6.49956462335047,52.3056767640399,2.181,0.782
4353,6.49957675600342,52.3056811230224,2.085,0.748
4354,6.49958888865636,52.3056854820049,2.066,0.741
4355,6.49960102130931,52.3056898409874,2.191,0.786
4356,6.49961315396226,52.3056941999699,2.177,0.781
4357,6.49962528661521,52.3056985589524,2.025,0.726
4358,6.49963741926816,52.3057029179349,2.215,0.794
4359,6.4996495519211,52.3057072769174,2.48,0.889
4360,6.49966168457405,52.3057116358998,2.227,0.798
4361,6.499673817227,52.3057159948823,2.23,0.8
4362,6.49968594987995,52.3057203538648,2.502,0.897
4363,6.4996980825329,52.3057247128473,2.344,0.84
4364,6.49971021518584,52.3057290718298,2.613,0.937
4365,6.49972234783879,52.3057334308123,2.106,0.755
4366,6.49973448049174,52.3057377897948,2.524,0.905
4367,6.49974661314469,52.3057421487773,2.604,0.934
4368,6.49975874579764,52.3057465077598,2.236,0.802
4369,6.49977087845058,52.3057508667423,2.172,0.779
4370,6.49978301110353,52.3057552257248,2.347,0.841
4371,6.49979514375648,52.3057595847073,2.273,0.815
4372,6.49980727640943,52.3057639436897,2.283,0.818
4373,6.49981940906238,52.3057683026722,2.256,0.809
4374,6.49983154171532,52.3057726616547,2.478,0.888
4375,6.49984367436827,52.3057770206372,2.553,0.915
4376,6.49985580702122,52.3057813796197,2.438,0.874
4377,6.49986793269995,52.3057857600652,2.191,0.785
4378,6.49988000131446,52.3057903161244,2.339,0.839
4379,6.49989206992897,52.3057948721837,2.301,0.825
4380,6.49990413854349,52.3057994282429,2.465,0.884
4381,6.499916207158,52.3058039843022,2.346,0.841
4382,6.49992827577251,52.3058085403614,2.098,0.752
4383,6.49994034438703,52.3058130964206,2.473,0.887
4384,6.49995241300154,52.3058176524799,2.749,0.986
4385,6.49996448161605,52.3058222085391,2.552,0.915
4386,6.49997655023057,52.3058267645984,2.537,0.91
4387,6.49998861884508,52.3058313206576,2.656,0.952
4388,6.50000068745959,52.3058358767168,2.587,0.928
4389,6.5000127560741,52.3058404327761,2.601,0.933
4390,6.50002482468862,52.3058449888353,2.454,0.88
4391,6.50003696605079,52.3058493210154,2.374,0.851
4392,6.50004917507075,52.3058534449802,2.613,0.937
4393,6.50006138409071,52.3058575689451,2.635,0.945
4394,6.50007359311067,52.3058616929099,2.803,1.005
4395,6.50008580213063,52.3058658168748,2.577,0.924
4396,6.5000979859108,52.3058700185144,2.586,0.927
4397,6.50011013275782,52.305874333815,2.541,0.911
4398,6.50012227960484,52.3058786491156,2.828,1.014
4399,6.50013442645186,52.3058829644162,2.824,1.013
4400,6.50014657329888,52.3058872797168,2.892,1.037
4401,6.50015872014589,52.3058915950173,2.655,0.952
4402,6.50017086699291,52.3058959103179,2.762,0.99
4403,6.50018301383993,52.3059002256185,2.716,0.974
4404,6.50019516068695,52.3059045409191,2.999,1.075
4405,6.50020730753397,52.3059088562197,2.911,1.044
4406,6.50021945438098,52.3059131715202,2.58,0.925
4407,6.500231601228,52.3059174868208,2.723,0.976
4408,6.50024374807502,52.3059218021214,2.824,1.012
4409,6.50025589492204,52.305926117422,3.141,1.126
4410,6.50026804176906,52.3059304327226,2.848,1.021
4411,6.50028018861607,52.3059347480232,3.073,1.102
4412,6.50029233546309,52.3059390633237,2.746,0.984
4413,6.50030448231011,52.3059433786243,2.928,1.05
4414,6.50031662915713,52.3059476939249,2.809,1.007
4415,6.50032877600415,52.3059520092255,2.902,1.041
4416,6.50034092285116,52.3059563245261,3.034,1.088
4417,6.50035306969818,52.3059606398266,2.826,1.013
4418,6.5003652165452,52.3059649551272,2.822,1.012
4419,6.50037736339222,52.3059692704278,2.69,0.964
4420,6.50038951023924,52.3059735857284,3.049,1.093
4421,6.50040165708625,52.305977901029,3.248,1.164
4422,6.50041380393327,52.3059822163295,2.759,0.989
4423,6.50042595078029,52.3059865316301,2.666,0.956
4424,6.50043809762731,52.3059908469307,3.01,1.079
4425,6.50045024447433,52.3059951622313,3.032,1.087
4426,6.50046239132134,52.3059994775319,3.051,1.094
4427,6.50047453816836,52.3060037928324,3.187,1.143
4428,6.50048668501538,52.306008108133,3.086,1.107
4429,6.5004988318624,52.3060124234336,2.842,1.019
4430,6.50051097870942,52.3060167387342,3.145,1.128
4431,6.50052312555643,52.3060210540348,2.899,1.039
4432,6.50053527240345,52.3060253693354,3.003,1.077
4433,6.50054741925047,52.3060296846359,2.983,1.07
4434,6.50055956609749,52.3060339999365,2.898,1.039
4435,6.50057171294451,52.3060383152371,2.933,1.051
4436,6.50058385257723,52.3060426527395,3.19,1.144
4437,6.50059599100321,52.3060469939556,2.815,1.01
4438,6.5006081294292,52.3060513351717,3.293,1.181
4439,6.50062026785519,52.3060556763878,2.899,1.039
4440,6.50063240628118,52.3060600176039,3.304,1.185
4441,6.50064454470716,52.30606435882,2.848,1.021
4442,6.50065668313315,52.3060687000361,2.778,0.996
4443,6.50066882155914,52.3060730412522,3.514,1.26
4444,6.50068095998513,52.3060773824683,3.22,1.155
4445,6.50069309841111,52.3060817236844,3.14,1.126
4446,6.5007052368371,52.3060860649005,3.24,1.162
4447,6.50071737526309,52.3060904061166,2.992,1.073
4448,6.50072951368907,52.3060947473327,3.127,1.121
4449,6.50074165211506,52.3060990885488,3.317,1.189
4450,6.50075379054105,52.3061034297649,3.236,1.16
4451,6.50076592896704,52.306107770981,3.288,1.179
4452,6.50077806739302,52.3061121121971,3.04,1.09
4453,6.50079020581901,52.3061164534132,3.212,1.152
4454,6.500802344245,52.3061207946293,3.307,1.186
4455,6.50081448267098,52.3061251358454,3.0,1.076
4456,6.50082662109697,52.3061294770615,3.102,1.112
4457,6.50083875952296,52.3061338182776,3.21,1.151
4458,6.50085089794895,52.3061381594937,3.421,1.227
4459,6.50086303637493,52.3061425007098,3.144,1.127
4460,6.50087517480092,52.306146841926,3.316,1.189
4461,6.50088731322691,52.306151183142,3.126,1.121
4462,6.5008994516529,52.3061555243582,3.414,1.224
4463,6.50091159007888,52.3061598655743,2.943,1.055
4464,6.50092372850487,52.3061642067904,3.303,1.184
4465,6.50093586693086,52.3061685480065,3.099,1.111
4466,6.50094800535684,52.3061728892226,3.212,1.152
4467,6.50096014378283,52.3061772304387,3.126,1.121
4468,6.50097228220882,52.3061815716548,3.422,1.227
4469,6.50098442063481,52.3061859128709,3.466,1.243
4470,6.50099655906079,52.306190254087,3.638,1.304
4471,6.50100869748678,52.3061945953031,3.221,1.155
4472,6.50102083591277,52.3061989365192,3.088,1.107
4473,6.50103297433875,52.3062032777353,3.406,1.221
4474,6.50104511276474,52.3062076189514,3.016,1.081
4475,6.50105725119073,52.3062119601675,3.096,1.11
4476,6.50106938961672,52.3062163013836,3.055,1.095
4477,6.5010815280427,52.3062206425997,3.235,1.16
4478,6.50109366646869,52.3062249838158,3.737,1.34
4479,6.50110580489468,52.3062293250319,3.177,1.139
4480,6.50111794332066,52.306233666248,3.533,1.267
4481,6.50113008174665,52.3062380074641,3.081,1.105
4482,6.50114222017264,52.3062423486802,3.555,1.275
4483,6.50115435859863,52.3062466898963,3.135,1.124
4484,6.50116648607286,52.3062510648161,2.999,1.075
4485,6.5011786114964,52.306255446047,3.109,1.115
4486,6.50119073691994,52.3062598272778,3.397,1.218
4487,6.50120286234348,52.3062642085086,3.192,1.144
4488,6.50121498776702,52.3062685897394,3.553,1.274
4489,6.50122711319055,52.3062729709703,3.221,1.155
4490,6.50123923861409,52.3062773522011,3.299,1.183
4491,6.50125136403763,52.3062817334319,3.449,1.237
4492,6.50126348946117,52.3062861146627,3.344,1.199
4493,6.50127561488471,52.3062904958936,3.426,1.228
4494,6.50128774030825,52.3062948771244,3.266,1.171
4495,6.50129986573179,52.3062992583552,3.098,1.111
4496,6.50131199115532,52.3063036395861,3.247,1.164
4497,6.50132411657886,52.3063080208169,3.229,1.158
4498,6.5013362420024,52.3063124020477,3.312,1.188
4499,6.50134836742594,52.3063167832785,3.436,1.232
4500,6.50136049284948,52.3063211645094,3.011,1.08
4501,6.50137265187788,52.306325442322,3.376,1.211
4502,6.50138483458111,52.306329647276,3.369,1.208
4503,6.50139701728434,52.3063338522299,3.172,1.137
4504,6.50140919998757,52.3063380571839,3.367,1.207
4505,6.50142113311213,52.3063430302102,3.107,1.114
4506,6.50143315089089,52.3063477427152,3.056,1.096
4507,6.50144529630194,52.306352062435,3.201,1.148
4508,6.501457441713,52.3063563821547,3.006,1.078
4509,6.50146958712405,52.3063607018744,3.221,1.155
4510,6.50148173253511,52.3063650215941,3.23,1.158
4511,6.50149387794616,52.3063693413139,3.136,1.124
4512,6.50150602335722,52.3063736610336,2.673,0.959
4513,6.50151816876827,52.3063779807533,2.968,1.064
4514,6.50153031417933,52.306382300473,3.099,1.111
4515,6.50154245959038,52.3063866201928,3.103,1.113
4516,6.50155460500144,52.3063909399125,2.958,1.061
4517,6.50156673602563,52.3063953039074,3.113,1.116
4518,6.50157886568728,52.3063996720956,3.005,1.077
4519,6.50159099534894,52.3064040402837,3.307,1.186
4520,6.50160312501059,52.3064084084718,2.865,1.027
4521,6.50161525467224,52.3064127766599,2.805,1.006
4522,6.50162738433389,52.3064171448481,3.311,1.187
4523,6.50163951399555,52.3064215130362,3.215,1.153
4524,6.5016516436572,52.3064258812243,3.193,1.145
4525,6.50166377331885,52.3064302494125,2.956,1.06
4526,6.50167590298051,52.3064346176006,3.362,1.205
4527,6.50168803264216,52.3064389857887,3.296,1.182
4528,6.50170016230381,52.3064433539769,3.009,1.079
4529,6.50171229196546,52.306447722165,2.617,0.938
4530,6.50172442034585,52.3064520942962,3.214,1.153
4531,6.50173653897082,52.3064564964495,3.055,1.095
4532,6.50174865759578,52.3064608986027,2.91,1.043
4533,6.50176077622075,52.306465300756,3.249,1.165
4534,6.50177289484571,52.3064697029093,2.919,1.047
4535,6.50178501347068,52.3064741050626,2.971,1.065
4536,6.50179713209564,52.3064785072158,2.744,0.984
4537,6.5018092507206,52.3064829093691,2.815,1.009
4538,6.50182136934557,52.3064873115224,2.942,1.055
4539,6.50183348797053,52.3064917136757,2.579,0.925
4540,6.5018456065955,52.3064961158289,3.208,1.15
4541,6.50185772522046,52.3065005179822,2.723,0.976
4542,6.50186984384543,52.3065049201355,3.378,1.211
4543,6.50188196247039,52.3065093222888,2.873,1.03
4544,6.50189408894673,52.3065137002796,2.938,1.053
4545,6.50190622706908,52.3065180424302,2.959,1.061
4546,6.50191836519143,52.3065223845807,2.797,1.003
4547,6.50193050331378,52.3065267267312,2.603,0.933
4548,6.50194264143613,52.3065310688818,2.83,1.015
4549,6.50195477955848,52.3065354110323,2.931,1.051
4550,6.50196691768083,52.3065397531828,2.887,1.035
4551,6.50197905580318,52.3065440953334,3.03,1.086
4552,6.50199119392553,52.3065484374839,3.004,1.077
4553,6.50200333204788,52.3065527796344,2.833,1.016
4554,6.50201547017023,52.306557121785,3.272,1.173
4555,6.50202760829259,52.3065614639355,2.734,0.98
4556,6.50203974641494,52.3065658060861,3.018,1.082
4557,6.50205188453729,52.3065701482366,3.071,1.101
4558,6.50206402265964,52.3065744903871,2.511,0.9
4559,6.50207616078199,52.3065788325377,3.163,1.134
4560,6.50208829890434,52.3065831746882,3.03,1.087
4561,6.50210043702669,52.3065875168387,2.771,0.994
4562,6.50211257514904,52.3065918589893,2.417,0.867
4563,6.50212471327139,52.3065962011398,2.762,0.99
4564,6.50213685139374,52.3066005432903,2.593,0.93
4565,6.50214898951609,52.3066048854409,2.553,0.915
4566,6.50216112763844,52.3066092275914,2.56,0.918
4567,6.50217326576079,52.3066135697419,2.568,0.921
4568,6.50218540388314,52.3066179118925,2.519,0.903
4569,6.5021975420055,52.306622254043,2.734,0.98
4570,6.50220968012785,52.3066265961936,2.641,0.947
4571,6.5022218182502,52.3066309383441,2.51,0.9
4572,6.50223395637255,52.3066352804946,2.402,0.861
4573,6.5022460944949,52.3066396226452,2.322,0.833
4574,6.50225823261725,52.3066439647957,2.524,0.905
4575,6.5022703707396,52.3066483069462,2.651,0.951
4576,6.50228250886195,52.3066526490968,2.616,0.938
4577,6.5022946469843,52.3066569912473,2.525,0.905
4578,6.50230678510665,52.3066613333978,2.745,0.984
4579,6.502318923229,52.3066656755484,2.342,0.84
4580,6.50233106135135,52.3066700176989,2.691,0.965
4581,6.5023431994737,52.3066743598494,2.466,0.884
4582,6.50235533759605,52.306678702,2.706,0.97
4583,6.50236747571841,52.3066830441505,2.594,0.93
4584,6.50237961384076,52.306687386301,2.281,0.818
4585,6.50239175196311,52.3066917284516,2.668,0.956
4586,6.50240389008546,52.3066960706021,2.684,0.963
4587,6.50241602820781,52.3067004127527,2.444,0.876
4588,6.50242816633016,52.3067047549032,2.553,0.915
4589,6.50244030445251,52.3067090970537,2.452,0.879
4590,6.50245244257486,52.3067134392043,2.568,0.921
4591,6.50246458069721,52.3067177813548,2.634,0.945
4592,6.50247671881956,52.3067221235053,2.403,0.862
4593,6.50248885694191,52.3067264656559,2.529,0.907
4594,6.50250099506426,52.3067308078064,2.197,0.788
4595,6.50251313318661,52.3067351499569,2.533,0.908
4596,6.50252527130896,52.3067394921075,2.584,0.927
4597,6.50253740943132,52.306743834258,2.324,0.833
4598,6.50254954755367,52.3067481764086,2.369,0.849
4599,6.50256168567602,52.3067525185591,2.275,0.816
4600,6.50257382379837,52.3067568607096,2.466,0.884
4601,6.50258596192072,52.3067612028602,2.395,0.859
4602,6.50259810004307,52.3067655450107,2.466,0.884
4603,6.50261023816542,52.3067698871612,2.273,0.815
4604,6.50262237628777,52.3067742293118,2.477,0.888
4605,6.50263451441012,52.3067785714623,2.222,0.797
4606,6.50264664964759,52.306782922491,2.362,0.847
4607,6.50265877475831,52.3067873046845,2.188,0.785
4608,6.50267089986903,52.306791686878,2.352,0.843
4609,6.50268302497975,52.3067960690715,2.161,0.775
4610,6.50269515009047,52.3068004512651,2.111,0.757
4611,6.5027072752012,52.3068048334586,2.287,0.82
4612,6.50271940031192,52.3068092156521,2.41,0.864
4613,6.50273152542264,52.3068135978456,2.384,0.855
4614,6.50274365053336,52.3068179800391,2.258,0.81
4615,6.50275577564408,52.3068223622326,2.257,0.809
4616,6.50276790075481,52.3068267444261,2.344,0.84
4617,6.50278002586553,52.3068311266196,2.221,0.796
4618,6.50279215097625,52.3068355088131,2.09,0.749
4619,6.50280427608697,52.3068398910067,2.285,0.819
4620,6.50281640119769,52.3068442732002,1.989,0.713
4621,6.50282852630841,52.3068486553937,2.29,0.821
4622,6.50284065141914,52.3068530375872,2.071,0.743
4623,6.50285277652986,52.3068574197807,2.482,0.89
4624,6.50286490164058,52.3068618019742,2.109,0.756
4625,6.5028770267513,52.3068661841677,2.247,0.806
4626,6.50288917635774,52.3068704909763,2.017,0.723
4627,6.50290134941522,52.3068747256148,2.12,0.76
4628,6.50291352247269,52.3068789602533,2.301,0.825
4629,6.50292569553017,52.3068831948918,2.201,0.789
4630,6.50293786858764,52.3068874295304,2.207,0.791
4631,6.50295004164512,52.3068916641689,2.208,0.792
4632,6.50296221470259,52.3068958988074,2.209,0.792
4633,6.50297438776007,52.306900133446,2.133,0.765
4634,6.50298656081754,52.3069043680845,2.063,0.74
4635,6.50299873387502,52.306908602723,2.471,0.886
4636,6.50301090632997,52.3069128392158,2.171,0.778
4637,6.50302302716623,52.3069172345639,2.423,0.869
4638,6.50303514800248,52.3069216299119,1.945,0.697
4639,6.50304726883873,52.30692602526,2.114,0.758
4640,6.50305938967498,52.3069304206081,2.183,0.783
4641,6.50307151051123,52.3069348159562,2.04,0.731
4642,6.50308363134749,52.3069392113043,1.972,0.707
4643,6.50309575218374,52.3069436066524,2.357,0.845
4644,6.50310787301999,52.3069480020005,2.251,0.807
4645,6.50311999385624,52.3069523973486,1.975,0.708
4646,6.5031321146925,52.3069567926967,1.994,0.715
4647,6.50314423552875,52.3069611880448,2.087,0.748
4648,6.503156356365,52.3069655833928,2.193,0.786
4649,6.50316847720125,52.3069699787409,2.032,0.729
4650,6.5031805980375,52.306974374089,2.138,0.767
4651,6.50319271887376,52.3069787694371,2.11,0.757
4652,6.50320483971001,52.3069831647852,2.164,0.776
4653,6.50321696054626,52.3069875601333,2.264,0.812
4654,6.50322908138251,52.3069919554814,2.058,0.738
4655,6.50324120221877,52.3069963508295,1.929,0.691
4656,6.50325332305502,52.3070007461776,2.021,0.725
4657,6.50326544389127,52.3070051415257,1.787,0.641
4658,6.50327756472752,52.3070095368737,2.259,0.81
4659,6.50328968556377,52.3070139322218,2.028,0.727
4660,6.50330180640003,52.3070183275699,1.942,0.696
4661,6.50331392723628,52.307022722918,1.897,0.68
4662,6.50332604807253,52.3070271182661,2.027,0.727
4663,6.50333816890878,52.3070315136142,2.049,0.735
4664,6.50335028974504,52.3070359089623,2.03,0.728
4665,6.50336241058129,52.3070403043104,2.025,0.726
4666,6.50337455046527,52.3070446410395,2.017,0.723
4667,6.50338670243741,52.3070489405677,1.929,0.692
4668,6.50339885440956,52.3070532400958,2.08,0.746
4669,6.5034110063817,52.3070575396239,2.091,0.75
4670,6.50342315835385,52.307061839152,1.75,0.627
4671,6.503435310326,52.3070661386801,2.189,0.785
4672,6.50344746229814,52.3070704382083,1.959,0.702
4673,6.50345961427029,52.3070747377364,1.957,0.702
4674,6.50347176624244,52.3070790372645,2.125,0.762
4675,6.50348388734634,52.3070834317889,2.047,0.734
4676,6.50349596348966,52.3070879646784,1.919,0.688
4677,6.50350803963298,52.307092497568,2.218,0.795
4678,6.50352011577629,52.3070970304575,2.111,0.757
4679,6.50353219191961,52.307101563347,1.936,0.694
4680,6.50354426806293,52.3071060962365,1.942,0.696
4681,6.50355634420625,52.3071106291261,1.916,0.687
4682,6.50356842034957,52.3071151620156,2.01,0.721
4683,6.5035805680235,52.3071194747713,2.111,0.757
4684,6.50359274007091,52.3071237125183,1.927,0.691
4685,6.50360491211833,52.3071279502653,2.039,0.731
4686,6.50361708416574,52.3071321880122,1.972,0.707
4687,6.50362925621316,52.3071364257592,2.009,0.72
4688,6.50364142826058,52.3071406635062,1.799,0.645
4689,6.50365360030799,52.3071449012531,1.95,0.699
4690,6.50366577235541,52.3071491390001,1.853,0.665
4691,6.50367793548654,52.3071534041867,2.02,0.724
4692,6.50369007766519,52.3071577338541,1.859,0.666
4693,6.50370221984383,52.3071620635215,2.056,0.737
4694,6.50371436202248,52.3071663931888,1.777,0.637
4695,6.50372650420112,52.3071707228562,1.909,0.685
4696,6.50373864637977,52.3071750525236,1.982,0.711
4697,6.50375078855842,52.307179382191,1.791,0.642
4698,6.50376293073706,52.3071837118584,1.906,0.683
4699,6.50377507291571,52.3071880415258,2.057,0.738
4700,6.50378721509435,52.3071923711932,1.895,0.679
4701,6.503799357273,52.3071967008605,1.999,0.717
4702,6.50381149945164,52.3072010305279,2.067,0.741
4703,6.50382364163029,52.3072053601953,1.983,0.711
4704,6.50383578380893,52.3072096898627,2.025,0.726
4705,6.50384792598758,52.3072140195301,1.88,0.674
4706,6.50386006816622,52.3072183491975,1.679,0.602
4707,6.50387221034487,52.3072226788649,1.995,0.715
4708,6.50388435252351,52.3072270085322,1.986,0.712
4709,6.50389649470216,52.3072313381996,1.966,0.705
4710,6.50390863688081,52.307235667867,1.922,0.689
4711,6.50392077905945,52.3072399975344,1.809,0.649
4712,6.5039329212381,52.3072443272018,2.173,0.779
4713,6.50394506341674,52.3072486568692,2.01,0.721
4714,6.50395720559539,52.3072529865366,1.899,0.681
4715,6.50396934777403,52.3072573162039,1.924,0.69
4716,6.50398148995268,52.3072616458713,2.034,0.729
4717,6.50399363213132,52.3072659755387,1.97,0.706
4718,6.50400577430997,52.3072703052061,1.868,0.67
4719,6.50401791648861,52.3072746348735,2.013,0.722
4720,6.50403005866726,52.3072789645409,2.042,0.732
4721,6.5040422008459,52.3072832942083,2.072,0.743
4722,6.50405434302455,52.3072876238757,1.878,0.673
4723,6.50406648520319,52.307291953543,1.837,0.659
4724,6.50407862738184,52.3072962832104,2.086,0.748
4725,6.50409076956049,52.3073006128778,2.057,0.738
4726,6.50410291173913,52.3073049425452,1.905,0.683
4727,6.50411505391778,52.3073092722126,1.908,0.684
4728,6.50412719609642,52.30731360188,2.065,0.74
4729,6.50413933827507,52.3073179315474,1.846,0.662
4730,6.50415148045371,52.3073222612147,2.012,0.721
4731,6.50416362263236,52.3073265908821,1.936,0.694
4732,6.504175764811,52.3073309205495,1.798,0.645
4733,6.50418790698965,52.3073352502169,1.894,0.679
4734,6.50420004916829,52.3073395798843,1.833,0.657
4735,6.50421219134694,52.3073439095517,1.968,0.706
4736,6.50422433352558,52.3073482392191,1.946,0.698
4737,6.50423645605838,52.3073526293461,1.867,0.669
4738,6.50424857765388,52.3073570223576,1.972,0.707
4739,6.50426069924937,52.3073614153691,1.932,0.693
4740,6.50427282084487,52.3073658083807,1.806,0.647
4741,6.50428494244036,52.3073702013922,1.781,0.639
4742,6.50429706403586,52.3073745944038,1.69,0.606
4743,6.50430918563135,52.3073789874153,1.911,0.685
4744,6.50432130722684,52.3073833804268,1.799,0.645
4745,6.50433342882234,52.3073877734384,1.809,0.648
4746,6.50434555041783,52.3073921664499,2.04,0.731
4747,6.50435767201333,52.3073965594615,2.033,0.729
4748,6.50436979360882,52.307400952473,1.875,0.672
4749,6.50438191520432,52.3074053454845,1.711,0.614
4750,6.50439403679981,52.3074097384961,1.926,0.691
4751,6.50440615839531,52.3074141315076,1.83,0.656
4752,6.5044182799908,52.3074185245192,1.743,0.625
4753,6.50443034813828,52.3074230820157,1.817,0.651
4754,6.5044423912297,52.3074277166216,1.951,0.7
4755,6.50445443432113,52.3074323512276,1.861,0.667
4756,6.50446654005091,52.3074367930654,1.922,0.689
4757,6.504478688546,52.3074411032941,1.837,0.659
4758,6.50449083704108,52.3074454135228,1.72,0.617
4759,6.50450298553617,52.3074497237515,2.091,0.75
4760,6.50451513403125,52.3074540339802,1.927,0.691
4761,6.50452728252634,52.3074583442089,1.862,0.668
4762,6.50453943102142,52.3074626544376,1.834,0.657
4763,6.5045515795165,52.3074669646663,1.875,0.672
4764,6.50456372801159,52.307471274895,1.83,0.656
4765,6.50457587650667,52.3074755851237,1.857,0.666
4766,6.50458802500176,52.3074798953524,2.13,0.764
4767,6.50460017349684,52.3074842055811,1.864,0.668
4768,6.50461232199193,52.3074885158098,2.02,0.724
4769,6.50462447048701,52.3074928260385,2.157,0.774
4770,6.5046366189821,52.3074971362672,1.981,0.71
4771,6.50464876747718,52.3075014464959,1.89,0.678
4772,6.50466091597226,52.3075057567246,1.869,0.67
4773,6.50467306446735,52.3075100669533,1.866,0.669
4774,6.50468521296243,52.307514377182,1.858,0.666
4775,6.50469736145752,52.3075186874107,1.964,0.704
4776,6.5047095099526,52.3075229976394,1.842,0.66
4777,6.50472165568194,52.3075273163796,1.933,0.693
4778,6.50473378156372,52.3075316962002,1.927,0.691
4779,6.5047459074455,52.3075360760208,1.747,0.626
4780,6.50475803332728,52.3075404558414,1.896,0.68
4781,6.50477015920906,52.307544835662,1.953,0.7
4782,6.50478228509084,52.3075492154826,1.941,0.696
4783,6.50479441097262,52.3075535953032,2.096,0.752
4784,6.50480653685439,52.3075579751238,2.109,0.756
4785,6.50481866273617,52.3075623549444,2.007,0.72
4786,6.50483078861795,52.307566734765,1.916,0.687
4787,6.50484291449973,52.3075711145856,2.09,0.749
4788,6.50485504038151,52.3075754944062,1.916,0.687
4789,6.50486717147564,52.3075798581859,1.861,0.667
4790,6.50487931100279,52.3075841960132,1.862,0.667
4791,6.50489145052994,52.3075885338405,1.832,0.657
4792,6.50490359005709,52.3075928716678,1.992,0.714
4793,6.50491572958423,52.3075972094951,2.116,0.759
4794,6.50492786911138,52.3076015473224,1.842,0.66
4795,6.50494000863853,52.3076058851497,1.888,0.677
4796,6.50495214816568,52.307610222977,2.034,0.729
4797,6.50496428769283,52.3076145608044,1.778,0.637
4798,6.50497642721997,52.3076188986317,2.146,0.77
4799,6.50498856674712,52.307623236459,2.011,0.721
4800,6.50500070627427,52.3076275742863,1.969,0.706
4801,6.50501284580142,52.3076319121136,2.094,0.751
4802,6.50502498532857,52.3076362499409,2.191,0.786
4803,6.50503712485571,52.3076405877682,1.91,0.685
4804,6.50504926438286,52.3076449255955,2.038,0.731
4805,6.50506140391001,52.3076492634228,2.203,0.79
4806,6.50507354689658,52.3076535906038,2.049,0.735
4807,6.50508569302095,52.3076579081283,2.215,0.794
4808,6.50509783914532,52.3076622256528,1.931,0.692
4809,6.50510998526969,52.3076665431774,1.953,0.7
4810,6.50512213139406,52.3076708607019,2.336,0.838
4811,6.50513427751843,52.3076751782264,1.955,0.701
4812,6.50514642364279,52.3076794957509,2.144,0.769
4813,6.50515856976716,52.3076838132754,2.065,0.74
4814,6.50517071589153,52.3076881307999,2.025,0.726
4815,6.5051828620159,52.3076924483245,1.988,0.713
4816,6.50519500814027,52.307696765849,2.04,0.731
4817,6.50520715426464,52.3077010833735,2.258,0.81
4818,6.50521930038901,52.307705400898,2.168,0.778
4819,6.50523144651338,52.3077097184225,1.829,0.656
4820,6.50524358344416,52.3077140642401,2.073,0.743
4821,6.50525569231888,52.3077184963995,2.269,0.814
4822,6.50526780119359,52.3077229285589,2.012,0.721
4823,6.50527991006831,52.3077273607184,2.071,0.743
4824,6.50529201894303,52.3077317928778,2.076,0.744
4825,6.50530412781775,52.3077362250372,1.868,0.67
4826,6.50531623669246,52.3077406571966,1.843,0.661
4827,6.50532834556718,52.3077450893561,1.829,0.656
4828,6.5053404544419,52.3077495215155,1.855,0.665
4829,6.50535256331662,52.3077539536749,1.829,0.656
4830,6.50536467219133,52.3077583858343,1.893,0.679
4831,6.50537678106605,52.3077628179938,2.146,0.77
4832,6.50538890329675,52.3077672090505,2.086,0.748
4833,6.5054010359246,52.3077715681102,2.007,0.72
4834,6.50541316855245,52.3077759271699,2.135,0.766
4835,6.5054253011803,52.3077802862297,2.09,0.749
4836,6.50543743380815,52.3077846452894,2.138,0.767
4837,6.50544956643601,52.3077890043491,1.998,0.716
4838,6.50546169906386,52.3077933634088,2.195,0.787
4839,6.50547383169171,52.3077977224686,2.403,0.862
4840,6.50548596431956,52.3078020815283,1.961,0.703
4841,6.50549809694741,52.307806440588,2.422,0.868
4842,6.50551022957526,52.3078107996478,2.126,0.762
4843,6.50552236220311,52.3078151587075,2.358,0.846
4844,6.50553449483096,52.3078195177672,1.962,0.703
4845,6.50554662745881,52.3078238768269,2.167,0.777
4846,6.50555876008666,52.3078282358867,2.313,0.829
4847,6.50557089271451,52.3078325949464,1.99,0.714
4848,6.50558302534236,52.3078369540061,2.122,0.761
4849,6.50559515797022,52.3078413130659,2.078,0.745
4850,6.50560729059807,52.3078456721256,2.337,0.838
4851,6.50561942322592,52.3078500311853,2.114,0.758
4852,6.50563155585377,52.307854390245,2.079,0.745
4853,6.50564368848162,52.3078587493048,2.252,0.808
4854,6.50565582110947,52.3078631083645,2.202,0.789
4855,6.50566795373732,52.3078674674242,2.199,0.788
4856,6.50568008636517,52.3078718264839,2.213,0.793
4857,6.50569221899302,52.3078761855437,2.024,0.726
4858,6.50570435312422,52.3078805399769,2.47,0.886
4859,6.5057164873786,52.307884894031,2.199,0.789
4860,6.50572862163298,52.3078892480851,2.151,0.771
4861,6.50574075588737,52.3078936021392,2.051,0.735
4862,6.50575289014175,52.3078979561934,2.304,0.826
4863,6.50576502439613,52.3079023102475,2.121,0.76
4864,6.50577715865051,52.3079066643016,2.211,0.793
4865,6.50578929290489,52.3079110183557,2.31,0.828
4866,6.50580142715927,52.3079153724098,2.353,0.844
4867,6.50581356141365,52.307919726464,2.058,0.738
4868,6.50582569566803,52.3079240805181,2.491,0.893
4869,6.50583782992242,52.3079284345722,2.227,0.798
4870,6.5058499641768,52.3079327886263,2.395,0.859
4871,6.50586209843118,52.3079371426804,2.487,0.892
4872,6.50587423268556,52.3079414967345,2.169,0.778
4873,6.50588636693994,52.3079458507887,2.342,0.84
4874,6.50589850119432,52.3079502048428,2.358,0.845
4875,6.5059106354487,52.3079545588969,2.383,0.855
4876,6.50592276970308,52.307958912951,2.485,0.891
4877,6.50593490395747,52.3079632670051,2.499,0.896
4878,6.50594703821185,52.3079676210593,2.375,0.852
4879,6.50595917246623,52.3079719751134,2.087,0.748
4880,6.50597130672061,52.3079763291675,2.181,0.782
4881,6.50598344097499,52.3079806832216,2.177,0.781
4882,6.50599557522937,52.3079850372757,2.572,0.922
4883,6.50600771908324,52.3079893617877,2.215,0.794
4884,6.50601986744234,52.3079936724349,2.256,0.809
4885,6.50603201580143,52.3079979830821,2.529,0.907
4886,6.50604416416053,52.3080022937293,2.535,0.909
4887,6.50605631251962,52.3080066043765,2.242,0.804
4888,6.50606846087872,52.3080109150237,2.387,0.856
4889,6.50608060923781,52.3080152256709,2.686,0.963
4890,6.5060927575969,52.3080195363181,2.58,0.925
4891,6.506104905956,52.3080238469653,2.333,0.837
4892,6.5061170543151,52.3080281576125,2.489,0.892
4893,6.50612920267419,52.3080324682597,2.409,0.864
4894,6.50614135103328,52.3080367789069,2.317,0.831
4895,6.50615349165375,52.3080411133695,2.64,0.947
4896,6.50616562290003,52.308045476681,2.415,0.866
4897,6.50617775414631,52.3080498399925,2.59,0.929
4898,6.50618988539259,52.3080542033039,2.302,0.825
4899,6.50620201663887,52.3080585666154,2.393,0.858
4900,6.50621414788515,52.3080629299269,2.341,0.839
4901,6.50622627913143,52.3080672932384,2.672,0.958
4902,6.50623814158787,52.3080724837442,2.353,0.844
4903,6.50625015152465,52.3080772203827,2.441,0.875
4904,6.50626229407168,52.3080815489164,2.43,0.871
4905,6.50627443661871,52.3080858774501,2.469,0.885
4906,6.50628657916574,52.3080902059838,2.424,0.869
4907,6.50629872171277,52.3080945345175,2.43,0.871
4908,6.5063108642598,52.3080988630512,2.238,0.803
4909,6.50632300680683,52.3081031915849,2.902,1.04
4910,6.50633514935385,52.3081075201186,2.436,0.873
4911,6.50634729190088,52.3081118486523,2.697,0.967
4912,6.50635943444791,52.308116177186,2.388,0.856
4913,6.50637157699494,52.3081205057197,2.276,0.816
4914,6.50638371954197,52.3081248342534,2.589,0.928
4915,6.506395862089,52.3081291627871,2.636,0.945
4916,6.50640800463603,52.3081334913207,2.444,0.876
4917,6.50642014718305,52.3081378198544,2.424,0.869
4918,6.50643228973008,52.3081421483881,2.531,0.907
4919,6.50644443227711,52.3081464769218,2.684,0.962
4920,6.50645657482414,52.3081508054555,2.622,0.94
4921,6.50646871737117,52.3081551339892,2.465,0.884
4922,6.5064808599182,52.3081594625229,2.327,0.834
4923,6.50649300246523,52.3081637910566,2.591,0.929
4924,6.50650514501225,52.3081681195903,2.459,0.882
4925,6.50651728755928,52.308172448124,2.562,0.919
4926,6.50652943010631,52.3081767766577,2.63,0.943
4927,6.50654157265334,52.3081811051914,2.346,0.841
4928,6.50655371520037,52.3081854337251,2.578,0.924
4929,6.5065658577474,52.3081897622588,2.523,0.905
4930,6.50657800029443,52.3081940907925,2.667,0.956
4931,6.50659014284146,52.3081984193262,2.457,0.881
4932,6.50660228538848,52.3082027478599,2.614,0.937
4933,6.50661442793551,52.3082070763936,2.523,0.905
4934,6.50662657048254,52.3082114049273,2.453,0.88
4935,6.50663871302957,52.308215733461,2.707,0.971
4936,6.5066508566275,52.3082200587605,2.688,0.964
4937,6.50666300702141,52.3082243631456,2.42,0.868
4938,6.50667515741533,52.3082286675307,2.521,0.904
4939,6.50668730780924,52.3082329719158,2.567,0.921
4940,6.50669945820315,52.3082372763009,2.609,0.935
4941,6.50671160859706,52.308241580686,2.662,0.954
4942,6.50672375899098,52.3082458850711,2.85,1.022
4943,6.50673590938489,52.3082501894562,2.53,0.907
4944,6.5067480597788,52.3082544938413,2.683,0.962
4945,6.50676021017272,52.3082587982264,2.407,0.863
4946,6.50677236056663,52.3082631026115,3.154,1.131
4947,6.50678451096054,52.3082674069966,2.51,0.9
4948,6.50679666135445,52.3082717113817,2.699,0.968
4949,6.50680881174837,52.3082760157668,2.684,0.962
4950,6.50682096214228,52.3082803201519,2.435,0.873
4951,6.50683311253619,52.308284624537,2.615,0.938
4952,6.50684526293011,52.3082889289221,2.701,0.968
4953,6.50685741332402,52.3082932333072,2.537,0.91
4954,6.50686956371793,52.3082975376923,2.738,0.982
4955,6.50688171411184,52.3083018420774,2.636,0.945
4956,6.50689386450576,52.3083061464625,2.75,0.986
4957,6.50690601489967,52.3083104508476,2.66,0.954
4958,6.50691816529358,52.3083147552327,2.343,0.84
4959,6.50693029001713,52.3083191386177,2.813,1.009
4960,6.50694237173093,52.3083236543642,2.761,0.99
4961,6.50695445344474,52.3083281701107,3.142,1.127
4962,6.50696653515855,52.3083326858571,2.647,0.949
4963,6.50697861687236,52.3083372016036,2.329,0.835
4964,6.50699069858617,52.3083417173501,2.727,0.978
4965,6.50700278029998,52.3083462330966,2.847,1.021
4966,6.50701486201379,52.308350748843,2.877,1.032
4967,6.5070269437276,52.3083552645895,2.667,0.956
4968,6.50703902544141,52.308359780336,2.593,0.93
4969,6.50705110715521,52.3083642960824,2.809,1.007
4970,6.50706318886902,52.3083688118289,2.937,1.053
4971,6.50707527058283,52.3083733275754,2.415,0.866
4972,6.50708747796742,52.308377456573,2.735,0.981
4973,6.5070999958466,52.308380630031,2.876,1.031
4974,6.50711251372579,52.308383803489,2.536,0.909
4975,6.5071247934122,52.3083877099795,2.751,0.986
4976,6.50713686117431,52.308392268662,2.557,0.917
4977,6.50714892893641,52.3083968273445,2.739,0.982
4978,6.50716099669851,52.3084013860271,2.871,1.029
4979,6.50717309700016,52.3084058445699,2.823,1.012
4980,6.50718524024844,52.3084101709455,2.598,0.931
4981,6.50719738349673,52.3084144973211,2.8,1.004
4982,6.50720952674502,52.3084188236967,2.595,0.931
4983,6.5072216699933,52.3084231500723,2.684,0.962
4984,6.50723381324159,52.3084274764479,2.644,0.948
4985,6.50724595648988,52.3084318028234,2.51,0.9
4986,6.50725809973817,52.308436129199,2.555,0.916
4987,6.50727024298645,52.3084404555746,2.592,0.929
4988,6.50728238623474,52.3084447819502,2.724,0.977
4989,6.50729452948303,52.3084491083258,2.715,0.974
4990,6.50730667273131,52.3084534347014,2.561,0.918
4991,6.5073188159796,52.308457761077,2.481,0.89
4992,6.50733095922789,52.3084620874526,2.522,0.904
4993,6.50734310247618,52.3084664138282,2.646,0.949
4994,6.50735524572446,52.3084707402037,2.59,0.929
4995,6.50736738897275,52.3084750665793,2.449,0.878
4996,6.50737953222104,52.3084793929549,2.665,0.955
4997,6.50739167546933,52.3084837193305,2.695,0.966
4998,6.50740381871761,52.3084880457061,2.637,0.946
4999,6.5074159619659,52.3084923720817,2.471,0.886
5000,6.50742810521419,52.3084966984573,2.973,1.066
5001,6.50744024404487,52.3085010384279,2.4,0.861
5002,6.50745236798112,52.3085054242359,2.413,0.865
5003,6.50746449191738,52.3085098100438,2.523,0.905
5004,6.50747661585363,52.3085141958517,2.955,1.059
5005,6.50748873978988,52.3085185816596,2.566,0.92
5006,6.50750086372614,52.3085229674675,2.508,0.899
5007,6.50751298766239,52.3085273532754,2.735,0.98
5008,6.50752511159865,52.3085317390833,2.482,0.89
5009,6.5075372355349,52.3085361248912,2.405,0.862
5010,6.50754935947115,52.3085405106991,2.37,0.85
5011,6.50756148340741,52.308544896507,2.613,0.937
5012,6.50757360734366,52.3085492823149,2.684,0.963
5013,6.50758573127992,52.3085536681228,2.546,0.913
5014,6.50759785521617,52.3085580539308,2.462,0.883
5015,6.50760997915242,52.3085624397387,2.449,0.878
5016,6.50762210308868,52.3085668255466,2.203,0.79
5017,6.50763422702493,52.3085712113545,2.577,0.924
5018,6.50764635096118,52.3085755971624,2.588,0.928
5019,6.50765847489744,52.3085799829703,2.571,0.922
5020,6.50767059883369,52.3085843687782,2.51,0.9
5021,6.50768272276995,52.3085887545861,2.324,0.833
5022,6.5076948467062,52.308593140394,2.767,0.992
5023,6.50770697064245,52.3085975262019,2.41,0.864
5024,6.50771909457871,52.3086019120098,2.446,0.877
5025,6.50773121851496,52.3086062978178,2.493,0.894
5026,6.50774334245122,52.3086106836257,2.272,0.815
5027,6.50775546638747,52.3086150694336,2.477,0.888
5028,6.50776759032372,52.3086194552415,2.63,0.943
5029,6.50777971425998,52.3086238410494,2.433,0.873
5030,6.50779183819623,52.3086282268573,2.226,0.798
5031,6.50780396213249,52.3086326126652,2.361,0.846
5032,6.50781608606874,52.3086369984731,2.318,0.831
5033,6.50782821000499,52.308641384281,2.264,0.812
5034,6.50784033394125,52.3086457700889,2.521,0.904
5035,6.5078524578775,52.3086501558968,2.153,0.772
5036,6.50786458181376,52.3086545417047,2.612,0.937
5037,6.50787670575001,52.3086589275127,2.211,0.793
5038,6.50788882968626,52.3086633133206,2.614,0.937
5039,6.50790095362252,52.3086676991285,2.309,0.828
5040,6.50791307755877,52.3086720849364,2.49,0.893
5041,6.50792520149503,52.3086764707443,2.486,0.891
5042,6.50793732543128,52.3086808565522,2.345,0.841
5043,6.50794944936753,52.3086852423601,2.549,0.914
5044,6.5079616854445,52.3086892830577,2.46,0.882
5045,6.50797393282345,52.3086932889736,2.148,0.77
5046,6.5079861802024,52.3086972948896,2.322,0.833
5047,6.50799842758135,52.3087013008056,2.328,0.835
5048,6.50801044430243,52.3087060165656,2.401,0.861
5049,6.50802245149635,52.3087107616453,2.342,0.84
5050,6.50803450713587,52.3087153576347,2.275,0.816
5051,6.50804664546334,52.308719699154,2.343,0.84
5052,6.50805878379082,52.3087240406733,2.579,0.925
5053,6.50807092211829,52.3087283821925,2.342,0.84
5054,6.50808306044577,52.3087327237118,2.368,0.849
5055,6.50809519877325,52.3087370652311,2.151,0.771
5056,6.50810733710072,52.3087414067503,2.17,0.778
5057,6.5081194754282,52.3087457482696,2.291,0.821
5058,6.50813161375567,52.3087500897889,2.273,0.815
5059,6.50814375208315,52.3087544313082,2.37,0.85
5060,6.50815589041062,52.3087587728274,2.437,0.874
5061,6.5081680287381,52.3087631143467,2.244,0.805
5062,6.50818016706557,52.308767455866,2.143,0.768
5063,6.50819230539305,52.3087717973852,2.394,0.858
5064,6.50820444372053,52.3087761389045,2.088,0.749
5065,6.508216582048,52.3087804804238,2.287,0.82
5066,6.50822872037548,52.308784821943,2.229,0.799
5067,6.50824085870295,52.3087891634623,2.042,0.732
5068,6.50825299703043,52.3087935049816,2.175,0.78
5069,6.5082651353579,52.3087978465008,2.189,0.785
5070,6.50827727368538,52.3088021880201,2.134,0.765
5071,6.50828941201285,52.3088065295394,2.481,0.889
5072,6.50830155034033,52.3088108710586,2.111,0.757
5073,6.50831368866781,52.3088152125779,2.238,0.802
5074,6.50832582699528,52.3088195540972,2.244,0.805
5075,6.50833796532276,52.3088238956165,2.218,0.795
5076,6.50835010365023,52.3088282371357,2.369,0.85
5077,6.50836224197771,52.308832578655,2.298,0.824
5078,6.50837438030518,52.3088369201743,2.085,0.747
5079,6.50838651863266,52.3088412616935,2.322,0.832
5080,6.50839865696013,52.3088456032128,2.263,0.811
5081,6.50841079528761,52.3088499447321,1.957,0.702
5082,6.50842293361509,52.3088542862513,2.124,0.762
5083,6.50843507194256,52.3088586277706,2.184,0.783
5084,6.50844721027004,52.3088629692899,2.2,0.789
5085,6.50845934859751,52.3088673108091,2.208,0.792
5086,6.50847148692499,52.3088716523284,2.119,0.76
5087,6.50848362525246,52.3088759938477,2.381,0.854
5088,6.50849576357994,52.308880335367,2.252,0.807
5089,6.50850790190741,52.3088846768862,2.478,0.889
5090,6.50852003712022,52.3088890279908,2.119,0.76
5091,6.5085321548073,52.3088934330304,2.211,0.793
5092,6.50854427249437,52.30889783807,2.122,0.761
5093,6.50855639018145,52.3089022431096,2.026,0.727
5094,6.50856850786852,52.3089066481492,2.134,0.765
5095,6.5085806255556,52.3089110531888,2.282,0.818
5096,6.50859274324268,52.3089154582284,2.421,0.868
5097,6.50860486092975,52.308919863268,2.45,0.878
5098,6.50861697861683,52.3089242683076,2.382,0.854
5099,6.5086290963039,52.3089286733473,2.173,0.779
5100,6.50864121399098,52.3089330783869,2.465,0.884
5101,6.50865333167805,52.3089374834265,2.334,0.837
5102,6.50866544936513,52.3089418884661,2.585,0.927
5103,6.5086775670522,52.3089462935057,2.396,0.859
5104,6.50868968473928,52.3089506985453,2.571,0.922
5105,6.50870180242636,52.3089551035849,2.428,0.871
5106,6.50871392011343,52.3089595086245,2.326,0.834
5107,6.50872603780051,52.3089639136641,2.672,0.958
5108,6.50873827368523,52.3089679549533,2.607,0.935
5109,6.50875060585778,52.308971699919,2.602,0.933
5110,6.50876293803033,52.3089754448847,2.876,1.031
5111,6.50877527020288,52.3089791898504,2.812,1.008
5112,6.50878760237543,52.3089829348161,2.939,1.054
5113,6.50879992715995,52.3089867025182,3.024,1.084
5114,6.50881224775988,52.3089904830984,2.695,0.966
5115,6.50882456835981,52.3089942636786,2.931,1.051
5116,6.50883666369807,52.3089987374961,2.854,1.023
5117,6.50884863164685,52.3090036033517,3.074,1.102
5118,6.50886059959563,52.3090084692074,3.222,1.155
5119,6.50887256754441,52.309013335063,3.271,1.173
5120,6.50888453549318,52.3090182009186,3.235,1.16
5121,6.50889650344196,52.3090230667742,3.133,1.123
5122,6.50890847139074,52.3090279326299,3.017,1.082
5123,6.50892043933952,52.3090327984855,3.396,1.218
5124,6.5089324072883,52.3090376643411,3.574,1.281
5125,6.50894065609084,52.3090539757802,3.057,1.096
5126,6.50894880087162,52.3090706073437,3.652,1.31
5127,6.5089569456524,52.3090872389072,3.555,1.275
5128,6.50896509043318,52.3091038704708,3.226,1.157
5129,6.50897323521396,52.3091205020343,3.39,1.216
5130,6.50898137999473,52.3091371335979,3.232,1.159
5131,6.50898952477551,52.3091537651614,3.289,1.179
5132,6.50899766955629,52.3091703967249,3.386,1.214
5133,6.50900581433707,52.3091870282885,3.603,1.292
5134,6.50902157115307,52.309180233996,3.694,1.325
5135,6.50904106011449,52.3091619541154,3.003,1.077
5136,6.50906054907591,52.3091436742349,3.134,1.124
5137,6.50908003803733,52.3091253943543,3.265,1.171
5138,6.50909952699874,52.3091071144738,3.325,1.192
5139,6.50910894760594,52.3091198197121,3.176,1.139
5140,6.50911203559847,52.3091520134203,3.104,1.113
5141,6.50911512359101,52.3091842071285,3.263,1.17
5142,6.50911821158355,52.3092164008366,2.791,1.001
5143,6.50912590377206,52.309234425242,2.902,1.04
5144,6.50913848287865,52.3092374102741,2.772,0.994
5145,6.50915106198523,52.3092403953063,2.961,1.062
5146,6.50916364518405,52.3092433677447,2.971,1.065
5147,6.50917625080413,52.3092462711821,2.691,0.965
5148,6.50918885642422,52.3092491746196,2.782,0.997
5149,6.50920146204431,52.309252078057,2.757,0.989
5150,6.50921406766439,52.3092549814945,2.838,1.017
5151,6.50922667328448,52.3092578849319,2.667,0.956
5152,6.50923927890457,52.3092607883694,2.579,0.925
5153,6.50925141240721,52.309265144737,2.438,0.874
5154,6.50926341960687,52.3092698897989,2.662,0.955
5155,6.50927551320187,52.3092743689813,2.873,1.03
5156,6.50928767238875,52.3092786463063,2.707,0.971
5157,6.50929983157564,52.3092829236312,2.64,0.946
5158,6.50931199076253,52.3092872009561,2.434,0.873
5159,6.50932414994941,52.3092914782811,2.417,0.867
5160,6.5093363091363,52.309295755606,2.335,0.837
5161,6.50934846832319,52.3093000329309,2.674,0.959
5162,6.50936062751008,52.3093043102558,2.572,0.922
5163,6.50937278669696,52.3093085875808,2.573,0.923
5164,6.50938486000482,52.3093131291964,2.523,0.905
5165,6.5093968667502,52.3093178756564,2.374,0.851
5166,6.50940890997926,52.3093225098388,2.671,0.958
5167,6.50942102316575,52.3093269287288,2.629,0.943
5168,6.50943313635225,52.3093313476188,2.435,0.873
5169,6.50944524953874,52.3093357665089,2.83,1.015
5170,6.50945736272524,52.3093401853989,2.837,1.017
5171,6.50946929601682,52.3093451579112,2.549,0.914
5172,6.50948088854298,52.309351179121,2.562,0.919
5173,6.50949248106913,52.3093572003307,2.594,0.93
5174,6.50950407359528,52.3093632215405,2.746,0.985
5175,6.50951566612144,52.3093692427502,2.942,1.055
5176,6.50952754148514,52.3093743935342,2.784,0.998
5177,6.50953964719475,52.3093788354342,2.684,0.962
5178,6.50955175290436,52.3093832773342,3.101,1.112
5179,6.50956385861397,52.3093877192341,2.838,1.018
5180,6.50957596432358,52.3093921611341,2.897,1.039
5181,6.50958807003318,52.3093966030341,3.026,1.085
5182,6.50960017574279,52.309401044934,3.067,1.1
5183,6.5096122814524,52.309405486834,3.35,1.201
5184,6.50962438716201,52.309409928734,3.022,1.084
5185,6.50963649287162,52.309414370634,3.221,1.155
5186,6.50964859858123,52.3094188125339,2.935,1.052
5187,6.50966070429084,52.3094232544339,3.342,1.198
5188,6.50967281000045,52.3094276963339,3.327,1.193
5189,6.50968491571006,52.3094321382338,3.207,1.15
5190,6.50969702141967,52.3094365801338,3.305,1.185
5191,6.50970908147423,52.3094411625361,3.422,1.227
5192,6.50972109571175,52.3094458859392,3.177,1.139
5193,6.50973313459779,52.3094505334871,3.529,1.265
5194,6.50974525545115,52.3094549287826,3.488,1.251
5195,6.5097573763045,52.309459324078,3.254,1.167
5196,6.50976949715785,52.3094637193735,3.11,1.115
5197,6.5097816180112,52.309468114669,3.42,1.226
5198,6.50979373886455,52.3094725099644,3.113,1.116
5199,6.5098058597179,52.3094769052599,3.412,1.223
5200,6.50981798057126,52.3094813005554,3.111,1.116
5201,6.50983010142461,52.3094856958508,3.409,1.222
5202,6.50984222227796,52.3094900911463,3.208,1.15
5203,6.50985434313131,52.3094944864418,3.101,1.112
5204,6.50986647116889,52.309498859628,2.845,1.02
5205,6.50987862338859,52.3095031583943,3.198,1.147
5206,6.50989077560829,52.3095074571605,3.002,1.076
5207,6.50990292025323,52.3095117792379,3.036,1.089
5208,6.5099150049507,52.3095162858023,2.727,0.978
5209,6.50992708964818,52.3095207923666,3.023,1.084
5210,6.50993917434565,52.3095252989309,2.78,0.997
5211,6.50995125904312,52.3095298054952,2.755,0.988
5212,6.50996798057436,52.3095200423147,2.741,0.983
5213,6.50998803473487,52.3095000230475,2.852,1.023
5214,6.51000778828205,52.3094809289106,2.55,0.914
5215,6.51002754182924,52.3094618347737,2.603,0.933
5216,6.51004755055544,52.3094419553295,2.373,0.851
5217,6.51006191611215,52.3094394426041,2.694,0.966
5218,6.51007413036069,52.3094435504782,2.728,0.978
5219,6.5100863131071,52.3094477552992,2.645,0.948
5220,6.51009849585351,52.3094519601203,2.19,0.785
5221,6.51011067859992,52.3094561649413,2.436,0.874
5222,6.51012286134633,52.3094603697624,2.329,0.835
5223,6.51013504409274,52.3094645745834,2.368,0.849
5224,6.51014722683916,52.3094687794045,2.257,0.809
5225,6.51015940958557,52.3094729842256,2.516,0.902
5226,6.51017159233198,52.3094771890466,2.38,0.853
5227,6.51018377507839,52.3094813938677,2.208,0.792
5228,6.51019595770111,52.3094855990694,2.097,0.752
5229,6.5102081348869,52.3094898210031,2.089,0.749
5230,6.51022031207268,52.3094940429369,2.152,0.772
5231,6.51023248925847,52.3094982648706,2.306,0.827
5232,6.51024466644426,52.3095024868044,1.991,0.714
5233,6.51025684363005,52.3095067087381,1.983,0.711
5234,6.51026902081584,52.3095109306719,2.094,0.751
5235,6.51028119800162,52.3095151526056,2.047,0.734
5236,6.51029335445805,52.3095194383335,2.04,0.731
5237,6.51030551039942,52.3095237256464,1.891,0.678
5238,6.51031766634078,52.3095280129593,2.07,0.742
5239,6.51032982228215,52.3095323002723,2.005,0.719
5240,6.51034197822352,52.3095365875852,2.084,0.747
5241,6.51035413416488,52.3095408748982,2.028,0.727
5242,6.51036629010625,52.3095451622111,2.05,0.735
5243,6.51037844604761,52.3095494495241,2.008,0.72
5244,6.51039064824727,52.3095535944782,2.043,0.733
5245,6.51040286143433,52.3095577056189,1.972,0.707
5246,6.5104150746214,52.3095618167596,1.834,0.657
5247,6.51042728780847,52.3095659279002,2.048,0.734
5248,6.5104395129996,52.3095700020987,1.974,0.708
5249,6.51045174142326,52.3095740663491,1.944,0.697
5250,6.51046396984693,52.3095781305995,2.079,0.746
5251,6.5104761982706,52.3095821948499,1.899,0.681
5252,6.51048842669426,52.3095862591003,2.017,0.723
5253,6.51050065511793,52.3095903233507,2.061,0.739
5254,6.5105128835416,52.3095943876011,1.94,0.695
5255,6.51052511196526,52.3095984518515,1.941,0.696
5256,6.51053734038893,52.3096025161019,1.877,0.673
5257,6.5105495688126,52.3096065803523,2.097,0.752
5258,6.51056179723626,52.3096106446027,1.916,0.687
5259,6.51057402565993,52.3096147088531,1.956,0.701
5260,6.5105862540836,52.3096187731035,1.965,0.705
5261,6.51059848250726,52.3096228373539,1.96,0.703
5262,6.51061071093093,52.3096269016043,2.174,0.78
5263,6.5106229393546,52.3096309658547,2.15,0.771
5264,6.51063519205916,52.3096349553812,2.254,0.808
5265,6.51064745978832,52.3096388986699,2.065,0.741
5266,6.51065972751748,52.3096428419586,2.253,0.808
5267,6.51067199524665,52.3096467852472,2.233,0.801
5268,6.51068426297581,52.3096507285359,2.119,0.76
5269,6.51069653070498,52.3096546718246,2.149,0.77
5270,6.51070879843414,52.3096586151133,2.115,0.758
5271,6.5107210661633,52.3096625584019,1.917,0.687
5272,6.51073333389247,52.3096665016906,2.151,0.771
5273,6.51074560162163,52.3096704449793,1.891,0.678
5274,6.51075786935079,52.309674388268,2.028,0.727
5275,6.51077013707996,52.3096783315566,2.094,0.751
5276,6.51078240480912,52.3096822748453,1.833,0.657
5277,6.51079467253828,52.309686218134,2.076,0.744
5278,6.51080694026745,52.3096901614227,1.987,0.713
5279,6.51081920799661,52.3096941047113,1.892,0.678
5280,6.51083147572577,52.309698048,1.96,0.703
5281,6.51084374345494,52.3097019912887,1.911,0.685
5282,6.5108560111841,52.3097059345774,2.008,0.72
5283,6.51086827891326,52.309709877866,2.177,0.781
5284,6.51088054591129,52.3097138234048,2.01,0.721
5285,6.51089281246819,52.3097177703011,1.833,0.657
5286,6.51090507902509,52.3097217171974,1.996,0.716
5287,6.51091734558199,52.3097256640936,2.045,0.733
5288,6.51092961213889,52.3097296109899,2.075,0.744
5289,6.51094187869579,52.3097335578862,1.917,0.687
5290,6.51095414525269,52.3097375047825,1.963,0.704
5291,6.51096641180959,52.3097414516788,1.788,0.641
5292,6.51097867836648,52.3097453985751,1.913,0.686
5293,6.51099094492338,52.3097493454714,2.003,0.718
5294,6.51100321959693,52.3097532673889,2.084,0.747
5295,6.51101549830042,52.3097571769043,1.866,0.669
5296,6.51102777700391,52.3097610864198,1.874,0.672
5297,6.5110400557074,52.3097649959352,1.928,0.691
5298,6.51105233441088,52.3097689054507,2.152,0.772
5299,6.51106461311437,52.3097728149662,2.187,0.784
5300,6.51107689181786,52.3097767244816,1.996,0.716
5301,6.51108917052134,52.3097806339971,1.913,0.686
5302,6.51110144922483,52.3097845435125,2.346,0.841
5303,6.51111372792832,52.309788453028,2.04,0.732
5304,6.51112600663181,52.3097923625434,2.096,0.751
5305,6.51113829602941,52.309796239148,2.12,0.76
5306,6.51115060755585,52.3098000476516,1.825,0.654
5307,6.51116294313827,52.3098037821235,1.973,0.707
5308,6.51117529751378,52.3098074587601,2.01,0.721
5309,6.51118765188929,52.3098111353968,1.862,0.668
5310,6.5112000062648,52.3098148120334,2.033,0.729
5311,6.51121236064031,52.30981848867,2.075,0.744
5312,6.51122471501581,52.3098221653066,2.042,0.732
5313,6.51123706939132,52.3098258419433,2.031,0.728
5314,6.51124942376683,52.3098295185799,2.012,0.721
5315,6.51126177814234,52.3098331952165,2.11,0.757
5316,6.51127413251785,52.3098368718531,2.134,0.765
5317,6.51128648689336,52.3098405484898,1.82,0.653
5318,6.51129884126886,52.3098442251264,1.884,0.676
5319,6.51131119564437,52.309847901763,2.047,0.734
5320,6.51132355001988,52.3098515783996,2.004,0.719
5321,6.51133590439539,52.3098552550363,2.11,0.757
5322,6.5113482587709,52.3098589316729,2.095,0.751
5323,6.51136062744558,52.3098625643042,2.176,0.78
5324,6.51137301957944,52.3098661247403,1.937,0.695
5325,6.51138541171331,52.3098696851765,2.134,0.765
5326,6.51139780384718,52.3098732456127,1.911,0.685
5327,6.51141019598104,52.3098768060489,2.073,0.743
5328,6.51142252558605,52.3098805589161,1.982,0.711
5329,6.51143480666749,52.3098844611135,1.806,0.648
5330,6.51144708774893,52.3098883633109,2.177,0.781
5331,6.51145950574454,52.3098918441581,2.119,0.76
5332,6.51147194268823,52.3098952666932,1.925,0.69
5333,6.51148437963192,52.3098986892282,1.989,0.713
5334,6.5114968165756,52.3099021117632,2.138,0.767
5335,6.51150925351929,52.3099055342983,2.059,0.738
5336,6.51152169046298,52.3099089568333,2.033,0.729
5337,6.51153412740666,52.3099123793683,2.177,0.78
5338,6.51154656435035,52.3099158019034,2.143,0.769
5339,6.51155900129404,52.3099192244384,2.122,0.761
5340,6.51157143823772,52.3099226469735,1.89,0.678
5341,6.51158387518141,52.3099260695085,2.121,0.761
5342,6.5115963121251,52.3099294920435,2.039,0.731
5343,6.51160874906878,52.3099329145786,2.114,0.758
5344,6.51162118601247,52.3099363371136,2.308,0.827
5345,6.51163362295615,52.3099397596486,2.175,0.78
5346,6.51164605989984,52.3099431821837,2.187,0.784
5347,6.51165849684353,52.3099466047187,2.294,0.823
5348,6.51167093378721,52.3099500272537,2.229,0.799
5349,6.5116833707309,52.3099534497888,2.129,0.763
5350,6.51169580767459,52.3099568723238,2.246,0.805
5351,6.51170824461827,52.3099602948588,2.629,0.943
5352,6.51172068156196,52.3099637173939,2.448,0.878
5353,6.51173311850565,52.3099671399289,2.206,0.791
5354,6.51174555544933,52.309970562464,2.35,0.843
5355,6.51175799239302,52.309973984999,2.238,0.802
5356,6.51177042933671,52.309977407534,2.233,0.801
5357,6.51178286628039,52.3099808300691,2.386,0.856
5358,6.51179530322408,52.3099842526041,2.541,0.911
5359,6.51180774016777,52.3099876751391,2.495,0.895
5360,6.51182017711145,52.3099910976742,2.36,0.846
5361,6.51183261405514,52.3099945202092,2.553,0.915
5362,6.51184505099882,52.3099979427442,2.623,0.94
5363,6.51185748794251,52.3100013652793,2.634,0.944
5364,6.5118699248862,52.3100047878143,2.588,0.928
5365,6.51188236182988,52.3100082103493,2.84,1.018
5366,6.51189479877357,52.3100116328844,2.801,1.004
5367,6.51190723779244,52.3100150490331,2.56,0.918
5368,6.51191968240405,52.3100184479703,3.106,1.114
5369,6.51193212701566,52.3100218469074,2.891,1.036
5370,6.51194458220146,52.3100252133028,2.843,1.019
5371,6.51195703772568,52.3100285786567,2.762,0.99
5372,6.51196962457787,52.3100315398519,2.85,1.022
5373,6.51198230739527,52.3100342057165,3.041,1.09
5374,6.51199484244629,52.3100373263286,3.315,1.189
5375,6.51200737749731,52.3100404469406,3.377,1.211
5376,6.51201991254834,52.3100435675527,3.186,1.142
5377,6.51203244759936,52.3100466881647,3.542,1.27
5378,6.51204498265038,52.3100498087768,3.317,1.189
5379,6.5120575177014,52.3100529293889,3.537,1.268
5380,6.51207005275243,52.3100560500009,4.139,1.484
5381,6.51208258780345,52.310059170613,3.547,1.272
5382,6.51209512285447,52.310062291225,3.763,1.349
5383,6.51210765790549,52.3100654118371,3.437,1.232
5384,6.51212019295652,52.3100685324491,3.398,1.219
5385,6.51213272800754,52.3100716530612,3.599,1.29
5386,6.51214526305856,52.3100747736733,3.77,1.352
5387,6.51215779810958,52.3100778942853,3.881,1.392
5388,6.51217033316061,52.3100810148974,3.655,1.311
5389,6.51218286821163,52.3100841355094,3.523,1.263
5390,6.51219540326265,52.3100872561215,3.786,1.358
5391,6.51220793831367,52.3100903767336,3.863,1.385
5392,6.5122204733647,52.3100934973456,4.03,1.445
5393,6.51223300841572,52.3100966179577,3.8,1.363
5394,6.51224554346674,52.3100997385697,3.593,1.288
5395,6.51225807851776,52.3101028591818,3.55,1.273
5396,6.51227061356879,52.3101059797939,3.524,1.264
5397,6.51228314861981,52.3101091004059,3.537,1.268
5398,6.51229568367083,52.310112221018,3.415,1.225
5399,6.51230821872185,52.31011534163,3.857,1.383
5400,6.51232075377288,52.3101184622421,3.312,1.187
5401,6.5123332888239,52.3101215828542,3.358,1.204
5402,6.51234579072618,52.3101248054807,2.99,1.072
5403,6.51235822374776,52.3101282400859,3.692,1.324
5404,6.51237065676934,52.3101316746911,3.45,1.237
5405,6.51238308979092,52.3101351092963,3.149,1.129
5406,6.5123955228125,52.3101385439016,3.318,1.19
5407,6.51240795583408,52.3101419785068,3.201,1.148
5408,6.51242038885566,52.310145413112,3.102,1.112
5409,6.51243282187723,52.3101488477173,2.828,1.014
5410,6.51244525489881,52.3101522823225,2.916,1.046
5411,6.51245768792039,52.3101557169277,2.467,0.885
5412,6.51247012094197,52.3101591515329,2.737,0.982
5413,6.51248267605984,52.3101622103897,2.759,0.989
5414,6.51249529781241,52.3101650641799,2.963,1.062
5415,6.51250791956498,52.31016791797,2.773,0.994
5416,6.51252054131755,52.3101707717601,2.809,1.007
5417,6.51253316307012,52.3101736255503,2.869,1.029
5418,6.51254578482269,52.3101764793404,2.744,0.984
5419,6.51255840657525,52.3101793331305,2.856,1.024
5420,6.51257102832782,52.3101821869206,2.69,0.965
5421,6.51258365008039,52.3101850407108,2.686,0.963
5422,6.51259626980257,52.3101879007494,2.572,0.922
5423,6.51260885991631,52.3101908519072,2.716,0.974
5424,6.51262145003006,52.3101938030651,2.975,1.067
5425,6.51263404014381,52.3101967542229,2.848,1.021
5426,6.51264663025755,52.3101997053808,2.696,0.967
5427,6.5126592203713,52.3102026565386,2.697,0.967
5428,6.51267181048504,52.3102056076965,2.878,1.032
5429,6.51268440059879,52.3102085588543,2.894,1.038
5430,6.51269699071254,52.3102115100122,3.077,1.103
5431,6.51270958082628,52.31021446117,3.06,1.097
5432,6.51272229683802,52.3102170248798,2.822,1.012
5433,6.51273509387247,52.3102193392442,3.281,1.176
5434,6.51274789090692,52.3102216536085,3.363,1.206
5435,6.51276068794136,52.3102239679728,3.374,1.21
5436,6.51277348497581,52.3102262823372,3.023,1.084
5437,6.51278628201026,52.3102285967015,3.329,1.194
5438,6.51279907904471,52.3102309110659,3.263,1.17
5439,6.51281187607916,52.3102332254302,3.639,1.305
5440,6.51282467311361,52.3102355397946,3.491,1.252
5441,6.51283747014806,52.3102378541589,3.262,1.17
5442,6.51285026718251,52.3102401685232,3.612,1.295
5443,6.51286306421695,52.3102424828876,3.572,1.281
5444,6.5128758612514,52.3102447972519,3.725,1.336
5445,6.51288865828585,52.3102471116163,3.369,1.208
5446,6.5129014553203,52.3102494259806,3.653,1.31
5447,6.51291417772236,52.3102519700243,3.61,1.294
5448,6.51292686812617,52.3102546125419,3.879,1.391
5449,6.51293955852997,52.3102572550595,3.708,1.33
5450,6.51295224893378,52.3102598975771,4.01,1.438
5451,6.51296493933758,52.3102625400947,3.885,1.393
5452,6.51297762974139,52.3102651826123,3.783,1.356
5453,6.51299032014519,52.3102678251299,3.565,1.278
5454,6.513003010549,52.3102704676475,3.398,1.218
5455,6.51301570540983,52.3102730964487,3.694,1.325
5456,6.51302841726203,52.3102756729594,3.377,1.211
5457,6.51304112911423,52.31027824947,3.907,1.401
5458,6.51305384096643,52.3102808259807,3.952,1.417
5459,6.51306655281863,52.3102834024914,3.573,1.281
5460,6.51307926467083,52.3102859790021,3.773,1.353
5461,6.51309197652303,52.3102885555127,3.654,1.31
5462,6.51310468837523,52.3102911320234,3.808,1.365
5463,6.51311740022743,52.3102937085341,3.619,1.298
5464,6.51313011207963,52.3102962850448,3.702,1.327
5465,6.51314282393183,52.3102988615554,3.471,1.245
5466,6.51315553578402,52.3103014380661,3.233,1.159
5467,6.51316824763622,52.3103040145768,3.253,1.166
5468,6.51318095948842,52.3103065910875,3.261,1.169
5469,6.51319367134062,52.3103091675981,3.027,1.085
5470,6.51320638319282,52.3103117441088,3.24,1.162
5471,6.51321908510468,52.3103143512106,2.963,1.062
5472,6.5132317085612,52.3103171997569,3.117,1.117
5473,6.51324433201772,52.3103200483031,2.999,1.075
5474,6.51325695547425,52.3103228968494,2.782,0.998
5475,6.51326957893077,52.3103257453956,3.037,1.089
5476,6.51328220238729,52.3103285939419,2.871,1.03
5477,6.5132948283457,52.3103314347886,2.865,1.027
5478,6.51330755377025,52.3103339695307,2.837,1.017
5479,6.5133202791948,52.3103365042728,2.615,0.938
5480,6.51333300461935,52.3103390390149,2.663,0.955
5481,6.5133458072397,52.3103413361888,2.489,0.892
5482,6.51335861758045,52.3103436096033,2.818,1.01
5483,6.5133714279212,52.3103458830178,2.553,0.915
5484,6.51338423826195,52.3103481564323,2.54,0.911
5485,6.5133970486027,52.3103504298469,2.494,0.894
5486,6.51340985894345,52.3103527032614,2.417,0.867
5487,6.5134226692842,52.3103549766759,2.417,0.867
5488,6.51343547962495,52.3103572500904,2.616,0.938
5489,6.5134482899657,52.3103595235049,2.22,0.796
5490,6.51346108499269,52.3103618440472,2.314,0.83
5491,6.51347382768418,52.3103643256507,2.178,0.781
5492,6.51348657037568,52.3103668072542,2.433,0.872
5493,6.51349931306717,52.3103692888576,2.441,0.875
5494,6.51351205575867,52.3103717704611,2.38,0.853
5495,6.51352479845017,52.3103742520646,2.23,0.8
5496,6.51353754114166,52.3103767336681,2.271,0.814
5497,6.51355028383316,52.3103792152715,2.188,0.785
5498,6.51356302510446,52.3103817012456,2.336,0.838
5499,6.51357576467167,52.310384192464,2.151,0.771
5500,6.51358850423888,52.3103866836824,2.292,0.822
5501,6.51360124380609,52.3103891749008,2.276,0.816
5502,6.5136139833733,52.3103916661192,2.224,0.797
5503,6.51362672294051,52.3103941573376,1.985,0.712
5504,6.51363944413325,52.310396705103,2.255,0.809
5505,6.51365216191247,52.3103992633734,2.29,0.821
5506,6.5136648796917,52.3104018216438,2.271,0.814
5507,6.51367759747093,52.3104043799141,2.116,0.759
5508,6.51369031525016,52.3104069381845,1.983,0.711
5509,6.51370303302939,52.3104094964549,2.299,0.824
5510,6.51371575080862,52.3104120547253,2.062,0.739
5511,6.51372846858785,52.3104146129957,2.25,0.807
5512,6.51374118636708,52.3104171712661,2.146,0.769
5513,6.5137539041463,52.3104197295364,2.183,0.783
5514,6.51376662192553,52.3104222878068,2.297,0.824
5515,6.51377933970476,52.3104248460772,2.31,0.828
5516,6.51379205748399,52.3104274043476,2.263,0.811
5517,6.51380477526322,52.310429962618,2.195,0.787
5518,6.51381749304245,52.3104325208884,2.103,0.754
5519,6.51383021082168,52.3104350791588,2.188,0.784
5520,6.5138429286009,52.3104376374291,2.259,0.81
5521,6.51385568620381,52.3104400731431,2.377,0.852
5522,6.51386846371914,52.3104424475771,2.443,0.876
5523,6.51388124123447,52.310444822011,2.365,0.848
5524,6.5138940187498,52.310447196445,1.915,0.687
5525,6.51390679626512,52.310449570879,2.213,0.793
5526,6.51391957378045,52.3104519453129,2.301,0.825
5527,6.51393235129578,52.3104543197469,2.487,0.892
5528,6.51394512881111,52.3104566941809,2.034,0.729
5529,6.51395790632643,52.3104590686149,2.38,0.853
5530,6.51397068384176,52.3104614430488,2.34,0.839
5531,6.51398346135709,52.3104638174828,2.498,0.896
5532,6.51399623887242,52.3104661919168,2.215,0.794
5533,6.51400901638774,52.3104685663507,2.246,0.805
5534,6.51402179390307,52.3104709407847,2.328,0.835
5535,6.5140345714184,52.3104733152187,2.134,0.765
5536,6.51404734893373,52.3104756896527,2.189,0.785
5537,6.51406012644905,52.3104780640866,1.965,0.704
5538,6.51407290396438,52.3104804385206,2.306,0.827
5539,6.51408568147971,52.3104828129546,2.107,0.755
5540,6.51409845899504,52.3104851873885,2.236,0.802
5541,6.51411123651036,52.3104875618225,2.26,0.81
5542,6.51412401402569,52.3104899362565,2.192,0.786
5543,6.51413679154102,52.3104923106904,2.486,0.892
5544,6.51414956905635,52.3104946851244,2.193,0.786
5545,6.51416234657167,52.3104970595584,2.321,0.832
5546,6.514175124087,52.3104994339924,2.227,0.798
5547,6.51418790160233,52.3105018084263,2.392,0.858
5548,6.51420067911766,52.3105041828603,2.376,0.852
5549,6.51421345663298,52.3105065572943,2.174,0.78
5550,6.51422623414831,52.3105089317282,2.216,0.795
5551,6.51423901166364,52.3105113061622,2.215,0.794
5552,6.51425178917897,52.3105136805962,1.973,0.707
5553,6.51426456669429,52.3105160550302,2.085,0.748
5554,6.51427734420962,52.3105184294641,2.206,0.791
5555,6.51429012172495,52.3105208038981,2.236,0.802
5556,6.51430289924028,52.3105231783321,2.49,0.893
5557,6.5143156767556,52.310525552766,2.175,0.78
5558,6.51432845427093,52.3105279272,2.294,0.823
5559,6.51434123178626,52.310530301634,2.328,0.835
5560,6.51435400930159,52.3105326760679,2.102,0.754
5561,6.51436678681691,52.3105350505019,2.253,0.808
5562,6.51437956433224,52.3105374249359,2.123,0.761
5563,6.51439234184757,52.3105397993699,2.324,0.833
5564,6.5144051193629,52.3105421738038,2.129,0.763
5565,6.51441789687822,52.3105445482378,2.377,0.852
5566,6.51443067439355,52.3105469226718,2.376,0.852
5567,6.51444345190888,52.3105492971057,2.248,0.806
5568,6.51445622942421,52.3105516715397,2.11,0.757
5569,6.51446900693953,52.3105540459737,2.132,0.764
5570,6.51448178445486,52.3105564204077,2.066,0.741
5571,6.51449456197019,52.3105587948416,2.219,0.796
5572,6.51450733948552,52.3105611692756,2.12,0.76
5573,6.51452011700084,52.3105635437096,2.301,0.825
5574,6.51453289451617,52.3105659181435,2.098,0.752
5575,6.5145456720315,52.3105682925775,2.475,0.887
5576,6.51455844954683,52.3105706670115,2.036,0.73
5577,6.51457122706215,52.3105730414454,2.241,0.803
5578,6.51458400457748,52.3105754158794,2.307,0.827
5579,6.51459678209281,52.3105777903134,1.949,0.699
5580,6.51460955960814,52.3105801647474,2.285,0.819
5581,6.51462233712347,52.3105825391813,2.452,0.879
5582,6.51463511463879,52.3105849136153,2.102,0.754
5583,6.51464789215412,52.3105872880493,2.338,0.838
5584,6.51466066966945,52.3105896624832,2.446,0.877
5585,6.51467344718478,52.3105920369172,2.339,0.839
5586,6.5146862247001,52.3105944113512,2.265,0.812
5587,6.51469900221543,52.3105967857852,2.421,0.868
5588,6.51471177973076,52.3105991602191,2.114,0.758
5589,6.51472455724609,52.3106015346531,2.236,0.802
5590,6.51473733476141,52.3106039090871,2.195,0.787
5591,6.51475011227674,52.310606283521,2.292,0.822
5592,6.51476288979207,52.310608657955,2.234,0.801
5593,6.51477564864561,52.3106110898202,2.424,0.869
5594,6.51478838628409,52.3106135869742,2.359,0.846
5595,6.51480112392257,52.3106160841282,2.315,0.83
5596,6.51481386156105,52.3106185812822,2.414,0.866
5597,6.51482659919953,52.3106210784362,2.115,0.758
5598,6.51483933683802,52.3106235755902,2.59,0.929
5599,6.51485232643843,52.3106252973374,2.394,0.858
5600,6.51486724378144,52.310621086503,2.04,0.732
5601,6.51488248517175,52.3106158784207,1.992,0.714
5602,6.51489794904368,52.3106099856566,2.326,0.834
5603,6.5149134129156,52.3106040928925,2.025,0.726
5604,6.51492826737485,52.3106000755814,2.273,0.815
5605,6.51494108331926,52.3106023317507,2.249,0.806
5606,6.51495389926368,52.3106045879201,2.199,0.789
5607,6.51496671520809,52.3106068440895,2.324,0.833
5608,6.51497953115251,52.3106091002589,2.473,0.887
5609,6.51499234709692,52.3106113564282,2.052,0.736
5610,6.51500516304134,52.3106136125976,2.277,0.816
5611,6.51501797898575,52.310615868767,2.213,0.793
5612,6.51503079493017,52.3106181249364,2.451,0.879
5613,6.51504361087459,52.3106203811057,2.244,0.805
5614,6.515056426819,52.3106226372751,2.346,0.841
5615,6.51506924276341,52.3106248934445,2.332,0.836
5616,6.51508205870783,52.3106271496139,2.257,0.809
5617,6.51509487465224,52.3106294057832,2.241,0.803
5618,6.51510769059666,52.3106316619526,2.213,0.794
5619,6.51512050654107,52.310633918122,2.166,0.777
5620,6.51513332248549,52.3106361742914,2.063,0.74
5621,6.5151461384299,52.3106384304607,2.391,0.857
5622,6.51515895437432,52.3106406866301,2.307,0.827
5623,6.51517177031873,52.3106429427995,2.187,0.784
5624,6.51518458626315,52.3106451989688,2.19,0.785
5625,6.51519740220756,52.3106474551382,2.159,0.774
5626,6.51521021815198,52.3106497113076,1.988,0.713
5627,6.51522303409639,52.310651967477,2.216,0.795
5628,6.51523585004081,52.3106542236464,2.268,0.813
5629,6.51525026651713,52.3106515542171,2.118,0.76
5630,6.51526422109813,52.3106503062597,2.193,0.786
5631,6.51527701808706,52.3106526207641,2.302,0.826
5632,6.51528981507599,52.3106549352686,2.234,0.801
5633,6.51530261206492,52.310657249773,2.298,0.824
5634,6.51531540905385,52.3106595642774,2.231,0.8
5635,6.51532820604278,52.3106618787818,2.284,0.819
5636,6.51534035579891,52.3106661851297,2.012,0.721
5637,6.51535135561584,52.3106740303879,2.068,0.741
5638,6.5153641425567,52.310676375815,2.25,0.807
5639,6.51537692949757,52.3106787212421,2.337,0.838
5640,6.51538971643844,52.3106810666692,2.102,0.754
5641,6.51540250337931,52.3106834120963,2.343,0.84
5642,6.51541529032018,52.3106857575234,2.323,0.833
5643,6.51542807726104,52.3106881029505,2.324,0.833
5644,6.51544086420191,52.3106904483776,2.15,0.771
5645,6.51545365114278,52.3106927938047,2.135,0.765
5646,6.51546643808365,52.3106951392318,2.19,0.785
5647,6.51547922502452,52.3106974846588,2.221,0.796
5648,6.51549201196538,52.3106998300859,2.194,0.787
5649,6.51550479890625,52.310702175513,2.109,0.756
5650,6.51551758584712,52.3107045209401,2.179,0.781
5651,6.51553037278799,52.3107068663672,1.949,0.699
5652,6.51554315972886,52.3107092117943,2.407,0.863
5653,6.51555594666972,52.3107115572214,2.298,0.824
5654,6.51556873361059,52.3107139026485,2.048,0.734
5655,6.51558152055146,52.3107162480756,2.4,0.86
5656,6.51559430749233,52.3107185935027,2.193,0.786
5657,6.5156070944332,52.3107209389298,2.589,0.928
5658,6.51561988137407,52.3107232843569,2.305,0.826
5659,6.51563266831493,52.310725629784,2.124,0.762
5660,6.5156454552558,52.3107279752111,2.266,0.813
5661,6.51565824219667,52.3107303206382,2.151,0.771
5662,6.51567102913754,52.3107326660653,2.065,0.74
5663,6.51568381607841,52.3107350114924,2.245,0.805
5664,6.51569659337198,52.3107373866088,2.176,0.78
5665,6.5157093073702,52.3107399565151,2.418,0.867
5666,6.51572202136843,52.3107425264215,2.208,0.792
5667,6.51573473536665,52.3107450963278,2.013,0.722
5668,6.51574754320003,52.3107473774587,2.065,0.74
5669,6.51576046259699,52.3107493152553,2.103,0.754
5670,6.51577338199396,52.310751253052,2.239,0.803
5671,6.51578630139092,52.3107531908486,2.251,0.807
5672,6.51579922078789,52.3107551286452,1.998,0.716
5673,6.51581214018485,52.3107570664418,2.28,0.818
5674,6.51582505958182,52.3107590042385,2.07,0.742
5675,6.51583797897878,52.3107609420351,2.28,0.817
5676,6.51585075827703,52.3107633109822,2.217,0.795
5677,6.5158634973496,52.3107658037228,1.98,0.71
5678,6.51587623642217,52.3107682964634,1.97,0.706
5679,6.51588897549475,52.3107707892041,2.283,0.818
5680,6.51590171456732,52.3107732819447,2.327,0.834
5681,6.51591445363989,52.3107757746853,2.038,0.731
5682,6.51592719271246,52.310778267426,1.996,0.716
5683,6.51593993178503,52.3107807601666,2.214,0.794
5684,6.5159526708576,52.3107832529072,2.322,0.833
5685,6.51596540993017,52.3107857456479,2.236,0.802
5686,6.51598021046757,52.3107818942799,2.184,0.783
5687,6.51599429221677,52.3107802549654,2.336,0.838
5688,6.51600706400131,52.3107826470357,1.999,0.717
5689,6.51601983578584,52.3107850391061,2.505,0.898
5690,6.51603260757038,52.3107874311764,2.466,0.884
5691,6.51604537935492,52.3107898232467,2.2,0.789
5692,6.51605815113945,52.3107922153171,2.227,0.799
5693,6.51606992099027,52.3107976908144,2.288,0.82
5694,6.51608100597926,52.3108052739577,2.156,0.773
5695,6.5160936432693,52.3108080799316,2.264,0.812
5696,6.51610628055934,52.3108108859055,2.046,0.733
5697,6.51611907271741,52.3108132152768,2.256,0.809
5698,6.51613186620076,52.3108155405696,2.162,0.775
5699,6.5161446596841,52.3108178658624,2.015,0.723
5700,6.51615745316744,52.3108201911552,1.999,0.717
5701,6.51617024665078,52.3108225164479,2.047,0.734
5702,6.51618304013413,52.3108248417407,2.254,0.808
5703,6.51619583361747,52.3108271670335,2.273,0.815
5704,6.51620862710081,52.3108294923263,2.039,0.731
5705,6.51622142058415,52.3108318176191,2.119,0.76
5706,6.51623421406749,52.3108341429119,2.023,0.725
5707,6.51624700755084,52.3108364682047,2.024,0.726
5708,6.51625980103418,52.3108387934975,2.296,0.823
5709,6.51627259451752,52.3108411187902,2.258,0.81
5710,6.51628538800086,52.310843444083,2.237,0.802
5711,6.51629818148421,52.3108457693758,2.162,0.775
5712,6.51631097496755,52.3108480946686,2.081,0.746
5713,6.51632376845089,52.3108504199614,2.02,0.724
5714,6.51633656193423,52.3108527452542,2.289,0.821
5715,6.51634935541758,52.310855070547,2.429,0.871
5716,6.51636214890092,52.3108573958398,2.283,0.819
5717,6.51637494238426,52.3108597211325,2.323,0.833
5718,6.5163877358676,52.3108620464253,2.141,0.768
5719,6.51640052502092,52.3108643850437,2.152,0.772
5720,6.51641327855321,52.3108668332849,2.364,0.848
5721,6.5164260320855,52.3108692815261,2.254,0.808
5722,6.51643878561779,52.3108717297672,2.194,0.787
5723,6.51645153915009,52.3108741780084,2.201,0.789
5724,6.51646429268238,52.3108766262496,2.477,0.888
5725,6.51647704621467,52.3108790744908,2.401,0.861
5726,6.51648979974696,52.310881522732,2.265,0.812
5727,6.51650255327926,52.3108839709732,2.344,0.841
5728,6.51651530681155,52.3108864192144,2.352,0.843
5729,6.51652806034384,52.3108888674555,2.199,0.789
5730,6.51654080698443,52.3108913369058,2.179,0.781
5731,6.51655355280254,52.3108938088872,2.319,0.832
5732,6.51656629862064,52.3108962808686,2.256,0.809
5733,6.51657904443874,52.31089875285,2.207,0.791
5734,6.51659179025684,52.3109012248315,2.152,0.772
5735,6.51660453607494,52.3109036968129,2.236,0.802
5736,6.51661728189305,52.3109061687943,2.192,0.786
5737,6.51663002771115,52.3109086407757,2.161,0.775
5738,6.51664277352925,52.3109111127572,2.198,0.788
5739,6.51665551934735,52.3109135847386,2.275,0.816
5740,6.51666826516545,52.31091605672,2.086,0.748
5741,6.51668101098356,52.3109185287014,2.006,0.719
5742,6.51669375680166,52.3109210006828,2.432,0.872
5743,6.51670650261976,52.3109234726643,2.149,0.771
5744,6.51671921986823,52.3109260325681,2.246,0.805
5745,6.51673193231286,52.3109286072555,2.308,0.827
5746,6.5167446447575,52.310931181943,2.194,0.787
5747,6.51675735720214,52.3109337566304,2.249,0.806
5748,6.51677012970265,52.3109361464974,2.25,0.807
5749,6.51678291527588,52.3109384961334,2.189,0.785
5750,6.51679570084911,52.3109408457693,2.103,0.754
5751,6.51680848642235,52.3109431954053,2.209,0.792
5752,6.51682271013161,52.310941119212,2.252,0.808
5753,6.51683626480443,52.3109411019625,1.976,0.709
5754,6.51684897541629,52.3109436822902,2.04,0.732
5755,6.51686168602815,52.310946262618,2.011,0.721
5756,6.51687439664002,52.3109488429458,2.282,0.818
5757,6.51688710725188,52.3109514232736,2.265,0.812
5758,6.51689981786374,52.3109540036014,2.14,0.767
5759,6.5169125284756,52.3109565839292,2.373,0.851
5760,6.51692523908747,52.3109591642569,2.203,0.79
5761,6.51693794969933,52.3109617445847,2.082,0.746
5762,6.51695066031119,52.3109643249125,1.995,0.715
5763,6.51696337092305,52.3109669052403,2.332,0.836
5764,6.51697608153492,52.3109694855681,2.008,0.72
5765,6.51698879214678,52.3109720658958,2.135,0.765
5766,6.51700150275864,52.3109746462236,2.142,0.768
5767,6.5170142133705,52.3109772265514,2.234,0.801
5768,6.51702692398236,52.3109798068792,2.095,0.751
5769,6.51703963459423,52.310982387207,2.351,0.843
5770,6.51705234520609,52.3109849675348,2.175,0.78
5771,6.51706505581795,52.3109875478625,2.228,0.799
5772,6.51707689237988,52.310992818058,2.161,0.775
5773,6.5170880916897,52.3110000493816,2.219,0.796
5774,6.51710072389561,52.3110028710019,2.036,0.73
5775,6.51711335610152,52.3110056926221,2.021,0.725
5776,6.51712598830743,52.3110085142423,2.318,0.831
5777,6.51713862051334,52.3110113358625,2.191,0.786
5778,6.51715125271924,52.3110141574828,2.053,0.736
5779,6.51716388492515,52.311016979103,2.253,0.808
5780,6.51717651713106,52.3110198007232,2.227,0.799
5781,6.51718914933697,52.3110226223435,2.269,0.814
5782,6.51720178154288,52.3110254439637,2.237,0.802
5783,6.51721441374879,52.3110282655839,2.266,0.812
5784,6.51722704595469,52.3110310872041,2.322,0.833
5785,6.5172396781606,52.3110339088244,2.163,0.776
5786,6.51725231036651,52.3110367304446,2.106,0.755
5787,6.51726494257242,52.3110395520648,2.0,0.717
5788,6.51727757477833,52.311042373685,1.844,0.661
5789,6.51729020698424,52.3110451953053,2.306,0.827
5790,6.51730283919014,52.3110480169255,2.224,0.797
5791,6.51731547139605,52.3110508385457,1.879,0.674
5792,6.51732806571841,52.3110537767517,1.912,0.685
5793,6.51734064610112,52.3110567578565,2.013,0.722
5794,6.51735322648383,52.3110597389614,2.033,0.729
5795,6.51736580686655,52.3110627200663,2.288,0.82
5796,6.51737838724926,52.3110657011711,2.033,0.729
5797,6.51739097274974,52.3110686665262,2.386,0.856
5798,6.51740356312282,52.3110716168859,1.991,0.714
5799,6.51741615349591,52.3110745672457,1.952,0.7
5800,6.517428743869,52.3110775176054,2.273,0.815
5801,6.51744133424208,52.3110804679651,2.259,0.81
5802,6.51745392461517,52.3110834183249,2.223,0.797
5803,6.51746651498826,52.3110863686846,1.936,0.694
5804,6.51747910536134,52.3110893190443,2.211,0.793
5805,6.51749166155665,52.3110923745854,2.029,0.728
5806,6.51750418621423,52.311095527183,2.132,0.765
5807,6.5175167108718,52.3110986797806,2.154,0.772
5808,6.51752923552938,52.3111018323783,2.126,0.762
5809,6.51754176018695,52.3111049849759,2.092,0.75
5810,6.51755428484453,52.3111081375736,2.142,0.768
5811,6.5175668095021,52.3111112901712,2.077,0.745
5812,6.51757933415968,52.3111144427689,1.849,0.663
5813,6.51759185881725,52.3111175953665,1.885,0.676
5814,6.51760438347483,52.3111207479642,2.021,0.725
5815,6.5176169081324,52.3111239005618,2.266,0.812
5816,6.51762943278998,52.3111270531595,2.0,0.717
5817,6.51764195744755,52.3111302057571,1.836,0.658
5818,6.51765448210513,52.3111333583547,1.999,0.717
5819,6.5176670067627,52.3111365109524,2.224,0.798
5820,6.51767953142028,52.31113966355,2.27,0.814
5821,6.51769205607785,52.3111428161477,1.895,0.679
5822,6.51770458073543,52.3111459687453,1.957,0.702
5823,6.517717105393,52.311149121343,2.278,0.817
5824,6.51772963005058,52.3111522739406,2.161,0.775
5825,6.51774215470815,52.3111554265383,2.043,0.733
5826,6.51775467832544,52.3111585823374,2.125,0.762
5827,6.51776719429307,52.3111617616781,1.978,0.709
5828,6.5177797102607,52.3111649410189,2.145,0.769
5829,6.51779222622833,52.3111681203596,2.077,0.745
5830,6.51780474219596,52.3111712997003,2.198,0.788
5831,6.51781725816358,52.3111744790411,2.364,0.847
5832,6.51782977413121,52.3111776583818,2.055,0.737
5833,6.51784229009884,52.3111808377226,2.081,0.746
5834,6.51785480606647,52.3111840170633,2.366,0.848
5835,6.5178673220341,52.3111871964041,2.28,0.817
5836,6.51787983800173,52.3111903757448,1.983,0.711
5837,6.51789235396936,52.3111935550856,2.161,0.775
5838,6.51790486993699,52.3111967344263,2.158,0.774
5839,6.51791738590462,52.3111999137671,2.069,0.742
5840,6.51792990187224,52.3112030931078,2.134,0.765
5841,6.51794241783987,52.3112062724486,1.884,0.675
5842,6.5179549338075,52.3112094517893,2.289,0.821
5843,6.51796744977513,52.31121263113,2.238,0.803
5844,6.51797996574276,52.3112158104708,2.133,0.765
5845,6.51799248171039,52.3112189898115,2.268,0.813
5846,6.51800499767802,52.3112221691523,2.357,0.845
5847,6.51801743912537,52.3112255778274,2.253,0.808
5848,6.51802982560571,52.3112291556622,2.408,0.863
5849,6.51804221208604,52.311232733497,2.181,0.782
5850,6.51805459856637,52.3112363113318,2.374,0.851
5851,6.5180669850467,52.3112398891666,2.214,0.794
5852,6.51807937152703,52.3112434670014,2.232,0.8
5853,6.51809175800737,52.3112470448362,2.436,0.873
5854,6.5181041444877,52.311250622671,2.46,0.882
5855,6.51811653096803,52.3112542005058,2.242,0.804
5856,6.51812891744836,52.3112577783406,2.58,0.925
5857,6.51814130392869,52.3112613561754,2.211,0.793
5858,6.51815369040903,52.3112649340102,2.404,0.862
5859,6.51816607688936,52.311268511845,2.462,0.883
5860,6.51817846336969,52.3112720896798,2.227,0.799
5861,6.51819155552378,52.3112734958205,2.299,0.824
5862,6.51820476335054,52.3112745459813,2.388,0.856
5863,6.51821759801195,52.3112767445496,2.824,1.012
5864,6.51823161476636,52.311275305255,2.712,0.972
5865,6.51824563152078,52.3112738659604,2.483,0.89
5866,6.5182596482752,52.3112724266657,2.454,0.88
5867,6.51827327869587,52.3112721763039,2.493,0.894
5868,6.51828603153841,52.3112746266678,2.57,0.921
5869,6.51829878438095,52.3112770770317,2.941,1.054
5870,6.51831153722349,52.3112795273956,3.101,1.112
5871,6.51832429006603,52.3112819777595,2.515,0.902
5872,6.51833704997854,52.3112844063657,2.843,1.019
5873,6.51834981180023,52.3112868290965,2.978,1.068
5874,6.51836257362192,52.3112892518272,2.892,1.037
5875,6.51837533544361,52.311291674558,3.013,1.08
5876,6.5183880972653,52.3112940972887,3.452,1.238
5877,6.518400859087,52.3112965200195,3.142,1.127
5878,6.51841362090869,52.3112989427502,3.351,1.202
5879,6.51842638273038,52.311301365481,3.671,1.316
5880,6.51843917447952,52.3113036961108,3.597,1.29
5881,6.5184519814348,52.311305979944,3.641,1.306
5882,6.51846478839008,52.3113082637772,3.396,1.218
5883,6.51847759534536,52.3113105476104,3.863,1.385
5884,6.51849040230064,52.3113128314436,3.395,1.217
5885,6.51850320925592,52.3113151152768,3.888,1.394
5886,6.51851600901612,52.3113174212528,3.518,1.262
5887,6.51852880816841,52.3113197290995,3.461,1.241
5888,6.51854160732069,52.3113220369463,3.372,1.209
5889,6.51855440647298,52.311324344793,3.549,1.272
5890,6.51856720562527,52.3113266526398,3.795,1.361
5891,6.51858000477755,52.3113289604865,3.6,1.291
5892,6.51859280392984,52.3113312683333,3.723,1.335
5893,6.51860560308212,52.31133357618,3.716,1.332
5894,6.51861840223441,52.3113358840268,3.648,1.308
5895,6.51863135641532,52.3113377147766,3.074,1.102
5896,6.51864435080543,52.3113394217837,3.452,1.238
5897,6.51865734519555,52.3113411287907,3.36,1.205
5898,6.51867033958566,52.3113428357977,3.285,1.178
5899,6.51868316395579,52.3113450660371,3.243,1.163
5900,6.51869572907541,52.3113480941138,3.159,1.133
5901,6.51870829419503,52.3113511221905,3.506,1.257
5902,6.51872085931465,52.3113541502671,3.431,1.23
5903,6.51873342443426,52.3113571783438,3.572,1.281
5904,6.51874598955388,52.3113602064205,3.804,1.364
5905,6.5187585546735,52.3113632344972,3.271,1.173
5906,6.51877113224588,52.3113662242508,3.09,1.108
5907,6.51878371879836,52.3113691863683,3.0,1.076
5908,6.51879630535084,52.3113721484859,3.057,1.096
5909,6.51880878499447,52.3113754396129,2.905,1.042
5910,6.51882271383071,52.3113742708843,3.031,1.087
5911,6.51884123754543,52.3113589615274,2.876,1.031
5912,6.51885536155044,52.3113571921716,3.065,1.099
5913,6.51886948555545,52.3113554228158,2.871,1.029
5914,6.5188772288708,52.3113732898796,2.807,1.006
5915,6.5188886953674,52.3113796989423,2.502,0.897
5916,6.5188848411252,52.3114585357256,2.905,1.042
5917,6.51887010897424,52.3115895104258,2.731,0.979
5918,6.51885537682328,52.3117204851259,2.685,0.963
5919,6.5188829544375,52.3116057677483,2.661,0.954
5920,6.51891053205172,52.3114910503706,2.661,0.954
5921,6.51893810966594,52.311376332993,3.044,1.092
5922,6.5189494689774,52.3114241498639,2.627,0.942
5923,6.51895725622351,52.3115042872945,2.777,0.996
5924,6.51896504346962,52.3115844247252,2.565,0.92
5925,6.51897283071573,52.3116645621559,2.903,1.041
5926,6.51898061796184,52.3117446995866,2.416,0.866
5927,6.51900231209315,52.3115466993135,2.695,0.966
5928,6.51901485165067,52.311531790516,2.735,0.981
5929,6.51902739120819,52.3115168817186,2.511,0.9
5930,6.5190399307657,52.3115019729212,2.884,1.034
5931,6.51905246269427,52.3114872167028,2.785,0.999
5932,6.51906502029552,52.3114719470307,2.599,0.932
5933,6.51907643456492,52.311459775076,2.753,0.987
5934,6.51907282355855,52.3114894554738,3.028,1.086
5935,6.51906921255218,52.3115191358716,2.663,0.955
5936,6.51906560154582,52.3115488162695,3.016,1.082
5937,6.51906199053945,52.3115784966673,2.842,1.019
5938,6.51905837953309,52.3116081770651,3.063,1.098
5939,6.51905476852672,52.3116378574629,3.125,1.12
5940,6.51905115752035,52.3116675378608,3.102,1.112
5941,6.51904754651399,52.3116972182586,3.132,1.123
5942,6.51904393550762,52.3117268986564,3.416,1.225
5943,6.51904032450126,52.3117565790543,3.301,1.184
5944,6.51903738690681,52.3117849900435,3.258,1.168
5945,6.51904788919659,52.3117886887072,3.25,1.165
5946,6.51905839148636,52.3117923873709,3.086,1.106
5947,6.51906889377614,52.3117960860345,3.264,1.17
5948,6.51907939606592,52.3117997846982,3.521,1.262
5949,6.5190898983557,52.3118034833618,3.675,1.318
5950,6.51910040064548,52.3118071820255,3.674,1.317
5951,6.51911082800316,52.3118110102552,3.665,1.314
5952,6.51912070902278,52.3118157831658,3.286,1.178
5953,6.51913110939684,52.3118196580533,3.416,1.225
5954,6.51914211465391,52.3118224870292,3.57,1.28
5955,6.51915295963734,52.3118255931365,3.304,1.185
5956,6.51916347212159,52.3118292741728,3.636,1.304
5957,6.51917396618986,52.3118329870523,3.499,1.255
5958,6.51918445678507,52.3118367059372,3.31,1.187
5959,6.51919494738027,52.3118404248221,3.452,1.238
5960,6.51920543797548,52.311844143707,3.335,1.196
5961,6.51921592857069,52.3118478625919,3.22,1.155
5962,6.51922641916589,52.3118515814768,3.719,1.333
5963,6.5192369097611,52.3118553003617,3.719,1.334
5964,6.5192474003563,52.3118590192466,3.442,1.234
5965,6.51925789095151,52.3118627381315,3.375,1.21
5966,6.51926838154672,52.3118664570164,3.43,1.23
5967,6.51927887214192,52.3118701759013,3.515,1.26
5968,6.51928936273713,52.3118738947862,3.304,1.185
5969,6.51929985377806,52.3118776129004,2.828,1.014
5970,6.51931034507821,52.3118813305664,2.727,0.978
5971,6.51932083637836,52.3118850482323,2.965,1.063
5972,6.51933132767851,52.3118887658983,3.133,1.123
5973,6.51934181897866,52.3118924835643,2.933,1.052
5974,6.51935231027881,52.3118962012303,2.578,0.924
5975,6.51936280157897,52.3118999188962,2.719,0.975
5976,6.51937329287912,52.3119036365622,2.849,1.022
5977,6.51938378417927,52.3119073542282,2.575,0.923
5978,6.51939427547942,52.3119110718941,2.923,1.048
5979,6.51940476677957,52.3119147895601,2.692,0.965
5980,6.51941525807972,52.3119185072261,2.71,0.972
5981,6.51942574937987,52.311922224892,2.298,0.824
5982,6.51943624068002,52.311925942558,2.568,0.921
5983,6.51944672726585,52.3119296683756,2.648,0.95
5984,6.51945718552881,52.3119334431666,2.329,0.835
5985,6.51946764379178,52.3119372179576,2.289,0.821
5986,6.51947810205474,52.3119409927487,2.299,0.824
5987,6.5194885603177,52.3119447675397,2.266,0.813
5988,6.51949901858066,52.3119485423307,2.616,0.938
5989,6.51950947684363,52.3119523171218,2.358,0.845
5990,6.51951993510659,52.3119560919128,2.038,0.731
5991,6.51953039336955,52.3119598667038,2.044,0.733
5992,6.51954085163252,52.3119636414949,2.065,0.741
5993,6.51955130989548,52.3119674162859,2.245,0.805
5994,6.51956176815844,52.3119711910769,2.132,0.765
5995,6.51957222642141,52.311974965868,2.035,0.73
5996,6.51958268468437,52.311978740659,2.205,0.791
5997,6.51959314224829,52.3119825166588,2.138,0.767
5998,6.51960357195814,52.3119863408214,2.089,0.749
5999,6.51961400166798,52.311990164984,1.936,0.694
6000,6.51962443137783,52.3119939891466,2.094,0.751
6001,6.51963486108768,52.3119978133092,2.155,0.773
6002,6.51964529079753,52.3120016374718,2.186,0.784
6003,6.51965572050738,52.3120054616345,1.929,0.692
6004,6.51966615021723,52.3120092857971,1.981,0.71
6005,6.51967657992708,52.3120131099597,2.049,0.735
6006,6.51968700963693,52.3120169341223,2.099,0.753
6007,6.51969743934678,52.3120207582849,2.07,0.742
6008,6.51970786905663,52.3120245824475,2.104,0.754
6009,6.51971829876647,52.3120284066102,2.113,0.757
6010,6.51972872847632,52.3120322307728,2.059,0.738
6011,6.51973915818617,52.3120360549354,1.805,0.647
6012,6.51974958789602,52.312039879098,2.118,0.759
6013,6.51976001760587,52.3120437032606,1.763,0.632
6014,6.51977044731572,52.3120475274233,2.191,0.786
6015,6.51978087702557,52.3120513515859,1.949,0.699
6016,6.51979130673542,52.3120551757485,2.265,0.812
6017,6.51980173644527,52.3120589999111,2.019,0.724
6018,6.51981216615512,52.3120628240737,1.878,0.673
6019,6.51982259586497,52.3120666482363,1.887,0.676
6020,6.51983302557482,52.312070472399,2.175,0.78
6021,6.51984345528466,52.3120742965616,1.983,0.711
6022,6.51985388499451,52.3120781207242,2.105,0.755
6023,6.5198638111369,52.3120828156123,1.961,0.703
6024,6.51987338091923,52.3120881266876,2.039,0.731
6025,6.5198837224052,52.3120921033993,2.009,0.72
6026,6.51989474119056,52.3120949089833,1.73,0.62
6027,6.51990530417977,52.3120985026907,1.831,0.657
6028,6.51991558932619,52.31210257682,2.156,0.773
6029,6.5199258744726,52.3121066509492,1.943,0.696
6030,6.51993615961902,52.3121107250785,2.085,0.748
6031,6.51994644476544,52.3121147992078,1.881,0.674
6032,6.51995672991186,52.312118873337,1.982,0.711
6033,6.51996701505828,52.3121229474663,1.868,0.67
6034,6.5199773002047,52.3121270215955,2.051,0.735
6035,6.51998758535111,52.3121310957248,1.884,0.676
6036,6.51999787049753,52.3121351698541,1.956,0.701
6037,6.52000815564395,52.3121392439833,1.947,0.698
6038,6.52001844079037,52.3121433181126,2.026,0.727
6039,6.52002872593679,52.3121473922418,1.904,0.683
6040,6.52003901108321,52.3121514663711,1.887,0.677
6041,6.52004929622962,52.3121555405003,1.933,0.693
6042,6.52005958137604,52.3121596146296,1.85,0.663
6043,6.52006986652246,52.3121636887589,1.82,0.653
6044,6.52008015166888,52.3121677628881,1.96,0.703
6045,6.5200904368153,52.3121718370174,1.91,0.685
6046,6.52010072196172,52.3121759111466,2.101,0.753
6047,6.52011100710813,52.3121799852759,1.86,0.667
6048,6.52012129225455,52.3121840594052,1.797,0.644
6049,6.52013157740097,52.3121881335344,1.943,0.697
6050,6.52014186254739,52.3121922076637,1.828,0.656
6051,6.52015214769381,52.3121962817929,2.115,0.758
6052,6.52016243284023,52.3122003559222,2.181,0.782
6053,6.52017272076006,52.3122044252559,1.923,0.689
6054,6.52018302750683,52.3122084620357,2.09,0.749
6055,6.52019333231797,52.3122125021624,2.067,0.741
6056,6.52020351941779,52.3122167458254,2.211,0.793
6057,6.52021370651761,52.3122209894884,2.125,0.762
6058,6.52022389361743,52.3122252331514,2.053,0.736
6059,6.52023408071724,52.3122294768144,2.013,0.722
6060,6.52024426781706,52.3122337204774,2.033,0.729
6061,6.52025445491688,52.3122379641404,1.884,0.676
6062,6.5202646420167,52.3122422078034,2.009,0.72
6063,6.52027482911652,52.3122464514664,2.06,0.739
6064,6.52028501621633,52.3122506951294,2.163,0.776
6065,6.52029520331615,52.3122549387924,1.998,0.716
6066,6.52030539041597,52.3122591824554,1.928,0.691
6067,6.52031557751579,52.3122634261184,2.128,0.763
6068,6.52032576461561,52.3122676697814,1.911,0.685
6069,6.52033595171543,52.3122719134444,2.203,0.79
6070,6.52034613881524,52.3122761571074,2.276,0.816
6071,6.52035633143694,52.3122803912225,2.108,0.756
6072,6.52036653373563,52.3122846086049,2.071,0.742
6073,6.52037671499741,52.3122888623625,1.839,0.66
6074,6.52038689603654,52.3122931165051,2.237,0.802
6075,6.52039707707567,52.3122973706478,1.946,0.698
6076,6.52040725811479,52.3123016247904,1.957,0.702
6077,6.52041743915392,52.312305878933,1.886,0.676
6078,6.52042762019305,52.3123101330756,2.097,0.752
6079,6.52043780123218,52.3123143872183,1.969,0.706
6080,6.5204479822713,52.3123186413609,1.932,0.693
6081,6.52045816331043,52.3123228955035,2.032,0.729
6082,6.52046834434956,52.3123271496461,2.234,0.801
6083,6.52047852538869,52.3123314037888,1.994,0.715
6084,6.52048870642781,52.3123356579314,1.856,0.666
6085,6.52049888746694,52.312339912074,1.904,0.683
6086,6.52050906850607,52.3123441662166,1.934,0.694
6087,6.52051924954519,52.3123484203593,1.854,0.665
6088,6.52052943058432,52.3123526745019,1.958,0.702
6089,6.52053961162345,52.3123569286445,2.011,0.721
6090,6.52054979266258,52.3123611827871,1.974,0.708
6091,6.5205599737017,52.3123654369298,1.984,0.711
6092,6.52057015474083,52.3123696910724,1.985,0.712
6093,6.52058029235738,52.3123740202976,1.926,0.69
6094,6.52059032216252,52.312378535941,1.848,0.663
6095,6.52060035196766,52.3123830515844,2.052,0.736
6096,6.5206103817728,52.3123875672279,1.862,0.668
6097,6.52062123445794,52.312390660018,2.103,0.754
6098,6.52063201239042,52.312393882064,1.997,0.716
6099,6.52064238257921,52.3123978091453,1.842,0.66
6100,6.52065247191345,52.3124022218562,2.142,0.768
6101,6.52066256124769,52.312406634567,2.106,0.755
6102,6.52067265058192,52.3124110472778,1.906,0.684
6103,6.52068273991616,52.3124154599886,2.095,0.751
6104,6.5206928292504,52.3124198726995,1.995,0.715
6105,6.52070291858464,52.3124242854103,2.085,0.748
6106,6.52071300791888,52.3124286981211,2.009,0.72
6107,6.52072309725312,52.3124331108319,2.099,0.753
6108,6.52073318658736,52.3124375235428,1.828,0.655
6109,6.5207432759216,52.3124419362536,1.854,0.665
6110,6.52075336525584,52.3124463489644,1.987,0.712
6111,6.52076345459008,52.3124507616752,1.999,0.717
6112,6.52077354392431,52.3124551743861,2.265,0.812
6113,6.52078363325855,52.3124595870969,2.073,0.743
6114,6.52079372259279,52.3124639998077,1.993,0.715
6115,6.52080381192703,52.3124684125185,1.945,0.697
6116,6.52081390126127,52.3124728252294,2.22,0.796
6117,6.52082399059551,52.3124772379402,1.934,0.693
6118,6.52083408348576,52.3124816445023,2.068,0.741
6119,6.52084419622337,52.312486016746,2.215,0.794
6120,6.52085430896098,52.3124903889897,1.834,0.657
6121,6.5208644216986,52.3124947612334,1.899,0.681
6122,6.52087453443621,52.3124991334772,1.998,0.717
6123,6.52088464717383,52.3125035057209,2.019,0.724
6124,6.52089475991144,52.3125078779646,1.83,0.656
6125,6.52090487264906,52.3125122502083,1.866,0.669
6126,6.52091493822326,52.312516704003,1.849,0.663
6127,6.52092492686358,52.312521290825,2.236,0.802
6128,6.5209349155039,52.3125258776471,2.006,0.719
6129,6.52094490206216,52.3125304680693,2.043,0.732
6130,6.5209548861763,52.3125350627177,2.027,0.727
6131,6.52096487029045,52.312539657366,1.971,0.707
6132,6.52097485440459,52.3125442520144,1.796,0.644
6133,6.52098483851874,52.3125488466628,1.975,0.708
6134,6.52099482263288,52.3125534413111,1.958,0.702
6135,6.52100480674703,52.3125580359595,1.972,0.707
6136,6.52101479086117,52.3125626306078,1.872,0.671
6137,6.52102477497532,52.3125672252562,2.04,0.732
6138,6.52103475908946,52.3125718199045,2.171,0.778
6139,6.52104474320361,52.3125764145529,1.977,0.709
6140,6.52105472731775,52.3125810092012,2.148,0.77
6141,6.5210647114319,52.3125856038496,2.007,0.72
6142,6.52107469554604,52.3125901984979,2.087,0.748
6143,6.52108467966019,52.3125947931463,2.042,0.732
6144,6.52109466377433,52.3125993877946,1.925,0.69
6145,6.52110464788848,52.312603982443,2.019,0.724
6146,6.52111463200262,52.3126085770914,1.973,0.708
6147,6.52112461611677,52.3126131717397,2.133,0.765
6148,6.52113460023091,52.3126177663881,2.035,0.73
6149,6.52114458434506,52.3126223610364,1.901,0.682
6150,6.52115456845921,52.3126269556848,2.053,0.736
6151,6.5211645387706,52.3126315741997,1.944,0.697
6152,6.52117450374842,52.3126362019369,2.202,0.789
6153,6.52118446872624,52.3126408296741,1.935,0.694
6154,6.52119443370406,52.3126454574114,2.083,0.747
6155,6.52120439868188,52.3126500851486,2.076,0.744
6156,6.5212143636597,52.3126547128859,1.986,0.712
6157,6.52122432863752,52.3126593406231,2.058,0.738
6158,6.52123429361534,52.3126639683603,1.983,0.711
6159,6.52124425859316,52.3126685960976,1.964,0.704
6160,6.52125422357098,52.3126732238348,2.156,0.773
6161,6.5212641885488,52.312677851572,1.755,0.629
6162,6.52127415352662,52.3126824793093,1.892,0.678
6163,6.52128411850445,52.3126871070465,2.0,0.717
6164,6.52129408348227,52.3126917347838,2.109,0.756
6165,6.52130404846009,52.312696362521,2.115,0.758
6166,6.52131401343791,52.3127009902583,1.915,0.687
6167,6.52132397841573,52.3127056179955,2.125,0.762
6168,6.52133394339355,52.3127102457327,1.964,0.704
6169,6.52134390837137,52.31271487347,1.966,0.705
6170,6.52135387334919,52.3127195012072,2.019,0.724
6171,6.52136383832701,52.3127241289444,2.17,0.778
6172,6.52137380330483,52.3127287566817,1.942,0.696
6173,6.52138376828265,52.3127333844189,2.008,0.72
6174,6.52139373326047,52.3127380121562,1.778,0.638
6175,6.52140367411423,52.3127426816067,2.063,0.74
6176,6.52141359362798,52.3127473879565,1.852,0.664
6177,6.52142351314172,52.3127520943063,2.125,0.762
6178,6.52143343265547,52.3127568006561,1.893,0.679
6179,6.52144335216921,52.3127615070059,1.996,0.716
6180,6.52145327168296,52.3127662133557,1.961,0.703
6181,6.52146319119671,52.3127709197055,1.835,0.658
6182,6.52147308340564,52.3127756732684,2.099,0.753
6183,6.52148292501943,52.3127805143161,2.047,0.734
6184,6.52149276663322,52.3127853553638,1.892,0.678
6185,6.52150260824701,52.3127901964115,2.146,0.769
6186,6.5215124498608,52.3127950374592,2.011,0.721
6187,6.52152229147459,52.3127998785069,1.826,0.655
6188,6.52153213325272,52.3128047192705,1.955,0.701
6189,6.52154197628352,52.312809557868,2.041,0.732
6190,6.52155181931432,52.3128143964655,2.083,0.747
6191,6.52156166234512,52.3128192350631,2.117,0.759
6192,6.52157150537592,52.3128240736606,2.13,0.764
6193,6.52158134840672,52.3128289122581,1.947,0.698
6194,6.52159119143751,52.3128337508557,1.913,0.686
6195,6.52160103446831,52.3128385894532,1.979,0.71
6196,6.52161087749911,52.3128434280507,2.238,0.802
6197,6.52162072052991,52.3128482666483,2.131,0.764
6198,6.52163056356071,52.3128531052458,1.876,0.673
6199,6.52164040659151,52.3128579438433,1.869,0.67
6200,6.52165024962231,52.3128627824409,1.959,0.702
6201,6.5216600926531,52.3128676210384,1.951,0.7
6202,6.5216699356839,52.3128724596359,2.139,0.767
6203,6.52167977267178,52.3128773086824,1.973,0.707
6204,6.52168960345728,52.3128821684534,1.876,0.673
6205,6.52169943424279,52.3128870282244,1.941,0.696
6206,6.52170926502829,52.3128918879955,2.063,0.74
6207,6.52171909581379,52.3128967477665,1.992,0.714
6208,6.5217289265993,52.3129016075376,2.075,0.744
6209,6.52173874899471,52.312906481816,1.952,0.7
6210,6.52174848794451,52.3129115003815,1.998,0.716
6211,6.52175822689432,52.3129165189469,1.938,0.695
6212,6.52176796584412,52.3129215375123,1.914,0.686
6213,6.52177770479393,52.3129265560778,1.914,0.686
6214,6.52178744374373,52.3129315746432,2.182,0.782
6215,6.52179718269354,52.3129365932086,2.0,0.717
6216,6.52180692164334,52.312941611774,2.131,0.764
6217,6.52181666059315,52.3129466303395,2.161,0.775
6218,6.52182639954295,52.3129516489049,1.915,0.686
6219,6.52183613849276,52.3129566674703,1.958,0.702
6220,6.52184587744256,52.3129616860358,2.029,0.727
6221,6.52185561639237,52.3129667046012,1.819,0.652
6222,6.52186535534217,52.3129717231666,2.221,0.797
6223,6.52187509429198,52.312976741732,1.876,0.673
6224,6.52188483614159,52.3129817552834,1.993,0.715
6225,6.52189458025587,52.3129867649188,2.064,0.74
6226,6.52190432437015,52.3129917745543,2.036,0.73
6227,6.52191406848443,52.3129967841897,2.338,0.838
6228,6.52192381259872,52.3130017938252,1.892,0.678
6229,6.521933556713,52.3130068034607,1.921,0.689
6230,6.5219432597999,52.3130118840371,2.163,0.776
6231,6.52195291946945,52.3130170396872,1.974,0.708
6232,6.521962579139,52.3130221953372,2.075,0.744
6233,6.52197223880855,52.3130273509872,2.078,0.745
6234,6.52198189847809,52.3130325066372,2.04,0.732
6235,6.52199155814764,52.3130376622873,1.846,0.662
6236,6.52200126276996,52.3130427402088,2.057,0.738
6237,6.52201113995305,52.3130475197532,1.932,0.693
6238,6.52202101713614,52.3130522992975,2.122,0.761
6239,6.52203089431923,52.3130570788418,1.986,0.712
6240,6.52204075339364,52.3130618896981,1.905,0.683
6241,6.522050395718,52.3130670753399,2.055,0.737
6242,6.52206003804236,52.3130722609818,1.947,0.698
6243,6.52206968036672,52.3130774466236,2.05,0.735
6244,6.52207932269107,52.3130826322655,2.27,0.814
6245,6.52208896501543,52.3130878179073,1.853,0.664
6246,6.52209860733979,52.3130930035491,2.252,0.807
6247,6.52210824966415,52.313098189191,2.256,0.809
6248,6.5221178919885,52.3131033748328,2.005,0.719
6249,6.52212753431286,52.3131085604746,1.827,0.655
6250,6.52213717663722,52.3131137461165,2.205,0.791
6251,6.52214681896157,52.3131189317583,1.897,0.68
6252,6.52215646128593,52.3131241174001,2.285,0.819
6253,6.5221660998584,52.3131293095294,1.946,0.698
6254,6.52217573634226,52.3131345052701,2.007,0.72
6255,6.52218537282611,52.3131397010109,2.042,0.732
6256,6.52219500930997,52.3131448967516,1.988,0.713
6257,6.52220464579382,52.3131500924923,2.163,0.776
6258,6.52221428227767,52.3131552882331,2.036,0.73
6259,6.52222391876153,52.3131604839738,2.025,0.726
6260,6.52223355524538,52.3131656797145,2.05,0.735
6261,6.52224319110116,52.3131708765413,2.09,0.749
6262,6.52225282460578,52.3131760774334,2.007,0.72
6263,6.5222624581104,52.3131812783256,2.235,0.801
6264,6.52227209161502,52.3131864792178,2.042,0.732
6265,6.52228172511964,52.3131916801099,1.844,0.661
6266,6.52229135862426,52.3131968810021,1.985,0.712
6267,6.52230099212888,52.3132020818943,1.871,0.671
6268,6.5223106256335,52.3132072827864,2.175,0.78
6269,6.52232025913812,52.3132124836786,2.162,0.775
6270,6.52232989264274,52.3132176845708,2.275,0.816
6271,6.52233952614736,52.3132228854629,2.025,0.726
6272,6.52234915965199,52.3132280863551,2.176,0.78
6273,6.52235879315661,52.3132332872473,2.111,0.757
6274,6.52236842666123,52.3132384881394,2.339,0.839
6275,6.52237801548557,52.3132437662889,2.074,0.744
6276,6.52238760110274,52.3132490499839,1.942,0.696
6277,6.5223971867199,52.3132543336789,1.987,0.713
6278,6.52240677233707,52.313259617374,1.998,0.717
6279,6.52241635795423,52.313264901069,1.929,0.692
6280,6.52242594357139,52.313270184764,2.1,0.753
6281,6.52243552918856,52.3132754684591,2.006,0.719
6282,6.52244510604887,52.3132807672957,1.971,0.707
6283,6.52245467752266,52.3132860754462,2.156,0.773
6284,6.52246424899646,52.3132913835967,2.145,0.769
6285,6.52247382047026,52.3132966917473,2.192,0.786
6286,6.52248339194406,52.3133019998978,2.054,0.736
6287,6.52249296341786,52.3133073080483,2.156,0.773
6288,6.52250253489166,52.3133126161988,2.09,0.749
6289,6.52251210636546,52.3133179243494,1.985,0.712
6290,6.52252167783926,52.3133232324999,2.233,0.801
6291,6.52253124931306,52.3133285406504,2.186,0.784
6292,6.52254082078686,52.3133338488009,2.249,0.806
6293,6.52255039226065,52.3133391569514,1.992,0.714
6294,6.52255996373445,52.313344465102,2.235,0.801
6295,6.52256953520825,52.3133497732525,2.161,0.775
6296,6.52257910668205,52.313355081403,2.16,0.774
6297,6.52258867815585,52.3133603895535,2.15,0.771
6298,6.52259824962965,52.3133656977041,1.923,0.69
6299,6.52260782110345,52.3133710058546,1.965,0.705
6300,6.52261739257725,52.3133763140051,2.131,0.764
6301,6.52262642058267,52.3133825618744,2.022,0.725
6302,6.52263528344291,52.3133890952984,1.862,0.668
6303,6.52264480927768,52.3133944823641,2.19,0.785
6304,6.52265459061337,52.3133994276395,2.004,0.718
6305,6.5226643699418,52.3134043763856,2.156,0.773
6306,6.52267414927024,52.3134093251318,1.954,0.7
6307,6.52268373692109,52.3134146053104,2.063,0.74
6308,6.52269318171501,52.3134201325048,2.071,0.743
6309,6.52270262650892,52.3134256596993,2.011,0.721
6310,6.52271207130284,52.3134311868938,1.995,0.715
6311,6.52272151609675,52.3134367140883,1.902,0.682
6312,6.52273096089067,52.3134422412827,1.894,0.679
6313,6.52274040568458,52.3134477684772,2.156,0.773
6314,6.5227498504785,52.3134532956717,1.943,0.697
6315,6.52275929527242,52.3134588228662,1.989,0.713
6316,6.52276874006633,52.3134643500606,2.071,0.743
6317,6.52277817960063,52.3134698863496,1.76,0.631
6318,6.5227876185663,52.3134754236218,2.262,0.811
6319,6.52279706636042,52.3134809456285,1.777,0.637
6320,6.52280650347464,52.3134864861021,2.181,0.782
6321,6.52281593433537,52.3134920373886,2.073,0.743
6322,6.52282538802611,52.3134975491995,2.013,0.722
6323,6.52283484171685,52.3135030610103,1.895,0.68
6324,6.52284427280199,52.3135086119088,2.226,0.798
6325,6.52285369428029,52.3135141794186,2.099,0.752
6326,6.52286314106697,52.3135197031674,2.132,0.764
6327,6.5228725993143,52.3135252070994,2.217,0.795
6328,6.52288205756163,52.3135307110314,2.001,0.717
6329,6.52289149838935,52.3135362450838,2.054,0.736
6330,6.52290089426257,52.3135418568678,1.808,0.648
6331,6.5229102867489,52.313547474508,2.082,0.747
6332,6.5229196671527,52.3135531130403,1.88,0.674
6333,6.5229290475565,52.3135587515727,2.238,0.803
6334,6.52293842796029,52.313564390105,2.063,0.74
6335,6.52294783951472,52.3135699747743,2.007,0.72
6336,6.5229572284832,52.3135755984973,1.969,0.706
6337,6.52296661745168,52.3135812222203,2.141,0.768
6338,6.52297600642016,52.3135868459433,1.97,0.706
6339,6.52298539538864,52.3135924696664,1.889,0.677
6340,6.52299478325677,52.313598095292,2.002,0.718
6341,6.52300416792932,52.3136037264432,1.783,0.639
6342,6.52301355260186,52.3136093575944,2.085,0.748
6343,6.5230229372744,52.3136149887455,2.086,0.748
6344,6.52303232194694,52.3136206198967,2.114,0.758
6345,6.52304170661948,52.3136262510479,2.107,0.756
6346,6.52305109129203,52.3136318821991,1.977,0.709
6347,6.52306047596457,52.3136375133502,1.993,0.715
6348,6.52306986063711,52.3136431445014,2.061,0.739
6349,6.52307924530965,52.3136487756526,1.902,0.682
6350,6.52308862998219,52.3136544068038,2.038,0.731
6351,6.52309801465474,52.3136600379549,2.011,0.721
6352,6.52310739932728,52.3136656691061,2.132,0.764
6353,6.52311678399982,52.3136713002573,2.147,0.77
6354,6.52312616867236,52.3136769314085,1.999,0.717
6355,6.52313553532926,52.3136825937108,1.939,0.695
6356,6.52314489629898,52.3136882658468,2.191,0.785
6357,6.52315425726869,52.3136939379829,2.195,0.787
6358,6.52316361823841,52.3136996101189,1.975,0.708
6359,6.52317297920813,52.313705282255,2.023,0.725
6360,6.52318234017785,52.3137109543911,2.108,0.756
6361,6.52319170114756,52.3137166265271,2.247,0.806
6362,6.52320106211728,52.3137222986632,1.939,0.695
6363,6.523210423087,52.3137279707992,2.164,0.776
6364,6.52321978405672,52.3137336429353,2.066,0.741
6365,6.52322914502643,52.3137393150714,1.846,0.662
6366,6.52323850599615,52.3137449872074,2.011,0.721
6367,6.52324786696587,52.3137506593435,2.159,0.774
6368,6.52325722793559,52.3137563314795,2.186,0.784
6369,6.5232665889053,52.3137620036156,2.056,0.737
6370,6.52327591797346,52.3137677309131,2.163,0.776
6371,6.52328523955705,52.3137734711523,2.168,0.777
6372,6.52329468033602,52.313779005289,2.057,0.737
6373,6.52330416092819,52.3137844705842,1.943,0.697
6374,6.52331364152036,52.3137899358794,2.089,0.749
6375,6.52332312211254,52.3137954011747,2.141,0.768
6376,6.523332581577,52.3138009030021,1.962,0.703
6377,6.52334190788515,52.3138066350719,1.968,0.706
6378,6.5233512341933,52.3138123671418,1.975,0.708
6379,6.52336056050146,52.3138180992116,2.072,0.743
6380,6.52336988680961,52.3138238312815,2.062,0.739
6381,6.52337894462021,52.3138300276142,2.032,0.729
6382,6.52338812865755,52.3138360056865,2.0,0.717
6383,6.52339881349405,52.3138393887061,1.902,0.682
6384,6.52340878375265,52.3138440073123,1.78,0.638
6385,6.52341740204357,52.3138509636246,1.995,0.715
6386,6.52342602033449,52.3138579199369,1.879,0.674
6387,6.52343463862541,52.3138648762492,2.187,0.784
6388,6.52344377868749,52.3138709303597,2.031,0.728
6389,6.52345300251589,52.3138768396287,2.163,0.776
6390,6.5234622263443,52.3138827488977,2.155,0.773
6391,6.52347145017271,52.3138886581668,1.905,0.683
6392,6.52348067400112,52.3138945674358,2.0,0.717
6393,6.52348989782953,52.3139004767048,1.935,0.694
6394,6.52349912165793,52.3139063859738,2.13,0.764
6395,6.52350834561172,52.313912295026,1.932,0.693
6396,6.52351757172578,52.3139182003429,1.908,0.684
6397,6.52352679783983,52.3139241056597,1.858,0.666
6398,6.52353602395389,52.3139300109766,1.849,0.663
6399,6.52354525006794,52.3139359162934,1.898,0.68
6400,6.523554476182,52.3139418216103,1.949,0.699
6401,6.52356370229606,52.3139477269272,2.067,0.741
6402,6.52357292841011,52.313953632244,1.97,0.706
6403,6.52358215452417,52.3139595375609,2.031,0.728
6404,6.52359138063822,52.3139654428778,1.906,0.683
6405,6.52360060675228,52.3139713481946,2.222,0.797
6406,6.52360983286634,52.3139772535115,1.897,0.68
6407,6.52361905898039,52.3139831588283,1.89,0.678
6408,6.52362828509445,52.3139890641452,1.826,0.655
6409,6.5236375112085,52.3139949694621,2.012,0.721
6410,6.52364683700591,52.3140007024151,2.038,0.731
6411,6.52365623727646,52.3140063065955,2.178,0.781
6412,6.52366564409818,52.3140118994482,1.863,0.668
6413,6.52367505695218,52.3140174818705,1.938,0.695
6414,6.52368447060897,52.3140230629046,1.825,0.654
6415,6.52369388426576,52.3140286439387,1.956,0.701
6416,6.52370329792255,52.3140342249728,1.812,0.65
6417,6.52371271157934,52.3140398060069,2.027,0.727
6418,6.52372202714651,52.3140455566491,1.974,0.708
6419,6.52373132139105,52.3140513441606,1.682,0.603
6420,6.52374061563558,52.3140571316721,2.185,0.783
6421,6.5237499110856,52.3140629170992,1.764,0.633
6422,6.52375920718806,52.3140687013982,2.289,0.821
6423,6.52376850329052,52.3140744856971,2.302,0.825
6424,6.52377779939298,52.314080269996,1.999,0.717
6425,6.52378709549544,52.314086054295,2.142,0.768
6426,6.5237963915979,52.3140918385939,1.903,0.682
6427,6.52380568770036,52.3140976228929,2.141,0.768
6428,6.52381498380282,52.3141034071918,2.001,0.717
6429,6.5238242801492,52.314109191069,2.015,0.723
6430,6.52383357661638,52.3141149747373,1.857,0.666
6431,6.52384287308357,52.3141207584055,1.934,0.693
6432,6.52385216955076,52.3141265420738,1.994,0.715
6433,6.52386146601795,52.3141323257421,2.06,0.739
6434,6.52387076248514,52.3141381094104,2.141,0.768
6435,6.52388005895233,52.3141438930787,1.988,0.713
6436,6.52388935541952,52.314149676747,1.898,0.68
6437,6.52389865188671,52.3141554604152,1.949,0.699
6438,6.52390787307103,52.3141613742562,2.078,0.745
6439,6.52391706616429,52.3141673366697,1.97,0.706
6440,6.52392625925755,52.3141732990833,2.065,0.741
6441,6.5239354523508,52.3141792614969,2.292,0.822
6442,6.52394464544406,52.3141852239105,1.957,0.702
6443,6.52395383853732,52.3141911863241,1.993,0.715
6444,6.52396303163058,52.3141971487377,1.865,0.669
6445,6.52397222905439,52.3142031036632,1.897,0.68
6446,6.52398144444343,52.3142090275249,2.129,0.763
6447,6.52399065921634,52.3142149524519,1.932,0.693
6448,6.52399985800157,52.3142209050234,2.216,0.795
6449,6.5240090567868,52.3142268575949,1.919,0.688
6450,6.52401825557203,52.3142328101664,2.052,0.736
6451,6.52402745435727,52.3142387627379,1.987,0.713
6452,6.5240366531425,52.3142447153094,2.002,0.718
6453,6.52404583539181,52.3142506964734,2.042,0.732
6454,6.52405504576422,52.3142566290094,2.355,0.844
6455,6.52406432103056,52.3142624493364,1.984,0.711
6456,6.5240735962969,52.3142682696633,1.951,0.699
6457,6.52408287156324,52.3142740899903,2.049,0.735
6458,6.52409214682958,52.3142799103173,1.879,0.674
6459,6.52410142209592,52.3142857306442,2.156,0.773
6460,6.52411067675783,52.3142915865986,1.921,0.689
6461,6.52411992528783,52.3142974531557,2.015,0.722
6462,6.52412917381783,52.3143033197129,2.029,0.727
6463,6.52413842234783,52.31430918627,2.062,0.739
6464,6.52414767087783,52.3143150528271,1.988,0.713
6465,6.52415691940784,52.3143209193843,1.886,0.676
6466,6.52416616793784,52.3143267859414,2.136,0.766
6467,6.52417545515563,52.314332585603,1.909,0.684
6468,6.5241847528865,52.3143383670862,2.052,0.736
6469,6.52419405061737,52.3143441485694,1.961,0.703
6470,6.52420334834823,52.3143499300527,1.868,0.67
6471,6.5242126460791,52.3143557115359,2.083,0.747
6472,6.52422194380997,52.3143614930191,1.8,0.646
6473,6.52423124154083,52.3143672745024,1.802,0.646
6474,6.5242405392717,52.3143730559856,1.98,0.71
6475,6.52424983700257,52.3143788374689,2.019,0.724
6476,6.52425913473343,52.3143846189521,2.005,0.719
6477,6.5242684324643,52.3143904004353,1.958,0.702
6478,6.52427773019517,52.3143961819186,1.838,0.659
6479,6.52428702792603,52.3144019634018,2.008,0.72
6480,6.5242963313652,52.3144077350148,1.959,0.702
6481,6.52430563627627,52.3144135040826,1.888,0.677
6482,6.52431494118735,52.3144192731504,1.945,0.697
6483,6.52432424609843,52.3144250422183,1.899,0.681
6484,6.52433355049684,52.3144308121726,1.94,0.696
6485,6.5243428481758,52.3144365937456,1.919,0.688
6486,6.52435214585475,52.3144423753186,1.949,0.699
6487,6.52436144044465,52.3144481622329,1.852,0.664
6488,6.52437071977319,52.3144539755358,1.996,0.716
6489,6.52437998736937,52.3144598091254,1.894,0.679
6490,6.52438925496555,52.3144656427149,1.685,0.604
6491,6.52439852256173,52.3144714763045,1.833,0.657
6492,6.52440779015791,52.314477309894,1.792,0.643
6493,6.52441705775409,52.3144831434836,1.901,0.682
6494,6.52442632535027,52.3144889770731,1.762,0.632
6495,6.52443559294645,52.3144948106627,1.942,0.696
6496,6.52444486054263,52.3145006442522,1.96,0.703
6497,6.52445412813881,52.3145064778417,1.848,0.663
6498,6.52446339573499,52.3145123114313,1.902,0.682
6499,6.52447266333117,52.3145181450208,1.966,0.705
6500,6.52448193092735,52.3145239786104,2.054,0.737
6501,6.52449119852353,52.3145298121999,2.207,0.791
6502,6.52450046611971,52.3145356457895,2.209,0.792
6503,6.52450973371589,52.314541479379,1.848,0.662
6504,6.52451891699627,52.3145474587602,2.005,0.719
6505,6.52452809049993,52.3145534550464,1.997,0.716
6506,6.52453727067001,52.3145594398056,1.982,0.711
6507,6.52454646918521,52.3145653928441,2.067,0.741
6508,6.5245556677004,52.3145713458825,1.899,0.681
6509,6.5245648662156,52.314577298921,2.274,0.815
6510,6.52457406473079,52.3145832519594,1.847,0.662
6511,6.52458326324599,52.3145892049978,1.979,0.71
6512,6.52459246848706,52.3145951464065,1.834,0.657
6513,6.52460170726225,52.3146010298308,1.935,0.694
6514,6.52461094603745,52.3146069132551,2.007,0.72
6515,6.52462018481265,52.3146127966794,1.705,0.611
6516,6.52462942358784,52.3146186801037,1.845,0.662
6517,6.52463866236304,52.314624563528,1.78,0.638
6518,6.52464790113823,52.3146304469523,1.782,0.639
6519,6.52465713991343,52.3146363303766,1.868,0.67
6520,6.52466637868863,52.3146422138009,1.899,0.681
6521,6.52467561746382,52.3146480972252,1.956,0.701
6522,6.5246847895655,52.3146540959357,1.839,0.66
6523,6.52469401048487,52.3146600102347,1.88,0.674
6524,6.52470326734412,52.3146658623897,1.854,0.665
6525,6.52471252420337,52.3146717145446,2.108,0.756
6526,6.52472178106262,52.3146775666995,1.885,0.676
6527,6.52473103792187,52.3146834188544,1.887,0.677
6528,6.52474043547007,52.3146890277421,1.792,0.642
6529,6.52474984512962,52.3146946156879,1.971,0.707
6530,6.52475925478917,52.3147002036337,1.874,0.672
6531,6.52476866444872,52.3147057915795,2.082,0.747
6532,6.52477801721426,52.3147114779015,1.786,0.64
6533,6.52478735635163,52.3147171877882,1.961,0.703
6534,6.524796695489,52.3147228976749,2.027,0.727
6535,6.52480603462637,52.3147286075615,1.763,0.632
6536,6.52481537376374,52.3147343174482,2.36,0.846
6537,6.52482468181623,52.3147400810842,1.725,0.618
6538,6.52483397645625,52.3147458679118,1.683,0.603
6539,6.52484327109627,52.3147516547395,1.929,0.692
6540,6.52485256573629,52.3147574415672,1.722,0.618
6541,6.5248618603763,52.3147632283949,1.712,0.614
6542,6.52487115501632,52.3147690152225,1.865,0.669
6543,6.52488044965634,52.3147748020502,1.852,0.664
6544,6.52488974429636,52.3147805888779,1.897,0.68
6545,6.52489904406081,52.3147863668448,1.967,0.705
6546,6.52490834399846,52.3147921445123,1.944,0.697
6547,6.52491764070015,52.3147979277751,1.853,0.664
6548,6.52492693740184,52.3148037110379,2.125,0.762
6549,6.52493623410353,52.3148094943006,1.891,0.678
6550,6.5249455305364,52.3148152780283,1.782,0.639
6551,6.52495482600564,52.3148210634221,1.89,0.678
6552,6.52496412330984,52.3148268456431,1.944,0.697
6553,6.52497342146493,52.3148326263928,1.793,0.643
6554,6.52498271962001,52.3148384071426,1.823,0.654
6555,6.52499201777509,52.3148441878923,1.824,0.654
6556,6.52500131580218,52.3148499688633,1.821,0.653
6557,6.52501060377536,52.3148557672187,1.802,0.646
6558,6.52501989174853,52.3148615655741,1.881,0.675
6559,6.52502917934298,52.3148673645844,1.857,0.666
6560,6.52503846543845,52.3148731661865,1.758,0.63
6561,6.52504775153392,52.3148789677887,1.714,0.615
6562,6.52505703762939,52.3148847693909,1.828,0.656
6563,6.52506632372486,52.314890570993,1.848,0.663
6564,6.52507560982033,52.3148963725952,1.878,0.673
6565,6.5250848959158,52.3149021741974,1.741,0.624
6566,6.52509418201127,52.3149079757995,1.852,0.664
6567,6.52510346810674,52.3149137774017,1.83,0.656
6568,6.5251127542022,52.3149195790039,1.929,0.692
6569,6.52512204029767,52.314925380606,1.855,0.665
6570,6.52513132639314,52.3149311822082,1.995,0.715
6571,6.52514061248861,52.3149369838104,1.965,0.704
6572,6.52514989858408,52.3149427854125,1.772,0.635
6573,6.52515918467955,52.3149485870147,1.907,0.684
6574,6.52516847077502,52.3149543886169,1.829,0.656
6575,6.52517775687049,52.314960190219,1.848,0.663
6576,6.52518704296595,52.3149659918212,1.952,0.7
6577,6.52519632906142,52.3149717934234,1.894,0.679
6578,6.52520561515689,52.3149775950255,1.729,0.62
6579,6.52521490125236,52.3149833966277,1.812,0.65
6580,6.52522418734783,52.3149891982299,1.828,0.656
6581,6.5252334734433,52.314994999832,1.804,0.647
6582,6.52524269577425,52.3150009116903,1.842,0.66
6583,6.52525189155804,52.3150068694517,1.803,0.646
6584,6.52526108734184,52.315012827213,1.725,0.618
6585,6.52527028312563,52.3150187849743,1.877,0.673
6586,6.525279478228,52.3150247439139,1.765,0.633
6587,6.52528864737097,52.3150307477403,1.653,0.593
6588,6.52529781651394,52.3150367515667,1.8,0.645
6589,6.52530698565691,52.315042755393,1.651,0.592
6590,6.52531615479988,52.3150487592194,1.807,0.648
6591,6.52532532394285,52.3150547630457,1.719,0.617
6592,6.52533449308583,52.3150607668721,1.794,0.643
6593,6.5253436622288,52.3150667706985,1.794,0.643
6594,6.52535283137177,52.3150727745248,1.709,0.613
6595,6.52536200051474,52.3150787783512,1.576,0.565
6596,6.52537116965771,52.3150847821775,1.71,0.613
6597,6.52538033880068,52.3150907860039,1.581,0.567
6598,6.52538950794365,52.3150967898302,1.669,0.598
6599,6.52539867708662,52.3151027936566,1.682,0.603
6600,6.52540784622959,52.315108797483,1.719,0.617
6601,6.52541701537257,52.3151148013093,1.692,0.607
6602,6.52542615724668,52.3151208522866,1.836,0.658
6603,6.52543545261066,52.3151266378625,1.894,0.679
6604,6.52544482341409,52.3151322929949,1.747,0.626
6605,6.52545419421752,52.3151379481274,1.594,0.572
6606,6.52546356004953,52.315143611856,1.722,0.617
6607,6.52547291863428,52.3151492881159,1.456,0.522
6608,6.52548229531953,52.3151549330781,1.801,0.646
6609,6.52549167200478,52.3151605780402,1.693,0.607
6610,6.52550104869003,52.3151662230023,1.729,0.62
6611,6.52551042537528,52.3151718679644,1.671,0.599
6612,6.52551980206054,52.3151775129265,1.669,0.599
6613,6.52552917874579,52.3151831578886,1.864,0.668
6614,6.52553855543104,52.3151888028507,1.779,0.638
6615,6.52554793211629,52.3151944478128,1.773,0.636
6616,6.52555730880154,52.315200092775,1.951,0.7
6617,6.52556668548679,52.3152057377371,1.678,0.602
6618,6.52557606217204,52.3152113826992,1.545,0.554
6619,6.5255854388573,52.3152170276613,1.516,0.543
6620,6.52559481554255,52.3152226726234,1.926,0.691
6621,6.52560403680576,52.3152285863279,1.793,0.643
6622,6.52561325570004,52.3152345041286,1.8,0.645
6623,6.52562247459432,52.3152404219293,1.705,0.611
6624,6.52563169348861,52.3152463397299,1.586,0.569
6625,6.52564091238289,52.3152522575306,1.727,0.619
6626,6.52565012959204,52.3152581782451,1.555,0.558
6627,6.52565934609226,52.3152641001854,1.819,0.652
6628,6.52566856259248,52.3152700221256,1.83,0.656
6629,6.5256777790927,52.3152759440659,1.691,0.606
6630,6.52568699559292,52.3152818660062,1.751,0.628
6631,6.52569621209314,52.3152877879465,1.649,0.591
6632,6.52570542859335,52.3152937098868,1.734,0.622
6633,6.52571464509357,52.3152996318271,1.734,0.622
6634,6.52572386159379,52.3153055537673,1.722,0.617
6635,6.52573307809401,52.3153114757076,1.787,0.641
6636,6.52574229459423,52.3153173976479,1.753,0.628
6637,6.52575151109445,52.3153233195882,1.667,0.598
6638,6.52576050051562,52.3153290969127,1.69,0.606
6639,6.52576823594562,52.3153340756301,1.849,0.663
6640,6.52577597137563,52.3153390543475,1.735,0.622
6641,6.52578370680564,52.315344033065,1.565,0.561
6642,6.52579144223565,52.3153490117824,1.965,0.704
6643,6.52579917766565,52.3153539904999,1.6,0.574
6644,6.52580691309566,52.3153589692173,1.529,0.548
6645,6.52581464852567,52.3153639479347,1.594,0.572
6646,6.52582238395568,52.3153689266522,1.62,0.581
6647,6.52583011938569,52.3153739053696,1.651,0.592
6648,6.52583785481569,52.3153788840871,1.672,0.6
6649,6.5258455902457,52.3153838628045,1.705,0.611
6650,6.52585332567571,52.3153888415219,1.862,0.668
6651,6.52586106110572,52.3153938202394,1.627,0.583
6652,6.52586879653572,52.3153987989568,1.655,0.594
6653,6.52587653196573,52.3154037776743,1.8,0.645
6654,6.52588426739574,52.3154087563917,1.886,0.676
6655,6.52589200282575,52.3154137351091,1.736,0.623
6656,6.52589973825575,52.3154187138266,1.713,0.614
6657,6.52590747368576,52.315423692544,1.789,0.641
6658,6.52591520911577,52.3154286712615,1.689,0.606
6659,6.52592294454578,52.3154336499789,1.52,0.545
6660,6.52593067997579,52.3154386286963,1.605,0.576
6661,6.52593841540579,52.3154436074138,1.615,0.579
6662,6.5259461508358,52.3154485861312,1.563,0.56
6663,6.52595388626581,52.3154535648487,1.552,0.557
6664,6.52596162169582,52.3154585435661,1.637,0.587
6665,6.52596935712582,52.3154635222835,1.712,0.614
6666,6.52597709255583,52.315468501001,1.648,0.591
6667,6.52598482759798,52.3154734794436,1.686,0.604
6668,6.52599024875258,52.3154768184817,1.64,0.588
6669,6.52599566990718,52.3154801575197,1.824,0.654
6670,6.52600109106177,52.3154834965577,1.653,0.593
6671,6.52600651221637,52.3154868355958,1.674,0.6
6672,6.52601193337097,52.3154901746338,1.751,0.628
6673,6.52601734802777,52.3154935227997,1.442,0.517
6674,6.52602274831494,52.3154968911516,1.641,0.588
6675,6.5260281486021,52.3155002595034,1.759,0.631
6676,6.52603354888926,52.3155036278552,1.512,0.542
6677,6.52603894917643,52.315506996207,1.563,0.56
6678,6.52604434946359,52.3155103645589,1.519,0.545
6679,6.52604974975076,52.3155137329107,1.636,0.587
6680,6.52605515003792,52.3155171012625,1.682,0.603
6681,6.52606055032509,52.3155204696143,1.764,0.633
6682,6.52606595061225,52.3155238379662,1.527,0.547
6683,6.52607135089941,52.315527206318,1.476,0.529
6684,6.52607675118658,52.3155305746698,1.823,0.653
6685,6.52608215147374,52.3155339430216,1.739,0.624
6686,6.52608755176091,52.3155373113735,1.64,0.588
6687,6.52609295204807,52.3155406797253,1.523,0.546
6688,6.52609835233524,52.3155440480771,1.7,0.609
6689,6.5261037526224,52.3155474164289,1.521,0.546
6690,6.52610915290956,52.3155507847808,1.397,0.501
6691,6.52611455319673,52.3155541531326,1.705,0.611
6692,6.52611995348389,52.3155575214844,1.68,0.602
6693,6.52612535377106,52.3155608898362,1.71,0.613
6694,6.52613075405822,52.3155642581881,1.607,0.576
6695,6.5261275389773,52.3155797290808,1.684,0.604
6696,6.52612275861581,52.31559739882,1.785,0.64
6697,6.52611797825432,52.3156150685592,1.579,0.566
6698,6.52611319789283,52.3156327382984,1.654,0.593
6699,6.52610841753134,52.3156504080376,1.642,0.589
6700,6.52610505422986,52.3156660871449,1.651,0.592
6701,6.52611373526079,52.3156648468329,1.448,0.519
6702,6.52614045584637,52.3156382652417,1.636,0.587
6703,6.52616717643195,52.3156116836505,1.71,0.613
6704,6.52618049731023,52.3156039254577,1.597,0.573
6705,6.52617690701662,52.3156199234349,1.558,0.559
6706,6.52617468144664,52.3156340043003,1.552,0.557
6707,6.52618353052127,52.3156325279269,1.645,0.59
6708,6.52620316271148,52.3156159038435,1.626,0.583
6709,6.52617794137843,52.3156622882808,1.78,0.638
6710,6.52618762279386,52.3156596426668,1.586,0.569
6711,6.5261973042093,52.3156569970527,1.477,0.53
6712,6.52620698562474,52.3156543514386,1.689,0.606
6713,6.52621666704018,52.3156517058245,1.683,0.603
6714,6.52622634845561,52.3156490602104,1.475,0.529
6715,6.52623602987105,52.3156464145964,1.301,0.466
6716,6.52624571128649,52.3156437689823,1.724,0.618
6717,6.52625503069754,52.3156416318982,1.633,0.586
6718,6.52626033592033,52.3156451337928,1.56,0.559
6719,6.52626564114313,52.3156486356874,1.552,0.557
6720,6.52627094636592,52.315652137582,1.562,0.56
6721,6.52627625158871,52.3156556394767,1.56,0.559
6722,6.52628155681151,52.3156591413713,1.599,0.573
6723,6.5262868620343,52.3156626432659,1.632,0.585
6724,6.52629216725709,52.3156661451606,1.549,0.555
6725,6.52629747247989,52.3156696470552,1.56,0.559
6726,6.52630277770268,52.3156731489498,1.693,0.607
6727,6.52630808292548,52.3156766508445,1.556,0.558
6728,6.52631338814827,52.3156801527391,1.541,0.553
6729,6.52631869337106,52.3156836546337,1.491,0.534
6730,6.52632399859386,52.3156871565283,1.668,0.598
6731,6.52632930381665,52.315690658423,1.425,0.511
6732,6.52633460903944,52.3156941603176,1.406,0.504
6733,6.52633991426224,52.3156976622122,1.546,0.554
6734,6.52634521948503,52.3157011641069,1.563,0.56
6735,6.52635052470783,52.3157046660015,1.518,0.544
6736,6.52635582993062,52.3157081678961,1.538,0.551
6737,6.52636113515341,52.3157116697908,1.499,0.537
6738,6.52636644037621,52.3157151716854,1.634,0.586
6739,6.526371745599,52.31571867358,1.536,0.551
6740,6.52637705082179,52.3157221754746,1.402,0.503
6741,6.52638235604459,52.3157256773693,1.744,0.625
6742,6.52638766126738,52.3157291792639,1.478,0.53
6743,6.52639296649018,52.3157326811585,1.605,0.575
6744,6.52639827171297,52.3157361830532,1.526,0.547
6745,6.52640357693576,52.3157396849478,1.607,0.576
6746,6.52640888215856,52.3157431868424,1.699,0.609
6747,6.52641418738135,52.3157466887371,1.392,0.499
6748,6.52641949260415,52.3157501906317,1.639,0.588
6749,6.52642479782694,52.3157536925263,1.573,0.564
6750,6.52643010304973,52.3157571944209,1.576,0.565
6751,6.52643540827253,52.3157606963156,1.677,0.601
6752,6.52644071349532,52.3157641982102,1.629,0.584
6753,6.52644601871811,52.3157677001048,1.444,0.518
6754,6.52645132394091,52.3157712019995,1.513,0.542
6755,6.5264566291637,52.3157747038941,1.452,0.521
6756,6.5264619343865,52.3157782057887,1.716,0.615
6757,6.52646723960929,52.3157817076834,1.515,0.543
6758,6.52647254483208,52.315785209578,1.468,0.526
6759,6.52647785005488,52.3157887114726,1.481,0.531
6760,6.52648315527767,52.3157922133672,1.553,0.557
6761,6.52648853823949,52.3157957755186,1.678,0.602
6762,6.5264944251013,52.3157997282506,1.431,0.513
6763,6.5265003119631,52.3158036809826,1.502,0.539
6764,6.5265061988249,52.3158076337146,1.385,0.497
6765,6.5265120856867,52.3158115864466,1.565,0.561
6766,6.52651797254851,52.3158155391786,1.668,0.598
6767,6.52652385941031,52.3158194919106,1.55,0.556
6768,6.52652974627211,52.3158234446426,1.672,0.6
6769,6.52653563313391,52.3158273973746,1.444,0.518
6770,6.52654151999571,52.3158313501066,1.422,0.51
6771,6.52654740685752,52.3158353028387,1.47,0.527
6772,6.52655616483705,52.3158409039061,1.579,0.566
6773,6.52656544436766,52.315846804401,1.593,0.571
6774,6.52657472389826,52.3158527048958,1.563,0.561
6775,6.52658400342887,52.3158586053906,1.451,0.52
6776,6.52659328295947,52.3158645058854,1.495,0.536
6777,6.52660256249008,52.3158704063802,1.377,0.494
6778,6.52661184202068,52.315876306875,1.426,0.511
6779,6.52662112155129,52.3158822073698,1.517,0.544
6780,6.52663038941638,52.315888121711,1.336,0.479
6781,6.52663963995072,52.3158940566228,1.383,0.496
6782,6.52664889048506,52.3158999915345,1.562,0.56
6783,6.52665806953824,52.3159060112905,1.439,0.516
6784,6.5266670010252,52.3159123248939,1.415,0.507
6785,6.52667593251215,52.3159186384973,1.375,0.493
6786,6.52668486399911,52.3159249521007,1.44,0.516
6787,6.52669386524044,52.3159311829095,1.564,0.561
6788,6.52670293055689,52.3159373376647,1.75,0.627
6789,6.52671199587334,52.3159434924199,1.525,0.547
6790,6.52672106118979,52.3159496471751,1.488,0.533
6791,6.52673012650623,52.3159558019303,1.433,0.514
6792,6.52673919182268,52.3159619566855,1.547,0.555
6793,6.52674825713913,52.3159681114407,1.443,0.517
6794,6.52675732245558,52.3159742661959,1.426,0.511
6795,6.52676638777202,52.315980420951,1.448,0.519
6796,6.52677545308847,52.3159865757062,1.369,0.491
6797,6.52678451840492,52.3159927304614,1.459,0.523
6798,6.52679358372137,52.3159988852166,1.402,0.503
6799,6.52680264903782,52.3160050399718,1.583,0.568
6800,6.52681171435426,52.316011194727,1.519,0.545
6801,6.52682077967071,52.3160173494822,1.429,0.512
6802,6.52682984498716,52.3160235042374,1.419,0.509
6803,6.52683891030361,52.3160296589926,1.45,0.52
6804,6.52684797562005,52.3160358137477,1.376,0.493
6805,6.5268570409365,52.3160419685029,1.621,0.581
6806,6.52686610625295,52.3160481232581,1.665,0.597
6807,6.5268751715694,52.3160542780133,1.378,0.494
6808,6.52688467992337,52.3160599069074,1.419,0.509
6809,6.52689430926912,52.316065392191,1.528,0.548
6810,6.52690393861488,52.3160708774745,1.487,0.533
6811,6.52691356796064,52.3160763627581,1.637,0.587
6812,6.52692319730639,52.3160818480416,1.57,0.563
6813,6.52693282665215,52.3160873333252,1.695,0.608
6814,6.5269424559979,52.3160928186087,1.657,0.594
6815,6.52695208534366,52.3160983038923,1.566,0.561
6816,6.52696171468942,52.3161037891759,1.557,0.558
6817,6.52697134403517,52.3161092744594,1.629,0.584
6818,6.52698097338093,52.316114759743,1.602,0.575
6819,6.52699060272668,52.3161202450265,1.559,0.559
6820,6.52700023207244,52.3161257303101,1.635,0.586
6821,6.5270098614182,52.3161312155936,1.64,0.588
6822,6.52701949076395,52.3161367008772,1.549,0.555
6823,6.52702912010971,52.3161421861607,1.775,0.637
6824,6.52703874945546,52.3161476714443,1.985,0.712
6825,6.52704832110689,52.3161532252078,1.661,0.596
6826,6.52705788746829,52.3161587852503,1.771,0.635
6827,6.5270674538297,52.3161643452928,1.832,0.657
6828,6.52707702019111,52.3161699053353,1.929,0.692
6829,6.52708658655251,52.3161754653778,2.057,0.738
6830,6.52709615291392,52.3161810254203,1.937,0.694
6831,6.52710571927532,52.3161865854628,2.132,0.764
6832,6.52711532781954,52.3161920954366,2.004,0.718
6833,6.52712507647942,52.3161974391009,2.04,0.731
6834,6.5271348251393,52.3162027827652,2.046,0.733
6835,6.52714457379919,52.3162081264295,2.227,0.798
6836,6.52715432245907,52.3162134700937,2.174,0.779
6837,6.52716407111895,52.316218813758,2.272,0.815
6838,6.52717381977884,52.3162241574223,2.277,0.816
6839,6.52718356843872,52.3162295010866,2.288,0.82
6840,6.5271933170986,52.3162348447508,2.329,0.835
6841,6.52720306575848,52.3162401884151,2.301,0.825
6842,6.52721271053613,52.3162456553819,2.281,0.818
6843,6.52722233963261,52.3162511409613,2.349,0.842
6844,6.52723196872909,52.3162566265407,2.462,0.883
6845,6.52724159782557,52.3162621121202,2.039,0.731
6846,6.52725122692204,52.3162675976996,2.677,0.96
6847,6.52726085601852,52.316273083279,2.554,0.916
6848,6.527270485115,52.3162785688585,2.625,0.941
6849,6.52728010538531,52.3162840649141,2.476,0.888
6850,6.52728972116387,52.3162895663011,2.775,0.995
6851,6.52729933694242,52.3162950676882,2.546,0.913
6852,6.52730895272097,52.3163005690753,2.419,0.867
6853,6.52731856849953,52.3163060704624,2.502,0.897
6854,6.52732818427808,52.3163115718494,2.504,0.898
6855,6.52733780005663,52.3163170732365,2.339,0.839
6856,6.52734741583519,52.3163225746236,2.266,0.812
6857,6.52735703161374,52.3163280760106,2.341,0.839
6858,6.52736664739229,52.3163335773977,2.288,0.82
6859,6.52737635334128,52.3163389717575,2.536,0.909
6860,6.52738607886553,52.3163443428825,2.206,0.791
6861,6.52739573423235,52.3163497972805,2.222,0.797
6862,6.52740502870611,52.3163556800386,2.261,0.811
6863,6.52741432317988,52.3163615627967,2.266,0.812
6864,6.52742361765364,52.3163674455548,2.192,0.786
6865,6.5274329121274,52.3163733283129,2.14,0.767
6866,6.52744220660117,52.316379211071,2.034,0.729
6867,6.52745150107493,52.3163850938291,2.287,0.82
6868,6.52746079554869,52.3163909765872,2.08,0.746
6869,6.52747009002246,52.3163968593454,1.898,0.681
6870,6.52747938449622,52.3164027421035,2.068,0.741
6871,6.52748867896998,52.3164086248616,1.895,0.679
6872,6.52749797344375,52.3164145076197,1.995,0.715
6873,6.52750726791751,52.3164203903778,1.976,0.709
6874,6.52751656239127,52.3164262731359,2.258,0.81
6875,6.52752585686504,52.316432155894,1.833,0.657
6876,6.5275351513388,52.3164380386521,1.936,0.694
6877,6.52754444581256,52.3164439214102,1.925,0.69
6878,6.52755374028633,52.3164498041684,2.029,0.728
6879,6.52756303476009,52.3164556869265,1.957,0.702
6880,6.52757232923385,52.3164615696846,2.038,0.731
6881,6.52758162370762,52.3164674524427,1.936,0.694
6882,6.52759091818138,52.3164733352008,2.071,0.742
6883,6.52760021265514,52.3164792179589,1.694,0.607
6884,6.52760950712891,52.316485100717,1.875,0.672
6885,6.52761880160267,52.3164909834751,1.803,0.646
6886,6.52762810520612,52.3164968553968,1.904,0.683
6887,6.52763742469549,52.3165027084628,1.812,0.65
6888,6.52764674418485,52.3165085615288,1.943,0.697
6889,6.52765606367422,52.3165144145947,1.875,0.672
6890,6.52766538316358,52.3165202676607,1.903,0.682
6891,6.52767470265295,52.3165261207267,2.024,0.726
6892,6.52768402214231,52.3165319737927,1.995,0.715
6893,6.52769334163168,52.3165378268586,2.014,0.722
6894,6.52770266112104,52.3165436799246,2.13,0.764
6895,6.5277119806104,52.3165495329906,2.202,0.79
6896,6.52772130009977,52.3165553860566,2.245,0.805
6897,6.52773061958913,52.3165612391226,2.237,0.802
6898,6.5277399390785,52.3165670921885,2.062,0.739
6899,6.5277490893385,52.3165731461204,2.282,0.818
6900,6.52775810239804,52.3165793629017,2.208,0.792
6901,6.52776711545758,52.3165855796829,2.36,0.846
6902,6.52777612851712,52.3165917964642,2.239,0.803
6903,6.52778514157667,52.3165980132454,2.414,0.865
6904,6.52779415463621,52.3166042300267,2.254,0.808
6905,6.52780316769575,52.3166104468079,2.426,0.87
6906,6.5278121807553,52.3166166635892,2.424,0.869
6907,6.52782119381484,52.3166228803704,2.496,0.895
6908,6.52783020687438,52.3166290971517,2.69,0.965
6909,6.52783921993392,52.3166353139329,2.279,0.817
6910,6.52784778250297,52.3166420654215,2.494,0.894
6911,6.52785630337246,52.3166488664051,2.53,0.907
6912,6.52786482424195,52.3166556673888,2.714,0.973
6913,6.52787334511145,52.3166624683724,2.685,0.963
6914,6.52788186598094,52.3166692693561,2.548,0.914
6915,6.52789038685044,52.3166760703397,2.342,0.84
6916,6.52789890771993,52.3166828713234,2.561,0.918
6917,6.52790742858943,52.316689672307,2.254,0.808
6918,6.52791594945892,52.3166964732907,2.427,0.87
6919,6.52792447032841,52.3167032742743,2.602,0.933
6920,6.52793299119791,52.316710075258,2.33,0.836
6921,6.5279415120674,52.3167168762416,2.713,0.973
6922,6.5279500329369,52.3167236772253,2.724,0.977
6923,6.52795962860654,52.3167292024805,2.1,0.753
6924,6.52796936991618,52.3167345548692,2.335,0.837
6925,6.52797911122582,52.3167399072578,2.445,0.877
6926,6.52798885253546,52.3167452596464,2.157,0.773
6927,6.5279985938451,52.316750612035,2.183,0.783
6928,6.52800833515474,52.3167559644236,2.067,0.741
6929,6.52801807646438,52.3167613168122,2.034,0.729
6930,6.52802781777402,52.3167666692008,2.009,0.72
6931,6.52803755908366,52.3167720215894,1.942,0.696
6932,6.5280473003933,52.316777373978,1.969,0.706
6933,6.52805704170294,52.3167827263666,1.924,0.69
6934,6.52806678301258,52.3167880787552,1.97,0.707
6935,6.52807652432222,52.3167934311438,1.968,0.706
6936,6.52808626563186,52.3167987835324,1.797,0.645
6937,6.5280960069415,52.316804135921,1.761,0.631
6938,6.52810574825114,52.3168094883096,1.702,0.61
6939,6.52811548956078,52.3168148406982,1.731,0.621
6940,6.52812523087043,52.3168201930869,1.698,0.609
6941,6.52813488216034,52.3168256523239,1.723,0.618
6942,6.52814424655844,52.3168314520857,1.557,0.558
6943,6.52815361095655,52.3168372518475,1.721,0.617
6944,6.52816297535465,52.3168430516093,1.646,0.59
6945,6.52817233975275,52.316848851371,1.646,0.59
6946,6.52818170415086,52.3168546511328,1.67,0.599
6947,6.52819106854896,52.3168604508946,1.449,0.52
6948,6.52820043294707,52.3168662506564,1.531,0.549
6949,6.52820979734517,52.3168720504182,1.461,0.524
6950,6.52821916174327,52.3168778501799,1.543,0.553
6951,6.52822852614138,52.3168836499417,1.495,0.536
6952,6.52823789053948,52.3168894497035,1.52,0.545
6953,6.52824723666247,52.3168952711568,1.59,0.57
6954,6.52825657625783,52.3169011003581,1.601,0.574
6955,6.5282659158532,52.3169069295594,1.589,0.57
6956,6.52827525544856,52.3169127587606,1.489,0.534
6957,6.52828459504393,52.3169185879619,1.514,0.543
6958,6.52829393463929,52.3169244171632,1.492,0.535
6959,6.52830327423466,52.3169302463644,1.382,0.496
6960,6.52831261383002,52.3169360755657,1.53,0.549
6961,6.52832195342538,52.316941904767,1.435,0.514
6962,6.52833125277752,52.3169477817347,1.501,0.538
6963,6.5283404728885,52.3169537527573,1.388,0.498
6964,6.52834969299948,52.31695972378,1.306,0.468
6965,6.52835887531094,52.3169657396685,1.477,0.53
6966,6.52836803737084,52.3169717795946,1.325,0.475
6967,6.52837719943075,52.3169778195206,1.443,0.517
6968,6.52838636149066,52.3169838594467,1.477,0.53
6969,6.52839552355056,52.3169898993727,1.419,0.509
6970,6.52840468561047,52.3169959392988,1.564,0.561
6971,6.52841384767037,52.3170019792248,1.281,0.459
6972,6.52842300973028,52.3170080191509,1.322,0.474
6973,6.52843217179018,52.3170140590769,1.425,0.511
6974,6.52844133385009,52.317020099003,1.43,0.513
6975,6.52845049590999,52.317026138929,1.536,0.551
6976,6.5284596579699,52.3170321788551,1.375,0.493
6977,6.5284688200298,52.3170382187811,1.385,0.496
6978,6.52847798208971,52.3170442587072,1.444,0.518
6979,6.52848714414961,52.3170502986332,1.509,0.541
6980,6.52849630620952,52.3170563385593,1.281,0.459
6981,6.52850546826942,52.3170623784853,1.325,0.475
6982,6.52851482869193,52.3170681829659,1.236,0.443
6983,6.52852423485275,52.3170739331577,1.364,0.489
6984,6.52853364101358,52.3170796833494,1.355,0.486
6985,6.5285430471744,52.3170854335411,1.38,0.495
6986,6.52855245333522,52.3170911837329,1.456,0.522
6987,6.52856185949605,52.3170969339246,1.352,0.485
6988,6.52857126565687,52.3171026841164,1.428,0.512
6989,6.5285806718177,52.3171084343081,1.42,0.509
6990,6.52859007797852,52.3171141844998,1.38,0.495
6991,6.52859948413934,52.3171199346916,1.365,0.489
6992,6.52860889030017,52.3171256848833,1.448,0.519
6993,6.52861829646099,52.3171314350751,1.196,0.429
6994,6.52862770262182,52.3171371852668,1.454,0.521
6995,6.52863710878264,52.3171429354585,1.278,0.458
6996,6.52864651494346,52.3171486856503,1.521,0.545
6997,6.52865592110429,52.317154435842,1.482,0.532
6998,6.52866532726511,52.3171601860338,1.373,0.492
6999,6.52867473342593,52.3171659362255,1.463,0.525
7000,6.52868413958676,52.3171716864172,1.329,0.477
7001,6.52869354574758,52.317177436609,1.338,0.48
7002,6.5287018808538,52.3171844580834,1.312,0.471
7003,6.52871111647904,52.3171904106914,1.31,0.47
7004,6.52872213705941,52.3171942446563,1.467,0.526
7005,6.52873299878103,52.3171982671778,1.454,0.521
7006,6.52874234299016,52.3172040909028,1.535,0.551
7007,6.52875168719929,52.3172099146278,1.386,0.497
7008,6.52876103140842,52.3172157383528,1.228,0.44
7009,6.52877037561756,52.3172215620777,1.392,0.499
7010,6.52877971982669,52.3172273858027,1.493,0.535
7011,6.52878906403582,52.3172332095277,1.339,0.48
7012,6.52879840824495,52.3172390332527,1.417,0.508
7013,6.52880775245408,52.3172448569776,1.479,0.53
7014,6.52881709666321,52.3172506807026,1.478,0.53
7015,6.52882644087234,52.3172565044276,1.372,0.492
7016,6.52883578508148,52.3172623281526,1.337,0.48
7017,6.52884512929061,52.3172681518775,1.331,0.477
7018,6.52885447349974,52.3172739756025,1.397,0.501
7019,6.52886381770887,52.3172797993275,1.366,0.49
7020,6.52887315870236,52.3172856268693,1.434,0.514
7021,6.52888249123682,52.3172914644514,1.436,0.515
7022,6.52889181823505,52.3172973086048,1.461,0.524
7023,6.52890111752681,52.3173031856442,1.448,0.519
7024,6.52891041681856,52.3173090626837,1.532,0.549
7025,6.52891971611031,52.3173149397231,1.458,0.523
7026,6.52892901540206,52.3173208167625,1.466,0.526
7027,6.52893830960946,52.3173266998368,1.42,0.509
7028,6.52894759681031,52.3173325912274,1.215,0.436
7029,6.52895690337584,52.3173384596333,1.312,0.47
7030,6.52896621010105,52.3173443278496,1.457,0.522
7031,6.52897551682626,52.3173501960659,1.493,0.535
7032,6.52898482355147,52.3173560642823,1.428,0.512
7033,6.52899413027669,52.3173619324986,1.378,0.494
7034,6.5290034370019,52.3173678007149,1.308,0.469
7035,6.52901273084945,52.3173736842163,1.362,0.488
7036,6.52902201199684,52.3173795827921,1.449,0.52
7037,6.52903131386218,52.3173854567768,1.508,0.541
7038,6.52904064302426,52.3173912983618,1.433,0.514
7039,6.52904997218634,52.3173971399468,1.362,0.488
7040,6.52905930134843,52.3174029815318,1.59,0.57
7041,6.52906863051051,52.3174088231168,1.489,0.534
7042,6.52907795967259,52.3174146647018,1.33,0.477
7043,6.52908728567114,52.3174205100417,1.226,0.44
7044,6.52909660908699,52.3174263584471,1.567,0.562
7045,6.52910593510061,52.3174322037692,1.432,0.514
7046,6.52911526322502,52.3174380465858,1.511,0.542
7047,6.52912459134942,52.3174438894025,1.46,0.524
7048,6.52913391947383,52.3174497322192,1.6,0.574
7049,6.52914324759823,52.3174555750358,1.584,0.568
7050,6.52915257572264,52.3174614178525,1.568,0.562
7051,6.52916190384704,52.3174672606691,1.485,0.532
7052,6.52917123197145,52.3174731034858,1.458,0.523
7053,6.52918056009585,52.3174789463025,1.431,0.513
7054,6.52918988822026,52.3174847891191,1.536,0.551
7055,6.52919921634466,52.3174906319358,1.494,0.536
7056,6.52920854446907,52.3174964747524,1.444,0.518
7057,6.52921787259348,52.3175023175691,1.32,0.473
7058,6.52922720071788,52.3175081603857,1.416,0.508
7059,6.5292364688934,52.3175140743584,1.377,0.494
7060,6.52924572564716,52.3175200018881,1.477,0.53
7061,6.52925498240092,52.3175259294178,1.495,0.536
7062,6.52926423915468,52.3175318569474,1.503,0.539
7063,6.52927349590844,52.3175377844771,1.4,0.502
7064,6.52928275266219,52.3175437120068,1.412,0.506
7065,6.52929200696278,52.3175496424482,1.401,0.503
7066,6.52930125393918,52.3175555815831,1.506,0.54
7067,6.52931050091557,52.317561520718,1.353,0.485
7068,6.52931974789197,52.3175674598528,1.48,0.531
7069,6.52932899486836,52.3175733989877,1.39,0.498
7070,6.52933824184475,52.3175793381226,1.352,0.485
7071,6.52934748882115,52.3175852772574,1.462,0.524
7072,6.52935673579754,52.3175912163923,1.495,0.536
7073,6.52936598277394,52.3175971555272,1.489,0.534
7074,6.52937522975033,52.317603094662,1.323,0.474
7075,6.52938447672672,52.3176090337969,1.49,0.534
7076,6.52939372370312,52.3176149729318,1.457,0.522
7077,6.52940297067951,52.3176209120666,1.456,0.522
7078,6.52940948407602,52.3176300958098,1.409,0.505
7079,6.52941898132204,52.3176357378885,1.472,0.528
7080,6.52942894606073,52.3176408250792,1.604,0.575
7081,6.52944042496133,52.3176441150433,1.334,0.478
7082,6.52944981718596,52.3176498817765,1.366,0.49
7083,6.5294592094106,52.3176556485097,1.463,0.525
7084,6.52946860163524,52.3176614152429,1.472,0.528
7085,6.52947799385988,52.3176671819762,1.28,0.459
7086,6.52948738608451,52.3176729487094,1.364,0.489
7087,6.52949677830915,52.3176787154426,1.436,0.515
7088,6.52950617053379,52.3176844821758,1.426,0.511
7089,6.52951556275843,52.3176902489091,1.432,0.514
7090,6.52952495498306,52.3176960156423,1.337,0.479
7091,6.5295343472077,52.3177017823755,1.299,0.466
7092,6.52954373943234,52.3177075491087,1.365,0.489
7093,6.52955313165698,52.317713315842,1.449,0.52
7094,6.52956252388161,52.3177190825752,1.619,0.58
7095,6.52957191610625,52.3177248493084,1.404,0.504
7096,6.52958130833089,52.3177306160416,1.299,0.466
7097,6.52959070055553,52.3177363827749,1.358,0.487
7098,6.52960009278016,52.3177421495081,1.49,0.534
7099,6.5296094850048,52.3177479162413,1.632,0.585
7100,6.52961887722944,52.3177536829745,1.405,0.504
7101,6.52962826945408,52.3177594497077,1.283,0.46
7102,6.52963766167871,52.317765216441,1.406,0.504
7103,6.52964705390335,52.3177709831742,1.521,0.546
7104,6.52965637240176,52.3177768374164,1.394,0.5
7105,6.52966559492272,52.3177828055785,1.533,0.55
7106,6.52967481744368,52.3177887737406,1.462,0.524
7107,6.52968403996463,52.3177947419027,1.359,0.487
7108,6.52969307979642,52.3178009269068,1.605,0.576
7109,6.52970208155564,52.3178071571009,1.381,0.495
7110,6.52971108331487,52.317813387295,1.369,0.491
7111,6.5297200850741,52.3178196174891,1.641,0.588
7112,6.52972908683332,52.3178258476832,1.49,0.534
7113,6.52973808859255,52.3178320778773,1.476,0.529
7114,6.52974709035178,52.3178383080714,1.5,0.538
7115,6.529756092111,52.3178445382655,1.529,0.548
7116,6.52976509387023,52.3178507684596,1.59,0.57
7117,6.52977409562946,52.3178569986537,1.465,0.525
7118,6.5297832474881,52.3178630506881,1.513,0.542
7119,6.52979243143053,52.3178690646408,1.401,0.502
7120,6.52980161537297,52.3178750785935,1.201,0.431
7121,6.5298107993154,52.3178810925462,1.426,0.511
7122,6.52981998622452,52.3178871029776,1.486,0.533
7123,6.52982920691904,52.3178930733076,1.366,0.49
7124,6.52983842761356,52.3178990436376,1.643,0.589
7125,6.52984764830808,52.3179050139676,1.451,0.52
7126,6.5298568690026,52.3179109842976,1.724,0.618
7127,6.52986608969712,52.3179169546276,1.627,0.583
7128,6.52987531039164,52.3179229249576,1.477,0.53
7129,6.52988453108616,52.3179288952876,1.595,0.572
7130,6.52989375178068,52.3179348656176,1.201,0.431
7131,6.5299029724752,52.3179408359476,1.467,0.526
7132,6.52991219316972,52.3179468062776,1.408,0.505
7133,6.52992141386424,52.3179527766076,1.42,0.509
7134,6.52993063455876,52.3179587469376,1.41,0.506
7135,6.52993985525328,52.3179647172676,1.521,0.545
7136,6.5299490759478,52.3179706875976,1.544,0.554
7137,6.52995829664232,52.3179766579276,1.376,0.493
7138,6.52996752131466,52.3179826235361,1.577,0.565
7139,6.52997675129661,52.3179885828424,1.504,0.539
7140,6.52998598127856,52.3179945421488,1.573,0.564
7141,6.52999521126051,52.3180005014551,1.399,0.502
7142,6.53000444124245,52.3180064607615,1.404,0.503
7143,6.5300136712244,52.3180124200678,1.585,0.568
7144,6.53002290120635,52.3180183793741,1.331,0.477
7145,6.5300321311883,52.3180243386805,1.568,0.562
7146,6.53004136117024,52.3180302979868,1.57,0.563
7147,6.53005059115219,52.3180362572931,1.578,0.566
7148,6.53005982113414,52.3180422165995,1.542,0.553
7149,6.53006892540088,52.3180483251228,1.488,0.534
7150,6.53007800690971,52.3180544606585,1.438,0.516
7151,6.53008708900145,52.3180605955024,1.497,0.537
7152,6.53009618018754,52.3180667195517,1.495,0.536
7153,6.53010527137362,52.3180728436011,1.463,0.524
7154,6.53011436255971,52.3180789676505,1.286,0.461
7155,6.53012345374579,52.3180850916998,1.403,0.503
7156,6.53013254493188,52.3180912157492,1.532,0.549
7157,6.53014163611797,52.3180973397985,1.375,0.493
7158,6.53015061495906,52.3181035971952,1.441,0.517
7159,6.53015955032031,52.3181099062,1.465,0.525
7160,6.53016848568157,52.3181162152048,1.591,0.57
7161,6.53017772781666,52.3181221600861,1.529,0.548
7162,6.5301869765021,52.3181280971924,1.533,0.55
7163,6.53019622518754,52.3181340342987,1.435,0.515
7164,6.53020547387298,52.318139971405,1.551,0.556
7165,6.53021472255842,52.3181459085113,1.454,0.521
7166,6.53022397124386,52.3181518456177,1.326,0.475
7167,6.53023321992931,52.318157782724,1.388,0.498
7168,6.53024246861475,52.3181637198303,1.547,0.555
7169,6.53025171730019,52.3181696569366,1.475,0.529
7170,6.530261468236,52.3181749978995,1.246,0.447
7171,6.53028502013003,52.3181639578873,1.567,0.562
7172,6.53031577508772,52.3181443682363,1.403,0.503
7173,6.53034653004541,52.3181247785853,1.599,0.573
7174,6.53037655055478,52.3181060606839,1.405,0.504
7175,6.53039833408034,52.3180971196274,1.427,0.512
7176,6.53040761317113,52.3181030206442,1.497,0.537
7177,6.53041689226191,52.3181089216611,1.54,0.552
7178,6.5304261713527,52.3181148226779,1.487,0.533
7179,6.53043545044349,52.3181207236948,1.423,0.51
7180,6.53044472953428,52.3181266247117,1.436,0.515
7181,6.53045400862507,52.3181325257285,1.648,0.591
7182,6.53046328771586,52.3181384267454,1.499,0.537
7183,6.53047258501515,52.3181443061497,1.383,0.496
7184,6.53048192363226,52.3181501365121,1.411,0.506
7185,6.53049126224938,52.3181559668745,1.364,0.489
7186,6.5305006008665,52.3181617972369,1.512,0.542
7187,6.53050993948362,52.3181676275993,1.429,0.512
7188,6.53051927810073,52.3181734579617,1.494,0.536
7189,6.53052861671785,52.3181792883241,1.444,0.518
7190,6.53053795533497,52.3181851186865,1.467,0.526
7191,6.53054729395208,52.3181909490488,1.62,0.581
7192,6.5305566325692,52.3181967794112,1.566,0.561
7193,6.53056597118632,52.3182026097736,1.379,0.494
7194,6.53057530980343,52.318208440136,1.513,0.543
7195,6.53058464842055,52.3182142704984,1.463,0.525
7196,6.53059398703767,52.3182201008608,1.55,0.556
7197,6.53060332565479,52.3182259312232,1.688,0.605
7198,6.5306126642719,52.3182317615856,1.645,0.59
7199,6.53062200288902,52.318237591948,1.712,0.614
7200,6.53063134150614,52.3182434223104,1.618,0.58
7201,6.53064068012325,52.3182492526727,1.73,0.62
7202,6.53064999833729,52.3182551072525,1.909,0.685
7203,6.53065924691937,52.3182610444815,1.898,0.68
7204,6.53066849550145,52.3182669817105,1.851,0.664
7205,6.53067781205256,52.318272838264,2.143,0.768
7206,6.53068717699848,52.3182786373755,2.321,0.832
7207,6.5306965419444,52.3182844364871,2.336,0.838
7208,6.53070590689032,52.3182902355987,2.475,0.887
7209,6.53071527183624,52.3182960347102,2.579,0.925
7210,6.53072463678216,52.3183018338218,2.751,0.986
7211,6.53073400172809,52.3183076329333,2.933,1.052
7212,6.53074336667401,52.3183134320449,3.349,1.201
7213,6.53075273161993,52.3183192311564,3.327,1.193
7214,6.53076209656585,52.318325030268,3.049,1.093
7215,6.53077146151177,52.3183308293795,3.593,1.288
7216,6.53078082645769,52.3183366284911,3.905,1.4
7217,6.53079019140361,52.3183424276026,4.081,1.463
7218,6.53079955634953,52.3183482267142,4.782,1.715
7219,6.53080892129545,52.3183540258258,4.553,1.632
7220,6.53081828624137,52.3183598249373,4.14,1.484
7221,6.53082780009504,52.3183654473036,4.276,1.533
7222,6.53083734136245,52.3183710371313,4.325,1.551
7223,6.53084688262986,52.318376626959,4.642,1.664
7224,6.53085642389726,52.3183822167867,4.282,1.535
7225,6.53086596516467,52.3183878066143,4.018,1.441
7226,6.53087550643208,52.318393396442,3.932,1.41
7227,6.53088504769949,52.3183989862697,3.984,1.428
7228,6.53089304948741,52.3184064033745,3.817,1.369
7229,6.5308974948731,52.3184180417323,3.942,1.413
7230,6.53090158064873,52.3184301069274,3.523,1.263
7231,6.53090976471308,52.3184373076802,2.921,1.047
7232,6.5309174891125,52.3184450540298,3.178,1.139
7233,6.53092491938394,52.3184531494931,2.809,1.007
7234,6.53093421848088,52.3184590267638,2.263,0.811
7235,6.53094351757783,52.3184649040344,2.236,0.802
7236,6.53095281667477,52.3184707813051,2.254,0.808
7237,6.53096211577171,52.3184766585757,2.04,0.731
7238,6.53097141486866,52.3184825358464,1.966,0.705
7239,6.5309807139656,52.3184884131171,1.89,0.678
7240,6.53099001306254,52.3184942903877,1.644,0.589
7241,6.53099931215948,52.3185001676584,1.779,0.638
7242,6.53100861125643,52.318506044929,1.506,0.54
7243,6.53101791035337,52.3185119221997,1.505,0.54
7244,6.53102720945031,52.3185177994703,1.379,0.494
7245,6.53103650854726,52.318523676741,1.434,0.514
7246,6.5310458076442,52.3185295540116,1.31,0.47
7247,6.53105510674114,52.3185354312823,1.3,0.466
7248,6.53106440583808,52.3185413085529,1.265,0.454
7249,6.53107370493503,52.3185471858236,1.16,0.416
7250,6.53108300403197,52.3185530630942,1.063,0.381
7251,6.53109230312891,52.3185589403649,1.128,0.405
7252,6.53110160222586,52.3185648176356,1.116,0.4
7253,6.5311109013228,52.3185706949062,1.102,0.395
7254,6.53112020041974,52.3185765721769,1.059,0.38
7255,6.53112949951668,52.3185824494475,1.142,0.41
7256,6.53113879861363,52.3185883267182,1.078,0.386
7257,6.53114809771057,52.3185942039888,1.139,0.408
7258,6.53115739680751,52.3186000812595,1.041,0.373
7259,6.53116669590446,52.3186059585301,1.07,0.384
7260,6.5311759950014,52.3186118358008,1.097,0.393
7261,6.53118529409834,52.3186177130714,1.028,0.369
7262,6.53119459319529,52.3186235903421,1.144,0.41
7263,6.53120389229223,52.3186294676127,1.065,0.382
7264,6.53121319138917,52.3186353448834,1.049,0.376
7265,6.53122249048611,52.318641222154,1.067,0.383
7266,6.53123178958306,52.3186470994247,1.022,0.367
7267,6.53124108868,52.3186529766954,1.138,0.408
7268,6.53125038777694,52.318658853966,1.107,0.397
7269,6.53125968687389,52.3186647312367,1.187,0.426
7270,6.53126898597083,52.3186706085073,1.161,0.416
7271,6.53127828506777,52.318676485778,1.149,0.412
7272,6.53128758416471,52.3186823630486,1.075,0.385
7273,6.53129688326166,52.3186882403193,1.201,0.431
7274,6.5313061823586,52.3186941175899,1.283,0.46
7275,6.53131548145554,52.3186999948606,1.267,0.454
7276,6.53132478055249,52.3187058721312,1.218,0.437
7277,6.53133407964943,52.3187117494019,1.396,0.501
7278,6.53134337874637,52.3187176266725,1.329,0.476
7279,6.53135267784331,52.3187235039432,1.329,0.476
7280,6.53136197694026,52.3187293812138,1.584,0.568
7281,6.5313712760372,52.3187352584845,1.609,0.577
7282,6.53138057513414,52.3187411357552,1.41,0.506
7283,6.53138987423109,52.3187470130258,1.657,0.594
7284,6.53139917332803,52.3187528902965,1.571,0.563
7285,6.53140847242497,52.3187587675671,1.873,0.672
7286,6.53141777152192,52.3187646448378,1.883,0.675
7287,6.53142707061886,52.3187705221084,2.002,0.718
7288,6.5314363697158,52.3187763993791,2.208,0.792
7289,6.53144566881274,52.3187822766497,2.449,0.878
7290,6.53145496790969,52.3187881539204,2.406,0.863
7291,6.53146426700663,52.318794031191,2.925,1.049
7292,6.53147356610357,52.3187999084617,2.781,0.997
7293,6.53148286520052,52.3188057857324,3.014,1.081
7294,6.53149216429746,52.318811663003,3.589,1.287
7295,6.5315014633944,52.3188175402737,3.344,1.199
7296,6.53151195072359,52.3188220071783,3.876,1.39
7297,6.53152251245816,52.3188263857678,4.369,1.567
7298,6.5315330213159,52.3188308271192,4.193,1.503
7299,6.53154352935093,52.3188352694471,4.135,1.482
7300,6.53155403738597,52.318839711775,4.184,1.5
7301,6.53156454542101,52.3188441541029,4.523,1.622
7302,6.53157505345604,52.3188485964308,4.882,1.751
7303,6.53158556149108,52.3188530387588,4.2,1.506
7304,6.53158982809827,52.3188648893168,4.183,1.5
7305,6.53159232505939,52.3188788403469,4.154,1.49
7306,6.53159482202051,52.3188927913771,4.197,1.505
7307,6.53159731898164,52.3189067424073,4.457,1.598
7308,6.53159981594276,52.3189206934374,4.033,1.446
7309,6.53160231290388,52.3189346444676,3.39,1.216
7310,6.531604809865,52.3189485954978,3.527,1.265
7311,6.53160730682612,52.3189625465279,3.521,1.263
7312,6.53160980378725,52.3189764975581,3.349,1.201
7313,6.53161230074837,52.3189904485883,3.587,1.286
7314,6.53161479770949,52.3190043996184,3.129,1.122
7315,6.53161729467061,52.3190183506486,2.653,0.951
7316,6.53162568846918,52.3190253024584,2.581,0.926
7317,6.53165799460059,52.3190038716499,2.472,0.886
7318,6.531690300732,52.3189824408414,2.044,0.733
7319,6.53172260686341,52.318961010033,2.365,0.848
7320,6.5317410934702,52.3189559822369,1.824,0.654
7321,6.53173833111379,52.3189761757865,2.19,0.785
7322,6.53173556875739,52.318996369336,1.718,0.616
7323,6.53173280640098,52.3190165628856,1.749,0.627
7324,6.53173004404458,52.3190367564352,1.568,0.562
7325,6.53172728168818,52.3190569499848,1.627,0.583
7326,6.53172451933177,52.3190771435343,1.514,0.543
7327,6.53172175697537,52.3190973370839,1.448,0.519
7328,6.53173084328712,52.3191034669188,1.562,0.56
7329,6.53173997336819,52.319109544802,1.521,0.545
7330,6.53174910344925,52.3191156226852,1.395,0.5
7331,6.53175823353032,52.3191217005683,1.496,0.536
7332,6.53176736361139,52.3191277784515,1.502,0.539
7333,6.53177649369245,52.3191338563347,1.49,0.534
7334,6.5317856233974,52.3191399346643,1.439,0.516
7335,6.53179475281896,52.3191460133302,1.558,0.558
7336,6.53180388224052,52.3191520919962,1.53,0.549
7337,6.53181301166208,52.3191581706621,1.455,0.522
7338,6.53182214108364,52.3191642493281,1.492,0.535
7339,6.5318312705052,52.3191703279941,1.427,0.512
7340,6.53184039992676,52.31917640666,1.5,0.538
7341,6.53184952934832,52.319182485326,1.478,0.53
7342,6.53185865876988,52.3191885639919,1.527,0.548
7343,6.53186778819144,52.3191946426579,1.544,0.554
7344,6.531876917613,52.3192007213239,1.444,0.518
7345,6.53188604703456,52.3192067999898,1.37,0.491
7346,6.53189517645612,52.3192128786558,1.408,0.505
7347,6.53190430587768,52.3192189573218,1.333,0.478
7348,6.53191343396193,52.319225037575,1.488,0.533
7349,6.53192255624515,52.3192311247138,1.336,0.479
7350,6.53193167852837,52.3192372118526,1.514,0.543
7351,6.53194080081159,52.3192432989914,1.452,0.521
7352,6.53194992309482,52.3192493861301,1.475,0.529
7353,6.53195904537804,52.3192554732689,1.638,0.587
7354,6.53196816766126,52.3192615604077,1.486,0.533
7355,6.53197728994448,52.3192676475465,1.437,0.515
7356,6.5319864122277,52.3192737346852,1.453,0.521
7357,6.53199553451092,52.319279821824,1.391,0.499
7358,6.53200465679414,52.3192859089628,1.524,0.546
7359,6.53201377907736,52.3192919961016,1.355,0.486
7360,6.53202290136058,52.3192980832403,1.576,0.565
7361,6.53203202364381,52.3193041703791,1.466,0.526
7362,6.53204114592703,52.3193102575179,1.457,0.522
7363,6.53205026821025,52.3193163446567,1.548,0.555
7364,6.53205939049347,52.3193224317954,1.453,0.521
7365,6.53206851277669,52.3193285189342,1.499,0.537
7366,6.53207763505991,52.319334606073,1.537,0.551
7367,6.53208653193204,52.3193409607623,1.388,0.498
7368,6.53209495624431,52.319347876354,1.444,0.518
7369,6.53210362810092,52.3193544981243,1.672,0.6
7370,6.53211454038153,52.319358460635,1.351,0.484
7371,6.53212545266214,52.3193624231458,1.472,0.528
7372,6.53213636494275,52.3193663856565,1.558,0.559
7373,6.53214614626022,52.3193716905581,1.579,0.566
7374,6.53215502615313,52.3193780654007,1.457,0.523
7375,6.53216390604604,52.3193844402434,1.623,0.582
7376,6.53217278593896,52.3193908150861,1.664,0.597
7377,6.53218166583187,52.3193971899288,1.528,0.548
7378,6.53219054572478,52.3194035647715,1.532,0.549
7379,6.5321994256177,52.3194099396141,1.485,0.533
7380,6.53220830551061,52.3194163144568,1.514,0.543
7381,6.53221718540352,52.3194226892995,1.485,0.532
7382,6.53222606529643,52.3194290641422,1.492,0.535
7383,6.53223494518935,52.3194354389849,1.542,0.553
7384,6.53224382508226,52.3194418138276,1.406,0.504
7385,6.53225270497517,52.3194481886703,1.538,0.552
7386,6.53226158486808,52.3194545635129,1.434,0.514
7387,6.532270464761,52.3194609383556,1.508,0.541
7388,6.53227934465391,52.3194673131983,1.66,0.595
7389,6.53228822454682,52.319473688041,1.37,0.491
7390,6.53229709184991,52.3194800778271,1.549,0.555
7391,6.53230595186258,52.3194864762665,1.6,0.574
7392,6.53231481187524,52.319492874706,1.735,0.622
7393,6.5323236718879,52.3194992731454,1.628,0.584
7394,6.53233253190056,52.3195056715849,1.732,0.621
7395,6.53234139191322,52.3195120700243,1.538,0.551
7396,6.53235025192588,52.3195184684637,1.579,0.566
7397,6.5323591899962,52.3195247742531,1.67,0.599
7398,6.53236821429478,52.3195309776942,1.453,0.521
7399,6.53237723859335,52.3195371811353,1.444,0.518
7400,6.53238626289192,52.3195433845765,1.342,0.481
7401,6.5323952871905,52.3195495880176,1.377,0.494
7402,6.53240431148907,52.3195557914588,1.483,0.532
7403,6.53241333578765,52.3195619948999,1.513,0.543
7404,6.53242236008622,52.319568198341,1.635,0.586
7405,6.53243138438479,52.3195744017822,1.54,0.552
7406,6.53244040831613,52.3195806056592,1.564,0.561
7407,6.53244943183747,52.3195868100229,1.538,0.552
7408,6.53245845535882,52.3195930143865,1.395,0.5
7409,6.53246747888016,52.3195992187502,1.445,0.518
7410,6.53247650240151,52.3196054231139,1.578,0.566
7411,6.53248552592285,52.3196116274775,1.371,0.492
7412,6.5324945494442,52.3196178318412,1.536,0.551
7413,6.53250357192205,52.3196240374435,1.633,0.586
7414,6.53251257097563,52.319630270849,1.492,0.535
7415,6.53252157002921,52.3196365042546,1.67,0.599
7416,6.53253056908279,52.3196427376601,1.58,0.567
7417,6.53253956813637,52.3196489710657,1.656,0.594
7418,6.53254856718995,52.3196552044712,1.54,0.552
7419,6.53255756624353,52.3196614378768,1.679,0.602
7420,6.53256656529711,52.3196676712823,1.656,0.594
7421,6.53257556435069,52.3196739046879,1.535,0.55
7422,6.53258456340427,52.3196801380934,1.54,0.552
7423,6.53259356245785,52.319686371499,1.624,0.582
7424,6.53260252399402,52.3196926494356,1.775,0.636
7425,6.53261139993745,52.3196990289661,1.682,0.603
7426,6.53262027588086,52.3197054084966,1.873,0.672
7427,6.53262915182428,52.3197117880272,1.656,0.594
7428,6.5326380277677,52.3197181675577,1.791,0.642
7429,6.53264690566439,52.3197245447698,1.543,0.553
7430,6.53265583757779,52.319730857867,1.513,0.542
7431,6.53266476949118,52.3197371709642,1.679,0.602
7432,6.53267368244144,52.3197435065697,1.723,0.618
7433,6.53268247937087,52.3197499798855,1.646,0.59
7434,6.53269127630029,52.3197564532012,1.83,0.656
7435,6.53270007322971,52.319762926517,1.754,0.629
7436,6.53270887015913,52.3197693998327,1.799,0.645
7437,6.53271766708856,52.3197758731485,2.043,0.733
7438,6.53272646401798,52.3197823464643,1.824,0.654
7439,6.5327352609474,52.31978881978,1.921,0.689
7440,6.53274355184021,52.3197958937333,1.981,0.71
7441,6.53275170023417,52.3198031368248,1.994,0.715
7442,6.53276065865766,52.3198094184561,2.034,0.729
7443,6.53276967033754,52.3198156368749,1.873,0.672
7444,6.53277868201742,52.3198218552937,2.068,0.741
7445,6.5327876936973,52.3198280737126,2.014,0.722
7446,6.53279670537718,52.3198342921314,2.23,0.8
7447,6.53280571705706,52.3198405105502,2.119,0.76
7448,6.53281472873693,52.3198467289691,2.47,0.886
7449,6.53282374041681,52.3198529473879,2.478,0.889
7450,6.53283275209669,52.3198591658067,2.409,0.864
7451,6.53284176377657,52.3198653842256,2.148,0.77
7452,6.53285077545645,52.3198716026444,2.341,0.84
7453,6.53285978713633,52.3198778210632,2.465,0.884
7454,6.53286879881621,52.3198840394821,2.548,0.914
7455,6.53287747698068,52.3198906537653,2.607,0.935
7456,6.53288599853274,52.3198974539387,2.431,0.871
7457,6.53289452008481,52.3199042541122,2.793,1.001
7458,6.53290304163688,52.3199110542857,2.906,1.042
7459,6.53291156318895,52.3199178544592,3.285,1.178
7460,6.53292008474102,52.3199246546326,3.327,1.193
7461,6.53292860629309,52.3199314548061,3.034,1.088
7462,6.53293712784515,52.3199382549796,3.262,1.17
7463,6.53294564939722,52.3199450551531,3.311,1.187
7464,6.53295417094929,52.3199518553265,3.225,1.157
7465,6.53296269250136,52.3199586555,3.289,1.179
7466,6.53297121405343,52.3199654556735,3.62,1.298
7467,6.5329797356055,52.3199722558469,3.58,1.284
7468,6.53298825715756,52.3199790560204,3.561,1.277
7469,6.53299677870963,52.3199858561939,3.744,1.342
7470,6.5330053002617,52.3199926563674,3.729,1.337
7471,6.53301382181377,52.3199994565408,4.213,1.511
7472,6.53302307239345,52.3200053913988,4.767,1.709
7473,6.53303349895507,52.3200099304312,4.265,1.529
7474,6.53304392551668,52.3200144694635,4.154,1.489
7475,6.53305429712429,52.3200190737233,4.003,1.435
7476,6.53306318677774,52.3200254369807,4.33,1.553
7477,6.53307207643118,52.3200318002382,4.175,1.497
7478,6.53308096608463,52.3200381634957,5.121,1.836
7479,6.53308956672417,52.3200448697967,4.568,1.638
7480,6.53309773799678,52.3200520857325,4.573,1.64
7481,6.53310590926939,52.3200593016684,4.264,1.529
7482,6.53311408054199,52.3200665176042,4.39,1.574
7483,6.5331222518146,52.3200737335401,4.15,1.488
7484,6.5331304288633,52.32008094262,4.741,1.7
7485,6.53313917856801,52.3200874719889,4.497,1.612
7486,6.53314792827272,52.3200940013578,4.816,1.727
7487,6.53315667797743,52.3201005307267,4.53,1.624
7488,6.53316542768214,52.3201070600956,4.539,1.627
7489,6.53317417738685,52.3201135894644,4.779,1.714
7490,6.53318292709156,52.3201201188333,4.144,1.486
7491,6.53319167679627,52.3201266482022,4.869,1.746
7492,6.53320042650099,52.3201331775711,4.49,1.61
7493,6.5332091762057,52.32013970694,4.544,1.629
7494,6.53321925720563,52.320144656135,4.199,1.506
7495,6.53322919296229,52.3201497777257,4.432,1.589
7496,6.53323850599618,52.320155638454,4.466,1.601
7497,6.53324781903008,52.3201614991822,4.267,1.53
7498,6.53325645768704,52.3201681603587,4.029,1.445
7499,6.53326483411757,52.3201751327834,3.907,1.401
7500,6.5332732105481,52.3201821052081,3.792,1.36
7501,6.53328158697863,52.3201890776328,3.702,1.327
7502,6.53328996340916,52.3201960500576,3.939,1.412
7503,6.53329833983969,52.3202030224823,3.411,1.223
7504,6.53330671627022,52.320209994907,3.601,1.291
7505,6.53331509270075,52.3202169673317,3.086,1.107
7506,6.53332346913129,52.3202239397565,3.013,1.08
7507,6.53333184556182,52.3202309121812,3.093,1.109
7508,6.53334022199235,52.3202378846059,3.009,1.079
7509,6.53334859842288,52.3202448570306,2.653,0.951
7510,6.53335697485341,52.3202518294554,2.933,1.052
7511,6.53336535128394,52.3202588018801,2.898,1.039
7512,6.53337416785589,52.3202652518812,2.806,1.006
7513,6.53338298453156,52.3202717017593,2.723,0.976
7514,6.53339180120723,52.3202781516374,2.647,0.949
7515,6.5334006178829,52.3202846015154,2.451,0.879
7516,6.53340943455858,52.3202910513935,2.605,0.934
7517,6.53341825123425,52.3202975012715,2.447,0.877
7518,6.53342706790992,52.3203039511496,2.413,0.865
7519,6.53343588458559,52.3203104010276,2.296,0.823
7520,6.53344470126126,52.3203168509057,2.398,0.86
7521,6.53345351793694,52.3203233007837,2.064,0.74
7522,6.53346233461261,52.3203297506618,2.19,0.785
7523,6.53347115128828,52.3203362005399,2.172,0.779
7524,6.53347981919496,52.3203428269985,2.163,0.775
7525,6.53348839615574,52.3203495614049,2.118,0.759
7526,6.53349697311653,52.3203562958113,1.946,0.698
7527,6.53350555007731,52.3203630302177,1.849,0.663
7528,6.5335141270381,52.320369764624,1.86,0.667
7529,6.53352272419201,52.3203764750623,1.789,0.642
7530,6.53353132745355,52.3203831782511,1.837,0.659
7531,6.5335399307151,52.32038988144,1.768,0.634
7532,6.53354853397664,52.3203965846288,1.83,0.656
7533,6.53355713723818,52.3204032878177,1.73,0.62
7534,6.53356574049973,52.3204099910065,1.917,0.687
7535,6.53357434376127,52.3204166941953,1.711,0.614
7536,6.53358294702282,52.3204233973842,1.656,0.594
7537,6.53359155028436,52.320430100573,1.632,0.585
7538,6.53360015354591,52.3204368037618,1.475,0.529
7539,6.53360875680745,52.3204435069507,1.758,0.63
7540,6.533617360069,52.3204502101395,1.733,0.621
7541,6.53362596333054,52.3204569133284,1.676,0.601
7542,6.53363456659209,52.3204636165172,1.544,0.554
7543,6.53364316985363,52.320470319706,1.77,0.635
7544,6.53365177311518,52.3204770228949,1.58,0.566
7545,6.53366037637672,52.3204837260837,1.403,0.503
7546,6.53366897963827,52.3204904292725,1.484,0.532
7547,6.53367758289981,52.3204971324614,1.523,0.546
7548,6.53368618616136,52.3205038356502,1.502,0.539
7549,6.53369475218618,52.320510583037,1.406,0.504
7550,6.5337033052197,52.3205173458437,1.448,0.519
7551,6.53371185825322,52.3205241086504,1.483,0.532
7552,6.53372041128675,52.3205308714572,1.539,0.552
7553,6.53372896432027,52.3205376342639,1.546,0.554
7554,6.53373751735379,52.3205443970706,1.548,0.555
7555,6.53374607038732,52.3205511598773,1.56,0.559
7556,6.53375462342084,52.3205579226841,1.332,0.477
7557,6.53376317645437,52.3205646854908,1.685,0.604
7558,6.53377172948789,52.3205714482975,1.515,0.543
7559,6.53378021682815,52.3205782890785,1.501,0.538
7560,6.53378857743382,52.3205852802865,1.517,0.544
7561,6.53379693803949,52.3205922714944,1.495,0.536
7562,6.53380529864516,52.3205992627024,1.425,0.511
7563,6.53381365925084,52.3206062539103,1.394,0.5
7564,6.53382201985651,52.3206132451183,1.384,0.496
7565,6.53383038046218,52.3206202363262,1.531,0.549
7566,6.53383874106785,52.3206272275342,1.346,0.483
7567,6.53384710167352,52.3206342187422,1.411,0.506
7568,6.5338554622792,52.3206412099501,1.55,0.556
7569,6.53386382288487,52.3206482011581,1.442,0.517
7570,6.53387218349054,52.320655192366,1.509,0.541
7571,6.53388054409621,52.320662183574,1.359,0.487
7572,6.53388890470188,52.3206691747819,1.407,0.505
7573,6.53389726530755,52.3206761659899,1.552,0.556
7574,6.53390562591323,52.3206831571979,1.444,0.518
7575,6.5339139865189,52.3206901484058,1.556,0.558
7576,6.53392234712457,52.3206971396138,1.396,0.501
7577,6.53393070773024,52.3207041308217,1.491,0.534
7578,6.53393906833591,52.3207111220297,1.548,0.555
7579,6.53394742894158,52.3207181132376,1.587,0.569
7580,6.53395578954726,52.3207251044456,1.541,0.552
7581,6.53396415015293,52.3207320956535,1.418,0.508
7582,6.5339725107586,52.3207390868615,1.451,0.52
7583,6.53398087136427,52.3207460780695,1.443,0.517
7584,6.53398923196994,52.3207530692774,1.461,0.524
7585,6.53399759257561,52.3207600604854,1.363,0.489
7586,6.53400169378938,52.3207721073563,1.707,0.612
7587,6.53400929202061,52.3207800034606,1.355,0.486
7588,6.5340182111842,52.3207863316911,1.554,0.557
7589,6.53402711089903,52.3207926830063,1.534,0.55
7590,6.53403570420591,52.3207993980108,1.496,0.536
7591,6.5340442975128,52.3208061130152,1.43,0.513
7592,6.53405289081969,52.3208128280197,1.477,0.53
7593,6.53406148412657,52.3208195430242,1.598,0.573
7594,6.53407007743346,52.3208262580286,1.434,0.514
7595,6.53407867074035,52.3208329730331,1.459,0.523
7596,6.53408716569585,52.3208398047752,1.456,0.522
7597,6.534095651034,52.3208466479326,1.42,0.509
7598,6.53410413637216,52.32085349109,1.628,0.584
7599,6.53411262171031,52.3208603342474,1.368,0.491
7600,6.53412110704847,52.3208671774048,1.477,0.529
7601,6.53412959238663,52.3208740205622,1.591,0.57
7602,6.53413807772478,52.3208808637196,1.523,0.546
7603,6.53414656306294,52.3208877068769,1.366,0.49
7604,6.53415504840109,52.3208945500343,1.436,0.515
7605,6.53416353373925,52.3209013931917,1.475,0.529
7606,6.53417201907741,52.3209082363491,1.348,0.484
7607,6.53418050441556,52.3209150795065,1.588,0.569
7608,6.53418898975372,52.3209219226639,1.487,0.533
7609,6.53419747509187,52.3209287658213,1.48,0.531
7610,6.53420596043003,52.3209356089786,1.568,0.562
7611,6.53421444576819,52.320942452136,1.47,0.527
7612,6.53422293110634,52.3209492952934,1.37,0.491
7613,6.5342314164445,52.3209561384508,1.434,0.514
7614,6.53423990178266,52.3209629816082,1.522,0.546
7615,6.53424838712081,52.3209698247656,1.4,0.502
7616,6.53425687245897,52.320976667923,1.386,0.497
7617,6.53426535779712,52.3209835110803,1.459,0.523
7618,6.53427384313528,52.3209903542377,1.391,0.499
7619,6.53428232847344,52.3209971973951,1.551,0.556
7620,6.53429081381159,52.3210040405525,1.368,0.491
7621,6.53429929914975,52.3210108837099,1.478,0.53
7622,6.53430780695677,52.321017700198,1.56,0.559
7623,6.53431631773467,52.3210245131598,1.513,0.542
7624,6.53432482851258,52.3210313261216,1.566,0.561
7625,6.53433333929048,52.3210381390834,1.4,0.502
7626,6.53434185006838,52.3210449520452,1.311,0.47
7627,6.53435036084628,52.321051765007,1.457,0.522
7628,6.53435887162418,52.3210585779689,1.435,0.515
7629,6.53436738240208,52.3210653909307,1.569,0.563
7630,6.53437589317998,52.3210722038925,1.5,0.538
7631,6.53438440395788,52.3210790168543,1.586,0.569
7632,6.53439291473578,52.3210858298161,1.402,0.503
7633,6.53440142551368,52.3210926427779,1.49,0.534
7634,6.53440993629159,52.3210994557397,1.528,0.548
7635,6.53441844706949,52.3211062687016,1.431,0.513
7636,6.53442695784739,52.3211130816634,1.478,0.53
7637,6.53443483828068,52.3211206428094,1.455,0.522
7638,6.53444269656859,52.3211282302408,1.643,0.589
7639,6.53445055485651,52.3211358176722,1.412,0.506
7640,6.53445841314442,52.3211434051036,1.438,0.516
7641,6.53446627143233,52.321150992535,1.547,0.555
7642,6.53447412972025,52.3211585799664,1.422,0.51
7643,6.53448198800816,52.3211661673978,1.521,0.545
7644,6.53448984629608,52.3211737548292,1.493,0.535
7645,6.53449770458399,52.3211813422605,1.402,0.503
7646,6.53450556287191,52.3211889296919,1.636,0.587
7647,6.53451342115982,52.3211965171233,1.47,0.527
7648,6.53452127944774,52.3212041045547,1.436,0.515
7649,6.53452913773565,52.3212116919861,1.564,0.561
7650,6.53453699602357,52.3212192794175,1.366,0.49
7651,6.53454485431148,52.3212268668489,1.417,0.508
7652,6.5345527125994,52.3212344542803,1.385,0.497
7653,6.53456057088731,52.3212420417117,1.32,0.473
7654,6.53456842917522,52.321249629143,1.421,0.509
7655,6.53457628746314,52.3212572165744,1.473,0.528
7656,6.53458389398077,52.3212651028432,1.381,0.495
7657,6.53458619112616,52.3212792910436,1.497,0.537
7658,6.53459286638071,52.3212882826703,1.381,0.495
7659,6.53460345575979,52.3212926284473,1.528,0.548
7660,6.53461340371566,52.3212977355583,1.39,0.499
7661,6.53462169435117,52.3213048098169,1.419,0.509
7662,6.53462998498669,52.3213118840756,1.445,0.518
7663,6.53463827562221,52.3213189583343,1.471,0.528
7664,6.53464656625773,52.3213260325929,1.458,0.523
7665,6.53465485689324,52.3213331068516,1.33,0.477
7666,6.53466314752876,52.3213401811103,1.433,0.514
7667,6.53467143816428,52.3213472553689,1.455,0.522
7668,6.5346797287998,52.3213543296276,1.434,0.514
7669,6.53468801943531,52.3213614038863,1.526,0.547
7670,6.53469631007083,52.3213684781449,1.492,0.535
7671,6.53470460070635,52.3213755524036,1.477,0.53
7672,6.53471289134187,52.3213826266622,1.515,0.543
7673,6.53472131618956,52.3213895416185,1.525,0.547
7674,6.53472974354267,52.3213964536009,1.473,0.528
7675,6.53473817089578,52.3214033655833,1.525,0.547
7676,6.53474659824889,52.3214102775658,1.473,0.528
7677,6.53475502560199,52.3214171895482,1.448,0.519
7678,6.5347634529551,52.3214241015306,1.59,0.57
7679,6.53477188030821,52.3214310135131,1.431,0.513
7680,6.53478030766132,52.3214379254955,1.585,0.568
7681,6.53478873501442,52.321444837478,1.433,0.514
7682,6.53479716236753,52.3214517494604,1.564,0.561
7683,6.53480558972064,52.3214586614428,1.526,0.547
7684,6.53481401707375,52.3214655734253,1.637,0.587
7685,6.53482244442685,52.3214724854077,1.531,0.549
7686,6.53483087177996,52.3214793973901,1.388,0.498
7687,6.53483918285641,52.3214864473865,1.47,0.527
7688,6.53484713810356,52.3214939197327,1.569,0.563
7689,6.53485509335071,52.3215013920788,1.586,0.569
7690,6.53486304859785,52.3215088644249,1.62,0.581
7691,6.534871003845,52.3215163367711,1.46,0.524
7692,6.53487895909215,52.3215238091172,1.498,0.537
7693,6.5348869143393,52.3215312814634,1.425,0.511
7694,6.53489486958644,52.3215387538095,1.439,0.516
7695,6.53490282483359,52.3215462261556,1.495,0.536
7696,6.53491078008074,52.3215536985018,1.535,0.55
7697,6.53491873532788,52.3215611708479,1.48,0.531
7698,6.53492669057503,52.321568643194,1.471,0.527
7699,6.53493464582218,52.3215761155402,1.358,0.487
7700,6.53494260106933,52.3215835878863,1.597,0.573
7701,6.53495055631647,52.3215910602324,1.432,0.513
7702,6.53495851156362,52.3215985325786,1.435,0.515
7703,6.53496646681077,52.3216060049247,1.244,0.446
7704,6.53497442205791,52.3216134772708,1.532,0.549
7705,6.53498237730506,52.321620949617,1.463,0.525
7706,6.53499033255221,52.3216284219631,1.389,0.498
7707,6.53499828779936,52.3216358943092,1.428,0.512
7708,6.5350062430465,52.3216433666554,1.59,0.57
7709,6.53501419829365,52.3216508390015,1.498,0.537
7710,6.5350221535408,52.3216583113477,1.532,0.549
7711,6.53503010878795,52.3216657836938,1.5,0.538
7712,6.53503806403509,52.3216732560399,1.592,0.571
7713,6.53504601928224,52.3216807283861,1.432,0.513
7714,6.53505397452939,52.3216882007322,1.388,0.498
7715,6.53506192977653,52.3216956730783,1.393,0.499
7716,6.53506988502368,52.3217031454245,1.521,0.546
7717,6.53507784027083,52.3217106177706,1.448,0.519
7718,6.53508579551798,52.3217180901167,1.661,0.596
7719,6.53509375076512,52.3217255624629,1.473,0.528
7720,6.53510170601227,52.321733034809,1.45,0.52
7721,6.53510959459586,52.3217405862811,1.292,0.463
7722,6.5351173223653,52.3217483286307,1.559,0.559
7723,6.53512505013473,52.3217560709803,1.492,0.535
7724,6.53513277790416,52.32176381333,1.529,0.548
7725,6.5351405056736,52.3217715556796,1.418,0.508
7726,6.53514823344303,52.3217792980292,1.539,0.552
7727,6.53515537821933,52.3217877323595,1.522,0.546
7728,6.53516231692436,52.3217964112849,1.329,0.476
7729,6.53516925562938,52.3218050902104,1.512,0.542
7730,6.53517696844082,52.3218128503144,1.276,0.458
7731,6.53518708222672,52.3218177605942,1.587,0.569
7732,6.5351959221152,52.3218241829199,1.496,0.536
7733,6.53520400549595,52.3218315031786,1.414,0.507
7734,6.53521208887669,52.3218388234372,1.539,0.552
7735,6.53522017225744,52.3218461436958,1.58,0.567
7736,6.53522825563819,52.3218534639545,1.547,0.555
7737,6.53523633901893,52.3218607842131,1.382,0.495
7738,6.53524442239968,52.3218681044717,1.511,0.542
7739,6.53525250578042,52.3218754247304,1.538,0.552
7740,6.53526058916117,52.321882744989,1.484,0.532
7741,6.53526867254191,52.3218900652476,1.287,0.461
7742,6.53527675592266,52.3218973855063,1.414,0.507
7743,6.5352848393034,52.3219047057649,1.502,0.539
7744,6.53529292268415,52.3219120260235,1.371,0.491
7745,6.53530125175897,52.3219190546569,1.55,0.556
7746,6.53530958277689,52.3219260809838,1.529,0.548
7747,6.53531791379481,52.3219331073108,1.545,0.554
7748,6.53532611971117,52.3219402821264,1.389,0.498
7749,6.53533423856884,52.3219475602759,1.469,0.527
7750,6.53534235742652,52.3219548384254,1.215,0.436
7751,6.53535047628419,52.3219621165749,1.528,0.548
7752,6.53535859474632,52.3219693951938,1.497,0.537
7753,6.53536671271855,52.3219766743943,1.662,0.596
7754,6.53537483069077,52.3219839535948,1.648,0.591
7755,6.53538294866299,52.3219912327952,1.502,0.539
7756,6.53539106663522,52.3219985119957,1.404,0.504
7757,6.53539918460744,52.3220057911961,1.532,0.549
7758,6.53540730257966,52.3220130703966,1.4,0.502
7759,6.53541542055189,52.322020349597,1.563,0.56
7760,6.53542353852411,52.3220276287975,1.495,0.536
7761,6.53543165764535,52.3220349066342,1.555,0.558
7762,6.53543977677538,52.3220421844604,1.463,0.524
7763,6.5354478959054,52.3220494622866,1.45,0.52
7764,6.53545601503543,52.3220567401128,1.475,0.529
7765,6.53546413416546,52.322064017939,1.426,0.511
7766,6.53547225329549,52.3220712957652,1.408,0.505
7767,6.53548037242552,52.3220785735914,1.514,0.543
7768,6.53548849155555,52.3220858514176,1.461,0.524
7769,6.53549661068558,52.3220931292438,1.414,0.507
7770,6.53550472981561,52.32210040707,1.41,0.506
7771,6.53551284894564,52.3221076848962,1.459,0.523
7772,6.53552096807567,52.3221149627224,1.573,0.564
7773,6.5355290872057,52.3221222405486,1.498,0.537
7774,6.53553720633573,52.3221295183748,1.5,0.538
7775,6.53554532546576,52.322136796201,1.4,0.502
7776,6.53555344459579,52.3221440740272,1.553,0.557
7777,6.53556156372582,52.3221513518534,1.444,0.518
7778,6.53556968285585,52.3221586296796,1.588,0.569
7779,6.53557780198588,52.3221659075059,1.427,0.512
7780,6.53558592574056,52.3221731798429,1.493,0.535
7781,6.5355935138573,52.3221810879525,1.709,0.613
7782,6.53560047393984,52.3221897415041,1.554,0.557
7783,6.53560804812636,52.3221976661481,1.613,0.578
7784,6.5356162265405,52.3222048736074,1.58,0.567
7785,6.53562440495464,52.3222120810666,1.267,0.454
7786,6.53563258336878,52.3222192885258,1.541,0.553
7787,6.53564076178291,52.3222264959851,1.576,0.565
7788,6.53564894019705,52.3222337034443,1.37,0.491
7789,6.53565711861119,52.3222409109036,1.621,0.581
7790,6.53566529702533,52.3222481183628,1.613,0.578
7791,6.53567347543947,52.3222553258221,1.316,0.472
7792,6.53568165385361,52.3222625332813,1.449,0.519
7793,6.53568983226775,52.3222697407405,1.51,0.541
7794,6.53569801186661,52.3222769467936,1.451,0.52
7795,6.53570622793138,52.3222841095636,1.536,0.551
7796,6.53571444399615,52.3222912723336,1.387,0.497
7797,6.53572266006091,52.3222984351037,1.631,0.585
7798,6.53573087612568,52.3223055978737,1.594,0.571
7799,6.53573826315837,52.322313744659,1.556,0.558
7800,6.53574213598573,52.3223260626119,1.534,0.55
7801,6.53575008567128,52.3223335415594,1.455,0.522
7802,6.53576005308361,52.3223386255766,1.462,0.524
7803,6.535770346538,52.3223433225999,1.434,0.514
7804,6.53577855013582,52.3223505001675,1.415,0.507
7805,6.53578669615421,52.3223577460787,1.642,0.589
7806,6.53579484217261,52.3223649919899,1.603,0.575
7807,6.535802988191,52.3223722379011,1.535,0.55
7808,6.5358111342094,52.3223794838123,1.392,0.499
7809,6.53581928022779,52.3223867297235,1.576,0.565
7810,6.53582742624618,52.3223939756347,1.572,0.564
7811,6.53583557226458,52.3224012215459,1.48,0.531
7812,6.53584371828297,52.3224084674571,1.41,0.506
7813,6.53585185184319,52.3224157281555,1.547,0.555
7814,6.53586001670739,52.3224229516977,1.413,0.507
7815,6.53586818759833,52.3224301680866,1.452,0.521
7816,6.53587634060733,52.3224374057003,1.476,0.529
7817,6.53588449361632,52.3224446433141,1.526,0.547
7818,6.53589264662532,52.3224518809278,1.38,0.495
7819,6.53590079963432,52.3224591185416,1.578,0.566
7820,6.53590895264332,52.3224663561553,1.515,0.543
7821,6.53591710565231,52.322473593769,1.606,0.576
7822,6.53592525392532,52.3224808370041,1.534,0.55
7823,6.53593336337428,52.3224881263212,1.362,0.488
7824,6.53594147282323,52.3224954156384,1.535,0.55
7825,6.53594958227218,52.3225027049555,1.586,0.569
7826,6.53595769172114,52.3225099942726,1.378,0.494
7827,6.53596580117009,52.3225172835897,1.574,0.564
7828,6.53597391061904,52.3225245729068,1.729,0.62
7829,6.535982020068,52.3225318622239,1.522,0.546
7830,6.53599012951695,52.322539151541,1.54,0.552
7831,6.53599819251198,52.3225464959964,1.496,0.536
7832,6.53600619194272,52.322553915899,1.562,0.56
7833,6.53601419137345,52.3225613358017,1.529,0.548
7834,6.53602219080419,52.3225687557043,1.445,0.518
7835,6.53603019023493,52.322576175607,1.511,0.542
7836,6.53603818973138,52.3225835954316,1.448,0.519
7837,6.53604618934972,52.3225910151116,1.513,0.542
7838,6.53605418896806,52.3225984347916,1.413,0.507
7839,6.53606222206687,52.3226058147321,1.606,0.576
7840,6.53607026950521,52.3226131776524,1.703,0.611
7841,6.53607831694356,52.3226205405727,1.414,0.507
7842,6.53608636438191,52.3226279034929,1.433,0.514
7843,6.53609441182025,52.3226352664132,1.494,0.536
7844,6.5361024592586,52.3226426293335,1.505,0.54
7845,6.53611050669695,52.3226499922538,1.548,0.555
7846,6.53611855413529,52.322657355174,1.406,0.504
7847,6.53612660157364,52.3226647180943,1.608,0.577
7848,6.53613464901199,52.3226720810146,1.479,0.53
7849,6.53614269428812,52.3226794465013,1.526,0.547
7850,6.53615073833287,52.3226868134496,1.842,0.66
7851,6.53615878237762,52.3226941803978,1.494,0.536
7852,6.53616682642237,52.3227015473461,1.674,0.6
7853,6.53617487046713,52.3227089142944,1.504,0.539
7854,6.53618291451188,52.3227162812427,1.353,0.485
7855,6.53619095306578,52.3227236547083,1.384,0.496
7856,6.53619897510303,52.3227310477783,1.516,0.544
7857,6.53620699714029,52.3227384408482,1.483,0.532
7858,6.53621501917755,52.3227458339182,1.5,0.538
7859,6.53622304121481,52.3227532269882,1.413,0.507
7860,6.53623106325206,52.3227606200581,1.42,0.509
7861,6.53623908528932,52.3227680131281,1.538,0.552
7862,6.53624710732658,52.3227754061981,1.541,0.552
7863,6.53625512936384,52.322782799268,1.569,0.562
7864,6.5362631514011,52.322790192338,1.517,0.544
7865,6.53627117343835,52.3227975854079,1.527,0.547
7866,6.53627919547561,52.3228049784779,1.657,0.594
7867,6.53628721751287,52.3228123715479,1.545,0.554
7868,6.53629516841283,52.3228198490539,1.632,0.585
7869,6.53630290499309,52.3228275809455,1.724,0.618
7870,6.53631060685519,52.3228353540457,1.623,0.582
7871,6.53631906364156,52.3228422310925,1.732,0.621
7872,6.53632761630912,52.3228489943336,1.509,0.541
7873,6.53633616897669,52.3228557575747,1.563,0.561
7874,6.53634472164426,52.3228625208158,1.624,0.582
7875,6.53635268187187,52.3228699872504,1.613,0.579
7876,6.53636037008538,52.3228777765507,1.772,0.635
7877,6.53636805829889,52.322885565851,1.523,0.546
7878,6.5363757465124,52.3228933551513,1.676,0.601
7879,6.5363834347259,52.3229011444516,1.729,0.62
7880,6.53639112293941,52.322908933752,1.718,0.616
7881,6.53639881115292,52.3229167230523,1.526,0.547
7882,6.53640692742893,52.322924004266,1.627,0.583
7883,6.53641513339232,52.3229311790258,1.567,0.562
7884,6.53642333935572,52.3229383537856,1.538,0.551
7885,6.53643154531912,52.3229455285454,1.678,0.602
7886,6.53643975128252,52.3229527033052,1.616,0.579
7887,6.53644795724592,52.322959878065,1.705,0.611
7888,6.53645616320932,52.3229670528248,1.683,0.603
7889,6.53646436917271,52.3229742275846,1.58,0.566
7890,6.53647257513611,52.3229814023444,1.68,0.602
7891,6.53648078109951,52.3229885771042,1.587,0.569
7892,6.53648898706291,52.322995751864,1.599,0.573
7893,6.53649719302631,52.3230029266238,1.862,0.668
7894,6.53650539898971,52.3230101013836,1.743,0.625
7895,6.5365136049531,52.3230172761434,1.662,0.596
7896,6.5365218109165,52.3230244509032,1.53,0.549
7897,6.5365300168799,52.3230316256629,1.734,0.622
7898,6.5365382228433,52.3230388004227,1.592,0.571
7899,6.5365464288067,52.3230459751825,1.446,0.519
7900,6.5365546347701,52.3230531499423,1.704,0.611
7901,6.53656284073349,52.3230603247021,1.804,0.647
7902,6.53657104669689,52.3230674994619,1.693,0.607
7903,6.53657925266029,52.3230746742217,1.748,0.627
7904,6.53658742173976,52.3230818927607,1.798,0.645
7905,6.536595444593,52.3230892848621,1.857,0.666
7906,6.53660346744623,52.3230966769636,1.777,0.637
7907,6.53661149029947,52.323104069065,1.739,0.623
7908,6.5366195131527,52.3231114611665,1.655,0.593
7909,6.53662753600594,52.3231188532679,1.668,0.598
7910,6.53663555885917,52.3231262453693,1.675,0.6
7911,6.53664358171241,52.3231336374708,1.826,0.655
7912,6.53665160456564,52.3231410295722,1.963,0.704
7913,6.53665962741888,52.3231484216737,1.716,0.615
7914,6.53666765027211,52.3231558137751,1.659,0.595
7915,6.53667567312535,52.3231632058766,1.652,0.593
7916,6.53668369597858,52.323170597978,1.876,0.673
7917,6.53669171883182,52.3231779900795,1.764,0.632
7918,6.53669974168505,52.3231853821809,1.738,0.623
7919,6.53670776453829,52.3231927742823,1.867,0.67
7920,6.53671578739152,52.3232001663838,1.833,0.657
7921,6.53672381024476,52.3232075584852,1.782,0.639
7922,6.53673183309799,52.3232149505867,1.805,0.647
7923,6.53673985595123,52.3232223426881,1.76,0.631
7924,6.53674787880446,52.3232297347895,1.863,0.668
7925,6.5367559016577,52.323237126891,1.598,0.573
7926,6.53676392451093,52.3232445189924,1.679,0.602
7927,6.53677194736417,52.3232519110939,1.811,0.649
7928,6.5367799702174,52.3232593031953,1.928,0.691
7929,6.53678799307064,52.3232666952968,1.826,0.655
7930,6.53679601592387,52.3232740873982,1.692,0.607
7931,6.53680398853814,52.3232815391305,1.589,0.57
7932,6.53681194469615,52.3232890103955,1.859,0.667
7933,6.53681990085415,52.3232964816605,1.984,0.711
7934,6.53682785701215,52.3233039529255,1.967,0.705
7935,6.53683581317016,52.3233114241905,1.728,0.619
7936,6.53684376932816,52.3233188954555,2.032,0.729
7937,6.53685172548616,52.3233263667205,1.693,0.607
7938,6.53685968164417,52.3233338379855,1.843,0.661
7939,6.53686763780217,52.3233413092505,1.776,0.637
7940,6.53687561903364,52.3233487507547,1.929,0.692
7941,6.53688284356545,52.3233570904196,1.743,0.625
7942,6.5368900012102,52.3233655094757,1.868,0.67
7943,6.53689814948282,52.3233727527113,2.071,0.743
7944,6.53690812663311,52.3233778251701,1.886,0.676
7945,6.53691738315864,52.3233837529706,1.853,0.664
7946,6.53692547661526,52.3233910612697,1.916,0.687
7947,6.53693357007188,52.3233983695689,1.955,0.701
7948,6.5369416635285,52.323405677868,2.064,0.74
7949,6.53694975698513,52.3234129861671,2.033,0.729
7950,6.53695785044175,52.3234202944662,2.026,0.727
7951,6.53696594389837,52.3234276027654,1.91,0.685
7952,6.53697403735499,52.3234349110645,2.091,0.75
7953,6.53698213081161,52.3234422193636,2.081,0.746
7954,6.53699022426824,52.3234495276627,2.146,0.769
7955,6.53699831772486,52.3234568359618,1.981,0.71
7956,6.53700641118148,52.323464144261,2.005,0.719
7957,6.5370145046381,52.3234714525601,2.299,0.824
7958,6.53702259809472,52.3234787608592,1.91,0.685
7959,6.53703069155135,52.3234860691583,2.01,0.721
7960,6.53703878500797,52.3234933774575,2.158,0.774
7961,6.53704687846459,52.3235006857566,1.918,0.688
7962,6.53705497192121,52.3235079940557,2.118,0.759
7963,6.53706306537783,52.3235153023548,2.04,0.732
7964,6.53707115883446,52.323522610654,2.17,0.778
7965,6.53707925229108,52.3235299189531,2.107,0.756
7966,6.5370873457477,52.3235372272522,2.246,0.805
7967,6.53709543920432,52.3235445355513,2.298,0.824
7968,6.53710353266095,52.3235518438504,2.179,0.781
7969,6.53711176225631,52.3235589905604,2.081,0.746
7970,6.53712000549298,52.3235661210789,1.959,0.702
7971,6.53712824872965,52.3235732515974,2.157,0.773
7972,6.53713649196631,52.3235803821158,2.095,0.751
7973,6.53714473520298,52.3235875126343,2.086,0.748
7974,6.53715297843965,52.3235946431528,2.184,0.783
7975,6.53716122167631,52.3236017736713,2.131,0.764
7976,6.53716946491298,52.3236089041898,2.271,0.814
7977,6.53717770814964,52.3236160347083,2.179,0.781
7978,6.53718595138631,52.3236231652267,2.217,0.795
7979,6.53719419462298,52.3236302957452,2.58,0.925
7980,6.53720243785964,52.3236374262637,2.264,0.812
7981,6.53721068109631,52.3236445567822,2.331,0.836
7982,6.53721892433297,52.3236516873007,2.323,0.833
7983,6.53722716756964,52.3236588178192,2.34,0.839
7984,6.53723541080631,52.3236659483376,2.382,0.854
7985,6.53724365404297,52.3236730788561,2.204,0.79
7986,6.53725189727964,52.3236802093746,2.287,0.82
7987,6.53726014051631,52.3236873398931,2.226,0.798
7988,6.53726838375297,52.3236944704116,2.207,0.791
7989,6.53727662698964,52.3237016009301,2.405,0.862
7990,6.53728471791566,52.3237089122329,2.321,0.832
7991,6.53729237413028,52.3237167395141,2.182,0.782
7992,6.53730003034489,52.3237245667953,2.36,0.846
7993,6.53730768655951,52.3237323940766,2.372,0.85
7994,6.53731534277413,52.3237402213578,2.256,0.809
7995,6.53732299898875,52.323748048639,2.37,0.85
7996,6.53733065520337,52.3237558759202,2.711,0.972
7997,6.53733831141798,52.3237637032015,2.47,0.886
7998,6.53734596901952,52.3237715288365,2.388,0.856
7999,6.53735362784478,52.323779353019,2.06,0.738
8000,6.53736128667005,52.3237871772016,2.471,0.886
8001,6.53736894549531,52.3237950013841,2.447,0.877
8002,6.53737660432057,52.3238028255667,2.554,0.916
8003,6.53738426314584,52.3238106497492,2.577,0.924
8004,6.53739192197111,52.3238184739317,2.412,0.865
8005,6.53739958079637,52.3238262981143,2.545,0.912
8006,6.53740723962163,52.3238341222968,2.483,0.89
8007,6.5374148984469,52.3238419464793,2.481,0.89
8008,6.53742255727216,52.3238497706619,2.485,0.891
8009,6.53743021609743,52.3238575948444,2.424,0.869
8010,6.53744020197654,52.3238626569426,2.543,0.912
8011,6.53744945373056,52.3238685904067,2.67,0.957
8012,6.53745763095997,52.3238757992721,2.449,0.878
8013,6.53746580818938,52.3238830081376,2.285,0.819
8014,6.53747398541879,52.323890217003,2.386,0.856
8015,6.5374821626482,52.3238974258685,2.528,0.906
8016,6.53749033987761,52.3239046347339,2.427,0.87
8017,6.53749851710702,52.3239118435994,2.582,0.926
8018,6.53750669433643,52.3239190524648,2.386,0.856
8019,6.53751487156584,52.3239262613303,2.706,0.97
8020,6.53752304879525,52.3239334701957,2.746,0.985
8021,6.53753122602466,52.3239406790612,2.399,0.86
8022,6.53753940325407,52.3239478879266,2.897,1.039
8023,6.53754760399855,52.323955068881,2.499,0.896
8024,6.53755583070703,52.3239622190175,2.42,0.868
8025,6.53756405741551,52.323969369154,2.765,0.991
8026,6.53757228412399,52.3239765192906,2.9,1.04
8027,6.53758051083246,52.3239836694271,2.397,0.86
8028,6.53758873754094,52.3239908195636,2.695,0.966
8029,6.53759696424942,52.3239979697002,2.5,0.897
8030,6.5376051909579,52.3240051198367,2.594,0.93
8031,6.53761341766638,52.3240122699732,2.869,1.029
8032,6.53762164437486,52.3240194201097,2.978,1.068
8033,6.53762987108334,52.3240265702463,2.85,1.022
8034,6.53763809779182,52.3240337203828,2.72,0.975
8035,6.53764632450029,52.3240408705193,2.933,1.052
8036,6.53765455120877,52.3240480206559,2.955,1.06
8037,6.53766277791725,52.3240551707924,2.938,1.053
8038,6.53767100462573,52.3240623209289,2.888,1.035
8039,6.53767923133421,52.3240694710654,2.972,1.066
8040,6.53768745804269,52.324076621202,2.924,1.048
8041,6.53769568475117,52.3240837713385,2.553,0.915
8042,6.53770391145965,52.324090921475,2.946,1.056
8043,6.53771213816812,52.3240980716115,2.487,0.892
8044,6.53772022858312,52.3241053835209,2.484,0.891
8045,6.5377281756212,52.3241128656108,2.808,1.007
8046,6.53773612265927,52.3241203477006,2.905,1.042
8047,6.53774406969735,52.3241278297905,2.691,0.965
8048,6.53775201673542,52.3241353118803,3.1,1.111
8049,6.5377599637735,52.3241427939702,2.85,1.022
8050,6.53776791081158,52.32415027606,2.63,0.943
8051,6.53777585784965,52.3241577581499,2.652,0.951
8052,6.53778380488773,52.3241652402397,2.992,1.073
8053,6.5377917519258,52.3241727223296,3.118,1.118
8054,6.53779969896388,52.3241802044194,3.006,1.078
8055,6.53780764600195,52.3241876865093,2.807,1.007
8056,6.53781559304003,52.3241951685991,2.608,0.935
8057,6.53782354007811,52.324202650689,2.627,0.942
8058,6.53783148711618,52.3242101327788,2.704,0.97
8059,6.53783943415426,52.3242176148687,2.959,1.061
8060,6.53784738119233,52.3242250969585,3.07,1.101
8061,6.53785532823041,52.3242325790484,3.211,1.151
8062,6.53786327526848,52.3242400611382,2.883,1.034
8063,6.53787122230656,52.3242475432281,2.824,1.013
8064,6.53787916934464,52.3242550253179,2.935,1.052
8065,6.53788715974392,52.3242624559404,2.924,1.048
8066,6.53789521032395,52.3242698151317,2.825,1.013
8067,6.53790326090398,52.3242771743229,2.982,1.069
8068,6.53791131148401,52.3242845335142,3.023,1.084
8069,6.53791721781313,52.3242944378129,3.005,1.078
8070,6.53792305276624,52.3243044268309,2.708,0.971
8071,6.53793224544668,52.3243104304121,3.21,1.151
8072,6.53794143812713,52.3243164339932,2.941,1.055
8073,6.53795063080757,52.3243224375744,2.617,0.938
8074,6.53795982348802,52.3243284411556,3.186,1.142
8075,6.53796888434809,52.3243346012002,3.146,1.128
8076,6.53797752596722,52.3243412588607,2.784,0.998
8077,6.53798616758635,52.3243479165212,2.812,1.008
8078,6.53799480920548,52.3243545741817,2.952,1.059
8079,6.53800345082461,52.3243612318422,2.95,1.058
8080,6.53801209244374,52.3243678895027,2.834,1.016
8081,6.53802073406286,52.3243745471632,2.689,0.964
8082,6.53802845901785,52.3243822928534,2.61,0.936
8083,6.53803595830904,52.3243903063941,3.282,1.177
8084,6.53804345760023,52.3243983199348,2.971,1.065
8085,6.53805095689142,52.3244063334755,3.095,1.11
8086,6.53805881524308,52.3244139208312,2.828,1.014
8087,6.53806741556578,52.3244206275083,2.686,0.963
8088,6.53807601588848,52.3244273341854,2.639,0.946
8089,6.53808413451173,52.3244346126131,3.127,1.121
8090,6.53809197362448,52.3244422228043,2.787,0.999
8091,6.53809981273723,52.3244498329956,2.69,0.964
8092,6.53810765184999,52.3244574431868,2.835,1.017
8093,6.53811549096274,52.3244650533781,2.624,0.941
8094,6.53812333007549,52.3244726635693,2.747,0.985
8095,6.53813116918824,52.3244802737606,3.034,1.088
8096,6.53813900830099,52.3244878839518,3.01,1.079
8097,6.53814684741374,52.3244954941431,2.793,1.001
8098,6.53815468652649,52.3245031043343,2.722,0.976
8099,6.53816252563925,52.3245107145256,2.798,1.003
8100,6.538170364752,52.3245183247168,2.829,1.014
8101,6.53817820386475,52.3245259349081,2.858,1.025
8102,6.5381860429775,52.3245335450993,3.067,1.1
8103,6.53819397914636,52.3245410400903,2.985,1.07
8104,6.53820202034428,52.3245484104176,2.898,1.039
8105,6.53821006154219,52.324555780745,2.538,0.91
8106,6.5382181027401,52.3245631510723,2.837,1.017
8107,6.53822614393801,52.3245705213996,2.886,1.035
8108,6.53823418513592,52.3245778917269,2.644,0.948
8109,6.53824222633384,52.3245852620543,2.731,0.979
8110,6.53825026753175,52.3245926323816,2.912,1.044
8111,6.53825830872966,52.3246000027089,2.669,0.957
8112,6.53826639119509,52.324607324054,3.018,1.082
8113,6.53827447383505,52.3246146451919,2.749,0.986
8114,6.53828255647501,52.3246219663298,2.825,1.013
8115,6.53829063911498,52.3246292874677,2.867,1.028
8116,6.53829872190542,52.324636608427,2.611,0.936
8117,6.5383068147401,52.3246439174643,2.424,0.869
8118,6.53831490191745,52.3246512332166,2.869,1.029
8119,6.53832295879005,52.3246585849389,2.421,0.868
8120,6.53833100998416,52.3246659434013,2.654,0.952
8121,6.53833888423138,52.3246735118899,2.69,0.964
8122,6.53834657490467,52.3246812982706,2.895,1.038
8123,6.53835426557795,52.3246890846513,2.602,0.933
8124,6.53836195625124,52.324696871032,2.807,1.007
8125,6.53836964692453,52.3247046574126,2.657,0.953
8126,6.53837733759781,52.3247124437933,2.739,0.982
8127,6.5383850282711,52.324720230174,2.778,0.996
8128,6.53839271894438,52.3247280165547,2.74,0.982
8129,6.53840045995742,52.3247357431849,2.542,0.911
8130,6.5384078790283,52.3247438519427,2.485,0.891
8131,6.53841541478125,52.3247518222053,2.568,0.921
8132,6.53842419949174,52.3247583100242,2.667,0.956
8133,6.53843298420222,52.3247647978432,2.769,0.993
8134,6.53844152348608,52.32477157697,2.662,0.955
8135,6.53844978000991,52.3247786917174,2.851,1.022
8136,6.53845803653373,52.3247858064647,2.512,0.901
8137,6.53846629305755,52.3247929212121,2.935,1.052
8138,6.53847454958137,52.3248000359594,2.599,0.932
8139,6.5384828061052,52.3248071507068,2.683,0.962
8140,6.53849106262902,52.3248142654542,2.736,0.981
8141,6.53849931915284,52.3248213802015,2.498,0.896
8142,6.53850757567666,52.3248284949489,2.547,0.913
8143,6.53851583220048,52.3248356096963,2.676,0.96
8144,6.53852408872431,52.3248427244436,2.437,0.874
8145,6.53853234524813,52.324849839191,2.428,0.871
8146,6.53854060177195,52.3248569539384,2.466,0.884
8147,6.53854885829577,52.3248640686857,2.396,0.859
8148,6.53855711481959,52.3248711834331,2.81,1.008
8149,6.53856527026985,52.3248784181492,2.572,0.922
8150,6.53857337544649,52.3248857125373,2.521,0.904
8151,6.53858148062313,52.3248930069254,2.275,0.816
8152,6.53858958579977,52.3249003013135,2.512,0.901
8153,6.53859769097641,52.3249075957016,2.56,0.918
8154,6.53860579615305,52.3249148900897,2.477,0.888
8155,6.53861390132969,52.3249221844778,2.587,0.928
8156,6.53862200650633,52.3249294788659,2.671,0.958
8157,6.53863024615715,52.3249366136406,2.244,0.805
8158,6.53863851366816,52.3249437153468,2.408,0.863
8159,6.53864678117918,52.324950817053,2.569,0.921
8160,6.53865500775759,52.3249579673439,2.375,0.852
8161,6.53866306915737,52.3249653136927,2.507,0.899
8162,6.53867113055716,52.3249726600415,2.452,0.879
8163,6.53867919195694,52.3249800063903,2.308,0.827
8164,6.53868725335673,52.3249873527392,2.47,0.886
8165,6.53869531475652,52.324994699088,2.403,0.862
8166,6.5387033761563,52.3250020454368,2.485,0.891
8167,6.53871143755609,52.3250093917856,2.379,0.853
8168,6.53871949895587,52.3250167381344,2.323,0.833
8169,6.53872756035566,52.3250240844832,2.196,0.787
8170,6.53873562175545,52.325031430832,2.483,0.89
8171,6.53874368315523,52.3250387771809,2.276,0.816
8172,6.53875174455502,52.3250461235297,2.337,0.838
8173,6.5387598059548,52.3250534698785,2.684,0.963
8174,6.53876786168639,52.3250608229552,2.24,0.803
8175,6.53877575579794,52.3250683678659,2.565,0.92
8176,6.53878364990949,52.3250759127766,2.089,0.749
8177,6.53879162978864,52.3250833558859,2.364,0.848
8178,6.53879967807497,52.3250907177997,2.17,0.778
8179,6.53880772636129,52.3250980797134,2.401,0.861
8180,6.53881577464761,52.3251054416272,2.209,0.792
8181,6.53882382293394,52.325112803541,2.364,0.848
8182,6.53883187122026,52.3251201654547,2.254,0.808
8183,6.53883991950658,52.3251275273685,2.217,0.795
8184,6.53884796779291,52.3251348892823,2.055,0.737
8185,6.53885601607923,52.3251422511961,2.357,0.845
8186,6.53886406436555,52.3251496131098,2.163,0.776
8187,6.53887211265188,52.3251569750236,2.171,0.779
8188,6.5388801609382,52.3251643369374,2.149,0.771
8189,6.53888820922452,52.3251716988511,2.23,0.8
8190,6.53889625751085,52.3251790607649,2.419,0.868
8191,6.53890430579717,52.3251864226787,2.149,0.771
8192,6.53891235408349,52.3251937845925,2.209,0.792
8193,6.53892029333533,52.3252012759242,2.226,0.798
8194,6.53892747470789,52.3252096668167,2.042,0.732
8195,6.53893465608046,52.3252180577092,2.123,0.761
8196,6.53894183745302,52.3252264486017,2.259,0.81
8197,6.53894955269069,52.3252342058259,2.116,0.759
8198,6.53895782239457,52.3252413049292,1.987,0.712
8199,6.5389661438156,52.3252483426472,2.072,0.743
8200,6.53897446523662,52.3252553803651,2.328,0.835
8201,6.53898278665765,52.3252624180831,2.073,0.743
8202,6.53899132153701,52.3252692024378,2.207,0.791
8203,6.5389998631186,52.3252759788373,1.937,0.694
8204,6.5390084047002,52.3252827552369,2.217,0.795
8205,6.53901694628179,52.3252895316364,2.162,0.775
8206,6.53902548786338,52.3252963080359,2.262,0.811
8207,6.53903402944498,52.3253030844355,1.911,0.685
8208,6.53904257102657,52.325309860835,2.27,0.814
8209,6.53905111260817,52.3253166372345,2.027,0.727
8210,6.53905965418976,52.3253234136341,2.142,0.768
8211,6.53906819577135,52.3253301900336,2.029,0.727
8212,6.53907673735295,52.3253369664331,2.067,0.741
8213,6.53908527893454,52.3253437428327,2.246,0.805
8214,6.53909356056449,52.3253508277804,2.066,0.741
8215,6.53910161524469,52.325358182105,2.132,0.764
8216,6.53910966992489,52.3253655364296,2.044,0.733
8217,6.53911772460509,52.3253728907542,1.959,0.703
8218,6.53912577928529,52.3253802450788,1.923,0.689
8219,6.53913383396549,52.3253875994034,2.179,0.781
8220,6.53914188864569,52.325394953728,1.873,0.672
8221,6.53914993910987,52.3254023130568,2.043,0.732
8222,6.53915798566913,52.3254096770205,2.036,0.73
8223,6.53916603222839,52.3254170409842,2.082,0.746
8224,6.53917407878765,52.3254244049479,1.955,0.701
8225,6.53918212534691,52.3254317689116,2.055,0.737
8226,6.53919017190617,52.3254391328753,1.78,0.638
8227,6.53919821846543,52.325446496839,2.125,0.762
8228,6.53920625356835,52.3254538744007,1.835,0.658
8229,6.53921427415467,52.3254612691929,1.918,0.688
8230,6.53922227443868,52.3254686880828,2.026,0.726
8231,6.5392302738977,52.3254761079518,1.918,0.688
8232,6.53923827335672,52.3254835278209,2.078,0.745
8233,6.53924627281574,52.32549094769,1.891,0.678
8234,6.53925497019397,52.3254975391675,2.029,0.727
8235,6.53926401325592,52.3255037203376,1.928,0.691
8236,6.53927305631788,52.3255099015076,1.838,0.659
8237,6.53928209937983,52.3255160826777,1.938,0.695
8238,6.53929114244179,52.3255222638477,2.104,0.755
8239,6.53930018550374,52.3255284450178,1.94,0.696
8240,6.53930797908009,52.3255361092582,2.018,0.724
8241,6.53931417747976,52.3255456668853,1.989,0.713
8242,6.53932037587942,52.3255552245123,1.977,0.709
8243,6.5393270799355,52.3255641819531,1.793,0.643
8244,6.53933512401764,52.325571548857,1.885,0.676
8245,6.53934316809979,52.3255789157609,2.03,0.728
8246,6.53935121218193,52.3255862826648,1.941,0.696
8247,6.53935925626408,52.3255936495687,1.908,0.684
8248,6.53936730034622,52.3256010164726,1.805,0.647
8249,6.53937534442837,52.3256083833765,2.025,0.726
8250,6.53938338851051,52.3256157502804,1.878,0.673
8251,6.53939143259265,52.3256231171843,2.002,0.718
8252,6.5393994766748,52.3256304840882,1.876,0.673
8253,6.53940752075694,52.3256378509921,1.987,0.712
8254,6.53941556483909,52.325645217896,1.914,0.686
8255,6.53942360892123,52.3256525847999,1.835,0.658
8256,6.53943165300338,52.3256599517038,1.885,0.676
8257,6.53943969708552,52.3256673186077,1.938,0.695
8258,6.53944774116766,52.3256746855116,1.649,0.591
8259,6.53945578524981,52.3256820524155,1.95,0.699
8260,6.53946382933195,52.3256894193194,2.039,0.731
8261,6.5394718734141,52.3256967862233,1.929,0.692
8262,6.53947994828052,52.325704116588,2.085,0.748
8263,6.53948803386631,52.3257114342294,1.952,0.7
8264,6.53949611945209,52.3257187518707,1.827,0.655
8265,6.53950420503788,52.3257260695121,1.648,0.591
8266,6.53951229062366,52.3257333871535,1.907,0.684
8267,6.53951960232565,52.3257416233522,1.809,0.648
8268,6.53952634523545,52.3257505346758,2.05,0.735
8269,6.53953504732025,52.3257571205669,1.717,0.615
8270,6.53954432339625,52.3257630251621,2.023,0.725
8271,6.53955295661206,52.3257696927969,2.03,0.728
8272,6.5395610034106,52.3257770564766,1.894,0.679
8273,6.53956905020913,52.3257844201563,1.955,0.701
8274,6.53957709700767,52.325791783836,1.597,0.572
8275,6.5395851438062,52.3257991475157,1.785,0.64
8276,6.53959319060474,52.3258065111954,1.779,0.638
8277,6.53960123740328,52.3258138748751,1.909,0.684
8278,6.53960928420181,52.3258212385548,1.73,0.62
8279,6.53961733100035,52.3258286022345,1.84,0.66
8280,6.53962537779888,52.3258359659141,1.755,0.629
8281,6.53963342459742,52.3258433295938,1.853,0.665
8282,6.53964147139595,52.3258506932735,1.904,0.683
8283,6.53964951819449,52.3258580569532,1.985,0.712
8284,6.53965756499302,52.3258654206329,1.862,0.668
8285,6.53966561179156,52.3258727843126,1.748,0.627
8286,6.5396736585901,52.3258801479923,1.972,0.707
8287,6.53968170538863,52.325887511672,1.758,0.63
8288,6.53968975218717,52.3258948753517,1.706,0.612
8289,6.5396977989857,52.3259022390314,1.702,0.61
8290,6.53970584578424,52.3259096027111,1.845,0.662
8291,6.53971389258277,52.3259169663908,1.887,0.677
8292,6.53972193938131,52.3259243300705,1.791,0.642
8293,6.53972998617985,52.3259316937502,2.034,0.729
8294,6.53973803297838,52.3259390574299,1.691,0.606
8295,6.53974607977692,52.3259464211096,1.637,0.587
8296,6.53975412657545,52.3259537847892,1.855,0.665
8297,6.53976217337399,52.3259611484689,1.993,0.715
8298,6.53977018769643,52.325968550696,2.018,0.724
8299,6.53977819649602,52.3259759594783,1.981,0.71
8300,6.53978620529561,52.3259833682607,2.001,0.718
8301,6.5397942140952,52.325990777043,1.684,0.604
8302,6.53980222289479,52.3259981858253,1.845,0.661
8303,6.53981023169438,52.3260055946077,1.691,0.606
8304,6.53981824049397,52.32601300339,1.73,0.62
8305,6.53982624929356,52.3260204121724,1.719,0.616
8306,6.53983425809315,52.3260278209547,1.913,0.686
8307,6.53984226689274,52.3260352297371,1.769,0.634
8308,6.53985027569233,52.3260426385194,1.958,0.702
8309,6.53985828449192,52.3260500473017,1.708,0.613
8310,6.53986629329151,52.3260574560841,1.815,0.651
8311,6.5398743020911,52.3260648648664,1.962,0.704
8312,6.53988231089069,52.3260722736488,1.928,0.691
8313,6.53989031969028,52.3260796824311,1.851,0.664
8314,6.53989832848987,52.3260870912135,1.94,0.696
8315,6.53990633728946,52.3260944999958,1.733,0.621
8316,6.53991434608905,52.3261019087781,1.757,0.63
8317,6.53992238671108,52.326109279789,1.809,0.649
8318,6.53993042755822,52.3261166505327,1.779,0.638
8319,6.53993846840536,52.3261240212764,1.704,0.611
8320,6.5399465092525,52.32613139202,1.882,0.675
8321,6.53995455009963,52.3261387627637,1.936,0.694
8322,6.53996259094677,52.3261461335074,1.777,0.637
8323,6.53997063179391,52.3261535042511,1.789,0.642
8324,6.53997867264104,52.3261608749947,1.927,0.691
8325,6.53998671348818,52.3261682457384,1.729,0.62
8326,6.53999475433532,52.3261756164821,1.991,0.714
8327,6.54000279518246,52.3261829872258,1.668,0.598
8328,6.54001083602959,52.3261903579694,1.865,0.669
8329,6.54001887687673,52.3261977287131,1.726,0.619
8330,6.54002691772387,52.3262050994568,1.767,0.634
8331,6.54003495857101,52.3262124702005,1.826,0.655
8332,6.54004299941814,52.3262198409441,1.816,0.651
8333,6.54005102151474,52.3262272339437,1.714,0.615
8334,6.54005902799571,52.3262346454781,1.946,0.698
8335,6.54006703447669,52.3262420570125,1.789,0.641
8336,6.54007504095766,52.3262494685469,1.965,0.704
8337,6.54008300937898,52.326256925256,1.779,0.638
8338,6.54009097282063,52.3262643878757,1.758,0.63
8339,6.54009884818472,52.3262719550387,1.943,0.697
8340,6.54010663089275,52.3262796321792,1.827,0.655
8341,6.54011441360079,52.3262873093197,1.935,0.694
8342,6.5401224182171,52.3262947230674,1.757,0.63
8343,6.54013063859065,52.3263018807231,1.799,0.645
8344,6.54013885896419,52.3263090383789,1.846,0.662
8345,6.54014707933774,52.3263161960346,1.988,0.713
8346,6.54015529971129,52.3263233536903,1.797,0.644
8347,6.54016352008484,52.3263305113461,1.691,0.606
8348,6.54017174045839,52.3263376690018,1.895,0.679
8349,6.54017996083194,52.3263448266576,1.687,0.605
8350,6.54018818120549,52.3263519843133,1.746,0.626
8351,6.54019640157904,52.326359141969,1.882,0.675
8352,6.54020462214846,52.3263662993923,1.867,0.669
8353,6.54021284449248,52.3263734547092,1.847,0.662
8354,6.54022106683649,52.3263806100261,1.832,0.657
8355,6.54022928918051,52.326387765343,1.773,0.636
8356,6.54023751152452,52.3263949206599,1.779,0.638
8357,6.54024570517976,52.3264021100288,1.768,0.634
8358,6.54025384627275,52.3264093617862,1.813,0.65
8359,6.54026198736573,52.3264166135436,1.675,0.601
8360,6.54027012845871,52.326423865301,1.782,0.639
8361,6.5402782695517,52.3264311170584,1.722,0.617
8362,6.54028641064468,52.3264383688158,1.863,0.668
8363,6.54029455173766,52.3264456205732,1.779,0.638
8364,6.54030269283065,52.3264528723306,1.697,0.608
8365,6.54031083392363,52.326460124088,1.574,0.564
8366,6.54031897501661,52.3264673758454,1.97,0.706
8367,6.5403271161096,52.3264746276027,1.748,0.627
8368,6.54033525720258,52.3264818793601,1.611,0.577
8369,6.54034339829556,52.3264891311175,1.826,0.655
8370,6.54035153938854,52.3264963828749,1.805,0.647
8371,6.54035968048153,52.3265036346323,1.813,0.65
8372,6.54036782157451,52.3265108863897,1.905,0.683
8373,6.54037596266749,52.3265181381471,1.657,0.594
8374,6.54038410376048,52.3265253899045,1.715,0.615
8375,6.54039224485346,52.3265326416619,1.898,0.68
8376,6.54040038594644,52.3265398934193,1.926,0.691
8377,6.54040853206548,52.326547139211,1.66,0.595
8378,6.54041687928984,52.3265541463019,1.647,0.59
8379,6.54042522651421,52.3265611533927,1.704,0.611
8380,6.54043357373857,52.3265681604835,1.784,0.64
8381,6.54044192096293,52.3265751675743,1.794,0.643
8382,6.5404502681873,52.3265821746652,1.594,0.571
8383,6.54045861541166,52.326589181756,1.807,0.648
8384,6.54046696263603,52.3265961888468,1.887,0.677
8385,6.54047530986039,52.3266031959377,1.778,0.638
8386,6.54048365708476,52.3266102030285,1.699,0.609
8387,6.54049200430912,52.3266172101193,1.771,0.635
8388,6.54050035153349,52.3266242172101,1.601,0.574
8389,6.54050870657776,52.3266312150192,1.78,0.638
8390,6.54051707383552,52.3266381983315,1.598,0.573
8391,6.54052544109328,52.3266451816438,1.787,0.641
8392,6.54053380835105,52.3266521649561,1.684,0.604
8393,6.54054217560881,52.3266591482683,1.619,0.58
8394,6.54055054286657,52.3266661315806,1.643,0.589
8395,6.54055891012434,52.3266731148929,1.712,0.614
8396,6.5405672773821,52.3266800982052,1.716,0.615
8397,6.54057564463986,52.3266870815175,2.013,0.722
8398,6.54058323611778,52.3266949856376,1.809,0.649
8399,6.54059041807432,52.326703375837,1.899,0.681
8400,6.54059760003087,52.3267117660364,1.599,0.573
8401,6.54060478198741,52.3267201562357,1.89,0.678
8402,6.54061196394395,52.3267285464351,1.905,0.683
8403,6.54061914590049,52.3267369366345,1.928,0.691
8404,6.54062632785704,52.3267453268339,1.807,0.648
8405,6.54063371331149,52.3267534754924,1.554,0.557
8406,6.54064157084864,52.3267610638149,1.708,0.613
8407,6.54064942838579,52.3267686521375,1.818,0.652
8408,6.54065728592294,52.32677624046,1.591,0.57
8409,6.54066447157986,52.3267846262672,1.863,0.668
8410,6.54066959573879,52.3267954589587,1.836,0.658
8411,6.54067795202279,52.3268024552962,1.895,0.68
8412,6.5406874794369,52.326808061567,1.744,0.625
8413,6.54069572735294,52.3268151865313,1.911,0.685
8414,6.54070392412401,52.3268223722019,1.545,0.554
8415,6.54071212089508,52.3268295578725,1.862,0.668
8416,6.54072031766615,52.3268367435431,1.755,0.629
8417,6.54072851443722,52.3268439292136,1.649,0.591
8418,6.54073671120829,52.3268511148842,1.676,0.601
8419,6.54074490797936,52.3268583005548,1.648,0.591
8420,6.54075310475043,52.3268654862254,1.749,0.627
8421,6.5407613015215,52.3268726718959,1.741,0.624
8422,6.54076949829257,52.3268798575665,1.681,0.603
8423,6.54077769506364,52.3268870432371,1.636,0.587
8424,6.54078589183471,52.3268942289077,1.5,0.538
8425,6.54079408994582,52.3269014129877,1.542,0.553
8426,6.54080229025042,52.3269085944642,1.617,0.58
8427,6.54081049055503,52.3269157759406,1.69,0.606
8428,6.54081869085964,52.3269229574171,1.675,0.601
8429,6.54082689116425,52.3269301388936,1.621,0.581
8430,6.54083509146886,52.32693732037,1.87,0.67
8431,6.54084329177347,52.3269445018465,1.513,0.542
8432,6.5408519010877,52.3269511978511,1.872,0.671
8433,6.5408606682875,52.3269577064543,1.796,0.644
8434,6.5408694354873,52.3269642150575,1.814,0.651
8435,6.5408782026871,52.3269707236607,1.675,0.601
8436,6.5408869698869,52.3269772322639,1.501,0.538
8437,6.5408957370867,52.3269837408671,1.689,0.606
8438,6.54090450428649,52.3269902494702,1.567,0.562
8439,6.54091327148629,52.3269967580734,1.8,0.645
8440,6.54092127296369,52.3270041755468,1.469,0.527
8441,6.54092901678146,52.3270118988479,1.656,0.594
8442,6.54093676059923,52.3270196221491,1.727,0.619
8443,6.54094450441699,52.3270273454502,1.473,0.528
8444,6.54095224823476,52.3270350687513,1.597,0.573
8445,6.54095999205253,52.3270427920525,1.616,0.58
8446,6.54096773587029,52.3270505153536,1.746,0.626
8447,6.54097547968806,52.3270582386547,1.962,0.703
8448,6.54098322350583,52.3270659619559,1.443,0.517
8449,6.5409909673236,52.327073685257,1.618,0.58
8450,6.54099889771282,52.3270811871081,1.67,0.599
8451,6.54100706556316,52.327088407106,1.631,0.585
8452,6.5410152334135,52.3270956271039,1.869,0.67
8453,6.54102340126384,52.3271028471018,1.638,0.587
8454,6.54103156911418,52.3271100670997,1.529,0.548
8455,6.54103973696452,52.3271172870976,1.724,0.618
8456,6.54104790481486,52.3271245070954,1.656,0.594
8457,6.5410560726652,52.3271317270933,1.512,0.542
8458,6.54106413365122,52.3271390739333,1.788,0.641
8459,6.54107216001938,52.3271464618627,1.801,0.646
8460,6.54108018552139,52.3271538508202,1.618,0.58
8461,6.54108819687867,52.3271612565667,1.511,0.542
8462,6.54109620823595,52.3271686623132,1.703,0.611
8463,6.54110421959323,52.3271760680597,1.751,0.628
8464,6.54111223095051,52.3271834738062,1.891,0.678
8465,6.54112024848039,52.3271908722262,1.638,0.587
8466,6.5411282717746,52.3271982638042,1.706,0.612
8467,6.5411363300748,52.3272056138321,1.666,0.597
8468,6.54114439545979,52.3272129554507,1.723,0.618
8469,6.54115246084478,52.3272202970693,1.54,0.552
8470,6.54116052622977,52.3272276386879,1.561,0.56
8471,6.54116859161476,52.3272349803065,1.754,0.629
8472,6.54117665699975,52.327242321925,1.844,0.661
8473,6.54118472238475,52.3272496635436,1.695,0.608
8474,6.54119278776974,52.3272570051622,1.321,0.474
8475,6.54120085315473,52.3272643467808,1.543,0.553
8476,6.54120891853972,52.3272716883994,1.562,0.56
8477,6.54121698392471,52.327279030018,1.573,0.564
8478,6.5412250493097,52.3272863716366,1.781,0.639
8479,6.54123311469469,52.3272937132552,1.624,0.582
8480,6.54124118007968,52.3273010548738,1.685,0.604
8481,6.54124924546467,52.3273083964924,1.54,0.552
8482,6.54125731084966,52.327315738111,1.527,0.547
8483,6.54126537623466,52.3273230797296,1.62,0.581
8484,6.54127344161965,52.3273304213482,1.691,0.607
8485,6.54128150700464,52.3273377629668,1.655,0.593
8486,6.54128966158619,52.327344998714,1.483,0.532
8487,6.54129811537855,52.3273518793145,1.673,0.6
8488,6.54130656917091,52.327358759915,1.565,0.561
8489,6.54131502296326,52.3273656405155,1.694,0.608
8490,6.54132347675562,52.3273725211161,1.512,0.542
8491,6.54133193054798,52.3273794017166,1.577,0.565
8492,6.54134038434033,52.3273862823171,1.775,0.636
8493,6.54134883813269,52.3273931629176,1.552,0.557
8494,6.54135729192504,52.3274000435181,1.517,0.544
8495,6.5413657457174,52.3274069241186,1.638,0.587
8496,6.54137419950976,52.3274138047191,1.723,0.618
8497,6.54138265330211,52.3274206853196,1.605,0.576
8498,6.54139110709447,52.3274275659201,1.571,0.563
8499,6.54139866582923,52.3274355089046,1.44,0.516
8500,6.54140549151602,52.3274443219765,1.514,0.543
8501,6.54141231720281,52.3274531350483,1.637,0.587
8502,6.5414191428896,52.3274619481202,1.638,0.587
8503,6.54142597070652,52.3274707586638,1.582,0.567
8504,6.54143401158558,52.3274781293696,1.683,0.603
8505,6.54144205246464,52.3274855000753,1.741,0.624
8506,6.54145009334369,52.3274928707811,1.59,0.57
8507,6.54145813422275,52.3275002414869,1.665,0.597
8508,6.54146617510181,52.3275076121927,1.591,0.57
8509,6.54147421598087,52.3275149828985,1.66,0.595
8510,6.54148225685992,52.3275223536043,1.677,0.601
8511,6.54149029773898,52.3275297243101,1.669,0.599
8512,6.54149833861804,52.3275370950159,1.594,0.571
8513,6.5415063794971,52.3275444657217,1.58,0.567
8514,6.54151442037615,52.3275518364274,1.639,0.588
8515,6.54152246125521,52.3275592071332,1.612,0.578
8516,6.54153050213427,52.327566577839,1.68,0.603
8517,6.54153854301332,52.3275739485448,1.708,0.612
8518,6.54154658389238,52.3275813192506,1.588,0.57
8519,6.54155462477144,52.3275886899564,1.66,0.595
8520,6.5415626656505,52.3275960606622,1.66,0.595
8521,6.54157070652955,52.327603431368,1.488,0.534
8522,6.54157874740861,52.3276108020737,1.555,0.558
8523,6.54158678828767,52.3276181727795,1.606,0.576
8524,6.54159491303997,52.3276254439324,1.532,0.549
8525,6.54160307358292,52.3276326726038,1.581,0.567
8526,6.54161123412587,52.3276399012751,1.678,0.602
8527,6.54161939466882,52.3276471299465,1.54,0.552
8528,6.54162755521177,52.3276543586178,1.546,0.554
8529,6.54163571575472,52.3276615872892,1.525,0.547
8530,6.54164387629767,52.3276688159605,1.683,0.603
8531,6.54165202288244,52.3276760611995,1.472,0.528
8532,6.54166015360539,52.3276833252655,1.642,0.589
8533,6.54166828432834,52.3276905893316,1.573,0.564
8534,6.54167641505129,52.3276978533976,1.577,0.565
8535,6.54168454577424,52.3277051174637,1.717,0.616
8536,6.54169268247143,52.3277123744386,1.519,0.545
8537,6.54170084251305,52.327719603705,1.601,0.574
8538,6.54170900255468,52.3277268329715,1.368,0.491
8539,6.54171716259631,52.3277340622378,1.579,0.566
8540,6.54172532263794,52.3277412915042,1.596,0.572
8541,6.54173348267956,52.3277485207706,1.598,0.573
8542,6.54174164272119,52.327755750037,1.58,0.566
8543,6.54174980276282,52.3277629793034,1.517,0.544
8544,6.54175796280445,52.3277702085698,1.554,0.557
8545,6.54176612284607,52.3277774378362,1.709,0.613
8546,6.5417742828877,52.3277846671026,1.469,0.527
8547,6.54178244292933,52.327791896369,1.808,0.648
8548,6.54179060297096,52.3277991256354,1.637,0.587
8549,6.54179876301258,52.3278063549018,1.534,0.55
8550,6.54180692305421,52.3278135841682,1.44,0.516
8551,6.54181492973178,52.3278209954693,1.777,0.637
8552,6.54182109249287,52.3278305953974,1.634,0.586
8553,6.54182725525396,52.3278401953255,1.516,0.543
8554,6.54183690141521,52.3278456606499,1.567,0.562
8555,6.54184719573241,52.3278503566491,1.631,0.585
8556,6.54185531455047,52.3278576348456,1.568,0.562
8557,6.54186336165612,52.3278649981608,1.51,0.541
8558,6.54187140876177,52.327872361476,1.603,0.575
8559,6.54187945586742,52.3278797247911,1.645,0.59
8560,6.54188750297307,52.3278870881063,1.54,0.552
8561,6.54189555007872,52.3278944514215,1.532,0.549
8562,6.54190359718437,52.3279018147366,1.559,0.559
8563,6.54191164429002,52.3279091780518,1.588,0.569
8564,6.54191969139567,52.327916541367,1.715,0.615
8565,6.54192773850131,52.3279239046821,1.615,0.579
8566,6.54193578560696,52.3279312679973,1.669,0.598
8567,6.54194383271261,52.3279386313125,1.501,0.538
8568,6.54195187981826,52.3279459946276,1.507,0.54
8569,6.54195992692391,52.3279533579428,1.689,0.606
8570,6.54196797402956,52.327960721258,1.558,0.559
8571,6.54197602113521,52.3279680845731,1.638,0.587
8572,6.54198406824086,52.3279754478883,1.414,0.507
8573,6.54199211534651,52.3279828112035,1.624,0.582
8574,6.54200016245216,52.3279901745186,1.634,0.586
8575,6.54200820955781,52.3279975378338,1.584,0.568
8576,6.54201625666346,52.328004901149,1.471,0.527
8577,6.54202430376911,52.3280122644641,1.416,0.508
8578,6.54203235087476,52.3280196277793,1.577,0.565
8579,6.54204039798041,52.3280269910945,1.626,0.583
8580,6.54204844508606,52.3280343544096,1.644,0.589
8581,6.54205649219171,52.3280417177248,1.553,0.557
8582,6.54206453929736,52.32804908104,1.556,0.558
8583,6.54207258640301,52.3280564443551,1.47,0.527
8584,6.54208063350866,52.3280638076703,1.615,0.579
8585,6.54208868061431,52.3280711709855,1.695,0.608
8586,6.54209672771996,52.3280785343006,1.508,0.541
8587,6.54210477482561,52.3280858976158,1.614,0.579
8588,6.54211282193126,52.328093260931,1.503,0.539
8589,6.54212086903691,52.3281006242461,1.424,0.51
8590,6.54212891614256,52.3281079875613,1.818,0.652
8591,6.54213696324821,52.3281153508765,1.626,0.583
8592,6.54214501035386,52.3281227141916,1.71,0.613
8593,6.54215305745951,52.3281300775068,1.473,0.528
8594,6.54216110456516,52.328137440822,1.509,0.541
8595,6.54216915167081,52.3281448041371,1.551,0.556
8596,6.54217719877645,52.3281521674523,1.555,0.558
8597,6.5421852458821,52.3281595307675,1.557,0.558
8598,6.54219329298775,52.3281668940826,1.621,0.581
8599,6.5422013400934,52.3281742573978,1.665,0.597
8600,6.54220938719905,52.328181620713,1.697,0.608
8601,6.5422174343047,52.3281889840281,1.557,0.558
8602,6.54222548141035,52.3281963473433,1.582,0.567
8603,6.542233528516,52.3282037106584,1.668,0.598
8604,6.54224157562165,52.3282110739736,1.647,0.591
8605,6.5422496227273,52.3282184372888,1.484,0.532
8606,6.54225766983295,52.328225800604,1.519,0.545
8607,6.5422657169386,52.3282331639191,1.546,0.554
8608,6.54227376404425,52.3282405272343,1.569,0.563
8609,6.5422818111499,52.3282478905494,1.503,0.539
8610,6.54228985825555,52.3282552538646,1.608,0.577
8611,6.5422979053612,52.3282626171798,1.678,0.602
8612,6.54230595246685,52.328269980495,1.544,0.553
8613,6.5423139995725,52.3282773438101,1.676,0.601
8614,6.54232204667815,52.3282847071253,1.7,0.61
8615,6.5423300937838,52.3282920704404,1.791,0.642
8616,6.54233814088945,52.3282994337556,1.719,0.616
8617,6.5423461879951,52.3283067970708,1.677,0.601
8618,6.54235423510075,52.328314160386,1.896,0.68
8619,6.5423622822064,52.3283215237011,1.626,0.583
8620,6.54237032931205,52.3283288870163,1.668,0.598
8621,6.5423783764177,52.3283362503314,1.842,0.66
8622,6.54238581725902,52.3283443332489,1.69,0.606
8623,6.5423918563407,52.3283540799776,1.817,0.652
8624,6.54240017428982,52.3283611218165,1.712,0.614
8625,6.54240915367791,52.3283673785639,1.959,0.702
8626,6.54241823406713,52.3283735154286,1.917,0.687
8627,6.54242656972122,52.3283805362527,1.986,0.712
8628,6.54243490537532,52.3283875570768,1.861,0.667
8629,6.54244324102941,52.3283945779009,1.898,0.68
8630,6.54245157668351,52.328401598725,1.878,0.673
8631,6.54245991233761,52.3284086195491,2.085,0.748
8632,6.5424682479917,52.3284156403732,2.173,0.779
8633,6.5424765836458,52.3284226611973,2.34,0.839
8634,6.54248491929989,52.3284296820214,2.255,0.809
8635,6.54249325495399,52.3284367028455,2.2,0.789
8636,6.54250159060808,52.3284437236696,2.275,0.816
8637,6.54250992626218,52.3284507444937,2.408,0.863
8638,6.54251826191627,52.3284577653178,2.455,0.88
8639,6.54252659757037,52.3284647861419,2.338,0.838
8640,6.54253493322447,52.328471806966,2.559,0.918
8641,6.54254326887856,52.3284788277901,2.409,0.864
8642,6.54255160453266,52.3284858486142,2.5,0.897
8643,6.54255994018675,52.3284928694383,2.776,0.995
8644,6.54256827584085,52.3284998902623,2.843,1.019
8645,6.54257661149494,52.3285069110864,2.862,1.026
8646,6.54258494714904,52.3285139319105,2.939,1.054
8647,6.54259328280313,52.3285209527346,2.604,0.934
8648,6.54260161845723,52.3285279735587,2.784,0.998
8649,6.54260995411133,52.3285349943828,3.063,1.098
8650,6.54261828976542,52.3285420152069,3.203,1.149
8651,6.54262632330245,52.3285493946273,3.593,1.288
8652,6.54263395541663,52.3285572505144,3.307,1.186
8653,6.5426415875308,52.3285651064016,3.503,1.256
8654,6.54264921964498,52.3285729622887,3.798,1.362
8655,6.54265685175916,52.3285808181758,3.38,1.212
8656,6.54266448387334,52.3285886740629,3.311,1.187
8657,6.54267211598752,52.32859652995,4.081,1.463
8658,6.5426797481017,52.3286043858372,3.646,1.307
8659,6.54268738021588,52.3286122417243,3.292,1.18
8660,6.5426965037501,52.3286183273782,3.958,1.419
8661,6.54270559367803,52.3286244529209,3.857,1.383
8662,6.54271251683587,52.3286331503,3.58,1.284
8663,6.54271943999371,52.3286418476792,3.713,1.331
8664,6.54272636315155,52.3286505450583,3.995,1.432
8665,6.54273328630939,52.3286592424375,3.893,1.396
8666,6.54274053972505,52.3286675478188,4.493,1.611
8667,6.5427490165993,52.3286744010224,3.896,1.397
8668,6.54275749347355,52.3286812542259,4.047,1.451
8669,6.5427659703478,52.3286881074295,4.565,1.637
8670,6.54277438674772,52.3286950324128,4.215,1.511
8671,6.54278267680595,52.3287021073567,3.949,1.416
8672,6.54279096686418,52.3287091823005,4.188,1.501
8673,6.54279925692241,52.3287162572444,3.945,1.414
8674,6.54280610659398,52.3287250418477,3.852,1.381
8675,6.54281233177896,52.3287345676821,4.102,1.471
8676,6.54281979212001,52.3287426274544,4.044,1.45
8677,6.54282836501071,52.3287493666917,4.062,1.456
8678,6.54283693790141,52.3287561059291,4.249,1.524
8679,6.54284551079211,52.3287628451665,3.675,1.318
8680,6.54285402684718,52.3287696518646,3.663,1.313
8681,6.54286227652495,52.3287767747378,3.792,1.36
8682,6.54287045810809,52.3287839784356,3.75,1.345
8683,6.54287863969123,52.3287911821334,3.667,1.315
8684,6.54288682127437,52.3287983858312,3.702,1.327
8685,6.54289500285751,52.3288055895291,3.385,1.214
8686,6.54290318444065,52.3288127932269,3.328,1.193
8687,6.54291136602378,52.3288199969247,3.112,1.116
8688,6.54291954760692,52.3288272006225,3.207,1.15
8689,6.54292772919006,52.3288344043203,3.124,1.12
8690,6.54293588903891,52.3288416338155,3.306,1.185
8691,6.54294372909168,52.328849242891,2.772,0.994
8692,6.54295156914444,52.3288568519665,2.981,1.069
8693,6.54295940919721,52.328864461042,2.821,1.011
8694,6.54296724924998,52.3288720701175,2.915,1.045
8695,6.54297508930275,52.328879679193,3.098,1.111
8696,6.54298292935552,52.3288872882685,2.674,0.959
8697,6.54299088889695,52.3288947555176,2.697,0.967
8698,6.54299897616206,52.3289020711657,2.734,0.98
8699,6.54300706342716,52.3289093868138,2.481,0.889
8700,6.54301515069226,52.3289167024619,2.397,0.859
8701,6.54302323795737,52.3289240181101,2.231,0.8
8702,6.54303132522247,52.3289313337582,2.119,0.76
8703,6.54303941248757,52.3289386494063,2.724,0.977
8704,6.54304749975268,52.3289459650544,2.289,0.821
8705,6.54305558701778,52.3289532807025,2.283,0.819
8706,6.54306372117518,52.3289605406921,2.268,0.813
8707,6.54307198823509,52.3289676429337,2.259,0.81
8708,6.54308025529499,52.3289747451753,2.138,0.767
8709,6.54308852235489,52.3289818474169,1.997,0.716
8710,6.5430967894148,52.3289889496585,2.283,0.818
8711,6.5431050564747,52.3289960519001,1.879,0.674
8712,6.5431133235346,52.3290031541417,2.092,0.75
8713,6.54312159059451,52.3290102563834,2.039,0.731
8714,6.54312985765441,52.329017358625,1.878,0.673
8715,6.54313812471431,52.3290244608666,1.835,0.658
8716,6.54314639177422,52.3290315631082,1.893,0.679
8717,6.54315465883412,52.3290386653498,1.831,0.656
8718,6.54316269634884,52.3290460400489,1.975,0.708
8719,6.54317058429255,52.3290535922805,1.786,0.64
8720,6.54317847223626,52.3290611445121,1.862,0.668
8721,6.54318636017997,52.3290686967437,1.736,0.622
8722,6.54319424812368,52.3290762489753,1.734,0.622
8723,6.54320213606739,52.3290838012069,1.733,0.621
8724,6.5432100240111,52.3290913534385,1.684,0.604
8725,6.5432179119548,52.3290989056701,1.674,0.6
8726,6.54322579989851,52.3291064579017,1.724,0.618
8727,6.54323368784222,52.3291140101333,1.829,0.656
8728,6.54324157578593,52.3291215623649,1.731,0.621
8729,6.54324946372964,52.3291291145965,1.737,0.623
8730,6.54325735167335,52.3291366668281,1.584,0.568
8731,6.54326523961705,52.3291442190597,1.573,0.564
8732,6.54327312756076,52.3291517712913,1.759,0.631
8733,6.54328101550447,52.3291593235229,1.59,0.57
8734,6.54328890344818,52.3291668757545,1.489,0.534
8735,6.54329674858631,52.3291744787939,1.751,0.628
8736,6.54330456834387,52.3291821119587,1.607,0.576
8737,6.54331238810143,52.3291897451235,1.528,0.548
8738,6.54332020785899,52.3291973782883,1.595,0.572
8739,6.54332802761655,52.3292050114531,1.511,0.542
8740,6.54333584737411,52.3292126446179,1.577,0.565
8741,6.54334366713166,52.3292202777827,1.548,0.555
8742,6.54335150912324,52.3292278845569,1.381,0.495
8743,6.54335960867977,52.3292351856158,1.55,0.556
8744,6.5433677082363,52.3292424866747,1.518,0.544
8745,6.54337580779282,52.3292497877336,1.563,0.56
8746,6.54338390734935,52.3292570887924,1.604,0.575
8747,6.54339200690588,52.3292643898513,1.584,0.568
8748,6.5434001064624,52.3292716909102,1.387,0.497
8749,6.54340820601893,52.329278991969,1.595,0.572
8750,6.54341630557546,52.3292862930279,1.535,0.55
8751,6.54342440513198,52.3292935940868,1.536,0.551
8752,6.54343250468851,52.3293008951457,1.622,0.581
8753,6.54344060424504,52.3293081962045,1.661,0.596
8754,6.54344870380157,52.3293154972634,1.619,0.58
8755,6.54345680335809,52.3293227983223,1.571,0.563
8756,6.5434649129176,52.3293300875082,1.612,0.578
8757,6.54347304350063,52.3293373517403,1.579,0.566
8758,6.54348117408365,52.3293446159724,1.601,0.574
8759,6.54348930466667,52.3293518802046,1.583,0.567
8760,6.5434974373847,52.3293591419026,1.41,0.506
8761,6.54350570103219,52.3293662481945,1.623,0.582
8762,6.54351396467968,52.3293733544865,1.512,0.542
8763,6.54352222832717,52.3293804607785,1.617,0.58
8764,6.54353049197466,52.3293875670704,1.64,0.588
8765,6.54353875562215,52.3293946733624,1.34,0.481
8766,6.54354701926964,52.3294017796543,1.541,0.553
8767,6.54355504867052,52.3294091639841,1.614,0.579
8768,6.54356304758144,52.3294165845037,1.59,0.57
8769,6.54357104649236,52.3294240050234,1.554,0.557
8770,6.54357936336931,52.3294310481349,1.609,0.577
8771,6.54358772806677,52.3294380344862,1.559,0.559
8772,6.54359609276422,52.3294450208374,1.462,0.524
8773,6.54360445746168,52.3294520071886,1.638,0.587
8774,6.54361282215913,52.3294589935399,1.617,0.58
8775,6.54362118685659,52.3294659798911,1.525,0.547
8776,6.54362955155404,52.3294729662423,1.526,0.547
8777,6.54363791625149,52.3294799525936,1.528,0.548
8778,6.54364628094895,52.3294869389448,1.671,0.599
8779,6.5436546456464,52.329493925296,1.615,0.579
8780,6.54366301034386,52.3295009116473,1.418,0.508
8781,6.54367137504131,52.3295078979985,1.555,0.558
8782,6.54367973973876,52.3295148843498,1.477,0.53
8783,6.54368810443622,52.329521870701,1.697,0.608
8784,6.54369646913367,52.3295288570522,1.744,0.625
8785,6.54370483383113,52.3295358434035,1.529,0.548
8786,6.54371319852858,52.3295428297547,1.47,0.527
8787,6.54372156322604,52.3295498161059,1.688,0.605
8788,6.54372992792349,52.3295568024572,1.691,0.606
8789,6.54373829262094,52.3295637888084,1.579,0.566
8790,6.5437466573184,52.3295707751597,1.431,0.513
8791,6.54375502201585,52.3295777615109,1.55,0.556
8792,6.54376338671331,52.3295847478621,1.734,0.622
8793,6.54377175141076,52.3295917342134,1.472,0.528
8794,6.54378011610821,52.3295987205646,1.649,0.591
8795,6.54378848080567,52.3296057069158,1.531,0.549
8796,6.54379684550312,52.3296126932671,1.506,0.54
8797,6.54380521020058,52.3296196796183,1.581,0.567
8798,6.54381340436873,52.3296268683784,1.734,0.622
8799,6.54382100043239,52.3296347670555,1.52,0.545
8800,6.54382859649605,52.3296426657326,1.446,0.518
8801,6.54383619255971,52.3296505644097,1.505,0.54
8802,6.54384378862337,52.3296584630868,1.497,0.537
8803,6.54385138468703,52.3296663617639,1.685,0.604
8804,6.54385898075069,52.329674260441,1.48,0.531
8805,6.54386658316406,52.3296821515813,1.698,0.609
8806,6.54387451866832,52.3296896473612,1.521,0.545
8807,6.54388245417258,52.329697143141,1.53,0.549
8808,6.54389038967684,52.3297046389209,1.592,0.571
8809,6.5438983251811,52.3297121347007,1.336,0.479
8810,6.54390626068536,52.3297196304806,1.406,0.504
8811,6.54391419618962,52.3297271262604,1.537,0.551
8812,6.54392213169388,52.3297346220403,1.44,0.516
8813,6.54393006719814,52.3297421178201,1.5,0.538
8814,6.54393800270241,52.3297496136,1.546,0.554
8815,6.54394593820667,52.3297571093798,1.412,0.506
8816,6.54395387371093,52.3297646051597,1.541,0.553
8817,6.54396180921519,52.3297721009395,1.54,0.552
8818,6.54396974471945,52.3297795967194,1.623,0.582
8819,6.54397768022371,52.3297870924992,1.63,0.584
8820,6.54398561572797,52.3297945882791,1.613,0.578
8821,6.54399355123223,52.3298020840589,1.461,0.524
8822,6.54400148673649,52.3298095798388,1.365,0.489
8823,6.54400946042337,52.329817030298,1.681,0.603
8824,6.54401792366536,52.3298238996823,1.528,0.548
8825,6.54402638690735,52.3298307690666,1.611,0.577
8826,6.54403485014934,52.3298376384509,1.597,0.573
8827,6.54404331339133,52.3298445078352,1.588,0.569
8828,6.54405177663332,52.3298513772196,1.682,0.603
8829,6.5440602398753,52.3298582466039,1.568,0.562
8830,6.54406870311729,52.3298651159882,1.614,0.579
8831,6.54407713805975,52.3298720189625,1.787,0.641
8832,6.54408525682461,52.3298792972221,1.571,0.563
8833,6.54409337558947,52.3298865754818,1.542,0.553
8834,6.54410158200324,52.329893749707,1.684,0.604
8835,6.54410985600179,52.3299008437128,1.519,0.545
8836,6.54411813000035,52.3299079377186,1.458,0.523
8837,6.54412603730189,52.3299154669736,1.537,0.551
8838,6.54413389347172,52.329923056919,1.52,0.545
8839,6.54414220625254,52.3299301048924,1.52,0.545
8840,6.54415072929188,52.3299369033006,1.511,0.542
8841,6.5441592523312,52.3299437017088,1.586,0.569
8842,6.54416777537053,52.3299505001169,1.444,0.518
8843,6.5441762318735,52.3299573775001,1.544,0.554
8844,6.54418465144821,52.3299642987151,1.594,0.572
8845,6.54419307102292,52.32997121993,1.526,0.547
8846,6.54420149059763,52.329978141145,1.512,0.542
8847,6.54420991017234,52.32998506236,1.57,0.563
8848,6.54421832974705,52.3299919835749,1.519,0.544
8849,6.54422663477572,52.3299990407497,1.497,0.537
8850,6.54423450800927,52.3300066104415,1.521,0.545
8851,6.54424238124282,52.3300141801332,1.399,0.501
8852,6.54425025447637,52.330021749825,1.419,0.509
8853,6.54425812770992,52.3300293195167,1.57,0.563
8854,6.54426600094347,52.3300368892084,1.532,0.549
8855,6.54427387417701,52.3300444589002,1.453,0.521
8856,6.54428174741056,52.3300520285919,1.474,0.529
8857,6.54428962064411,52.3300595982837,1.511,0.542
8858,6.54429749387766,52.3300671679754,1.628,0.584
8859,6.54430536711121,52.3300747376672,1.49,0.534
8860,6.54431324034476,52.3300823073589,1.523,0.546
8861,6.54432111357831,52.3300898770507,1.595,0.572
8862,6.54432898681186,52.3300974467424,1.613,0.578
8863,6.54433686004541,52.3301050164342,1.486,0.533
8864,6.54434473327895,52.3301125861259,1.45,0.52
8865,6.54435267548869,52.3301200739467,1.396,0.501
8866,6.54436070072467,52.33012746322,1.539,0.552
8867,6.54436872596065,52.3301348524933,1.477,0.53
8868,6.54437675119663,52.3301422417665,1.533,0.55
8869,6.54438477643261,52.3301496310398,1.498,0.537
8870,6.54439280166859,52.330157020313,1.608,0.576
8871,6.54440082690457,52.3301644095863,1.587,0.569
8872,6.54440885214055,52.3301717988595,1.663,0.596
8873,6.54441687737653,52.3301791881328,1.649,0.591
8874,6.54442490261251,52.330186577406,1.54,0.552
8875,6.54443292784849,52.3301939666793,1.508,0.541
8876,6.54444095308447,52.3302013559526,1.511,0.542
8877,6.54444897832045,52.3302087452258,1.653,0.593
8878,6.54445700355643,52.3302161344991,1.537,0.551
8879,6.54446502879241,52.3302235237723,1.649,0.591
8880,6.5444730540284,52.3302309130456,1.508,0.541
8881,6.54448107926438,52.3302383023188,1.456,0.522
8882,6.54448910450036,52.3302456915921,1.588,0.569
8883,6.54449712973634,52.3302530808653,1.582,0.567
8884,6.54450515497232,52.3302604701386,1.51,0.541
8885,6.5445131802083,52.3302678594119,1.582,0.567
8886,6.54452120544428,52.3302752486851,1.557,0.558
8887,6.54452923068026,52.3302826379584,1.64,0.588
8888,6.54453725591624,52.3302900272316,1.624,0.582
8889,6.54454528115222,52.3302974165049,1.745,0.626
8890,6.5445533063882,52.3303048057781,1.631,0.585
8891,6.54456133162418,52.3303121950514,1.553,0.557
8892,6.54456935686016,52.3303195843246,1.65,0.592
8893,6.54457738209614,52.3303269735979,1.575,0.565
8894,6.54458540733212,52.3303343628712,1.566,0.561
8895,6.5445934325681,52.3303417521444,1.47,0.527
8896,6.54460145780408,52.3303491414177,1.5,0.538
8897,6.54460948304006,52.3303565306909,1.557,0.558
8898,6.54461750827604,52.3303639199642,1.375,0.493
8899,6.54462553351202,52.3303713092374,1.506,0.54
8900,6.544633558748,52.3303786985107,1.538,0.551
8901,6.54464158398398,52.3303860877839,1.68,0.603
8902,6.54464960921996,52.3303934770572,1.576,0.565
8903,6.54465763445594,52.3304008663305,1.641,0.588
8904,6.54466565969193,52.3304082556037,1.507,0.54
8905,6.54467368492791,52.330415644877,1.636,0.586
8906,6.54468168274996,52.3304230666891,1.423,0.51
8907,6.54468965610425,52.330430517543,1.555,0.558
8908,6.54469762945855,52.330437968397,1.429,0.512
8909,6.54470566901322,52.3304453406747,1.679,0.602
8910,6.54471377699739,52.3304526317304,1.769,0.634
8911,6.54472188498156,52.3304599227862,1.668,0.598
8912,6.54472999296573,52.3304672138419,1.542,0.553
8913,6.54473810094991,52.3304745048976,1.638,0.587
8914,6.54474620893408,52.3304817959533,1.713,0.614
8915,6.54475431691825,52.330489087009,1.616,0.58
8916,6.54476242490243,52.3304963780648,1.897,0.68
8917,6.5447705328866,52.3305036691205,1.689,0.606
8918,6.54477864087077,52.3305109601762,1.752,0.628
8919,6.5447866701916,52.330518344601,1.55,0.556
8920,6.54479459860787,52.3305258487939,1.646,0.59
8921,6.54480252702415,52.3305333529868,1.504,0.539
8922,6.54481045544042,52.3305408571797,1.614,0.579
8923,6.54481857498689,52.3305481345116,1.619,0.581
8924,6.54482681239393,52.3305552719495,1.65,0.592
8925,6.54483504980098,52.3305624093874,1.79,0.642
8926,6.54484328720802,52.3305695468254,1.609,0.577
8927,6.54485152461507,52.3305766842633,1.583,0.567
8928,6.54485976202212,52.3305838217012,1.475,0.529
8929,6.54486799942916,52.3305909591391,1.587,0.569
8930,6.54487623683621,52.330598096577,1.566,0.561
8931,6.54488447424325,52.330605234015,1.741,0.624
8932,6.54489267971273,52.330612409361,1.499,0.538
8933,6.54490075490856,52.3306197393347,1.508,0.541
8934,6.5449088301044,52.3306270693083,1.463,0.525
8935,6.54491690530024,52.330634399282,1.75,0.627
8936,6.54492498049608,52.3306417292557,1.818,0.652
8937,6.54493305569192,52.3306490592293,1.808,0.648
8938,6.54494113088776,52.330656389203,1.803,0.647
8939,6.5449492060836,52.3306637191767,1.498,0.537
8940,6.54495764349324,52.3306706192226,1.697,0.608
8941,6.54496621416519,52.3306773610934,1.776,0.637
8942,6.54497478483714,52.3306841029643,1.781,0.638
8943,6.54498335550909,52.3306908448352,1.64,0.588
8944,6.54499192618104,52.3306975867061,1.714,0.615
8945,6.54500039631619,52.3307044479086,1.581,0.567
8946,6.54500842989488,52.3307118272795,1.622,0.582
8947,6.54501646347357,52.3307192066504,1.513,0.542
8948,6.54502449705226,52.3307265860214,1.551,0.556
8949,6.54503253063095,52.3307339653923,1.652,0.592
8950,6.54504056420963,52.3307413447632,1.748,0.627
8951,6.54504859778832,52.3307487241341,1.714,0.615
8952,6.54505663136701,52.3307561035051,1.647,0.59
8953,6.5450646649457,52.330763482876,1.736,0.623
8954,6.54507269852439,52.3307708622469,1.547,0.555
8955,6.54508073210307,52.3307782416178,1.755,0.629
8956,6.54508876568176,52.3307856209888,1.641,0.588
8957,6.54509679926045,52.3307930003597,1.605,0.575
8958,6.54510483283914,52.3308003797306,1.654,0.593
8959,6.54511286641783,52.3308077591015,1.53,0.548
8960,6.54512089999651,52.3308151384725,1.589,0.57
8961,6.5451289335752,52.3308225178434,1.724,0.618
8962,6.54513707142034,52.3308297734558,1.762,0.632
8963,6.54514523231184,52.3308370017134,1.772,0.636
8964,6.54515338375889,52.3308442411811,1.835,0.658
8965,6.54516152962696,52.3308514872707,1.605,0.575
8966,6.54516967549502,52.3308587333604,1.566,0.562
8967,6.54517782136309,52.33086597945,1.575,0.565
8968,6.54518596723116,52.3308732255396,1.654,0.593
8969,6.54519411309922,52.3308804716293,1.718,0.616
8970,6.54520225896729,52.3308877177189,1.484,0.532
8971,6.54520997800867,52.3308954704282,1.651,0.592
8972,6.54521747606449,52.3309034854352,1.72,0.617
8973,6.54522497412031,52.3309115004422,1.672,0.599
8974,6.54523265699405,52.3309192960805,1.637,0.587
8975,6.54524058520258,52.33092680052,1.541,0.552
8976,6.54524851588473,52.3309343020235,1.494,0.536
8977,6.5452565887219,52.3309416347967,1.802,0.646
8978,6.54526466155908,52.33094896757,1.797,0.644
8979,6.54527273439625,52.3309563003433,1.715,0.615
8980,6.54528080723343,52.3309636331165,1.775,0.636
8981,6.54528907045363,52.3309707399157,1.648,0.591
8982,6.54529737559046,52.3309777969621,1.745,0.626
8983,6.54530566940719,52.3309848674448,1.679,0.602
8984,6.54531396203934,52.3309919393336,1.626,0.583
8985,6.5453222546715,52.3309990112223,1.731,0.621
8986,6.54533039190395,52.331006267562,1.553,0.557
8987,6.54533843053328,52.3310136409381,1.598,0.573
8988,6.54534646916262,52.3310210143141,1.761,0.631
8989,6.54535450779195,52.3310283876902,1.447,0.519
8990,6.54536254642129,52.3310357610663,1.645,0.59
8991,6.54537059328061,52.3310431246739,1.776,0.637
8992,6.5453788442479,52.3310502460165,1.727,0.619
8993,6.54538709521518,52.3310573673592,1.669,0.598
8994,6.54539534618246,52.3310644887019,1.651,0.592
8995,6.54540359714975,52.3310716100445,1.578,0.566
8996,6.54541184811703,52.3310787313872,1.532,0.549
8997,6.54542009908431,52.3310858527299,1.752,0.628
8998,6.5454283500516,52.3310929740725,1.782,0.639
8999,6.54543660101888,52.3311000954152,1.779,0.638
9000,6.54544485198616,52.3311072167579,1.591,0.57
9001,6.54545310295345,52.3311143381005,1.829,0.656
9002,6.54546135392073,52.3311214594432,1.592,0.571
9003,6.54546960488801,52.3311285807859,1.706,0.612
9004,6.5454777790011,52.3311357933502,1.631,0.585
9005,6.54548588923256,52.3311430817385,1.609,0.577
9006,6.54549399946401,52.3311503701269,1.651,0.592
9007,6.54550210969546,52.3311576585152,1.629,0.584
9008,6.54551021992691,52.3311649469035,1.569,0.562
9009,6.54551833015836,52.3311722352918,1.682,0.603
9010,6.54552644038982,52.3311795236802,1.697,0.609
9011,6.54553455062127,52.3311868120685,1.741,0.624
9012,6.54554266085272,52.3311941004568,1.777,0.637
9013,6.54555025569474,52.3312020005839,1.699,0.609
9014,6.54555787015067,52.3312098774304,1.57,0.563
9015,6.54556593254221,52.3312172226021,1.735,0.622
9016,6.54557399493376,52.3312245677737,1.65,0.592
9017,6.5455820573253,52.3312319129454,1.634,0.586
9018,6.54559011971684,52.331239258117,1.896,0.68
9019,6.54559818210839,52.3312466032887,1.731,0.621
9020,6.54560624449993,52.3312539484603,1.836,0.658
9021,6.54561430689147,52.331261293632,1.576,0.565
9022,6.54562236928302,52.3312686388037,1.759,0.631
9023,6.54563043167456,52.3312759839753,1.675,0.601
9024,6.5456384940661,52.331283329147,1.774,0.636
9025,6.54564655645765,52.3312906743186,1.789,0.641
9026,6.54565461884919,52.3312980194903,1.904,0.683
9027,6.54566268124074,52.3313053646619,1.542,0.553
9028,6.54567074363228,52.3313127098336,1.754,0.629
9029,6.54567880602382,52.3313200550052,1.632,0.585
9030,6.54568686841537,52.3313274001769,1.688,0.605
9031,6.54569493080691,52.3313347453485,1.769,0.634
9032,6.54570299319845,52.3313420905202,1.646,0.59
9033,6.54571105559,52.3313494356919,1.712,0.614
9034,6.54571911798154,52.3313567808635,1.642,0.589
9035,6.54572718037308,52.3313641260352,1.744,0.625
9036,6.54573524276463,52.3313714712068,1.558,0.558
9037,6.54574330515617,52.3313788163785,1.682,0.603
9038,6.54575136754771,52.3313861615501,1.84,0.66
9039,6.54575942993926,52.3313935067218,1.616,0.579
9040,6.5457674923308,52.3314008518934,1.84,0.66
9041,6.54577555472235,52.3314081970651,1.529,0.548
9042,6.54578361711389,52.3314155422368,1.563,0.561
9043,6.54579167950543,52.3314228874084,1.707,0.612
9044,6.54579974189698,52.3314302325801,1.862,0.668
9045,6.54580780428852,52.3314375777517,1.788,0.641
9046,6.54581586668006,52.3314449229234,1.825,0.655
9047,6.54582392907161,52.331452268095,1.623,0.582
9048,6.54583199146315,52.3314596132667,1.869,0.67
9049,6.54584005385469,52.3314669584383,1.588,0.57
9050,6.54584645957559,52.3314762699865,1.68,0.602
9051,6.54585317413022,52.3314852149662,1.756,0.63
9052,6.54586137814004,52.3314923920448,1.752,0.628
9053,6.54586958214987,52.3314995691233,1.75,0.628
9054,6.5458777861597,52.3315067462019,1.782,0.639
9055,6.54588599016953,52.3315139232805,1.715,0.615
9056,6.54589419417935,52.331521100359,1.712,0.614
9057,6.54590239818918,52.3315282774376,1.727,0.619
9058,6.54591060219901,52.3315354545162,1.844,0.661
9059,6.54591880620883,52.3315426315948,1.875,0.672
9060,6.54592701021866,52.3315498086733,1.683,0.604
9061,6.54593521422849,52.3315569857519,1.749,0.627
9062,6.54594341823832,52.3315641628305,1.638,0.587
9063,6.54595162224814,52.3315713399091,1.637,0.587
9064,6.54595982625797,52.3315785169876,1.679,0.602
9065,6.5459680302678,52.3315856940662,1.767,0.634
9066,6.54597623427763,52.3315928711448,1.774,0.636
9067,6.54598443828745,52.3316000482234,1.813,0.65
9068,6.54599264229728,52.3316072253019,1.725,0.619
9069,6.54600084630711,52.3316144023805,1.798,0.645
9070,6.54600905031693,52.3316215794591,1.86,0.667
9071,6.54601725432676,52.3316287565377,1.55,0.556
9072,6.54602545833659,52.3316359336162,1.764,0.632
9073,6.54603366234642,52.3316431106948,1.803,0.647
9074,6.54604186635624,52.3316502877734,1.793,0.643
9075,6.54605007036607,52.331657464852,1.755,0.629
9076,6.5460582743759,52.3316646419305,1.573,0.564
9077,6.54606647838573,52.3316718190091,1.565,0.561
9078,6.54607468239555,52.3316789960877,1.74,0.624
9079,6.54608288640538,52.3316861731662,1.698,0.609
9080,6.54609097515784,52.3316934870489,1.558,0.559
9081,6.54609903655283,52.3317008334035,1.654,0.593
9082,6.54610709794781,52.331708179758,1.705,0.611
9083,6.54611515934279,52.3317155261125,1.713,0.614
9084,6.54612322073778,52.331722872467,1.717,0.616
9085,6.54613128213276,52.3317302188215,1.689,0.605
9086,6.5461394979711,52.3317373818603,1.713,0.614
9087,6.54614785384761,52.3317443786815,1.583,0.567
9088,6.54615620972413,52.3317513755027,1.707,0.612
9089,6.54616456560064,52.3317583723239,1.914,0.686
9090,6.54617292147716,52.3317653691451,1.678,0.602
9091,6.54618127735367,52.3317723659663,1.79,0.642
9092,6.54618942337652,52.3317796118723,1.685,0.604
9093,6.54619719249267,52.3317873051456,1.597,0.573
9094,6.54620522397585,52.3317946870038,1.822,0.653
9095,6.54621336039935,52.3318019443036,1.663,0.596
9096,6.54622149682286,52.3318092016034,1.662,0.596
9097,6.54622960615262,52.331816491062,1.516,0.544
9098,6.54623769916155,52.3318237998925,1.786,0.64
9099,6.54624579217047,52.331831108723,1.792,0.643
9100,6.5462538851794,52.3318384175535,1.978,0.709
9101,6.54626197818832,52.331845726384,1.727,0.619
9102,6.54627007119725,52.3318530352145,1.585,0.568
9103,6.54627816420617,52.3318603440451,1.834,0.658
9104,6.5462862572151,52.3318676528756,1.595,0.572
9105,6.54629435022403,52.3318749617061,1.806,0.648
9106,6.54630244323295,52.3318822705366,1.691,0.606
9107,6.54631053624188,52.3318895793671,1.675,0.601
9108,6.5463186292508,52.3318968881976,1.696,0.608
9109,6.54632672225973,52.3319041970281,1.629,0.584
9110,6.54633481526865,52.3319115058586,1.76,0.631
9111,6.54634290827758,52.3319188146892,1.694,0.607
9112,6.54635100128651,52.3319261235197,1.631,0.585
9113,6.54635909429543,52.3319334323502,1.78,0.638
9114,6.54636718730436,52.3319407411807,1.872,0.671
9115,6.54637528031328,52.3319480500112,1.69,0.606
9116,6.54638336529325,52.3319553683717,1.757,0.63
9117,6.54639118386591,52.3319630029429,1.746,0.626
9118,6.54639900243857,52.3319706375141,1.853,0.665
9119,6.54640682101122,52.3319782720853,1.676,0.601
9120,6.54641463958388,52.3319859066565,1.8,0.646
9121,6.54642214666531,52.3319939109506,1.712,0.614
9122,6.54642925013481,52.3320023943097,1.836,0.658
9123,6.54643750854189,52.3320095068218,1.614,0.579
9124,6.54644576694898,52.3320166193338,1.834,0.658
9125,6.54645402535607,52.3320237318458,1.753,0.629
9126,6.54646225327339,52.3320308805475,1.734,0.622
9127,6.54647035834886,52.3320381750557,1.749,0.627
9128,6.54647846342433,52.3320454695639,1.703,0.611
9129,6.5464865684998,52.3320527640721,1.903,0.682
9130,6.54649467357528,52.3320600585803,1.727,0.619
9131,6.54650277865075,52.3320673530885,1.624,0.582
9132,6.54651088372622,52.3320746475967,1.889,0.677
9133,6.54651898880169,52.3320819421048,1.6,0.574
9134,6.54652709387716,52.332089236613,1.843,0.661
9135,6.54653519895263,52.3320965311212,1.576,0.565
9136,6.5465433040281,52.3321038256294,1.543,0.553
9137,6.54655140910357,52.3321111201376,1.609,0.577
9138,6.54655951417904,52.3321184146458,1.721,0.617
9139,6.54656761925451,52.332125709154,1.784,0.64
9140,6.54657572432998,52.3321330036622,1.758,0.63
9141,6.54658382940546,52.3321402981704,1.85,0.663
9142,6.54659193448093,52.3321475926786,1.751,0.628
9143,6.5466000395564,52.3321548871868,1.825,0.654
9144,6.54660814463187,52.3321621816949,1.659,0.595
9145,6.54661624970734,52.3321694762031,1.78,0.638
9146,6.54662435478281,52.3321767707113,1.662,0.596
9147,6.54663245985828,52.3321840652195,1.809,0.649
9148,6.54664056493375,52.3321913597277,1.778,0.637
9149,6.54664867000922,52.3321986542359,1.692,0.607
9150,6.54665677508469,52.3322059487441,1.801,0.646
9151,6.54666488016016,52.3322132432523,1.696,0.608
9152,6.54667298523564,52.3322205377605,1.8,0.645
9153,6.54668106227112,52.3322278655506,1.794,0.643
9154,6.5466891116606,52.332235226155,1.689,0.605
9155,6.54669716105007,52.3322425867594,1.821,0.653
9156,6.54670521043955,52.3322499473637,1.46,0.524
9157,6.54671325982902,52.3322573079681,1.8,0.646
9158,6.5467213092185,52.3322646685725,1.875,0.672
9159,6.54672935860797,52.3322720291769,1.754,0.629
9160,6.54673740799745,52.3322793897813,1.743,0.625
9161,6.54674545738692,52.3322867503857,1.629,0.584
9162,6.5467535067764,52.3322941109901,1.726,0.619
9163,6.54676155616587,52.3323014715945,1.673,0.6
9164,6.54676960555535,52.3323088321989,1.722,0.618
9165,6.54677765494482,52.3323161928033,1.69,0.606
9166,6.5467857043343,52.3323235534077,1.757,0.63
9167,6.54679373909407,52.3323309313767,1.774,0.636
9168,6.54680167122705,52.3323384311581,1.881,0.674
9169,6.54680960336004,52.3323459309394,1.661,0.595
9170,6.54681753549303,52.3323534307208,1.65,0.592
9171,6.54682546762602,52.3323609305022,1.793,0.643
9172,6.546833399759,52.3323684302835,1.712,0.614
9173,6.54684133189199,52.3323759300649,1.832,0.657
9174,6.54684926402498,52.3323834298463,1.847,0.662
9175,6.54685719615797,52.3323909296276,1.463,0.524
9176,6.54686512829096,52.332398429409,1.833,0.657
9177,6.54687306042395,52.3324059291904,1.848,0.663
9178,6.54688099255693,52.3324134289717,1.657,0.594
9179,6.54688892468992,52.3324209287531,1.644,0.589
9180,6.54689685682291,52.3324284285345,1.306,0.468
9181,6.5469047889559,52.3324359283158,1.658,0.595
9182,6.54691272108889,52.3324434280972,1.833,0.657
9183,6.54692065322187,52.3324509278786,1.732,0.621
9184,6.54692858535486,52.3324584276599,1.713,0.614
9185,6.54693651748785,52.3324659274413,1.899,0.681
9186,6.54694444962084,52.3324734272227,1.982,0.711
9187,6.54695238175383,52.332480927004,1.785,0.64
9188,6.54696031388681,52.3324884267854,1.79,0.642
9189,6.5469682460198,52.3324959265668,1.572,0.563
9190,6.54697587727334,52.3325037834754,1.872,0.671
9191,6.54698205754036,52.3325133626249,1.818,0.652
9192,6.54698877144122,52.3325223083805,1.859,0.666
9193,6.54699614889038,52.332530466541,1.689,0.606
9194,6.54700523850563,52.3325365924548,1.58,0.567
9195,6.54701431355842,52.3325427356535,1.92,0.688
9196,6.54702203254862,52.3325504884236,1.843,0.661
9197,6.54702990491052,52.3325580591499,1.777,0.637
9198,6.54703816120422,52.3325651741704,1.718,0.616
9199,6.54704570756311,52.3325731318443,1.714,0.614
9200,6.54705259013116,52.3325818774013,1.817,0.652
9201,6.54706064764688,52.3325892283603,1.777,0.637
9202,6.54706870516261,52.3325965793193,1.691,0.606
9203,6.54707676267833,52.3326039302783,1.626,0.583
9204,6.54708481799718,52.3326112838448,1.855,0.665
9205,6.54709263291515,52.332618922754,1.661,0.596
9206,6.54710044783312,52.3326265616631,1.788,0.641
9207,6.5471082627511,52.3326342005722,1.846,0.662
9208,6.54711607766907,52.3326418394813,1.598,0.573
9209,6.54712389258704,52.3326494783904,1.691,0.606
9210,6.54713170750502,52.3326571172995,1.632,0.585
9211,6.54713952242299,52.3326647562086,1.759,0.631
9212,6.54714733734096,52.3326723951177,1.729,0.62
9213,6.54715515225894,52.3326800340269,1.753,0.629
9214,6.54716296717691,52.332687672936,1.735,0.622
9215,6.54717078568686,52.3326953075816,1.893,0.679
9216,6.54717867896368,52.3327028534831,1.77,0.634
9217,6.5471865722405,52.3327103993846,1.602,0.575
9218,6.54719446551732,52.3327179452861,1.734,0.622
9219,6.54720235879414,52.3327254911876,1.794,0.643
9220,6.54721025207096,52.3327330370891,1.753,0.628
9221,6.54721814534778,52.3327405829906,1.85,0.663
9222,6.5472260386246,52.332748128892,1.734,0.622
9223,6.54723393190142,52.3327556747935,1.69,0.606
9224,6.54724180985236,52.332763238886,1.708,0.612
9225,6.54724968376428,52.3327708077726,1.703,0.611
9226,6.5472575576762,52.3327783766591,1.753,0.629
9227,6.54726543158812,52.3327859455457,1.611,0.578
9228,6.54727330550005,52.3327935144322,1.541,0.553
9229,6.54728117941197,52.3328010833188,1.719,0.616
9230,6.54728905332389,52.3328086522053,1.728,0.62
9231,6.54729692723581,52.3328162210919,1.833,0.657
9232,6.54730480114773,52.3328237899784,1.771,0.635
9233,6.54731267505966,52.332831358865,1.543,0.553
9234,6.54732054897158,52.3328389277516,1.751,0.628
9235,6.5473284228835,52.3328464966381,1.832,0.657
9236,6.54733629679542,52.3328540655247,1.79,0.642
9237,6.54734417070734,52.3328616344112,1.696,0.608
9238,6.54735204461926,52.3328692032978,1.854,0.665
9239,6.54735991853119,52.3328767721843,1.676,0.601
9240,6.54736779244311,52.3328843410709,1.754,0.629
9241,6.54737566635503,52.3328919099574,1.699,0.609
9242,6.54738354026695,52.332899478844,1.586,0.569
9243,6.54739136861669,52.3329071018103,1.811,0.649
9244,6.54739915547797,52.3329147740212,1.662,0.596
9245,6.54740694233925,52.3329224462321,1.786,0.64
9246,6.54741475048682,52.3329300931773,1.594,0.572
9247,6.54742256406968,52.3329377336711,1.624,0.582
9248,6.54743037765255,52.3329453741649,1.75,0.627
9249,6.54743819123541,52.3329530146587,1.957,0.702
9250,6.54744600481828,52.3329606551525,1.676,0.601
9251,6.54745381840114,52.3329682956463,1.803,0.646
9252,6.54746163198401,52.3329759361402,1.601,0.574
9253,6.54746944556687,52.332983576634,1.622,0.582
9254,6.54747725914974,52.3329912171278,1.703,0.611
9255,6.5474850727326,52.3329988576216,1.986,0.712
9256,6.54749288631547,52.3330064981154,1.687,0.605
9257,6.54750069989833,52.3330141386092,1.709,0.613
9258,6.5475085134812,52.333021779103,1.676,0.601
9259,6.54751632706406,52.3330294195969,1.765,0.633
9260,6.54752414064693,52.3330370600907,1.668,0.598
9261,6.54753194055647,52.333044716814,1.912,0.686
9262,6.54753876001626,52.333053537277,1.678,0.602
9263,6.54754656837843,52.3330611839674,1.883,0.675
9264,6.54755448618021,52.3330687007592,1.697,0.608
9265,6.54756240398198,52.3330762175509,1.743,0.625
9266,6.54757032178376,52.3330837343426,1.457,0.523
9267,6.54757823958554,52.3330912511343,1.726,0.619
9268,6.54758615738731,52.3330987679261,1.669,0.599
9269,6.54759407518909,52.3331062847178,1.583,0.568
9270,6.54760199299086,52.3331138015095,1.428,0.512
9271,6.54760991079264,52.3331213183012,1.764,0.632
9272,6.54761782859441,52.3331288350929,1.837,0.659
9273,6.5476256530128,52.3331364627256,1.551,0.556
9274,6.54763342454215,52.3331441531346,1.571,0.563
9275,6.54764119607151,52.3331518435436,1.751,0.628
9276,6.54764896760087,52.3331595339526,1.828,0.655
9277,6.54765673913023,52.3331672243616,1.7,0.61
9278,6.54766451065958,52.3331749147706,1.888,0.677
9279,6.54767228218894,52.3331826051796,1.738,0.623
9280,6.5476800537183,52.3331902955886,1.752,0.628
9281,6.54768783291426,52.3331979768978,1.695,0.608
9282,6.54769562557129,52.3332056422294,1.841,0.66
9283,6.54770341822832,52.3332133075611,1.737,0.623
9284,6.54771121088535,52.3332209728927,1.714,0.615
9285,6.54771900354238,52.3332286382243,1.701,0.61
9286,6.54772679619941,52.3332363035559,1.802,0.646
9287,6.54773458885644,52.3332439688876,1.602,0.574
9288,6.54774238151347,52.3332516342192,1.709,0.613
9289,6.5477501741705,52.3332592995508,1.596,0.572
9290,6.54775796682752,52.3332669648824,1.71,0.613
9291,6.54776575948455,52.333274630214,1.792,0.643
9292,6.54777355214158,52.3332822955457,1.652,0.593
9293,6.54778134479861,52.3332899608773,1.721,0.617
9294,6.54778913745564,52.3332976262089,1.607,0.576
9295,6.54779693011267,52.3333052915405,1.599,0.573
9296,6.5478047227697,52.3333129568722,1.686,0.604
9297,6.54781251542673,52.3333206222038,1.75,0.627
9298,6.54782030808376,52.3333282875354,1.763,0.632
9299,6.54782810074079,52.333335952867,1.612,0.578
9300,6.54783589339782,52.3333436181987,1.701,0.61
9301,6.54784368605485,52.3333512835303,1.654,0.593
9302,6.54785147871188,52.3333589488619,1.7,0.61
9303,6.5478592713689,52.3333666141935,1.708,0.613
9304,6.54786706386234,52.3333742797194,1.734,0.622
9305,6.54787485479292,52.3333819471002,1.752,0.628
9306,6.54788264572349,52.333389614481,1.618,0.58
9307,6.54789043665406,52.3333972818618,1.497,0.537
9308,6.54789822758464,52.3334049492427,1.514,0.543
9309,6.54790601851521,52.3334126166235,1.632,0.585
9310,6.54791380944579,52.3334202840043,1.61,0.577
9311,6.54792160037636,52.3334279513852,1.719,0.616
9312,6.54792939130694,52.333435618766,1.542,0.553
9313,6.54793718223751,52.3334432861468,1.728,0.619
9314,6.54794497316809,52.3334509535277,1.537,0.551
9315,6.54795276409866,52.3334586209085,1.74,0.624
9316,6.54796059982558,52.3334662351185,1.537,0.551
9317,6.54796844513144,52.3334738379589,1.696,0.608
9318,6.5479762904373,52.3334814407993,1.488,0.534
9319,6.54798413574317,52.3334890436396,1.599,0.573
9320,6.54799198104903,52.33349664648,1.593,0.571
9321,6.5479998263549,52.3335042493204,1.685,0.604
9322,6.54800767166076,52.3335118521607,1.587,0.569
9323,6.54801551696663,52.3335194550011,1.661,0.596
9324,6.54802336227249,52.3335270578415,1.552,0.557
9325,6.54803120757835,52.3335346606818,1.857,0.666
9326,6.54803905288422,52.3335422635222,1.587,0.569
9327,6.54804689819008,52.3335498663626,1.648,0.591
9328,6.54805474349595,52.3335574692029,1.655,0.593
9329,6.54806258880181,52.3335650720433,1.799,0.645
9330,6.54806991264892,52.3335732938264,1.693,0.607
9331,6.54807673326527,52.3335821129166,1.809,0.648
9332,6.54808397769532,52.3335904289634,1.868,0.67
9333,6.54809232039187,52.3335974414285,1.842,0.661
9334,6.54810181995491,52.333603080757,1.581,0.567
9335,6.54810996099493,52.3336103325772,1.684,0.604
9336,6.54811768364267,52.333618081006,1.758,0.63
9337,6.54812540629041,52.3336258294348,1.536,0.551
9338,6.54813312893815,52.3336335778636,1.754,0.629
9339,6.54814085158588,52.3336413262924,1.65,0.592
9340,6.54814857423362,52.3336490747211,1.829,0.656
9341,6.54815629688136,52.3336568231499,1.898,0.68
9342,6.5481640195291,52.3336645715787,1.808,0.648
9343,6.54817174217684,52.3336723200075,1.707,0.612
9344,6.54817946482458,52.3336800684363,1.844,0.661
9345,6.54818718747231,52.3336878168651,1.916,0.687
9346,6.54819491012005,52.3336955652939,1.717,0.616
9347,6.54820263276779,52.3337033137226,1.865,0.669
9348,6.54821035541553,52.3337110621514,1.698,0.609
9349,6.54821807806327,52.3337188105802,1.879,0.674
9350,6.54822580071101,52.333726559009,2.095,0.751
9351,6.54823352335875,52.3337343074378,2.027,0.727
9352,6.54824124600648,52.3337420558666,1.972,0.707
9353,6.54824896865422,52.3337498042954,1.994,0.715
9354,6.54825669130196,52.3337575527242,1.993,0.714
9355,6.5482644139497,52.3337653011529,2.075,0.744
9356,6.54827213659744,52.3337730495817,2.213,0.793
9357,6.54827985924518,52.3337807980105,2.148,0.77
9358,6.54828758189292,52.3337885464393,2.292,0.822
9359,6.54829530454065,52.3337962948681,2.277,0.816
9360,6.54830302718839,52.3338040432969,2.12,0.76
9361,6.54831074983613,52.3338117917257,2.31,0.828
9362,6.54831847248387,52.3338195401544,2.537,0.91
9363,6.54832619513161,52.3338272885832,2.428,0.871
9364,6.54833391777935,52.333835037012,2.714,0.973
9365,6.54834164042708,52.3338427854408,2.536,0.909
9366,6.54834937363596,52.3338505213341,2.559,0.918
9367,6.54835711431812,52.333858248357,2.672,0.958
9368,6.54836485500028,52.33386597538,2.685,0.963
9369,6.54837259568244,52.3338737024029,2.904,1.041
9370,6.5483803363646,52.3338814294258,2.934,1.052
9371,6.54838807704676,52.3338891564487,3.168,1.136
9372,6.54839581772892,52.3338968834716,3.028,1.086
9373,6.54840355841108,52.3339046104946,3.04,1.09
9374,6.54841129909324,52.3339123375175,3.205,1.149
9375,6.5484190397754,52.3339200645404,3.547,1.272
9376,6.54842678045756,52.3339277915633,3.691,1.323
9377,6.54843452113972,52.3339355185863,3.571,1.28
9378,6.54844226182188,52.3339432456092,3.949,1.416
9379,6.54845000250404,52.3339509726321,3.676,1.318
9380,6.5484577431862,52.333958699655,3.835,1.375
9381,6.54846548386836,52.333966426678,3.369,1.208
9382,6.54847322455052,52.3339741537009,4.265,1.529
9383,6.54848096523268,52.3339818807238,4.362,1.564
9384,6.54848870591484,52.3339896077467,4.269,1.531
9385,6.548496446597,52.3339973347696,4.06,1.456
9386,6.54850416543959,52.3340050877149,4.179,1.498
9387,6.54851186820744,52.33401285974,4.58,1.642
9388,6.54851957097529,52.3340206317652,4.77,1.71
9389,6.54852727374314,52.3340284037903,4.567,1.638
9390,6.54853497651099,52.3340361758154,4.371,1.567
9391,6.54854286159594,52.3340437314402,4.871,1.746
9392,6.54855078613421,52.3340512402361,4.756,1.705
9393,6.54855871067249,52.3340587490319,4.538,1.627
9394,6.54856663597125,52.3340662569251,4.645,1.665
9395,6.54857047551357,52.3340786143856,5.11,1.832
9396,6.54857292597052,52.3340926206136,4.882,1.75
9397,6.5485811681624,52.3340997523722,4.892,1.754
9398,6.54858941035428,52.3341068841308,5.454,1.956
9399,6.54859765254616,52.3341140158894,5.028,1.803
9400,6.54860589473804,52.334121147648,4.765,1.708
9401,6.54861413692992,52.3341282794066,5.109,1.832
9402,6.54862237912179,52.3341354111652,4.584,1.643
9403,6.5486307223402,52.3341424230108,4.611,1.653
9404,6.54864098447185,52.3341471572125,4.742,1.7
9405,6.54865146990077,52.3341516263726,5.228,1.875
9406,6.54866104841786,52.334157171987,4.362,1.564
9407,6.54866874197932,52.3341649549396,4.221,1.513
9408,6.54867643635031,52.3341727369313,4.798,1.721
9409,6.54868415567228,52.3341804893076,4.235,1.519
9410,6.5486919055513,52.3341882054143,4.368,1.566
9411,6.54869969000025,52.3341958804885,4.247,1.523
9412,6.5487074744492,52.3342035555627,4.209,1.509
9413,6.54871525889815,52.3342112306368,4.212,1.51
9414,6.5487230433471,52.334218905711,3.758,1.347
9415,6.54873082779604,52.3342265807852,4.077,1.462
9416,6.54873861224499,52.3342342558593,3.753,1.346
9417,6.54874639669394,52.3342419309335,3.792,1.36
9418,6.54875418114289,52.3342496060077,3.663,1.314
9419,6.54876196559184,52.3342572810818,3.266,1.171
9420,6.54876975004079,52.334264956156,3.483,1.249
9421,6.54877753448974,52.3342726312301,3.494,1.253
9422,6.54878531893869,52.3342803063043,3.29,1.18
9423,6.54879310338764,52.3342879813785,3.291,1.18
9424,6.54880088783658,52.3342956564526,3.284,1.177
9425,6.54880867228553,52.3343033315268,3.15,1.13
9426,6.54881645673448,52.334311006601,2.947,1.057
9427,6.54882424118343,52.3343186816751,2.937,1.053
9428,6.54883202563238,52.3343263567493,2.946,1.056
9429,6.54883981008133,52.3343340318234,2.591,0.929
9430,6.54884759453028,52.3343417068976,2.612,0.936
9431,6.54885530349334,52.3343494715693,2.626,0.942
9432,6.54886286660223,52.3343574093619,2.436,0.873
9433,6.54887042971111,52.3343653471545,2.287,0.82
9434,6.54887799282,52.3343732849471,2.296,0.823
9435,6.54888572501171,52.3343810220477,2.673,0.959
9436,6.54889351346617,52.3343886923676,2.412,0.865
9437,6.54890130192063,52.3343963626874,2.234,0.801
9438,6.54890909037509,52.3344040330073,2.073,0.743
9439,6.54891687882955,52.3344117033271,2.268,0.813
9440,6.54892466728401,52.334419373647,2.022,0.725
9441,6.54893245573847,52.3344270439668,2.232,0.8
9442,6.54894024419293,52.3344347142866,2.167,0.777
9443,6.54894803264738,52.3344423846065,2.103,0.754
9444,6.54895582110184,52.3344500549263,2.172,0.779
9445,6.5489636095563,52.3344577252462,2.105,0.755
9446,6.54897139801076,52.334465395566,1.957,0.702
9447,6.54897918646522,52.3344730658859,1.694,0.607
9448,6.54898697491968,52.3344807362057,1.657,0.594
9449,6.54899476337414,52.3344884065256,1.715,0.615
9450,6.5490025518286,52.3344960768454,1.737,0.623
9451,6.54901034028305,52.3345037471652,1.852,0.664
9452,6.54901812873751,52.3345114174851,1.849,0.663
9453,6.54902585123826,52.3345191660883,1.799,0.645
9454,6.54903328304113,52.3345272597339,1.719,0.616
9455,6.54904071484399,52.3345353533795,1.831,0.657
9456,6.54904857902353,52.3345429338179,1.793,0.643
9457,6.54905680741387,52.3345500819581,1.664,0.597
9458,6.54906503580422,52.3345572300984,1.731,0.621
9459,6.54907291746539,52.334564789787,1.576,0.565
9460,6.54908071593022,52.3345724482251,1.583,0.567
9461,6.54908851439506,52.3345801066631,1.714,0.615
9462,6.5490963128599,52.3345877651012,1.598,0.573
9463,6.54910411132474,52.3345954235393,1.73,0.62
9464,6.54911190978958,52.3346030819774,1.65,0.592
9465,6.54911970825442,52.3346107404154,1.67,0.599
9466,6.54912750671926,52.3346183988535,1.574,0.564
9467,6.5491353051841,52.3346260572916,1.686,0.604
9468,6.54914310364894,52.3346337157297,1.796,0.644
9469,6.54915090211378,52.3346413741677,1.585,0.568
9470,6.54915864752222,52.3346490955808,1.641,0.588
9471,6.54916639025638,52.3346568201681,1.554,0.557
9472,6.54917413299055,52.3346645447554,1.606,0.576
9473,6.54918187572472,52.3346722693427,1.526,0.547
9474,6.54918961845889,52.3346799939301,1.793,0.643
9475,6.54919736119305,52.3346877185174,1.646,0.59
9476,6.54920510392722,52.3346954431047,1.601,0.574
9477,6.54921284666139,52.334703167692,1.757,0.63
9478,6.54922058939556,52.3347108922793,1.643,0.589
9479,6.54922833212972,52.3347186168666,1.684,0.604
9480,6.54923607486389,52.3347263414539,1.548,0.555
9481,6.54924385846984,52.3347340175286,1.634,0.586
9482,6.54925165917845,52.3347416733035,1.682,0.603
9483,6.54925945988705,52.3347493290783,1.564,0.561
9484,6.54926726059566,52.3347569848532,1.349,0.484
9485,6.54927506130426,52.334764640628,1.548,0.555
9486,6.54928286201286,52.3347722964029,1.515,0.543
9487,6.54929066272147,52.3347799521777,1.473,0.528
9488,6.54929846343007,52.3347876079526,1.48,0.531
9489,6.54930626413868,52.3347952637274,1.525,0.547
9490,6.54931406484728,52.3348029195023,1.507,0.54
9491,6.54932186555589,52.3348105752771,1.542,0.553
9492,6.54932966626449,52.334818231052,1.685,0.604
9493,6.5493374669731,52.3348258868268,1.35,0.484
9494,6.5493452676817,52.3348335426017,1.698,0.609
9495,6.5493530683903,52.3348411983765,1.643,0.589
9496,6.54936086909891,52.3348488541514,1.477,0.53
9497,6.54936866980751,52.3348565099262,1.587,0.569
9498,6.54937647051612,52.3348641657011,1.514,0.543
9499,6.54938427122472,52.3348718214759,1.524,0.547
9500,6.54939207193333,52.3348794772508,1.67,0.599
9501,6.54939987264193,52.3348871330256,1.661,0.596
9502,6.54940767335053,52.3348947888005,1.638,0.587
9503,6.54941547405914,52.3349024445753,1.588,0.57
9504,6.54942327476774,52.3349101003502,1.402,0.503
9505,6.54943107547635,52.334917756125,1.759,0.631
9506,6.54943887618495,52.3349254118999,1.532,0.549
9507,6.54944667689356,52.3349330676747,1.811,0.65
9508,6.54945447760216,52.3349407234496,1.44,0.516
9509,6.54946227831076,52.3349483792244,1.616,0.579
9510,6.54947007901937,52.3349560349993,1.716,0.615
9511,6.54947787972797,52.3349636907741,1.51,0.541
9512,6.54948568043658,52.334971346549,1.521,0.545
9513,6.54949348114518,52.3349790023238,1.716,0.615
9514,6.54950042149337,52.334987679299,1.586,0.569
9515,6.54950697744237,52.3349968125347,1.741,0.624
9516,6.54951519939345,52.335003968318,1.623,0.582
9517,6.54952375332047,52.3350107300642,1.572,0.564
9518,6.5495317410159,52.335018163896,1.678,0.602
9519,6.54953952131848,52.3350258438917,1.501,0.538
9520,6.54954730162106,52.3350335238874,1.666,0.598
9521,6.54955508192365,52.335041203883,1.646,0.59
9522,6.54956286222623,52.3350488838787,1.643,0.589
9523,6.54957064252881,52.3350565638744,1.645,0.59
9524,6.54957842283139,52.3350642438701,1.56,0.559
9525,6.54958620313397,52.3350719238657,1.803,0.647
9526,6.54959398343655,52.3350796038614,1.564,0.561
9527,6.54960176373913,52.3350872838571,1.626,0.583
9528,6.54960954404172,52.3350949638527,1.494,0.536
9529,6.5496173243443,52.3351026438484,1.758,0.631
9530,6.54962510464688,52.3351103238441,1.736,0.623
9531,6.54963288494946,52.3351180038398,1.681,0.603
9532,6.54964066525204,52.3351256838354,1.437,0.515
9533,6.54964844555462,52.3351333638311,1.525,0.547
9534,6.54965622585721,52.3351410438268,1.662,0.596
9535,6.54966400615979,52.3351487238224,1.605,0.576
9536,6.54967178646237,52.3351564038181,1.565,0.561
9537,6.54967956676495,52.3351640838138,1.627,0.584
9538,6.54968734706753,52.3351717638095,1.614,0.579
9539,6.54969512737011,52.3351794438051,1.648,0.591
9540,6.54970290767269,52.3351871238008,1.6,0.574
9541,6.54971068797528,52.3351948037965,1.8,0.645
9542,6.54971846827786,52.3352024837922,1.69,0.606
9543,6.54972624858044,52.3352101637878,1.719,0.616
9544,6.54973402888302,52.3352178437835,1.496,0.536
9545,6.5497418091856,52.3352255237792,1.487,0.533
9546,6.54974958948818,52.3352332037748,1.547,0.555
9547,6.54975736979077,52.3352408837705,1.589,0.57
9548,6.54976515009335,52.3352485637662,1.709,0.613
9549,6.54977293039593,52.3352562437619,1.564,0.561
9550,6.54978071069851,52.3352639237575,1.534,0.55
9551,6.54978849100109,52.3352716037532,1.652,0.592
9552,6.54979627130367,52.3352792837489,1.688,0.605
9553,6.54980405160625,52.3352869637445,1.546,0.554
9554,6.54981183190884,52.3352946437402,1.721,0.617
9555,6.54981961221142,52.3353023237359,1.665,0.597
9556,6.549827392514,52.3353100037316,1.657,0.594
9557,6.54983517281658,52.3353176837272,1.563,0.561
9558,6.54984292070428,52.3353254021976,1.578,0.566
9559,6.54985066089812,52.3353331298001,1.676,0.601
9560,6.54985841476218,52.3353408411769,1.517,0.544
9561,6.54986616862623,52.3353485525536,1.582,0.567
9562,6.54987392249028,52.3353562639303,1.772,0.635
9563,6.54988167635433,52.3353639753071,1.619,0.58
9564,6.54988943021839,52.3353716866838,1.617,0.58
9565,6.54989718408244,52.3353793980606,1.663,0.596
9566,6.54990493794649,52.3353871094373,1.592,0.571
9567,6.54991270660127,52.3353948032583,1.529,0.548
9568,6.54992048888228,52.3354024809057,1.529,0.548
9569,6.54992827116328,52.3354101585531,1.633,0.586
9570,6.54993605344429,52.3354178362005,1.506,0.54
9571,6.5499438357253,52.3354255138479,1.639,0.588
9572,6.54995161800631,52.3354331914952,1.586,0.569
9573,6.54995940028732,52.3354408691426,1.505,0.54
9574,6.54996718256832,52.33544854679,1.669,0.598
9575,6.54997496484933,52.3354562244374,1.704,0.611
9576,6.54998274713034,52.3354639020848,1.533,0.55
9577,6.54999052941135,52.3354715797322,1.594,0.572
9578,6.54999831169236,52.3354792573796,1.883,0.675
9579,6.55000609397336,52.335486935027,1.477,0.53
9580,6.55001387625437,52.3354946126744,1.642,0.589
9581,6.55002165853538,52.3355022903217,1.726,0.619
9582,6.55002944081639,52.3355099679691,1.636,0.586
9583,6.5500372230974,52.3355176456165,1.559,0.559
9584,6.5500450019349,52.3355253273512,1.655,0.593
9585,6.55005277885101,52.3355330113664,1.627,0.583
9586,6.55006055576713,52.3355406953816,1.639,0.588
9587,6.55006833268324,52.3355483793968,1.675,0.601
9588,6.55007610959936,52.335556063412,1.651,0.592
9589,6.55008388651548,52.3355637474273,1.565,0.561
9590,6.55009166343159,52.3355714314425,1.722,0.618
9591,6.55009944034771,52.3355791154577,1.772,0.635
9592,6.55010721726382,52.3355867994729,1.619,0.58
9593,6.55011499417994,52.3355944834881,1.638,0.587
9594,6.55012277109605,52.3356021675034,1.631,0.585
9595,6.55013054801217,52.3356098515186,1.638,0.587
9596,6.55013832492829,52.3356175355338,1.582,0.567
9597,6.5501461018444,52.335625219549,1.526,0.547
9598,6.55015387876052,52.3356329035642,1.561,0.56
9599,6.55016165567663,52.3356405875795,1.677,0.601
9600,6.55016943259275,52.3356482715947,1.775,0.636
9601,6.55017720950886,52.3356559556099,1.574,0.564
9602,6.55018498642498,52.3356636396251,1.908,0.684
9603,6.5501927633411,52.3356713236403,1.62,0.581
9604,6.55020054025721,52.3356790076556,1.588,0.569
9605,6.55020831717333,52.3356866916708,1.618,0.58
9606,6.55021609408944,52.335694375686,1.682,0.603
9607,6.55022387100556,52.3357020597012,1.512,0.542
9608,6.55023164792167,52.3357097437164,1.7,0.609
9609,6.55023942483779,52.3357174277317,1.593,0.571
9610,6.55024720175391,52.3357251117469,1.581,0.567
9611,6.55025497883816,52.3357327955625,1.754,0.629
9612,6.55026275987965,52.3357404746812,1.646,0.59
9613,6.55027054092114,52.3357481537998,1.788,0.641
9614,6.55027832196263,52.3357558329184,1.63,0.584
9615,6.55028610300412,52.335763512037,1.845,0.661
9616,6.55029388404561,52.3357711911557,1.556,0.558
9617,6.5503016650871,52.3357788702743,1.587,0.569
9618,6.55030944612859,52.3357865493929,1.764,0.632
9619,6.55031722717008,52.3357942285116,1.692,0.607
9620,6.55032500821157,52.3358019076302,1.769,0.634
9621,6.55033278925306,52.3358095867488,1.815,0.651
9622,6.55034057029455,52.3358172658674,1.657,0.594
9623,6.55034835133603,52.3358249449861,1.658,0.595
9624,6.55035613237752,52.3358326241047,1.572,0.564
9625,6.55036391341901,52.3358403032233,1.543,0.553
9626,6.5503716944605,52.335847982342,1.827,0.655
9627,6.55037947550199,52.3358556614606,1.796,0.644
9628,6.55038726013979,52.3358633363106,1.737,0.623
9629,6.55039504616394,52.3358710095151,1.545,0.554
9630,6.55040283218809,52.3358786827196,1.686,0.604
9631,6.55041061821223,52.3358863559241,1.518,0.544
9632,6.55041840423638,52.3358940291286,1.584,0.568
9633,6.55042619026053,52.335901702333,1.704,0.611
9634,6.55043397628467,52.3359093755375,1.786,0.64
9635,6.55044176230882,52.335917048742,1.762,0.632
9636,6.55044954833296,52.3359247219465,1.708,0.612
9637,6.55045733435711,52.335932395151,1.811,0.649
9638,6.55046511749931,52.3359400717762,1.698,0.609
9639,6.55047289736944,52.3359477522852,1.65,0.592
9640,6.55048067723958,52.3359554327941,1.698,0.609
9641,6.55048845710971,52.3359631133031,1.541,0.553
9642,6.55049623697985,52.3359707938121,1.825,0.654
9643,6.55050401684998,52.335978474321,1.554,0.557
9644,6.55051179894963,52.3359861521837,1.724,0.618
9645,6.55051958647701,52.3359938236039,1.73,0.62
9646,6.55052737400439,52.3360014950241,1.8,0.645
9647,6.55053516153177,52.3360091664444,1.802,0.646
9648,6.55054294905914,52.3360168378646,1.549,0.556
9649,6.55055073658652,52.3360245092849,1.761,0.631
9650,6.5505585241139,52.3360321807051,2.008,0.72
9651,6.55056631164128,52.3360398521253,1.734,0.622
9652,6.55057409916865,52.3360475235456,1.788,0.641
9653,6.55058188669603,52.3360551949658,1.807,0.648
9654,6.55058967422341,52.3360628663861,1.812,0.65
9655,6.55059746175079,52.3360705378063,1.632,0.585
9656,6.55060524927816,52.3360782092265,1.723,0.618
9657,6.55061303680554,52.3360858806468,1.624,0.582
9658,6.55062082433292,52.336093552067,1.648,0.591
9659,6.5506286118603,52.3361012234872,1.742,0.624
9660,6.55063640445991,52.336108888887,1.649,0.591
9661,6.55064419988835,52.3361165509291,1.641,0.589
9662,6.55065197551918,52.3361242364699,1.774,0.636
9663,6.55065975115002,52.3361319220107,1.677,0.601
9664,6.55066752678085,52.3361396075515,1.693,0.607
9665,6.55067530241169,52.3361472930922,1.932,0.693
9666,6.55068307804252,52.336154978633,1.714,0.614
9667,6.55069085367336,52.3361626641738,1.766,0.633
9668,6.5506986293042,52.3361703497146,1.859,0.666
9669,6.55070641445849,52.3361780239515,1.728,0.62
9670,6.55071420336276,52.3361856937375,1.738,0.623
9671,6.55072199226703,52.3361933635234,1.906,0.683
9672,6.55072977220865,52.3362010439475,1.866,0.669
9673,6.55073754929182,52.3362087277645,1.72,0.617
9674,6.550745326375,52.3362164115814,1.689,0.605
9675,6.55075310345817,52.3362240953983,1.857,0.666
9676,6.55076088054134,52.3362317792153,1.614,0.579
9677,6.55076865762451,52.3362394630322,1.813,0.65
9678,6.55077643470768,52.3362471468491,1.629,0.584
9679,6.55078421173109,52.336254830737,1.788,0.641
9680,6.55079198865663,52.336262514741,1.75,0.628
9681,6.55079976558216,52.3362701987451,1.818,0.652
9682,6.55080754250769,52.3362778827491,1.683,0.604
9683,6.55081531943323,52.3362855667532,1.708,0.613
9684,6.55082309556102,52.3362932517041,1.809,0.649
9685,6.55083087136364,52.336300937041,1.739,0.624
9686,6.55083864716625,52.3363086223778,1.652,0.592
9687,6.55084642296887,52.3363163077147,1.708,0.612
9688,6.55085419877149,52.3363239930516,1.66,0.595
9689,6.5508619745741,52.3363316783885,1.79,0.642
9690,6.55086975037672,52.3363393637254,1.654,0.593
9691,6.55087752617934,52.3363470490622,1.873,0.672
9692,6.5508853031715,52.3363547329872,1.687,0.605
9693,6.55089308147292,52.3363624153581,1.793,0.643
9694,6.55090085977433,52.3363700977291,1.747,0.626
9695,6.55090863651065,52.3363777819577,1.783,0.639
9696,6.55091641187561,52.3363854678141,1.731,0.621
9697,6.55092418724056,52.3363931536704,1.748,0.627
9698,6.55093196260552,52.3364008395268,1.765,0.633
9699,6.55093973797048,52.3364085253832,1.758,0.63
9700,6.55094751333544,52.3364162112395,1.83,0.656
9701,6.5509552887004,52.3364238970959,1.978,0.709
9702,6.55096306406535,52.3364315829522,1.72,0.617
9703,6.55097083943031,52.3364392688086,1.865,0.669
9704,6.55097861207691,52.3364469578915,1.922,0.689
9705,6.55098638077369,52.3364546516626,1.846,0.662
9706,6.55099414947048,52.3364623454337,1.797,0.645
9707,6.55100191816727,52.3364700392048,1.755,0.629
9708,6.55100968686405,52.3364777329759,1.565,0.561
9709,6.55101746473631,52.3364854158563,1.777,0.637
9710,6.55102524981884,52.3364930901784,1.953,0.7
9711,6.55103303490138,52.3365007645005,2.067,0.741
9712,6.55104082097157,52.3365084376504,1.668,0.598
9713,6.55104861464289,52.3365161017781,1.637,0.587
9714,6.55105640831421,52.3365237659058,1.664,0.597
9715,6.55106419842118,52.3365314342642,1.715,0.615
9716,6.5510719869939,52.3365391044437,1.858,0.666
9717,6.55107977556662,52.3365467746232,1.982,0.711
9718,6.55108756413934,52.3365544448026,1.779,0.638
9719,6.55109535271206,52.3365621149821,1.763,0.632
9720,6.55110314128477,52.3365697851616,1.676,0.601
9721,6.55111092985749,52.3365774553411,2.037,0.73
9722,6.55111871843021,52.3365851255205,1.985,0.712
9723,6.55112650700293,52.3365927957,1.892,0.678
9724,6.55113429557564,52.3366004658795,1.719,0.616
9725,6.55114208414836,52.336608136059,1.76,0.631
9726,6.55114987272108,52.3366158062384,1.888,0.677
9727,6.5511576612938,52.3366234764179,1.916,0.687
9728,6.55116544986651,52.3366311465974,1.856,0.665
9729,6.55117323843923,52.3366388167769,1.934,0.693
9730,6.55118102701195,52.3366464869564,1.87,0.67
9731,6.5511888140311,52.3366541589798,1.845,0.662
9732,6.55119660051654,52.3366618316368,1.671,0.599
9733,6.55120438700197,52.3366695042938,1.859,0.666
9734,6.55121217348741,52.3366771769507,1.954,0.701
9735,6.55121995997285,52.3366848496077,1.915,0.687
9736,6.55122774645828,52.3366925222647,1.755,0.629
9737,6.55123553294372,52.3367001949216,1.919,0.688
9738,6.55124331942916,52.3367078675786,2.105,0.755
9739,6.5512511059146,52.3367155402355,1.944,0.697
9740,6.55125889240003,52.3367232128925,1.934,0.694
9741,6.55126667888547,52.3367308855495,1.929,0.692
9742,6.55127446537091,52.3367385582064,2.029,0.728
9743,6.55128225185634,52.3367462308634,1.776,0.637
9744,6.55129003834178,52.3367539035204,1.845,0.662
9745,6.55129782482722,52.3367615761773,1.974,0.708
9746,6.55130561131265,52.3367692488343,2.051,0.736
9747,6.55131339779809,52.3367769214913,1.636,0.587
9748,6.55132118428353,52.3367845941482,1.841,0.66
9749,6.55132897076896,52.3367922668052,2.116,0.759
9750,6.5513367572544,52.3367999394622,1.77,0.635
9751,6.55134454373984,52.3368076121191,1.816,0.651
9752,6.55135233022527,52.3368152847761,2.0,0.717
9753,6.55136011671071,52.336822957433,1.745,0.626
9754,6.55136790319615,52.33683063009,1.969,0.706
9755,6.55137568968158,52.336838302747,1.914,0.686
9756,6.55138347616702,52.3368459754039,1.668,0.598
9757,6.55139126265246,52.3368536480609,2.017,0.723
9758,6.55139904913789,52.3368613207179,2.07,0.742
9759,6.55140683562333,52.3368689933748,1.791,0.642
9760,6.55141462210877,52.3368766660318,1.816,0.651
9761,6.5514224085942,52.3368843386888,1.93,0.692
9762,6.55143019507964,52.3368920113457,1.896,0.68
9763,6.55143798156508,52.3368996840027,1.749,0.627
9764,6.55144576805051,52.3369073566597,1.874,0.672
9765,6.55145355453595,52.3369150293166,1.902,0.682
9766,6.55146134102139,52.3369227019736,1.789,0.641
9767,6.55146912750683,52.3369303746305,2.032,0.728
9768,6.55147691399226,52.3369380472875,2.101,0.753
9769,6.5514847004777,52.3369457199445,2.111,0.757
9770,6.55149248696314,52.3369533926014,2.178,0.781
9771,6.55150027344857,52.3369610652584,1.887,0.677
9772,6.55150805993401,52.3369687379154,1.886,0.676
9773,6.55151584641945,52.3369764105723,1.918,0.688
9774,6.55152363290488,52.3369840832293,2.006,0.719
9775,6.55153141939032,52.3369917558863,1.817,0.652
9776,6.55153920587576,52.3369994285432,1.977,0.709
9777,6.55154699236119,52.3370071012002,2.027,0.727
9778,6.55155477884663,52.3370147738571,1.778,0.637
9779,6.55156256533207,52.3370224465141,2.31,0.828
9780,6.5515703518175,52.3370301191711,1.798,0.645
9781,6.55157813830294,52.337037791828,2.045,0.733
9782,6.55158592478838,52.337045464485,1.9,0.681
9783,6.55159371127381,52.337053137142,2.013,0.722
9784,6.55160149775925,52.3370608097989,1.943,0.697
9785,6.55160928424469,52.3370684824559,1.922,0.689
9786,6.55161707073012,52.3370761551129,2.073,0.743
9787,6.55162485721556,52.3370838277698,1.896,0.68
9788,6.551632643701,52.3370915004268,1.991,0.714
9789,6.55164043018643,52.3370991730838,2.135,0.765
9790,6.55164821667187,52.3371068457407,1.87,0.671
9791,6.55165600315731,52.3371145183977,2.232,0.8
9792,6.55166378964275,52.3371221910546,1.948,0.698
9793,6.55167157612818,52.3371298637116,2.073,0.743
9794,6.55167936261362,52.3371375363686,1.798,0.645
9795,6.55168714909906,52.3371452090255,1.858,0.666
9796,6.55169493558449,52.3371528816825,1.922,0.689
9797,6.55170272206993,52.3371605543395,1.82,0.653
9798,6.55171050855537,52.3371682269964,1.893,0.679
9799,6.5517182950408,52.3371758996534,1.894,0.679
9800,6.55172608152624,52.3371835723104,1.947,0.698
9801,6.55173386801168,52.3371912449673,2.123,0.761
9802,6.55174165449711,52.3371989176243,1.893,0.679
9803,6.55174944098255,52.3372065902813,2.056,0.737
9804,6.55175722746799,52.3372142629382,2.108,0.756
9805,6.55176501395342,52.3372219355952,1.774,0.636
9806,6.55177280043886,52.3372296082521,1.913,0.686
9807,6.5517805869243,52.3372372809091,1.863,0.668
9808,6.55178837340973,52.3372449535661,1.936,0.694
9809,6.55179615989517,52.337252626223,1.918,0.688
9810,6.55180394638061,52.33726029888,1.98,0.71
9811,6.55181173286604,52.337267971537,1.807,0.648
9812,6.55181951935148,52.3372756441939,1.848,0.662
9813,6.55182730583692,52.3372833168509,1.95,0.699
9814,6.55183509232235,52.3372909895079,2.052,0.736
9815,6.55184287880779,52.3372986621648,2.104,0.754
9816,6.55185066529323,52.3373063348218,2.05,0.735
9817,6.55185845177867,52.3373140074788,1.945,0.697
9818,6.5518662382641,52.3373216801357,2.061,0.739
9819,6.55187402474954,52.3373293527927,2.233,0.801
9820,6.55188181123498,52.3373370254496,2.279,0.817
9821,6.55188959772041,52.3373446981066,1.906,0.684
9822,6.55189738420585,52.3373523707636,2.116,0.759
9823,6.55190517069129,52.3373600434205,2.02,0.724
9824,6.55191295717672,52.3373677160775,2.126,0.762
9825,6.55192074366216,52.3373753887345,1.886,0.676
9826,6.5519285301476,52.3373830613914,2.269,0.814
9827,6.55193631663303,52.3373907340484,2.102,0.754
9828,6.55194410311847,52.3373984067054,1.949,0.699
9829,6.55195188960391,52.3374060793623,1.812,0.65
9830,6.55195967608934,52.3374137520193,1.904,0.683
9831,6.55196746257478,52.3374214246763,2.113,0.758
9832,6.55197524906022,52.3374290973332,2.111,0.757
9833,6.55198303554565,52.3374367699902,1.936,0.694
9834,6.55199082203109,52.3374444426471,2.115,0.759
9835,6.55199860851653,52.3374521153041,1.934,0.693
9836,6.55200639500196,52.3374597879611,1.962,0.704
9837,6.5520141814874,52.337467460618,2.068,0.742
9838,6.55202196797284,52.337475133275,2.112,0.757
9839,6.55202975445827,52.337482805932,2.077,0.745
9840,6.55203754094371,52.3374904785889,1.942,0.696
9841,6.55204532742915,52.3374981512459,2.169,0.778
9842,6.55205311391459,52.3375058239029,2.051,0.735
9843,6.55206090040002,52.3375134965598,1.865,0.669
9844,6.55206868688546,52.3375211692168,1.938,0.695
9845,6.5520764733709,52.3375288418737,1.978,0.709
9846,6.55208425985633,52.3375365145307,1.978,0.709
9847,6.55209204634177,52.3375441871877,1.968,0.705
9848,6.55209983282721,52.3375518598446,2.017,0.723
9849,6.55210761931264,52.3375595325016,1.892,0.679
9850,6.55211540579808,52.3375672051586,2.242,0.804
9851,6.55212319228352,52.3375748778155,2.176,0.78
9852,6.55213097876895,52.3375825504725,2.058,0.738
9853,6.55213876525439,52.3375902231295,2.041,0.732
9854,6.55214655173983,52.3375978957864,2.091,0.75
9855,6.55215433822526,52.3376055684434,1.998,0.716
9856,6.5521621247107,52.3376132411004,1.937,0.694
9857,6.55216991119614,52.3376209137573,2.148,0.77
9858,6.55217769768157,52.3376285864143,1.899,0.681
9859,6.55218548416701,52.3376362590713,2.027,0.727
9860,6.55219327065245,52.3376439317282,2.033,0.729
9861,6.55220105713788,52.3376516043852,2.336,0.838
9862,6.55220884362332,52.3376592770421,2.016,0.723
9863,6.55221679882473,52.3376667494426,2.165,0.776
9864,6.55222482233251,52.3376741407671,2.146,0.769
9865,6.55223284584029,52.3376815320916,2.403,0.862
9866,6.55224086934807,52.3376889234162,2.048,0.734
9867,6.55224889285586,52.3376963147407,2.017,0.723
9868,6.55225691636364,52.3377037060652,2.097,0.752
9869,6.55226493987142,52.3377110973898,2.271,0.814
9870,6.55227296337921,52.3377184887143,2.179,0.781
9871,6.55228098688699,52.3377258800388,2.047,0.734
9872,6.55228901039477,52.3377332713633,1.979,0.709
9873,6.55229703390256,52.3377406626879,2.372,0.851
9874,6.55230505741034,52.3377480540124,2.236,0.802
9875,6.55231308091812,52.3377554453369,2.122,0.761
9876,6.5523209659541,52.3377630010199,2.244,0.805
9877,6.55232883081497,52.3377705806495,2.5,0.897
9878,6.55233669567585,52.3377781602792,2.293,0.822
9879,6.55234456053672,52.3377857399088,2.308,0.828
9880,6.55235242539759,52.3377933195385,2.536,0.909
9881,6.55236029025847,52.3378008991681,2.645,0.948
9882,6.55236815511934,52.3378084787978,2.541,0.911
9883,6.55237601998022,52.3378160584274,2.68,0.961
9884,6.55238388484109,52.3378236380571,2.371,0.85
9885,6.55239174970196,52.3378312176867,2.7,0.968
9886,6.55239961456284,52.3378387973164,2.607,0.935
9887,6.55240747942371,52.337846376946,2.621,0.94
9888,6.55241534428459,52.3378539565756,2.822,1.012
9889,6.55242320914546,52.3378615362053,2.751,0.986
9890,6.55243107400633,52.3378691158349,2.976,1.067
9891,6.55243893886721,52.3378766954646,3.137,1.125
9892,6.55244680372808,52.3378842750942,2.921,1.047
9893,6.55245466858896,52.3378918547239,3.201,1.148
9894,6.55246253344983,52.3378994343535,2.986,1.071
9895,6.5524703983107,52.3379070139832,3.057,1.096
9896,6.55247826317158,52.3379145936128,3.727,1.336
9897,6.55248612803245,52.3379221732425,3.043,1.091
9898,6.55249399289333,52.3379297528721,3.48,1.248
9899,6.5525018577542,52.3379373325018,3.397,1.218
9900,6.55250972261507,52.3379449121314,3.794,1.36
9901,6.55251758747595,52.3379524917611,3.838,1.376
9902,6.55252545233682,52.3379600713907,4.121,1.477
9903,6.55253331719769,52.3379676510204,4.088,1.466
9904,6.55254118205857,52.33797523065,4.361,1.564
9905,6.55254904691944,52.3379828102797,4.209,1.509
9906,6.55255691178032,52.3379903899093,4.698,1.685
9907,6.55256477664119,52.337997969539,3.958,1.419
9908,6.55257264150206,52.3380055491686,4.601,1.65
9909,6.55258061773383,52.3380129966072,4.796,1.72
9910,6.55258909324738,52.3380198514258,4.743,1.701
9911,6.55259759912521,52.3380266702038,5.213,1.869
9912,6.55260566465167,52.3380340116545,5.049,1.81
9913,6.55261354915566,52.3380415679688,4.843,1.737
9914,6.55262143365965,52.3380491242832,4.617,1.655
9915,6.55262931816364,52.3380566805975,5.416,1.942
9916,6.55263720266762,52.3380642369119,5.753,2.063
9917,6.55264508717161,52.3380717932262,5.367,1.925
9918,6.5526529716756,52.3380793495406,5.703,2.045
9919,6.55266095688235,52.3380867863263,6.37,2.284
9920,6.55266899711402,52.3380941578005,5.729,2.054
9921,6.5526770373457,52.3381015292747,5.843,2.095
9922,6.55268507757737,52.3381089007489,6.072,2.177
9923,6.55269311780905,52.3381162722231,6.178,2.215
9924,6.55270115804072,52.3381236436973,6.141,2.202
9925,6.5527091982724,52.3381310151715,6.451,2.313
9926,6.55270751558886,52.338149927209,6.406,2.297
9927,6.55271452412972,52.3381585232432,5.729,2.054
9928,6.55272309405889,52.3381652659958,6.344,2.275
9929,6.55273166398806,52.3381720087483,6.208,2.226
9930,6.55274023391723,52.3381787515008,5.771,2.069
9931,6.55274880384641,52.3381854942533,5.711,2.048
9932,6.55275737377558,52.3381922370058,5.745,2.06
9933,6.55276594965032,52.3381989727013,5.875,2.106
9934,6.55277464798003,52.3382055630495,5.921,2.123
9935,6.55278334630974,52.3382121533977,6.004,2.153
9936,6.55279204463945,52.3382187437458,6.044,2.167
9937,6.55280014294505,52.3382260462895,5.614,2.013
9938,6.55280889940809,52.3382325676366,5.702,2.045
9939,6.5528176674658,52.3382390752215,5.725,2.053
9940,6.55282643552351,52.3382455828064,5.289,1.896
9941,6.55283666622336,52.3382503543159,5.463,1.959
9942,6.55284852844503,52.338253189299,5.283,1.894
9943,6.55285941794248,52.3382571788521,5.374,1.927
9944,6.55286780105285,52.3382641433482,5.502,1.973
9945,6.55287618416323,52.3382711078444,4.913,1.762
9946,6.55288436976049,52.3382783067776,4.972,1.783
9947,6.55289232396955,52.3382857803559,4.83,1.732
9948,6.55290027817861,52.3382932539342,4.708,1.688
9949,6.55290823238767,52.3383007275125,4.717,1.691
9950,6.55291618659674,52.3383082010908,4.478,1.606
9951,6.55292419162443,52.3383156143502,4.096,1.469
9952,6.55293227621639,52.3383229331711,4.077,1.462
9953,6.55294036080835,52.3383302519921,4.338,1.555
9954,6.55294843947366,52.3383375778477,3.826,1.372
9955,6.55295667250954,52.338344720474,4.064,1.457
9956,6.55296520945839,52.3383515023723,3.744,1.343
9957,6.55297374640724,52.3383582842707,3.809,1.366
9958,6.55298228335609,52.338365066169,3.549,1.273
9959,6.55299082030494,52.3383718480674,3.535,1.267
9960,6.55299935725379,52.3383786299657,3.653,1.31
9961,6.55300780958159,52.3383855123045,3.322,1.191
9962,6.55301579934798,52.3383929436783,3.261,1.169
9963,6.55302378911436,52.338400375052,3.269,1.172
9964,6.55303177888074,52.3384078064257,3.477,1.247
9965,6.55303976864713,52.3384152377994,3.029,1.086
9966,6.55304774465027,52.3384226855093,3.141,1.126
9967,6.55305569838997,52.3384301596447,3.388,1.215
9968,6.55306365212967,52.3384376337801,2.952,1.058
9969,6.55307160586936,52.3384451079155,3.143,1.127
9970,6.55307955960906,52.3384525820509,2.924,1.048
9971,6.55308751334876,52.3384600561863,2.779,0.996
9972,6.55309546708846,52.3384675303217,2.773,0.994
9973,6.55310342082815,52.3384750044571,2.699,0.968
9974,6.55311137456785,52.3384824785925,2.724,0.977
9975,6.55311932830755,52.3384899527278,2.536,0.909
9976,6.55312728204725,52.3384974268632,2.556,0.916
9977,6.55313588269697,52.3385041331522,2.751,0.986
9978,6.55314465632547,52.3385106341248,2.675,0.959
9979,6.55315342995396,52.3385171350975,2.535,0.909
9980,6.55316220358246,52.3385236360702,2.427,0.87
9981,6.55317097721096,52.3385301370429,2.509,0.9
9982,6.55317975083945,52.3385366380155,2.495,0.895
9983,6.55318852446795,52.3385431389882,2.315,0.83
9984,6.55319679420817,52.3385502380485,2.321,0.832
9985,6.5532050460596,52.3385573583417,2.5,0.896
9986,6.55321329791104,52.3385644786349,2.476,0.888
9987,6.55322154976248,52.3385715989281,2.514,0.901
9988,6.55322980161392,52.3385787192214,2.475,0.887
9989,6.55323805346535,52.3385858395146,2.083,0.747
9990,6.55324630531679,52.3385929598078,2.532,0.908
9991,6.55325455716823,52.338600080101,2.482,0.89
9992,6.55326280901967,52.3386072003943,2.231,0.8
9993,6.55327106087111,52.3386143206875,2.031,0.728
9994,6.55327931272254,52.3386214409807,2.253,0.808
9995,6.55328756457398,52.3386285612739,2.424,0.869
9996,6.55329581642542,52.3386356815672,2.48,0.889
9997,6.55330406827686,52.3386428018604,2.165,0.776
9998,6.55331232012829,52.3386499221536,2.295,0.823
9999,6.55332057197973,52.3386570424468,2.197,0.788
10000,6.55332882383117,52.3386641627401,2.375,0.852
10001,6.55333707568261,52.3386712830333,2.291,0.822
10002,6.55334532753404,52.3386784033265,2.545,0.912
10003,6.55335357938548,52.3386855236197,2.328,0.835
10004,6.55336183123692,52.338692643913,2.481,0.889
10005,6.55337008308836,52.3386997642062,2.255,0.809
10006,6.55337833493979,52.3387068844994,2.404,0.862
10007,6.55338658679123,52.3387140047926,2.38,0.854
10008,6.55339483864267,52.3387211250859,2.069,0.742
10009,6.55340309049411,52.3387282453791,2.406,0.863
10010,6.55341134234554,52.3387353656723,2.352,0.843
10011,6.55341959419698,52.3387424859655,2.291,0.821
10012,6.55342784604842,52.3387496062588,2.352,0.843
10013,6.55343609789986,52.338756726552,2.43,0.871
10014,6.5534443497513,52.3387638468452,2.24,0.803
10015,6.55345260160273,52.3387709671384,2.394,0.859
10016,6.55346085345417,52.3387780874317,2.088,0.749
10017,6.55346910530561,52.3387852077249,2.59,0.929
10018,6.55347735715705,52.3387923280181,2.271,0.814
10019,6.55348560900848,52.3387994483113,2.291,0.821
10020,6.55349386085992,52.3388065686046,2.58,0.925
10021,6.55350211271136,52.3388136888978,2.068,0.742
10022,6.5535103645628,52.338820809191,2.439,0.874
10023,6.55351861641423,52.3388279294842,2.359,0.846
10024,6.55352686826567,52.3388350497775,2.23,0.8
10025,6.55353512011711,52.3388421700707,2.152,0.772
10026,6.55354337196855,52.3388492903639,2.042,0.732
10027,6.55355162381998,52.3388564106571,2.543,0.912
10028,6.55355987567142,52.3388635309504,2.368,0.849
10029,6.55356812752286,52.3388706512436,2.232,0.8
10030,6.5535763793743,52.3388777715368,2.099,0.753
10031,6.55358463122573,52.33888489183,2.113,0.758
10032,6.55359288307717,52.3388920121233,2.323,0.833
10033,6.55360113492861,52.3388991324165,2.212,0.793
10034,6.55360938675347,52.3389062527413,2.303,0.826
10035,6.55361763811552,52.3389133736154,2.436,0.873
10036,6.55362588947757,52.3389204944895,2.007,0.72
10037,6.55363414083962,52.3389276153636,2.046,0.734
10038,6.55364239220168,52.3389347362377,2.381,0.854
10039,6.55365064356373,52.3389418571117,2.209,0.792
10040,6.55365889492578,52.3389489779858,2.316,0.83
10041,6.55366714628784,52.3389560988599,2.364,0.848
10042,6.55367539764989,52.338963219734,2.234,0.801
10043,6.55368364901194,52.3389703406081,2.299,0.824
10044,6.55369190037399,52.3389774614822,2.515,0.902
10045,6.55370015173605,52.3389845823563,2.233,0.801
10046,6.5537084030981,52.3389917032304,2.27,0.814
10047,6.55371665446015,52.3389988241045,2.227,0.798
10048,6.55372490582221,52.3390059449786,2.073,0.743
10049,6.55373315718426,52.3390130658527,2.199,0.789
10050,6.55374140854631,52.3390201867268,2.221,0.797
10051,6.55374965990837,52.3390273076009,2.235,0.801
10052,6.55375791127042,52.339034428475,2.017,0.723
10053,6.55376616263247,52.3390415493491,2.309,0.828
10054,6.55377441399452,52.3390486702232,2.15,0.771
10055,6.55378266535658,52.3390557910973,2.233,0.801
10056,6.55379091671863,52.3390629119714,2.36,0.846
10057,6.55379916808068,52.3390700328455,2.515,0.902
10058,6.55380741944274,52.3390771537196,2.149,0.771
10059,6.55381567080479,52.3390842745937,2.375,0.851
10060,6.55382392216684,52.3390913954678,2.35,0.842
10061,6.5538321735289,52.3390985163419,2.238,0.802
10062,6.55384042489095,52.339105637216,2.196,0.787
10063,6.553848676253,52.3391127580901,2.218,0.795
10064,6.55385692761505,52.3391198789642,2.496,0.895
10065,6.55386517897711,52.3391269998383,2.283,0.819
10066,6.55387343033916,52.3391341207124,2.467,0.885
10067,6.55388168170121,52.3391412415865,2.204,0.79
10068,6.55388993306327,52.3391483624606,2.168,0.777
10069,6.55389819065199,52.339155475944,2.474,0.887
10070,6.55390648840829,52.3391625417506,2.101,0.753
10071,6.55391478616459,52.3391696075573,2.286,0.82
10072,6.55392308392089,52.339176673364,2.214,0.794
10073,6.55393138167719,52.3391837391707,2.406,0.863
10074,6.55393967943349,52.3391908049774,2.438,0.874
10075,6.55394797718979,52.3391978707841,2.409,0.864
10076,6.55395627494609,52.3392049365908,2.321,0.832
10077,6.55396459898089,52.3392119712063,2.293,0.822
10078,6.55397292544176,52.3392190029423,2.087,0.748
10079,6.55398125190263,52.3392260346782,2.285,0.819
10080,6.5539895783635,52.3392330664142,2.366,0.848
10081,6.55399790482437,52.3392400981501,2.191,0.786
10082,6.55400623128524,52.3392471298861,2.449,0.878
10083,6.5540145577461,52.3392541616221,2.301,0.825
10084,6.55402288711258,52.3392611899092,2.166,0.777
10085,6.55403121666515,52.3392682179755,2.356,0.845
10086,6.55403954621772,52.3392752460418,2.183,0.783
10087,6.55404787577029,52.339282274108,2.468,0.885
10088,6.55405620532286,52.3392893021743,2.352,0.843
10089,6.55406453487543,52.3392963302406,2.503,0.898
10090,6.55407286498079,52.3393033576507,2.102,0.754
10091,6.55408119622098,52.3393103837139,2.358,0.846
10092,6.55408952746118,52.339317409777,2.295,0.823
10093,6.55409785870138,52.3393244358402,2.276,0.816
10094,6.55410618994158,52.3393314619033,2.227,0.799
10095,6.55411452118177,52.3393384879665,2.252,0.808
10096,6.55412285242197,52.3393455140296,2.215,0.794
10097,6.55413118366217,52.3393525400928,2.305,0.827
10098,6.55413951490237,52.3393595661559,2.301,0.825
10099,6.55414784614256,52.3393665922191,2.16,0.774
10100,6.55415617738276,52.3393736182822,2.576,0.924
10101,6.55416450862296,52.3393806443454,2.033,0.729
10102,6.55417283986316,52.3393876704085,2.132,0.764
10103,6.55418117110335,52.3393946964717,2.126,0.762
10104,6.55418950234355,52.3394017225349,2.588,0.928
10105,6.55419783358375,52.339408748598,2.269,0.813
10106,6.55420616482394,52.3394157746612,2.51,0.9
10107,6.55421449606414,52.3394228007243,2.399,0.86
10108,6.55422282730434,52.3394298267875,2.475,0.887
10109,6.55423115843636,52.339436852979,2.142,0.768
10110,6.55423948937551,52.3394438793995,1.951,0.7
10111,6.55424782031467,52.33945090582,2.279,0.817
10112,6.55425615125383,52.3394579322404,2.258,0.81
10113,6.55426448219298,52.3394649586609,2.453,0.879
10114,6.55427281313214,52.3394719850814,2.429,0.871
10115,6.5542811440713,52.3394790115018,2.323,0.833
10116,6.55428947501046,52.3394860379223,2.202,0.79
10117,6.55429780594961,52.3394930643428,2.491,0.893
10118,6.55430613688877,52.3395000907632,2.416,0.866
10119,6.55431446782793,52.3395071171837,2.522,0.904
10120,6.55432279876709,52.3395141436042,2.339,0.839
10121,6.55433112995558,52.3395211697287,2.385,0.855
10122,6.55433946170397,52.3395281951887,2.275,0.816
10123,6.55434779345235,52.3395352206486,2.516,0.902
10124,6.55435612520074,52.3395422461086,2.303,0.826
10125,6.55436445694912,52.3395492715686,2.416,0.866
10126,6.5543727886975,52.3395562970285,2.276,0.816
10127,6.55438112044589,52.3395633224885,2.397,0.859
10128,6.55438945219427,52.3395703479484,2.311,0.829
10129,6.55439778394266,52.3395773734084,2.42,0.868
10130,6.55440611569104,52.3395843988684,2.527,0.906
10131,6.55441444743943,52.3395914243283,2.33,0.835
10132,6.55442277918781,52.3395984497883,2.267,0.813
10133,6.55443111093619,52.3396054752483,2.137,0.766
10134,6.55443944268458,52.3396125007082,2.43,0.871
10135,6.55444777443296,52.3396195261682,2.154,0.772
10136,6.55445610618135,52.3396265516281,2.274,0.815
10137,6.55446443792973,52.3396335770881,2.112,0.757
10138,6.55447276967811,52.3396406025481,2.509,0.9
10139,6.5544811014265,52.339647628008,2.422,0.868
10140,6.55448943317488,52.339654653468,2.126,0.762
10141,6.55449776492327,52.339661678928,2.22,0.796
10142,6.55450609667165,52.3396687043879,2.345,0.841
10143,6.55451442842003,52.3396757298479,2.218,0.795
10144,6.55452276016842,52.3396827553078,2.301,0.825
10145,6.5545310919168,52.3396897807678,2.263,0.812
10146,6.55453942366519,52.3396968062278,2.223,0.797
10147,6.55454775541357,52.3397038316877,2.405,0.862
10148,6.55455608716195,52.3397108571477,2.325,0.834
10149,6.55456441891034,52.3397178826077,2.018,0.724
10150,6.55457275065872,52.3397249080676,2.246,0.805
10151,6.55458108240711,52.3397319335276,2.552,0.915
10152,6.55458941415549,52.3397389589875,2.225,0.798
10153,6.55459774590387,52.3397459844475,2.279,0.817
10154,6.55460607765226,52.3397530099075,2.023,0.725
10155,6.55461440940064,52.3397600353674,2.213,0.793
10156,6.55462274114903,52.3397670608274,2.213,0.794
10157,6.55463107289741,52.3397740862874,2.101,0.753
10158,6.55463940464579,52.3397811117473,2.106,0.755
10159,6.55464773639418,52.3397881372073,2.432,0.872
10160,6.55465606814256,52.3397951626673,2.217,0.795
10161,6.55466439989095,52.3398021881272,2.302,0.826
10162,6.55467273163933,52.3398092135872,2.349,0.842
10163,6.55468106338772,52.3398162390471,2.344,0.84
10164,6.5546893951361,52.3398232645071,2.414,0.866
10165,6.55469772688448,52.3398302899671,2.216,0.795
10166,6.55470605863287,52.339837315427,2.32,0.832
10167,6.55471439038125,52.339844340887,2.404,0.862
10168,6.55472272212964,52.3398513663469,2.22,0.796
10169,6.55473105387802,52.3398583918069,2.479,0.889
10170,6.5547393856264,52.3398654172669,2.441,0.875
10171,6.55474771737479,52.3398724427268,2.136,0.766
10172,6.55475604912317,52.3398794681868,2.146,0.769
10173,6.55476438087156,52.3398864936468,2.406,0.863
10174,6.55477271261994,52.3398935191067,2.246,0.805
10175,6.55478104888776,52.3399005392024,2.291,0.821
10176,6.55478938675396,52.3399075574008,2.387,0.856
10177,6.55479772462017,52.3399145755993,2.324,0.833
10178,6.55480606248637,52.3399215937977,2.27,0.814
10179,6.55481440035257,52.3399286119962,2.331,0.836
10180,6.55482273821878,52.3399356301946,2.334,0.837
10181,6.55483107608498,52.3399426483931,2.199,0.789
10182,6.55483941395118,52.3399496665915,2.199,0.788
10183,6.55484775181739,52.33995668479,2.045,0.733
10184,6.55485608968359,52.3399637029884,2.212,0.793
10185,6.55486442754979,52.3399707211869,2.138,0.767
10186,6.554872765416,52.3399777393853,2.174,0.78
10187,6.5548811032822,52.3399847575838,2.156,0.773
10188,6.55488944114841,52.3399917757822,1.964,0.704
10189,6.55489777901461,52.3399987939807,2.114,0.758
10190,6.55490611688081,52.3400058121791,2.182,0.782
10191,6.55491445474702,52.3400128303776,2.283,0.818
10192,6.55492279261322,52.340019848576,2.096,0.752
10193,6.55493113047942,52.3400268667745,2.132,0.764
10194,6.55493946834563,52.3400338849729,2.47,0.886
10195,6.55494780621183,52.3400409031713,2.07,0.742
10196,6.55495614407803,52.3400479213698,2.188,0.784
10197,6.55496448194424,52.3400549395682,2.186,0.784
10198,6.55497281981044,52.3400619577667,2.337,0.838
10199,6.55498115767664,52.3400689759651,2.163,0.775
10200,6.55498949554285,52.3400759941636,2.265,0.812
10201,6.55499783340905,52.340083012362,2.111,0.757
10202,6.55500617127525,52.3400900305605,2.149,0.77
10203,6.55501450914146,52.3400970487589,2.1,0.753
10204,6.55502284700766,52.3401040669574,2.189,0.785
10205,6.55503118487387,52.3401110851558,2.222,0.797
10206,6.55503952274007,52.3401181033543,2.363,0.847
10207,6.55504786060627,52.3401251215527,2.064,0.74
10208,6.55505619847248,52.3401321397512,2.145,0.769
10209,6.55506453633868,52.3401391579496,2.145,0.769
10210,6.55507287420488,52.3401461761481,2.448,0.878
10211,6.55508121207109,52.3401531943465,2.139,0.767
10212,6.55508954993729,52.340160212545,2.327,0.834
10213,6.55509788780349,52.3401672307434,2.111,0.757
10214,6.5551062256697,52.3401742489419,2.34,0.839
10215,6.5551145635359,52.3401812671403,2.033,0.729
10216,6.5551229014021,52.3401882853388,2.274,0.815
10217,6.55513123926831,52.3401953035372,2.081,0.746
10218,6.55513957713451,52.3402023217357,2.125,0.762
10219,6.55514791500072,52.3402093399341,2.4,0.861
10220,6.55515625286692,52.3402163581326,2.251,0.807
10221,6.55516459073312,52.340223376331,2.18,0.782
10222,6.55517292859933,52.3402303945295,2.217,0.795
10223,6.55518126646553,52.3402374127279,2.33,0.836
10224,6.55518960433173,52.3402444309264,2.267,0.813
10225,6.55519794219794,52.3402514491248,2.106,0.755
10226,6.55520628006414,52.3402584673233,2.141,0.768
10227,6.55521461793034,52.3402654855217,2.054,0.736
10228,6.55522295579655,52.3402725037202,2.317,0.831
10229,6.55523129366275,52.3402795219186,1.978,0.709
10230,6.55523963152895,52.3402865401171,2.305,0.826
10231,6.55524796939516,52.3402935583155,2.287,0.82
10232,6.55525630726136,52.340300576514,2.239,0.803
10233,6.55526464512756,52.3403075947124,2.265,0.812
10234,6.55527297854622,52.3403146181898,2.064,0.74
10235,6.55528131092636,52.3403216429,2.361,0.847
10236,6.5552896433065,52.3403286676101,2.232,0.8
10237,6.55529797568663,52.3403356923202,2.008,0.72
10238,6.55530630806677,52.3403427170303,2.387,0.856
10239,6.55531464044691,52.3403497417404,2.275,0.816
10240,6.55532297282704,52.3403567664505,2.161,0.775
10241,6.55533130520718,52.3403637911606,2.168,0.777
10242,6.55533963758732,52.3403708158707,2.425,0.869
10243,6.55534796996745,52.3403778405808,2.235,0.801
10244,6.55535630234759,52.3403848652909,2.255,0.809
10245,6.55536463472773,52.340391890001,2.267,0.813
10246,6.55537296710786,52.3403989147111,2.295,0.823
10247,6.555381299488,52.3404059394212,2.28,0.817
10248,6.55538963186814,52.3404129641313,2.287,0.82
10249,6.55539796424827,52.3404199888415,2.41,0.864
10250,6.55540629662841,52.3404270135516,2.058,0.738
10251,6.55541462900855,52.3404340382617,2.181,0.782
10252,6.55542296138868,52.3404410629718,2.163,0.776
10253,6.55543129376882,52.3404480876819,2.334,0.837
10254,6.55543962614896,52.340455112392,2.213,0.793
10255,6.55544795852909,52.3404621371021,2.202,0.79
10256,6.55545629090923,52.3404691618122,1.853,0.664
10257,6.55546462328937,52.3404761865223,2.593,0.93
10258,6.5554729556695,52.3404832112324,2.245,0.805
10259,6.55548128804964,52.3404902359425,1.992,0.714
10260,6.55548962042978,52.3404972606526,2.013,0.722
10261,6.55549795280991,52.3405042853627,2.262,0.811
10262,6.55550628519005,52.3405113100728,2.251,0.807
10263,6.55551461757019,52.3405183347829,2.446,0.877
10264,6.55552294995032,52.3405253594931,2.379,0.853
10265,6.55553128233046,52.3405323842032,1.979,0.71
10266,6.5555396147106,52.3405394089133,2.126,0.762
10267,6.55554794709073,52.3405464336234,2.275,0.816
10268,6.55555627947087,52.3405534583335,2.314,0.83
10269,6.55556461185101,52.3405604830436,2.192,0.786
10270,6.55557294423115,52.3405675077537,2.255,0.809
10271,6.55558127661128,52.3405745324638,2.215,0.794
10272,6.55558960899142,52.3405815571739,2.205,0.791
10273,6.55559794137156,52.340588581884,2.174,0.78
10274,6.55560627375169,52.3405956065941,2.019,0.724
10275,6.55561460613183,52.3406026313042,2.36,0.846
10276,6.55562293851197,52.3406096560143,2.12,0.76
10277,6.5556312708921,52.3406166807245,2.255,0.808
10278,6.55563960327224,52.3406237054346,2.045,0.733
10279,6.55564793565238,52.3406307301447,2.223,0.797
10280,6.55565626803251,52.3406377548548,2.219,0.796
10281,6.55566460041265,52.3406447795649,2.04,0.731
10282,6.55567293279279,52.340651804275,1.991,0.714
10283,6.55568126517292,52.3406588289851,2.18,0.782
10284,6.55568959755306,52.3406658536952,2.098,0.752
10285,6.5556979299332,52.3406728784053,2.103,0.754
10286,6.55570626231333,52.3406799031154,2.356,0.845
10287,6.55571459469347,52.3406869278255,2.409,0.864
10288,6.55572292707361,52.3406939525356,2.128,0.763
10289,6.55573125945374,52.3407009772457,2.086,0.748
10290,6.55573959183388,52.3407080019558,2.018,0.724
10291,6.55574792421402,52.3407150266659,2.126,0.762
10292,6.55575625659415,52.3407220513761,2.092,0.75
10293,6.55576458897429,52.3407290760862,2.009,0.72
10294,6.55577292135443,52.3407361007963,2.288,0.82
10295,6.55578125373456,52.3407431255064,2.28,0.817
10296,6.5557895861147,52.3407501502165,2.22,0.796
10297,6.55579791849484,52.3407571749266,2.204,0.79
10298,6.55580625087497,52.3407641996367,2.273,0.815
10299,6.55581458323393,52.3407712243719,2.23,0.8
10300,6.55582291493551,52.3407782498875,2.34,0.839
10301,6.5558312466371,52.340785275403,1.834,0.658
10302,6.55583957833869,52.3407923009185,2.005,0.719
10303,6.55584791004027,52.340799326434,2.156,0.773
10304,6.55585624174186,52.3408063519495,2.008,0.72
10305,6.55586457344344,52.340813377465,2.245,0.805
10306,6.55587290514503,52.3408204029805,1.89,0.678
10307,6.55588123684662,52.340827428496,2.129,0.763
10308,6.5558895685482,52.3408344540115,2.08,0.746
10309,6.55589790024979,52.340841479527,2.111,0.757
10310,6.55590623195137,52.3408485050426,2.225,0.798
10311,6.55591456365296,52.3408555305581,2.146,0.77
10312,6.55592289535455,52.3408625560736,2.218,0.795
10313,6.55593122874677,52.3408695795824,1.964,0.704
10314,6.55593956338687,52.34087660161,2.036,0.73
10315,6.55594789802696,52.3408836236377,2.088,0.749
10316,6.55595623266706,52.3408906456654,1.864,0.668
10317,6.55596456730715,52.340897667693,2.231,0.8
10318,6.55597290194724,52.3409046897207,2.097,0.752
10319,6.55598123658734,52.3409117117484,2.203,0.79
10320,6.55598957122743,52.340918733776,1.932,0.693
10321,6.55599790586752,52.3409257558037,2.129,0.763
10322,6.55600624050762,52.3409327778313,1.862,0.668
10323,6.55601457514771,52.340939799859,1.979,0.71
10324,6.5560229097878,52.3409468218867,2.195,0.787
10325,6.5560312444279,52.3409538439143,2.329,0.835
10326,6.55603957906799,52.340960865942,2.232,0.8
10327,6.55604791370808,52.3409678879697,2.071,0.743
10328,6.55605624834818,52.3409749099973,2.009,0.72
10329,6.55606458298827,52.340981932025,2.064,0.74
10330,6.55607291762836,52.3409889540527,2.385,0.855
10331,6.55608125109355,52.3409959774749,2.208,0.792
10332,6.55608958416291,52.3410030013669,2.337,0.838
10333,6.55609791723227,52.3410100252589,2.082,0.747
10334,6.55610625030163,52.341017049151,2.032,0.729
10335,6.556114583371,52.341024073043,2.248,0.806
10336,6.55612291644036,52.341031096935,2.098,0.752
10337,6.55613124950972,52.3410381208271,2.203,0.79
10338,6.55613958257908,52.3410451447191,2.238,0.803
10339,6.55614791564844,52.3410521686112,2.13,0.764
10340,6.55615624871781,52.3410591925032,2.132,0.765
10341,6.55616458178717,52.3410662163952,2.32,0.832
10342,6.55617291485653,52.3410732402873,2.254,0.808
10343,6.55618124792589,52.3410802641793,2.13,0.764
10344,6.55618958099526,52.3410872880713,2.19,0.785
10345,6.55619791406462,52.3410943119634,2.155,0.773
10346,6.55620624713398,52.3411013358554,2.072,0.743
10347,6.55621458020334,52.3411083597474,2.048,0.734
10348,6.5562229132727,52.3411153836395,2.171,0.778
10349,6.55623124552949,52.341122408496,2.054,0.737
10350,6.55623957754806,52.3411294336352,2.033,0.729
10351,6.55624790956663,52.3411364587745,2.058,0.738
10352,6.5562562415852,52.3411434839138,1.999,0.717
10353,6.55626457360377,52.3411505090531,2.048,0.734
10354,6.55627290562234,52.3411575341923,2.338,0.838
10355,6.55628123764091,52.3411645593316,1.884,0.676
10356,6.55628956965948,52.3411715844709,2.22,0.796
10357,6.55629790167804,52.3411786096101,2.04,0.731
10358,6.55630623369661,52.3411856347494,2.078,0.745
10359,6.55631456571518,52.3411926598887,2.138,0.767
10360,6.55632289773375,52.3411996850279,2.223,0.797
10361,6.55633122975232,52.3412067101672,2.057,0.737
10362,6.55633956177089,52.3412137353065,2.069,0.742
10363,6.55634789378946,52.3412207604457,2.073,0.743
10364,6.55635622580803,52.341227785585,2.126,0.762
10365,6.5563645578266,52.3412348107243,2.003,0.718
10366,6.55637288984516,52.3412418358635,2.097,0.752
10367,6.55638122186373,52.3412488610028,1.984,0.711
10368,6.5563895538823,52.3412558861421,2.116,0.759
10369,6.55639788590087,52.3412629112813,2.025,0.726
10370,6.55640621791944,52.3412699364206,1.897,0.68
10371,6.55641454993801,52.3412769615599,2.095,0.751
10372,6.55642288195658,52.3412839866991,2.162,0.775
10373,6.55643121397515,52.3412910118384,2.056,0.737
10374,6.55643954599372,52.3412980369777,2.236,0.802
10375,6.55644787801228,52.341305062117,2.096,0.752
10376,6.55645621003085,52.3413120872562,2.313,0.829
10377,6.55646454316628,52.3413191110698,1.991,0.714
10378,6.55647288065504,52.3413261297163,1.942,0.696
10379,6.5564812181438,52.3413331483627,2.36,0.846
10380,6.55648955563257,52.3413401670092,2.234,0.801
10381,6.55649789312133,52.3413471856556,2.005,0.719
10382,6.55650623061009,52.3413542043021,2.471,0.886
10383,6.55651456809886,52.3413612229485,2.12,0.76
10384,6.55652290558762,52.341368241595,2.148,0.77
10385,6.55653124307638,52.3413752602414,2.185,0.783
10386,6.55653958056515,52.3413822788879,2.314,0.83
10387,6.55654791805391,52.3413892975343,2.168,0.777
10388,6.55655625554267,52.3413963161808,2.26,0.81
10389,6.55656459303143,52.3414033348272,2.208,0.792
10390,6.55657283982661,52.341410461122,2.149,0.771
10391,6.55658105604248,52.3414176237126,2.341,0.839
10392,6.55658927225835,52.3414247863033,2.102,0.754
10393,6.55659748847422,52.341431948894,2.137,0.766
10394,6.55660583104481,52.3414389615086,2.122,0.761
10395,6.55661417365782,52.3414459740728,2.266,0.812
10396,6.55662251627083,52.3414529866371,2.241,0.803
10397,6.55663085888384,52.3414599992014,2.23,0.8
10398,6.55663920149685,52.3414670117656,2.227,0.799
10399,6.55664754410986,52.3414740243299,2.167,0.777
10400,6.55665588672287,52.3414810368941,2.111,0.757
10401,6.55666422933588,52.3414880494584,2.08,0.746
10402,6.55667257194889,52.3414950620226,2.293,0.822
10403,6.5566809145619,52.3415020745869,2.046,0.734
10404,6.55668925717491,52.3415090871511,2.142,0.768
10405,6.55669759978792,52.3415160997154,2.232,0.8
10406,6.55670594240093,52.3415231122796,2.265,0.812
10407,6.55671428501394,52.3415301248439,1.96,0.703
10408,6.55672262762694,52.3415371374081,1.982,0.711
10409,6.55673097023995,52.3415441499724,1.945,0.697
10410,6.55673931285296,52.3415511625366,2.229,0.799
10411,6.55674765546597,52.3415581751009,2.276,0.816
10412,6.55675599807898,52.3415651876651,1.981,0.71
10413,6.55676434069199,52.3415722002294,2.184,0.783
10414,6.556772683305,52.3415792127936,2.184,0.783
10415,6.55678102591801,52.3415862253579,2.324,0.833
10416,6.55678936853102,52.3415932379221,1.962,0.703
10417,6.55679771114403,52.3416002504864,2.098,0.752
10418,6.55680605375704,52.3416072630507,1.923,0.69
10419,6.55681439637005,52.3416142756149,2.307,0.827
10420,6.55682273898306,52.3416212881792,1.969,0.706
10421,6.55683108159607,52.3416283007434,2.214,0.794
10422,6.55683942420908,52.3416353133077,2.206,0.791
10423,6.55684776682209,52.3416423258719,1.687,0.605
10424,6.5568561094351,52.3416493384362,2.211,0.793
10425,6.55686445204811,52.3416563510004,2.019,0.724
10426,6.55687279466111,52.3416633635647,1.982,0.711
10427,6.55688113727412,52.3416703761289,2.162,0.775
10428,6.55688947988713,52.3416773886932,2.072,0.743
10429,6.55689782250014,52.3416844012574,2.347,0.841
10430,6.55690938175349,52.3416875958473,2.059,0.738
10431,6.55692345205497,52.3416878099617,2.159,0.774
10432,6.55694548273838,52.3416785755424,1.903,0.682
10433,6.5569675134218,52.3416693411231,2.08,0.746
10434,6.55698954410521,52.3416601067038,2.239,0.803
10435,6.55701157478862,52.3416508722846,2.307,0.827
10436,6.55703360547204,52.3416416378653,2.202,0.79
10437,6.5570512446978,52.3416376158637,2.009,0.721
10438,6.55706185340824,52.3416419386955,2.181,0.782
10439,6.55707107451796,52.3416479085327,2.264,0.812
10440,6.55708029562768,52.3416538783698,2.098,0.752
10441,6.5570895167374,52.341659848207,2.03,0.728
10442,6.55709873784712,52.3416658180442,2.101,0.753
10443,6.55710783013082,52.3416721038141,1.983,0.711
10444,6.5571165596136,52.3416792793164,2.025,0.726
10445,6.55712528909638,52.3416864548187,2.282,0.818
10446,6.55713401857916,52.341693630321,2.152,0.772
10447,6.55714274806194,52.3417008058233,2.181,0.782
10448,6.55715147754472,52.3417079813255,2.118,0.759
10449,6.5571602070275,52.3417151568278,2.217,0.795
10450,6.55716893651028,52.3417223323301,2.13,0.764
10451,6.55717766599306,52.3417295078324,2.063,0.74
10452,6.55718639547584,52.3417366833347,1.969,0.706
10453,6.55719512495862,52.341743858837,1.922,0.689
10454,6.55720385444141,52.3417510343393,1.927,0.691
10455,6.55721258392419,52.3417582098416,2.168,0.778
10456,6.55722131340697,52.3417653853439,1.817,0.651
10457,6.55723004288975,52.3417725608462,2.071,0.742
10458,6.55723877237253,52.3417797363485,2.188,0.784
10459,6.55724750185531,52.3417869118508,1.955,0.701
10460,6.55725623133809,52.341794087353,2.152,0.772
10461,6.55726496082087,52.3418012628553,2.138,0.766
10462,6.55727369030365,52.3418084383576,2.388,0.856
10463,6.55728241978643,52.3418156138599,2.138,0.766
10464,6.55729114926921,52.3418227893622,1.944,0.697
10465,6.55729987875199,52.3418299648645,2.121,0.761
10466,6.55730860823477,52.3418371403668,2.039,0.731
10467,6.55731733771755,52.3418443158691,1.932,0.693
10468,6.55732606720033,52.3418514913714,2.014,0.722
10469,6.55733479668311,52.3418586668737,2.0,0.717
10470,6.55734352616589,52.341865842376,2.149,0.771
10471,6.55735225564867,52.3418730178783,2.006,0.719
10472,6.55736098513145,52.3418801933806,2.078,0.745
10473,6.55736971461423,52.3418873688828,2.212,0.793
10474,6.55737844409701,52.3418945443851,2.102,0.754
10475,6.55738717357979,52.3419017198874,2.006,0.719
10476,6.55739590306257,52.3419088953897,2.069,0.742
10477,6.55740463254535,52.341916070892,2.19,0.785
10478,6.55741336202813,52.3419232463943,2.029,0.727
10479,6.55742209151091,52.3419304218966,2.278,0.817
10480,6.55743082099369,52.3419375973989,2.096,0.751
10481,6.55743955047647,52.3419447729012,2.13,0.764
10482,6.5573533314127,52.3420689070336,1.996,0.716
10483,6.5573620525169,52.3420764234134,2.049,0.735
10484,6.5573707736211,52.3420839397933,2.168,0.777
10485,6.5573794947253,52.3420914561732,2.298,0.824
10486,6.55741025137745,52.3420718839644,2.149,0.771
10487,6.55744105429535,52.3420522548805,2.268,0.813
10488,6.55748477061823,52.3420167511781,2.002,0.718
10489,6.55748623006482,52.3420331944091,1.943,0.697
10490,6.55745234067114,52.3420930924341,1.877,0.673
10491,6.55743160729551,52.3421368175931,2.233,0.801
10492,6.55744024730447,52.3421444336644,2.194,0.787
10493,6.55744888731342,52.3421520497358,1.813,0.65
10494,6.55745765665046,52.3421595068224,1.981,0.71
10495,6.55746649374221,52.3421668806172,1.873,0.671
10496,6.55747533083397,52.3421742544121,2.264,0.812
10497,6.55748416792572,52.3421816282069,2.308,0.827
10498,6.55749300501747,52.3421890020018,2.125,0.762
10499,6.55750184210923,52.3421963757967,2.273,0.815
10500,6.55751067920098,52.3422037495915,1.907,0.684
10501,6.55751951629273,52.3422111233864,2.126,0.762
10502,6.55752835338449,52.3422184971812,2.008,0.72
10503,6.55753719047624,52.3422258709761,2.197,0.788
10504,6.55754602756799,52.3422332447709,2.155,0.773
10505,6.55755486465975,52.3422406185658,2.103,0.754
10506,6.5575637017515,52.3422479923607,1.944,0.697
10507,6.55757253884325,52.3422553661555,2.112,0.757
10508,6.55758137593501,52.3422627399504,2.05,0.735
10509,6.55759021302676,52.3422701137452,1.98,0.71
10510,6.55759905011851,52.3422774875401,1.992,0.714
10511,6.55760788721027,52.3422848613349,2.07,0.742
10512,6.55761672430202,52.3422922351298,1.999,0.717
10513,6.55762556139377,52.3422996089246,2.027,0.727
10514,6.55763439848553,52.3423069827195,1.945,0.697
10515,6.55764323557728,52.3423143565144,2.029,0.727
10516,6.55765207266903,52.3423217303092,2.084,0.747
10517,6.55766090976079,52.3423291041041,2.091,0.75
10518,6.55766974685254,52.3423364778989,2.167,0.777
10519,6.55767858394429,52.3423438516938,2.006,0.719
10520,6.55768742103605,52.3423512254886,1.947,0.698
10521,6.5576962581278,52.3423585992835,1.977,0.709
10522,6.55770509521955,52.3423659730784,2.142,0.768
10523,6.55771393231131,52.3423733468732,1.934,0.694
10524,6.55772276940306,52.3423807206681,1.958,0.702
10525,6.55773158741994,52.3423881179119,2.01,0.721
10526,6.55774036875949,52.3423955602437,2.317,0.831
10527,6.55774915009905,52.3424030025755,2.376,0.852
10528,6.5577579314386,52.3424104449072,1.998,0.716
10529,6.55776671277815,52.342417887239,1.895,0.679
10530,6.55777549411771,52.3424253295708,2.022,0.725
10531,6.55778427545726,52.3424327719025,2.124,0.762
10532,6.55779305679681,52.3424402142343,1.803,0.646
10533,6.55780183813637,52.3424476565661,2.008,0.72
10534,6.55781061947592,52.3424550988978,1.726,0.619
10535,6.55781940081547,52.3424625412296,2.248,0.806
10536,6.55782818215503,52.3424699835614,2.069,0.742
10537,6.55783696349458,52.3424774258931,1.932,0.693
10538,6.55784574483414,52.3424848682249,1.923,0.69
10539,6.55785452617369,52.3424923105567,1.959,0.703
10540,6.55786330751324,52.3424997528885,2.093,0.751
10541,6.5578720888528,52.3425071952202,2.086,0.748
10542,6.55788087019235,52.342514637552,2.017,0.723
10543,6.5578896515319,52.3425220798838,2.171,0.778
10544,6.55789843287145,52.3425295222155,2.127,0.763
10545,6.55790721421101,52.3425369645473,1.897,0.68
10546,6.55791599555056,52.3425444068791,2.086,0.748
10547,6.55792477689011,52.3425518492108,2.266,0.812
10548,6.55793355822967,52.3425592915426,2.036,0.73
10549,6.55794233956922,52.3425667338744,1.978,0.709
10550,6.55795112090878,52.3425741762061,2.059,0.738
10551,6.55795990224833,52.3425816185379,1.842,0.661
10552,6.55796868358788,52.3425890608697,2.042,0.732
10553,6.55797746492744,52.3425965032014,2.186,0.784
10554,6.55798612638226,52.3426040929091,2.067,0.741
10555,6.55799474252755,52.3426117383163,2.154,0.772
10556,6.55800335867284,52.3426193837236,2.151,0.771
10557,6.55801197481813,52.3426270291308,1.921,0.689
10558,6.55802059096341,52.3426346745381,1.944,0.697
10559,6.55802935681667,52.3426421359074,1.96,0.703
10560,6.55803815081946,52.342649562672,2.134,0.765
10561,6.55804694482226,52.3426569894367,2.058,0.738
10562,6.55805573882505,52.3426644162014,2.052,0.736
10563,6.55806453282785,52.3426718429661,2.205,0.791
10564,6.55807332683065,52.3426792697308,2.019,0.724
10565,6.55808212083344,52.3426866964954,2.122,0.761
10566,6.55809091483624,52.3426941232601,2.184,0.783
10567,6.55809970883903,52.3427015500248,2.215,0.794
10568,6.55810850284183,52.3427089767895,2.174,0.779
10569,6.55811729684463,52.3427164035541,1.962,0.704
10570,6.55812609084742,52.3427238303188,1.88,0.674
10571,6.55813488485022,52.3427312570835,2.118,0.76
10572,6.55814367885301,52.3427386838482,2.061,0.739
10573,6.55815247285581,52.3427461106129,2.013,0.722
10574,6.5581612668586,52.3427535373775,2.056,0.737
10575,6.5581700608614,52.3427609641422,2.212,0.793
10576,6.5581788548642,52.3427683909069,2.01,0.721
10577,6.55818764886699,52.3427758176716,1.942,0.696
10578,6.55819644286979,52.3427832444363,2.092,0.75
10579,6.55820523687258,52.3427906712009,2.24,0.803
10580,6.55821403087538,52.3427980979656,2.264,0.812
10581,6.55822282487817,52.3428055247303,1.984,0.712
10582,6.55823161888097,52.342812951495,2.078,0.745
10583,6.55824041288377,52.3428203782596,2.208,0.792
10584,6.55824920688656,52.3428278050243,2.226,0.798
10585,6.55825800088936,52.342835231789,1.997,0.716
10586,6.55826679489215,52.3428426585537,1.933,0.693
10587,6.55827558889495,52.3428500853184,2.149,0.77
10588,6.55828438289774,52.342857512083,2.079,0.745
10589,6.55829317690054,52.3428649388477,2.089,0.749
10590,6.55830197090334,52.3428723656124,1.967,0.705
10591,6.55831076490613,52.3428797923771,2.064,0.74
10592,6.55831955890893,52.3428872191418,2.025,0.726
10593,6.55832826493254,52.3428947540604,2.015,0.723
10594,6.55833684923531,52.3429024386121,2.036,0.73
10595,6.55834543353807,52.3429101231638,1.884,0.675
10596,6.55835401784084,52.3429178077154,2.124,0.762
10597,6.5583626021436,52.3429254922671,2.037,0.73
10598,6.55837118644636,52.3429331768188,2.109,0.756
10599,6.55837977074913,52.3429408613705,2.134,0.765
10600,6.55838835505189,52.3429485459222,1.971,0.707
10601,6.55839693935466,52.3429562304739,1.869,0.67
10602,6.55840552365742,52.3429639150255,1.953,0.7
10603,6.55841453200246,52.3429710782965,2.158,0.774
10604,6.55842364044849,52.342978118512,2.106,0.755
10605,6.55843274889452,52.3429851587274,2.108,0.756
10606,6.55844185734055,52.3429921989429,1.845,0.662
10607,6.55845096578658,52.3429992391584,1.996,0.716
10608,6.55846007423262,52.3430062793739,2.084,0.747
10609,6.55846918267865,52.3430133195893,2.054,0.736
10610,6.55847829112468,52.3430203598048,2.302,0.825
10611,6.55848739957071,52.3430274000203,2.066,0.741
10612,6.55849650801674,52.3430344402358,2.231,0.8
10613,6.55850561646278,52.3430414804512,1.905,0.683
10614,6.55851472490881,52.3430485206667,2.045,0.733
10615,6.55852383335484,52.3430555608822,1.862,0.668
10616,6.55853294180087,52.3430626010977,2.159,0.774
10617,6.55854205024691,52.3430696413131,2.07,0.742
10618,6.55855115869294,52.3430766815286,2.096,0.751
10619,6.55856026713897,52.3430837217441,2.075,0.744
10620,6.558569375585,52.3430907619596,2.225,0.798
10621,6.55857848403103,52.343097802175,2.186,0.784
10622,6.55858760290389,52.3431048295727,1.915,0.686
10623,6.55859672607683,52.3431118516842,2.079,0.746
10624,6.55860582655184,52.3431189016985,2.05,0.735
10625,6.55861417040596,52.3431268818369,2.195,0.787
10626,6.55862251426008,52.3431348619753,2.12,0.76
10627,6.55863085811421,52.3431428421136,2.108,0.756
10628,6.55863920196833,52.343150822252,2.279,0.817
10629,6.5586475737409,52.3431587680698,2.151,0.771
10630,6.55865605085463,52.3431665843904,2.029,0.727
10631,6.55866452796837,52.343174400711,2.254,0.808
10632,6.5586730050821,52.3431822170315,2.039,0.731
10633,6.55868148219583,52.3431900333521,2.094,0.751
10634,6.55868995930957,52.3431978496727,2.188,0.784
10635,6.55869858695958,52.343205480937,2.047,0.734
10636,6.55870738031405,52.3432129084987,2.079,0.745
10637,6.55871617366852,52.3432203360603,2.041,0.732
10638,6.55872496702299,52.343227763622,1.932,0.693
10639,6.55873376037745,52.3432351911837,2.03,0.728
10640,6.55874255373192,52.3432426187454,1.958,0.702
10641,6.55875134708638,52.3432500463071,2.284,0.819
10642,6.55876014044085,52.3432574738687,2.215,0.794
10643,6.55876893379532,52.3432649014304,2.242,0.804
10644,6.55877772714978,52.3432723289921,1.933,0.693
10645,6.55878652050425,52.3432797565538,1.942,0.696
10646,6.55879531385872,52.3432871841154,2.139,0.767
10647,6.55880410721318,52.3432946116771,2.101,0.753
10648,6.55881290056765,52.3433020392388,2.213,0.794
10649,6.55882169392212,52.3433094668005,2.14,0.767
10650,6.55883048727658,52.3433168943622,2.007,0.72
10651,6.55883928063105,52.3433243219238,2.112,0.757
10652,6.55884807398552,52.3433317494855,2.235,0.801
10653,6.55885686733998,52.3433391770472,2.329,0.835
10654,6.55886566069445,52.3433466046089,2.089,0.749
10655,6.55887445404892,52.3433540321705,1.978,0.709
10656,6.55888324740338,52.3433614597322,2.034,0.729
10657,6.55889204075785,52.3433688872939,2.145,0.769
10658,6.55890083411232,52.3433763148556,2.115,0.758
10659,6.55890962746678,52.3433837424173,2.168,0.777
10660,6.55891842082125,52.3433911699789,2.282,0.818
10661,6.55892721417572,52.3433985975406,2.183,0.783
10662,6.55893600753018,52.3434060251023,2.054,0.736
10663,6.55894480088465,52.343413452664,1.94,0.696
10664,6.55895359423911,52.3434208802257,2.108,0.756
10665,6.55896238759358,52.3434283077873,2.066,0.741
10666,6.55897118094805,52.343435735349,2.238,0.802
10667,6.55897997430252,52.3434431629107,1.988,0.713
10668,6.55898876765698,52.3434505904724,1.919,0.688
10669,6.55899756101145,52.343458018034,1.955,0.701
10670,6.55900635436591,52.3434654455957,1.918,0.688
10671,6.55901514772038,52.3434728731574,2.068,0.742
10672,6.55902394225503,52.3434802992683,2.065,0.741
10673,6.55903274659242,52.3434877133285,1.973,0.707
10674,6.5590415509298,52.3434951273887,2.04,0.731
10675,6.55905035526719,52.343502541449,2.223,0.797
10676,6.55905915960457,52.3435099555092,1.847,0.662
10677,6.55906796394196,52.3435173695694,2.341,0.839
10678,6.55907676827934,52.3435247836297,2.031,0.728
10679,6.55908557261673,52.3435321976899,2.209,0.792
10680,6.55909437695411,52.3435396117501,2.285,0.819
10681,6.5591031812915,52.3435470258104,2.133,0.765
10682,6.55911198562888,52.3435544398706,2.295,0.823
10683,6.55912078996626,52.3435618539308,2.099,0.753
10684,6.55912959430365,52.343569267991,2.325,0.834
10685,6.55913839864103,52.3435766820513,2.17,0.778
10686,6.55914722130881,52.3435840735777,1.808,0.648
10687,6.55915605234,52.3435914548229,2.044,0.733
10688,6.55916488337118,52.3435988360681,2.291,0.822
10689,6.55917371440236,52.3436062173133,2.0,0.717
10690,6.55918254543354,52.3436135985585,2.314,0.83
10691,6.55919137646472,52.3436209798037,1.952,0.7
10692,6.55920019837296,52.3436283722639,2.203,0.79
10693,6.55920896022665,52.3436358385498,2.279,0.817
10694,6.55921772208035,52.3436433048358,1.99,0.714
10695,6.55922648393404,52.3436507711218,2.241,0.803
10696,6.55923524578774,52.3436582374078,1.948,0.698
10697,6.55924400764143,52.3436657036938,2.256,0.809
10698,6.55925276949513,52.3436731699798,2.105,0.755
10699,6.55926153134882,52.3436806362658,2.221,0.796
10700,6.55927029320252,52.3436881025518,2.279,0.817
10701,6.55927902455682,52.3436956063311,2.098,0.752
10702,6.55928774332633,52.343703125581,2.028,0.727
10703,6.55929646209584,52.343710644831,2.027,0.727
10704,6.55930518086535,52.3437181640809,2.108,0.756
10705,6.55931389963485,52.3437256833309,2.249,0.807
10706,6.55932261840436,52.3437332025808,2.289,0.821
10707,6.55933133717387,52.3437407218308,2.295,0.823
10708,6.55934005594338,52.3437482410807,2.104,0.754
10709,6.55934877471289,52.3437557603306,2.249,0.807
10710,6.5593574934824,52.3437632795806,2.059,0.738
10711,6.55936621225191,52.3437707988305,2.172,0.779
10712,6.55937502097101,52.3437782075043,2.102,0.754
10713,6.55938385569952,52.3437855842043,2.215,0.794
10714,6.55939269042802,52.3437929609043,2.184,0.783
10715,6.55940152515653,52.3438003376043,2.104,0.754
10716,6.55941035988504,52.3438077143044,2.217,0.795
10717,6.55941919461355,52.3438150910044,2.394,0.858
10718,6.55942802934206,52.3438224677044,2.144,0.769
10719,6.55943686407057,52.3438298444044,2.111,0.757
10720,6.55944569879907,52.3438372211045,2.244,0.805
10721,6.55945453352758,52.3438445978045,2.348,0.842
10722,6.55946336825609,52.3438519745045,1.898,0.68
10723,6.5594722029846,52.3438593512045,2.131,0.764
10724,6.55948103771311,52.3438667279046,1.961,0.703
10725,6.55948987244162,52.3438741046046,1.887,0.677
10726,6.55949870717012,52.3438814813046,2.026,0.726
10727,6.55950754189863,52.3438888580046,2.132,0.764
10728,6.55951637662714,52.3438962347047,2.326,0.834
10729,6.55952521135565,52.3439036114047,2.291,0.821
10730,6.55953404608416,52.3439109881047,2.073,0.743
10731,6.55954288081267,52.3439183648047,2.103,0.754
10732,6.55955171554118,52.3439257415048,2.031,0.728
10733,6.55956055026968,52.3439331182048,1.963,0.704
10734,6.55956938499819,52.3439404949048,2.041,0.732
10735,6.5595782197267,52.3439478716048,2.178,0.781
10736,6.55958705445521,52.3439552483049,1.898,0.681
10737,6.55959588918372,52.3439626250049,2.09,0.749
10738,6.55960472391223,52.3439700017049,1.978,0.709
10739,6.55961355864073,52.3439773784049,2.103,0.754
10740,6.55962221839053,52.3439849702086,2.348,0.842
10741,6.55963070330901,52.3439927769347,2.166,0.776
10742,6.55963918822749,52.3440005836608,2.107,0.755
10743,6.55964767314597,52.3440083903869,2.103,0.754
10744,6.55965615806445,52.344016197113,2.377,0.852
10745,6.55966464298293,52.344024003839,2.382,0.854
10746,6.55967332981127,52.3440315623547,2.148,0.77
10747,6.55968212162572,52.3440389918095,2.296,0.823
10748,6.55969091344017,52.3440464212644,2.06,0.739
10749,6.55969970525462,52.3440538507192,2.263,0.811
10750,6.55970849706908,52.344061280174,2.192,0.786
10751,6.55971728888353,52.3440687096289,2.053,0.736
10752,6.55972608069798,52.3440761390837,2.132,0.764
10753,6.55973487251243,52.3440835685386,2.179,0.781
10754,6.55974366432689,52.3440909979934,2.15,0.771
10755,6.55975248609305,52.3440983906282,2.129,0.763
10756,6.55976148861281,52.3441055610602,2.318,0.831
10757,6.55977049113257,52.3441127314923,2.308,0.827
10758,6.55977949365233,52.3441199019243,2.334,0.837
10759,6.5597884961721,52.3441270723563,2.26,0.81
10760,6.55979749869186,52.3441342427884,2.115,0.758
10761,6.55980650121162,52.3441414132204,2.352,0.843
10762,6.55981550373138,52.3441485836524,2.25,0.807
10763,6.55982450625114,52.3441557540845,2.183,0.783
10764,6.5598335087709,52.3441629245165,2.225,0.798
10765,6.55984251129067,52.3441700949485,2.298,0.824
10766,6.55985151381043,52.3441772653805,2.064,0.74
10767,6.55986051633019,52.3441844358126,2.12,0.76
10768,6.55986951884995,52.3441916062446,2.254,0.808
10769,6.55987852136971,52.3441987766766,2.061,0.739
10770,6.55988752388947,52.3442059471087,2.147,0.77
10771,6.55989652640924,52.3442131175407,2.304,0.826
10772,6.559905528929,52.3442202879727,2.077,0.745
10773,6.55991453144876,52.3442274584048,2.11,0.756
10774,6.55992353396852,52.3442346288368,2.129,0.763
10775,6.5599326152038,52.3442417025028,2.183,0.783
10776,6.55994170963618,52.3442487599455,2.457,0.881
10777,6.55995080406857,52.3442558173881,2.164,0.776
10778,6.55995942327085,52.3442634590373,2.313,0.829
10779,6.55996778040006,52.3442714228565,1.988,0.713
10780,6.55997613752926,52.3442793866756,2.148,0.77
10781,6.55998449465846,52.3442873504947,2.125,0.762
10782,6.55999285178767,52.3442953143138,1.911,0.685
10783,6.56000120891687,52.344303278133,2.072,0.743
10784,6.56000952436596,52.34431129319,2.441,0.875
10785,6.56001795823037,52.3443191626775,2.275,0.816
10786,6.56002667561374,52.3443266836315,2.207,0.791
10787,6.5600353929971,52.3443342045854,2.031,0.728
10788,6.56004411038046,52.3443417255394,2.186,0.784
10789,6.56005282776383,52.3443492464933,2.286,0.82
10790,6.56006154514719,52.3443567674473,2.195,0.787
10791,6.56007026253055,52.3443642884013,2.02,0.724
10792,6.56007897991391,52.3443718093552,2.409,0.864
10793,6.56008769729728,52.3443793303092,2.057,0.737
10794,6.56009641468064,52.3443868512631,2.147,0.77
10795,6.560105132064,52.3443943722171,2.106,0.755
10796,6.56011384944737,52.344401893171,2.421,0.868
10797,6.56012256683073,52.344409414125,2.105,0.755
10798,6.56013128421409,52.3444169350789,2.166,0.777
10799,6.56014002739552,52.344424424319,2.342,0.84
10800,6.56014881016036,52.3444318648986,2.411,0.865
10801,6.56015759292519,52.3444393054783,2.387,0.856
10802,6.56016637569002,52.3444467460579,2.035,0.73
10803,6.56017515845485,52.3444541866376,2.036,0.73
10804,6.56018394121969,52.3444616272173,2.206,0.791
10805,6.56019272398452,52.3444690677969,2.232,0.8
10806,6.56020146338705,52.3444765616824,2.305,0.826
10807,6.56021016721647,52.3444840992984,2.419,0.867
10808,6.5602188710459,52.3444916369144,2.357,0.845
10809,6.56022757487533,52.3444991745304,2.172,0.779
10810,6.56023627870476,52.3445067121463,2.033,0.729
10811,6.56024498253419,52.3445142497623,2.127,0.763
10812,6.56025371935632,52.34452174682,2.394,0.858
10813,6.56026249227799,52.3445291994999,2.061,0.739
10814,6.56027126519965,52.3445366521799,2.129,0.763
10815,6.56028003812132,52.3445441048599,2.133,0.765
10816,6.56028881104298,52.3445515575399,2.139,0.767
10817,6.56029758396465,52.3445590102199,2.084,0.747
10818,6.56030635688632,52.3445664628999,2.074,0.744
10819,6.56031512980798,52.3445739155799,2.367,0.849
10820,6.56032390499777,52.3445813654716,2.308,0.828
10821,6.56033271312898,52.3445887748681,2.215,0.794
10822,6.56034152126018,52.3445961842645,2.488,0.892
10823,6.56035032939139,52.3446035936609,2.135,0.765
10824,6.5603591375226,52.3446110030574,2.048,0.734
10825,6.5603679456538,52.3446184124538,2.149,0.77
10826,6.56037675378501,52.3446258218503,2.142,0.768
10827,6.56038556191622,52.3446332312467,2.436,0.873
10828,6.56039437004742,52.3446406406431,2.091,0.75
10829,6.56040317817863,52.3446480500396,2.312,0.829
10830,6.56041203663442,52.3446553975713,2.245,0.805
10831,6.56042093655148,52.3446626941342,2.089,0.749
10832,6.56042983646854,52.3446699906971,2.223,0.797
10833,6.5604387363856,52.34467728726,2.22,0.796
10834,6.56044763630266,52.3446845838228,2.079,0.745
10835,6.56045653621972,52.3446918803857,2.245,0.805
10836,6.56046543613679,52.3446991769486,2.238,0.802
10837,6.56047440319743,52.344706390971,2.11,0.756
10838,6.5604833956512,52.3447135737773,2.308,0.827
10839,6.56049238810497,52.3447207565836,2.171,0.778
10840,6.56050138055874,52.3447279393899,2.222,0.797
10841,6.5605103730125,52.3447351221962,2.264,0.812
10842,6.56051936546627,52.3447423050024,2.226,0.798
10843,6.56052835792004,52.3447494878087,2.23,0.799
10844,6.56053735037381,52.344756670615,2.296,0.823
10845,6.56054634282757,52.3447638534213,2.057,0.737
10846,6.56055533528134,52.3447710362276,2.242,0.804
10847,6.56056432773511,52.3447782190339,2.125,0.762
10848,6.56057332018888,52.3447854018402,2.011,0.721
10849,6.56058201854145,52.344792946189,1.93,0.692
10850,6.56059069294939,52.3448005199731,2.281,0.818
10851,6.56059936735734,52.3448080937573,2.183,0.783
10852,6.56060804176529,52.3448156675415,2.097,0.752
10853,6.56061671617324,52.3448232413257,2.154,0.772
10854,6.56062539058118,52.3448308151099,2.108,0.756
10855,6.56063406498913,52.3448383888941,2.256,0.809
10856,6.56064273939708,52.3448459626783,2.137,0.766
10857,6.56065141380503,52.3448535364625,2.083,0.747
10858,6.56066008821297,52.3448611102467,1.98,0.71
10859,6.56066876262092,52.3448686840309,2.065,0.74
10860,6.56067743702887,52.3448762578151,2.099,0.753
10861,6.56068611143681,52.3448838315993,2.185,0.784
10862,6.56069478584476,52.3448914053835,2.316,0.83
10863,6.56070346025271,52.3448989791677,2.083,0.747
10864,6.56071213466066,52.3449065529519,2.248,0.806
10865,6.5607208090686,52.3449141267361,2.209,0.792
10866,6.56072948347655,52.3449217005203,2.086,0.748
10867,6.56073823208578,52.3449291830879,1.889,0.677
10868,6.560746957598,52.3449366940489,2.299,0.824
10869,6.56075516037796,52.3449448476116,2.276,0.816
10870,6.56076336315791,52.3449530011743,2.017,0.723
10871,6.56077156593786,52.344961154737,1.933,0.693
10872,6.56078067904768,52.3449681892192,2.229,0.799
10873,6.56078989638509,52.3449750955731,2.275,0.816
10874,6.5607991137225,52.344982001927,2.09,0.749
10875,6.56080833105991,52.3449889082808,2.124,0.762
10876,6.56081754839732,52.3449958146347,2.102,0.754
10877,6.56082676573473,52.3450027209886,2.059,0.738
10878,6.56083598307215,52.3450096273425,2.013,0.722
10879,6.56084520040956,52.3450165336963,2.007,0.72
10880,6.56085431216077,52.3450235698487,2.083,0.747
10881,6.5608632495635,52.34503082033,2.014,0.722
10882,6.56087218696623,52.3450380708112,2.077,0.745
10883,6.56088112436895,52.3450453212925,2.111,0.757
10884,6.56089006177168,52.3450525717737,2.058,0.738
10885,6.56089899917441,52.345059822255,2.002,0.718
10886,6.56090793657714,52.3450670727362,2.246,0.805
10887,6.56091687397987,52.3450743232175,2.098,0.752
10888,6.5609258113826,52.3450815736987,1.997,0.716
10889,6.56093474878533,52.34508882418,2.514,0.901
10890,6.56094368618805,52.3450960746613,2.12,0.76
10891,6.56095262359078,52.3451033251425,2.179,0.781
10892,6.56096156099351,52.3451105756238,2.048,0.734
10893,6.56097049839624,52.345117826105,2.176,0.78
10894,6.56097943579897,52.3451250765863,1.916,0.687
10895,6.5609883732017,52.3451323270675,2.264,0.812
10896,6.56099731060443,52.3451395775488,2.317,0.831
10897,6.56100624800715,52.3451468280301,2.124,0.761
10898,6.56101518540988,52.3451540785113,2.34,0.839
10899,6.56102386353017,52.3451616477319,2.201,0.789
10900,6.56103193074222,52.34516996795,2.07,0.742
10901,6.56104075684282,52.3451773552564,2.11,0.757
10902,6.56104958294343,52.3451847425628,2.312,0.829
10903,6.56105840904403,52.3451921298692,2.135,0.766
10904,6.56106723514463,52.3451995171757,2.349,0.842
10905,6.56107606124524,52.3452069044821,1.966,0.705
10906,6.56108488734584,52.3452142917885,2.054,0.736
10907,6.56109371344644,52.3452216790949,2.329,0.835
10908,6.56110253954704,52.3452290664014,2.047,0.734
10909,6.56111136564765,52.3452364537078,2.304,0.826
10910,6.56112019174825,52.3452438410142,2.046,0.734
10911,6.56112901784885,52.3452512283206,2.162,0.775
10912,6.56113784394946,52.345258615627,2.276,0.816
10913,6.56114667005006,52.3452660029335,2.123,0.761
10914,6.56115549615066,52.3452733902399,2.065,0.74
10915,6.56116432225127,52.3452807775463,2.076,0.744
10916,6.56117314835187,52.3452881648527,2.109,0.756
10917,6.56118197445247,52.3452955521592,2.251,0.807
10918,6.56119080055307,52.3453029394656,2.352,0.843
10919,6.56119962665368,52.345310326772,2.277,0.816
10920,6.56120845275428,52.3453177140784,2.123,0.761
10921,6.56121727885488,52.3453251013848,2.062,0.739
10922,6.56122610495549,52.3453324886913,2.044,0.733
10923,6.56123484152042,52.3453399860651,2.045,0.733
10924,6.56124338297958,52.3453477232849,2.07,0.742
10925,6.56125192443875,52.3453554605048,2.221,0.796
10926,6.56126046589791,52.3453631977247,2.026,0.726
10927,6.56126900735707,52.3453709349446,1.922,0.689
10928,6.56127754881624,52.3453786721645,2.176,0.78
10929,6.5612860902754,52.3453864093844,2.103,0.754
10930,6.56129487435066,52.3453938483531,2.136,0.766
10931,6.5613040285669,52.3454008323027,2.097,0.752
10932,6.56131318278314,52.3454078162522,2.316,0.83
10933,6.56132233699938,52.3454148002018,1.977,0.709
10934,6.56133026853362,52.3454232872104,2.244,0.804
10935,6.56133709086661,52.3454331377747,2.382,0.854
10936,6.56134779680215,52.3454382141753,2.308,0.827
10937,6.56135850273768,52.3454432905759,1.933,0.693
10938,6.56136732172573,52.3454506866259,2.099,0.753
10939,6.56137610886931,52.3454581218227,2.02,0.724
10940,6.56138489601289,52.3454655570195,2.03,0.728
10941,6.56139368315647,52.3454729922163,2.162,0.775
10942,6.56140247030005,52.3454804274131,2.128,0.763
10943,6.56141125744362,52.3454878626099,2.041,0.732
10944,6.5614200445872,52.3454952978067,2.177,0.78
10945,6.56142883525282,52.3455027286738,2.139,0.767
10946,6.56143762840661,52.3455101564822,2.199,0.789
10947,6.56144642156039,52.3455175842906,2.048,0.734
10948,6.56145521471417,52.345525012099,2.192,0.786
10949,6.56146378903065,52.3455327089269,2.027,0.727
10950,6.5614721175875,52.3455407078704,2.102,0.754
10951,6.56148044614436,52.3455487068139,2.046,0.734
10952,6.56148877470122,52.3455567057574,2.317,0.831
10953,6.56149710325808,52.3455647047009,1.926,0.691
10954,6.56150543181494,52.3455727036444,1.892,0.679
10955,6.5615137603718,52.3455807025879,2.066,0.741
10956,6.56152221569984,52.3455885456899,2.296,0.823
10957,6.56153080699545,52.3455962216452,1.923,0.689
10958,6.56153939829106,52.3456038976004,2.098,0.752
10959,6.56154798958666,52.3456115735557,2.265,0.812
10960,6.56155658088227,52.345619249511,1.94,0.696
10961,6.56156517217788,52.3456269254663,2.103,0.754
10962,6.56157376347349,52.3456346014216,1.933,0.693
10963,6.56158235476909,52.3456422773769,1.936,0.694
10964,6.5615909460647,52.3456499533322,1.953,0.7
10965,6.56159953736031,52.3456576292875,2.142,0.768
10966,6.56160812865592,52.3456653052428,2.073,0.743
10967,6.56161671995153,52.345672981198,2.099,0.752
10968,6.56162531124713,52.3456806571533,2.03,0.728
10969,6.56163390254274,52.3456883331086,1.964,0.704
10970,6.56164264469544,52.3456958236133,2.168,0.777
10971,6.56165151466538,52.3457031569906,2.003,0.718
10972,6.56166038463532,52.3457104903678,2.077,0.745
10973,6.56166925460525,52.3457178237451,2.027,0.727
10974,6.56167812457519,52.3457251571224,1.977,0.709
10975,6.56168699454513,52.3457324904997,2.085,0.748
10976,6.56169586451507,52.3457398238769,2.057,0.738
10977,6.56170473448501,52.3457471572542,2.169,0.778
10978,6.56171360445495,52.3457544906315,2.055,0.737
10979,6.56172247442488,52.3457618240087,1.958,0.702
10980,6.56173134439482,52.345769157386,2.031,0.728
10981,6.56174021436476,52.3457764907633,2.131,0.764
10982,6.5617490843347,52.3457838241406,1.842,0.66
10983,6.56175793099474,52.345791186173,2.193,0.786
10984,6.56176673405476,52.3457986018035,1.948,0.698
10985,6.56177553711478,52.345806017434,2.144,0.769
10986,6.5617843401748,52.3458134330645,2.0,0.717
10987,6.56179314323482,52.3458208486951,2.142,0.768
10988,6.56180194629484,52.3458282643256,2.205,0.791
10989,6.56181074935486,52.3458356799561,1.905,0.683
10990,6.56181955241488,52.3458430955866,1.956,0.701
10991,6.56182834413818,52.3458505251535,2.172,0.779
10992,6.56183712763304,52.3458579648357,2.024,0.726
10993,6.5618459111279,52.3458654045179,1.914,0.686
10994,6.56185469462277,52.3458728442001,2.172,0.779
10995,6.56186347811763,52.3458802838824,2.145,0.769
10996,6.56187226161249,52.3458877235646,1.832,0.657
10997,6.56188104510735,52.3458951632468,2.198,0.788
10998,6.56188982860221,52.345902602929,1.965,0.705
10999,6.56189861209707,52.3459100426112,2.1,0.753
11000,6.5619074141551,52.3459174594735,2.148,0.77
11001,6.56191625192119,52.3459248324394,2.17,0.778
11002,6.56192508968728,52.3459322054053,2.12,0.76
11003,6.56193409444816,52.3459393730823,2.059,0.738
11004,6.56194376335724,52.3459457243132,1.925,0.69
11005,6.56195417910544,52.3459511574449,2.064,0.74
11006,6.56196459485364,52.3459565905767,1.881,0.674
11007,6.56197501060184,52.3459620237084,1.97,0.707
11008,6.56198420515884,52.3459689580665,2.174,0.779
11009,6.56199305992716,52.3459763101313,2.172,0.779
11010,6.56200191469548,52.3459836621962,2.1,0.753
11011,6.56201076946379,52.345991014261,1.975,0.708
11012,6.56201962423211,52.3459983663258,1.979,0.71
11013,6.56202847900043,52.3460057183906,1.896,0.68
11014,6.56203733376874,52.3460130704555,2.05,0.735
11015,6.56204618853706,52.3460204225203,2.116,0.759
11016,6.56205504330538,52.3460277745851,1.871,0.671
11017,6.56206389807369,52.3460351266499,2.043,0.733
11018,6.5620727723337,52.3460424547534,1.941,0.696
11019,6.56208165569883,52.3460497716638,2.188,0.784
11020,6.56209053906396,52.3460570885741,1.982,0.711
11021,6.56209941654903,52.346064412713,2.064,0.74
11022,6.56210826811079,52.3460717687197,1.864,0.668
11023,6.56211711967255,52.3460791247264,1.966,0.705
11024,6.56212597123431,52.346086480733,1.945,0.697
11025,6.56213482279607,52.3460938367397,1.874,0.672
11026,6.56214367435783,52.3461011927464,2.027,0.727
11027,6.56215252591958,52.3461085487531,2.046,0.734
11028,6.56216137748134,52.3461159047598,1.93,0.692
11029,6.56217023638854,52.3461232517366,1.772,0.635
11030,6.56217910250437,52.3461305898518,2.129,0.763
11031,6.56218796862021,52.346137927967,2.084,0.747
11032,6.56219683473604,52.3461452660822,1.768,0.634
11033,6.56220570085187,52.3461526041973,1.876,0.673
11034,6.56221445622263,52.3461600784529,1.919,0.688
11035,6.56222319470419,52.3461675734705,1.919,0.688
11036,6.56223193318576,52.3461750684882,1.987,0.712
11037,6.56224067166732,52.3461825635059,2.023,0.725
11038,6.56224941014888,52.3461900585235,1.846,0.662
11039,6.56225814863044,52.3461975535412,2.097,0.752
11040,6.562266887112,52.3462050485589,2.013,0.722
11041,6.5622755739245,52.346212607094,1.957,0.702
11042,6.56228424045934,52.3462201905567,2.109,0.756
11043,6.56229290699419,52.3462277740194,2.17,0.778
11044,6.56230159548101,52.3462353304962,2.036,0.73
11045,6.56231031844923,52.3462428445847,1.896,0.68
11046,6.56231904141745,52.3462503586731,2.103,0.754
11047,6.56232776438567,52.3462578727615,1.928,0.691
11048,6.5623364873539,52.3462653868499,1.806,0.647
11049,6.56234521032212,52.3462729009383,1.88,0.674
11050,6.56235393287084,52.3462804155424,1.912,0.686
11051,6.56236265315248,52.3462879329335,2.155,0.773
11052,6.56237137172026,52.3462954524314,1.974,0.708
11053,6.56238008705981,52.3463029758978,1.928,0.691
11054,6.56238880239937,52.3463104993643,2.001,0.718
11055,6.56239751773893,52.3463180228307,2.004,0.719
11056,6.56240622848933,52.3463255519386,1.971,0.707
11057,6.56241491134999,52.3463331153318,1.975,0.708
11058,6.56242359421065,52.346340678725,1.967,0.705
11059,6.5624322770713,52.3463482421182,2.015,0.722
11060,6.56244095993196,52.3463558055113,1.893,0.679
11061,6.56244964279262,52.3463633689045,2.064,0.74
11062,6.56245832565327,52.3463709322977,2.224,0.797
11063,6.56246700851393,52.3463784956908,2.013,0.722
11064,6.56247569137459,52.346386059084,2.045,0.733
11065,6.56248437423524,52.3463936224772,1.916,0.687
11066,6.5624930570959,52.3464011858703,1.982,0.711
11067,6.56250173995656,52.3464087492635,1.99,0.714
11068,6.56251042281722,52.3464163126567,2.028,0.727
11069,6.56251910567787,52.3464238760499,2.024,0.726
11070,6.56252775955419,52.3464314750739,1.855,0.665
11071,6.56253572011996,52.3464399263936,1.94,0.696
11072,6.56254368068573,52.3464483777134,1.903,0.682
11073,6.56255260447385,52.3464556449313,1.919,0.688
11074,6.56256238920106,52.3464618537854,1.778,0.637
11075,6.56257120937822,52.3464692483736,2.049,0.735
11076,6.56258002955538,52.3464766429618,1.786,0.64
11077,6.56258884973253,52.34648403755,1.968,0.706
11078,6.56259766990969,52.3464914321382,1.839,0.659
11079,6.56260649008685,52.3464988267264,1.647,0.591
11080,6.56261531026401,52.3465062213146,1.827,0.655
11081,6.56262413044116,52.3465136159027,1.955,0.701
11082,6.56263295061832,52.3465210104909,1.863,0.668
11083,6.5626417669116,52.3465284098536,2.006,0.719
11084,6.56265058237547,52.3465358102359,2.148,0.77
11085,6.56265939783934,52.3465432106182,1.873,0.671
11086,6.56266821330321,52.3465506110005,1.808,0.648
11087,6.56267702876708,52.3465580113828,1.981,0.71
11088,6.56268584423095,52.3465654117651,1.807,0.648
11089,6.56269465969483,52.3465728121474,1.932,0.693
11090,6.56270347449285,52.3465802133482,1.96,0.703
11091,6.5627122827783,52.3465876225551,1.839,0.659
11092,6.56272109106375,52.3465950317619,1.815,0.651
11093,6.5627298993492,52.3466024409687,1.699,0.609
11094,6.56273870763465,52.3466098501755,1.893,0.679
11095,6.5627475159201,52.3466172593824,2.044,0.733
11096,6.56275632420555,52.3466246685892,1.815,0.651
11097,6.562765132491,52.346632077796,1.932,0.693
11098,6.56277394077645,52.3466394870028,1.923,0.69
11099,6.5627827490619,52.3466468962096,2.023,0.726
11100,6.56279155734735,52.3466543054165,1.764,0.632
11101,6.5628003656328,52.3466617146233,1.838,0.659
11102,6.56280917391825,52.3466691238301,1.763,0.632
11103,6.5628179822037,52.3466765330369,1.815,0.651
11104,6.56282677838656,52.3466839571216,1.748,0.627
11105,6.5628355510396,52.3466914101319,2.017,0.723
11106,6.56284432369265,52.3466988631421,1.741,0.624
11107,6.56285309634569,52.3467063161523,1.832,0.657
11108,6.56286186899874,52.3467137691625,1.988,0.713
11109,6.56287064165178,52.3467212221727,1.846,0.662
11110,6.56287941430482,52.3467286751829,1.759,0.631
11111,6.56288818695787,52.3467361281931,1.746,0.626
11112,6.56289695961091,52.3467435812033,1.896,0.68
11113,6.56290573226396,52.3467510342135,1.677,0.601
11114,6.562914504917,52.3467584872237,1.755,0.629
11115,6.56292327757005,52.3467659402339,1.981,0.71
11116,6.56293205022309,52.3467733932441,1.954,0.7
11117,6.56294082287614,52.3467808462544,1.746,0.626
11118,6.56294959552918,52.3467882992646,1.93,0.692
11119,6.56295836818222,52.3467957522748,1.801,0.646
11120,6.56296714083527,52.346803205285,1.771,0.635
11121,6.5629759829729,52.3468105728769,1.803,0.647
11122,6.5629848280105,52.3468179369038,1.752,0.628
11123,6.5629936730481,52.3468253009307,1.768,0.634
11124,6.5630025180857,52.3468326649576,1.874,0.672
11125,6.5630113631233,52.3468400289846,1.836,0.658
11126,6.5630202081609,52.3468473930115,1.781,0.639
11127,6.5630290531985,52.3468547570384,2.031,0.728
11128,6.5630378982361,52.3468621210653,1.775,0.637
11129,6.56304674327369,52.3468694850923,1.744,0.625
11130,6.56305556455715,52.3468768783205,1.741,0.624
11131,6.56306437914692,52.3468842797773,1.695,0.608
11132,6.5630731937367,52.3468916812341,1.581,0.567
11133,6.56308200832647,52.346899082691,1.99,0.713
11134,6.56309082291625,52.3469064841478,2.023,0.725
11135,6.56309963750603,52.3469138856046,1.798,0.645
11136,6.5631084520958,52.3469212870615,1.727,0.619
11137,6.56311726307599,52.3469286929556,1.655,0.593
11138,6.56312581784911,52.3469364138085,1.799,0.645
11139,6.56313437262223,52.3469441346613,1.813,0.65
11140,6.56314292191539,52.3469518622508,2.026,0.726
11141,6.56315076652653,52.3469604561151,1.882,0.675
11142,6.56316249820825,52.3469642715525,1.928,0.691
11143,6.56317145338016,52.3469715001898,1.884,0.676
11144,6.56318023033488,52.3469789479119,1.645,0.59
11145,6.5631890072896,52.3469863956341,1.884,0.676
11146,6.56319778424432,52.3469938433562,1.694,0.607
11147,6.56320656119904,52.3470012910783,1.757,0.63
11148,6.56321533815376,52.3470087388004,1.717,0.616
11149,6.56322411510848,52.3470161865225,1.692,0.607
11150,6.56323289206319,52.3470236342446,1.803,0.647
11151,6.56324166901791,52.3470310819667,1.895,0.679
11152,6.56325044597263,52.3470385296888,1.701,0.61
11153,6.56325922292735,52.3470459774109,1.791,0.642
11154,6.56326799988207,52.347053425133,1.971,0.707
11155,6.56327677683679,52.3470608728551,1.82,0.653
11156,6.56328555379151,52.3470683205772,1.928,0.691
11157,6.56329433074623,52.3470757682993,1.689,0.606
11158,6.56330310770095,52.3470832160214,1.867,0.669
11159,6.56331188465567,52.3470906637435,1.652,0.592
11160,6.56332066161039,52.3470981114656,1.861,0.667
11161,6.56332943856511,52.3471055591877,1.769,0.634
11162,6.56333821551982,52.3471130069098,1.891,0.678
11163,6.56334699247454,52.3471204546319,1.633,0.585
11164,6.56335576942926,52.347127902354,1.889,0.677
11165,6.56336454638398,52.3471353500761,1.789,0.641
11166,6.5633733233387,52.3471427977982,1.957,0.702
11167,6.56338210029342,52.3471502455203,1.79,0.642
11168,6.56339087724814,52.3471576932424,1.853,0.664
11169,6.56339965420286,52.3471651409645,1.75,0.628
11170,6.56340843115758,52.3471725886866,1.699,0.609
11171,6.5634172081123,52.3471800364087,1.61,0.577
11172,6.56342598506702,52.3471874841308,2.03,0.728
11173,6.56343476202174,52.3471949318529,1.658,0.594
11174,6.56344353897645,52.347202379575,1.707,0.612
11175,6.56345231593117,52.3472098272971,1.622,0.582
11176,6.56346109288589,52.3472172750192,1.719,0.616
11177,6.56346986984061,52.3472247227414,1.786,0.64
11178,6.56347864679533,52.3472321704635,1.724,0.618
11179,6.56348742375005,52.3472396181856,1.744,0.626
11180,6.56349620070477,52.3472470659077,1.731,0.621
11181,6.56350497765949,52.3472545136298,1.776,0.637
11182,6.56351375461421,52.3472619613519,1.694,0.607
11183,6.56352253156893,52.347269409074,1.666,0.597
11184,6.56353130852365,52.3472768567961,1.751,0.628
11185,6.56354008547837,52.3472843045182,1.895,0.679
11186,6.56354886243308,52.3472917522403,1.768,0.634
11187,6.56355756521204,52.3472992911476,1.687,0.605
11188,6.56356625422522,52.3473068469774,1.874,0.672
11189,6.56357494323839,52.3473144028072,1.719,0.616
11190,6.56358363521105,52.3473219549989,1.858,0.666
11191,6.56359235687963,52.347329470685,1.573,0.564
11192,6.56360107854821,52.347336986371,1.669,0.598
11193,6.5636098002168,52.3473445020571,1.824,0.654
11194,6.56361852188538,52.3473520177432,1.846,0.662
11195,6.56362724355396,52.3473595334293,1.708,0.612
11196,6.56363596522255,52.3473670491153,1.782,0.639
11197,6.56364468689113,52.3473745648014,1.691,0.606
11198,6.56365340855972,52.3473820804875,1.963,0.704
11199,6.5636621302283,52.3473895961736,1.747,0.626
11200,6.56367085189688,52.3473971118596,1.712,0.614
11201,6.56367957356547,52.3474046275457,1.617,0.58
11202,6.56368828849057,52.3474121515217,1.756,0.629
11203,6.56369699865241,52.3474196813531,1.606,0.576
11204,6.56370570881426,52.3474272111846,1.862,0.668
11205,6.56371441897611,52.347434741016,1.571,0.563
11206,6.56372312913796,52.3474422708475,1.614,0.579
11207,6.56373183929981,52.3474498006789,1.722,0.617
11208,6.56374050437689,52.3474573859337,1.686,0.604
11209,6.56374892109525,52.3474652764991,1.716,0.615
11210,6.5637584952635,52.3474717441961,1.888,0.677
11211,6.56376828186797,52.3474779507425,1.709,0.613
11212,6.56377699724618,52.3474854741614,1.704,0.611
11213,6.56378571262439,52.3474929975803,1.853,0.664
11214,6.5637944280026,52.3475005209993,1.599,0.573
11215,6.56380314338081,52.3475080444182,1.771,0.635
11216,6.56381185875902,52.3475155678371,1.756,0.629
11217,6.56382057413723,52.347523091256,1.687,0.605
11218,6.56382928951544,52.3475306146749,1.767,0.634
11219,6.56383803497513,52.3475381011143,1.667,0.598
11220,6.56384678082284,52.3475455870766,1.814,0.65
11221,6.56385552667055,52.347553073039,1.586,0.569
11222,6.56386427251826,52.3475605590013,1.824,0.654
11223,6.56387301836597,52.3475680449637,1.494,0.536
11224,6.56388176421368,52.3475755309261,1.656,0.594
11225,6.56389051006139,52.3475830168884,1.751,0.628
11226,6.5638992559091,52.3475905028508,1.768,0.634
11227,6.56390800175681,52.3475979888131,1.608,0.577
11228,6.56391674760452,52.3476054747755,1.646,0.59
11229,6.56392549345223,52.3476129607379,1.709,0.613
11230,6.56393423929994,52.3476204467002,1.764,0.633
11231,6.56394298514765,52.3476279326626,1.602,0.574
11232,6.56395173099536,52.3476354186249,1.767,0.634
11233,6.56396047684307,52.3476429045873,1.692,0.607
11234,6.56396922269078,52.3476503905496,1.512,0.542
11235,6.56397796853849,52.347657876512,1.772,0.635
11236,6.5639867143862,52.3476653624744,1.635,0.586
11237,6.56399546023391,52.3476728484367,1.781,0.639
11238,6.56400420608162,52.3476803343991,1.765,0.633
11239,6.56401295192933,52.3476878203614,1.927,0.691
11240,6.56402169777704,52.3476953063238,1.444,0.518
11241,6.56403044362475,52.3477027922862,1.664,0.596
11242,6.56403918947246,52.3477102782485,1.67,0.599
11243,6.56404793532017,52.3477177642109,1.694,0.608
11244,6.56405668116788,52.3477252501732,1.768,0.634
11245,6.56406542701559,52.3477327361356,1.612,0.578
11246,6.56407416886183,52.347740227017,1.673,0.6
11247,6.56408290781838,52.3477477214508,1.664,0.597
11248,6.56409164677494,52.3477552158845,1.669,0.599
11249,6.5641003857315,52.3477627103182,1.803,0.647
11250,6.56410912468806,52.347770204752,1.683,0.604
11251,6.56411811778113,52.3477773867724,1.693,0.607
11252,6.56412709337836,52.3477845903006,1.557,0.558
11253,6.56413604051264,52.3477918288187,1.937,0.695
11254,6.56414498764691,52.3477990673369,1.573,0.564
11255,6.56415393478119,52.347806305855,1.582,0.567
11256,6.56416288191546,52.3478135443732,1.703,0.611
11257,6.56417182904974,52.3478207828913,1.614,0.579
11258,6.56418077618401,52.3478280214094,1.699,0.609
11259,6.56418972331829,52.3478352599276,1.621,0.581
11260,6.56419867045256,52.3478424984457,1.722,0.618
11261,6.56420761758684,52.3478497369639,1.528,0.548
11262,6.56421656472112,52.347856975482,1.702,0.61
11263,6.56422551185539,52.3478642140001,1.596,0.572
11264,6.56423445898967,52.3478714525183,1.851,0.664
11265,6.56424338903758,52.3478787120409,1.537,0.551
11266,6.56425221975841,52.3478860936676,1.816,0.651
11267,6.56426105047924,52.3478934752943,1.531,0.549
11268,6.56426988120007,52.347900856921,1.834,0.657
11269,6.5642787119209,52.3479082385478,1.677,0.601
11270,6.56428754264173,52.3479156201745,1.653,0.593
11271,6.56429637336256,52.3479230018012,1.601,0.574
11272,6.5643052040834,52.3479303834279,1.624,0.582
11273,6.56431403480423,52.3479377650546,1.56,0.559
11274,6.56432286552506,52.3479451466813,1.85,0.663
11275,6.56433169624589,52.347952528308,1.779,0.638
11276,6.56434052696672,52.3479599099348,1.621,0.581
11277,6.56434863833127,52.3479681758756,1.521,0.545
11278,6.56435678711384,52.347976395818,1.535,0.55
11279,6.56436721440537,52.3479818147594,1.729,0.62
11280,6.56437614394284,52.3479890749095,1.664,0.597
11281,6.5643848422114,52.3479966193615,1.623,0.582
11282,6.56439354047996,52.3480041638135,1.555,0.558
11283,6.56440223874852,52.3480117082656,1.63,0.585
11284,6.56441093701709,52.3480192527176,1.812,0.65
11285,6.56441963528565,52.3480267971696,1.692,0.607
11286,6.56442833355421,52.3480343416217,1.528,0.548
11287,6.56443703182277,52.3480418860737,1.884,0.676
11288,6.56444573009133,52.3480494305257,1.541,0.553
11289,6.56445442835989,52.3480569749778,1.537,0.551
11290,6.56446312662846,52.3480645194298,1.736,0.622
11291,6.56447182489702,52.3480720638818,1.581,0.567
11292,6.56448052316558,52.3480796083339,1.706,0.612
11293,6.56448922143414,52.3480871527859,1.557,0.558
11294,6.56449792057622,52.3480946961641,1.571,0.563
11295,6.56450668892501,52.3481021544656,1.574,0.564
11296,6.5645154572738,52.3481096127671,1.495,0.536
11297,6.56452422562259,52.3481170710685,1.512,0.542
11298,6.56453299397138,52.34812452937,1.493,0.535
11299,6.56454176232017,52.3481319876715,1.558,0.559
11300,6.56455053066896,52.348139445973,1.672,0.599
11301,6.56455929901775,52.3481469042745,1.639,0.588
11302,6.56456806736654,52.348154362576,1.64,0.588
11303,6.56457683571533,52.3481618208774,1.642,0.589
11304,6.56458560406413,52.3481692791789,1.658,0.594
11305,6.56459437241292,52.3481767374804,1.717,0.616
11306,6.56460314076171,52.3481841957819,1.604,0.575
11307,6.5646119091105,52.3481916540834,1.5,0.538
11308,6.56462067745929,52.3481991123849,1.596,0.572
11309,6.56462944580808,52.3482065706863,1.508,0.541
11310,6.56463821415687,52.3482140289878,1.498,0.537
11311,6.56464698250566,52.3482214872893,1.704,0.611
11312,6.56465575085445,52.3482289455908,1.801,0.646
11313,6.56466451920324,52.3482364038923,1.449,0.519
11314,6.56467328755203,52.3482438621938,1.619,0.581
11315,6.56468212149873,52.3482512398549,1.387,0.497
11316,6.5646909571127,52.3482586154664,1.649,0.591
11317,6.56469979272666,52.3482659910779,1.49,0.534
11318,6.56470862834063,52.3482733666894,1.701,0.61
11319,6.56471746395459,52.348280742301,1.437,0.515
11320,6.56472629956856,52.3482881179125,1.589,0.57
11321,6.56473513518252,52.348295493524,1.56,0.559
11322,6.56474397079649,52.3483028691355,1.674,0.6
11323,6.56475280641045,52.348310244747,1.588,0.569
11324,6.56476164202442,52.3483176203586,1.558,0.559
11325,6.56477047763838,52.3483249959701,1.573,0.564
11326,6.56477931325235,52.3483323715816,1.681,0.603
11327,6.56478814886631,52.3483397471931,1.427,0.512
11328,6.56479698448027,52.3483471228047,1.587,0.569
11329,6.56480584637575,52.348354466108,1.521,0.545
11330,6.56481473111675,52.348361781327,1.655,0.593
11331,6.56482361585775,52.348369096546,1.674,0.6
11332,6.56483250059876,52.348376411765,1.596,0.572
11333,6.56484138533976,52.348383726984,1.585,0.568
11334,6.56485027008076,52.348391042203,1.507,0.541
11335,6.56485915482176,52.348398357422,1.578,0.566
11336,6.56486803956276,52.348405672641,1.339,0.48
11337,6.56487692430376,52.3484129878601,1.748,0.627
11338,6.56488580904476,52.3484203030791,1.502,0.539
11339,6.56489469378576,52.3484276182981,1.558,0.559
11340,6.56490357852677,52.3484349335171,1.704,0.611
11341,6.56491246326777,52.3484422487361,1.616,0.579
11342,6.56492134800877,52.3484495639551,1.514,0.543
11343,6.56493023274977,52.3484568791741,1.512,0.542
11344,6.56493911749077,52.3484641943931,1.602,0.574
11345,6.56494704966877,52.3484726806103,1.711,0.614
11346,6.56495445115159,52.3484818192181,1.558,0.559
11347,6.56496297967857,52.3484895723357,1.599,0.574
11348,6.56497228371266,52.3484963721122,1.621,0.581
11349,6.56498158774676,52.3485031718887,1.617,0.58
11350,6.56499089178085,52.3485099716652,1.595,0.572
11351,6.56500019581495,52.3485167714417,1.58,0.567
11352,6.56500910137521,52.3485240610673,1.625,0.583
11353,6.56501788550705,52.3485314999665,1.761,0.631
11354,6.56502666963888,52.3485389388657,1.573,0.564
11355,6.56503545377072,52.3485463777649,1.647,0.591
11356,6.56504423790256,52.3485538166641,1.565,0.561
11357,6.56505302203439,52.3485612555632,1.638,0.587
11358,6.56506180616623,52.3485686944624,1.587,0.569
11359,6.56507059029807,52.3485761333616,1.641,0.589
11360,6.5650793744299,52.3485835722608,1.616,0.579
11361,6.56508815856174,52.3485910111599,1.606,0.576
11362,6.56509331976731,52.34860290377,1.633,0.585
11363,6.56509820751993,52.3486151325394,1.519,0.545
11364,6.56510569995762,52.3486241593351,1.67,0.599
11365,6.56511441901964,52.3486316782255,1.628,0.584
11366,6.56512313808167,52.3486391971158,1.748,0.627
11367,6.56513185714369,52.3486467160062,1.479,0.53
11368,6.56514057620572,52.3486542348965,1.525,0.547
11369,6.56514929526774,52.3486617537869,1.59,0.57
11370,6.56515801432977,52.3486692726772,1.549,0.555
11371,6.56516673339179,52.3486767915676,1.637,0.587
11372,6.56517545245382,52.3486843104579,1.616,0.579
11373,6.56518417151584,52.3486918293483,1.623,0.582
11374,6.56519289057787,52.3486993482386,1.541,0.553
11375,6.56520160963989,52.348706867129,1.804,0.647
11376,6.56521032870192,52.3487143860194,1.623,0.582
11377,6.56521904776394,52.3487219049097,1.486,0.533
11378,6.56522776682597,52.3487294238001,1.456,0.522
11379,6.56523648588799,52.3487369426904,1.548,0.555
11380,6.56524520495002,52.3487444615808,1.557,0.558
11381,6.56525392401204,52.3487519804711,1.45,0.52
11382,6.56526264307407,52.3487594993615,1.624,0.582
11383,6.56527136213609,52.3487670182518,1.651,0.592
11384,6.56528008119812,52.3487745371422,1.428,0.512
11385,6.56528880026014,52.3487820560325,1.473,0.528
11386,6.56529751932217,52.3487895749229,1.616,0.579
11387,6.56530623838419,52.3487970938132,1.5,0.538
11388,6.56531495744622,52.3488046127036,1.592,0.571
11389,6.56532367650824,52.3488121315939,1.672,0.599
11390,6.56533239557027,52.3488196504843,1.665,0.597
11391,6.56534111463229,52.3488271693746,1.404,0.503
11392,6.56534983369432,52.348834688265,1.605,0.576
11393,6.56535855275634,52.3488422071554,1.655,0.593
11394,6.56536727181837,52.3488497260457,1.562,0.56
11395,6.56537599088039,52.3488572449361,1.514,0.543
11396,6.56538470994242,52.3488647638264,1.562,0.56
11397,6.56539342900444,52.3488722827168,1.618,0.58
11398,6.56540216802559,52.3488797770711,1.658,0.595
11399,6.56541090820245,52.3488872700047,1.753,0.629
11400,6.5654196483793,52.3488947629383,1.781,0.639
11401,6.56542838855616,52.3489022558719,1.759,0.631
11402,6.56543712873301,52.3489097488056,1.697,0.608
11403,6.56544586890986,52.3489172417392,1.661,0.595
11404,6.56545460908672,52.3489247346728,1.528,0.548
11405,6.56546334926357,52.3489322276064,1.547,0.555
11406,6.56547208944043,52.34893972054,1.733,0.621
11407,6.56548082961728,52.3489472134736,1.605,0.575
11408,6.56548956979413,52.3489547064073,1.661,0.595
11409,6.56549830997099,52.3489621993409,1.462,0.524
11410,6.56550705014784,52.3489696922745,1.55,0.556
11411,6.5655157903247,52.3489771852081,1.615,0.579
11412,6.56552453050155,52.3489846781417,1.686,0.604
11413,6.56553327067841,52.3489921710753,1.417,0.508
11414,6.56554201085526,52.348999664009,1.41,0.506
11415,6.56555075103211,52.3490071569426,1.582,0.567
11416,6.56555949120897,52.3490146498762,1.748,0.627
11417,6.56556823138582,52.3490221428098,1.583,0.568
11418,6.56557697156268,52.3490296357434,1.734,0.622
11419,6.5655856800088,52.349037167684,1.617,0.58
11420,6.5655943511241,52.3490447455159,1.536,0.551
11421,6.5656030222394,52.3490523233478,1.582,0.567
11422,6.56561169335469,52.3490599011797,1.722,0.618
11423,6.56561946513863,52.3490685845715,1.525,0.547
11424,6.56562729214887,52.3490772000728,1.689,0.605
11425,6.56563600967611,52.3490847208499,1.482,0.531
11426,6.56564472720336,52.349092241627,1.556,0.558
11427,6.5656534447306,52.349099762404,1.53,0.549
11428,6.56566216493245,52.3491072798932,1.497,0.537
11429,6.56567088530274,52.3491147971753,1.646,0.59
11430,6.56567960567303,52.3491223144574,1.64,0.588
11431,6.56568832604332,52.3491298317395,1.502,0.539
11432,6.56569704641361,52.3491373490215,1.661,0.596
11433,6.5657057667839,52.3491448663036,1.728,0.62
11434,6.56571448715419,52.3491523835857,1.543,0.553
11435,6.56572320752448,52.3491599008678,1.467,0.526
11436,6.56573192789477,52.3491674181499,1.533,0.55
11437,6.56574064826506,52.349174935432,1.467,0.526
11438,6.56574936863535,52.3491824527141,1.662,0.596
11439,6.56575808900563,52.3491899699961,1.494,0.536
11440,6.56576680937592,52.3491974872782,1.544,0.553
11441,6.56577552974621,52.3492050045603,1.522,0.546
11442,6.5657842501165,52.3492125218424,1.637,0.587
11443,6.56579297048679,52.3492200391245,1.544,0.554
11444,6.56580169085708,52.3492275564066,1.624,0.582
11445,6.56581041122737,52.3492350736887,1.549,0.556
11446,6.56581913159766,52.3492425909708,1.588,0.569
11447,6.56582785196795,52.3492501082528,1.571,0.563
11448,6.56583658593414,52.3492576088213,1.486,0.533
11449,6.56584532024358,52.3492651089678,1.494,0.536
11450,6.56585405455302,52.3492726091143,1.572,0.564
11451,6.56586278886246,52.3492801092608,1.491,0.534
11452,6.56587152317189,52.3492876094073,1.405,0.504
11453,6.56588025748133,52.3492951095538,1.707,0.612
11454,6.56588899179077,52.3493026097003,1.622,0.582
11455,6.56589772610021,52.3493101098469,1.688,0.605
11456,6.56590646040964,52.3493176099934,1.661,0.596
11457,6.56591519471908,52.3493251101399,1.507,0.541
11458,6.56592392902852,52.3493326102864,1.59,0.57
11459,6.56593262143244,52.3493401619479,1.505,0.54
11460,6.56594131249803,52.3493477152546,1.464,0.525
11461,6.56595000356363,52.3493552685613,1.339,0.48
11462,6.56595869462923,52.3493628218681,1.509,0.541
11463,6.56596738569483,52.3493703751748,1.535,0.551
11464,6.56597607676043,52.3493779284815,1.437,0.515
11465,6.56598476782603,52.3493854817883,1.488,0.533
11466,6.56599345889163,52.349393035095,1.436,0.515
11467,6.56600214995723,52.3494005884017,1.46,0.523
11468,6.56601084102282,52.3494081417084,1.449,0.52
11469,6.56601953208842,52.3494156950152,1.582,0.567
11470,6.56602822315402,52.3494232483219,1.653,0.593
11471,6.56603691421962,52.3494308016286,1.408,0.505
11472,6.56604560528522,52.3494383549354,1.725,0.619
11473,6.56605429635082,52.3494459082421,1.604,0.575
11474,6.56606298741642,52.3494534615488,1.619,0.581
11475,6.56607167848202,52.3494610148555,1.517,0.544
11476,6.56608036954761,52.3494685681623,1.494,0.536
11477,6.56608906061321,52.349476121469,1.313,0.471
11478,6.56609775167881,52.3494836747757,1.448,0.519
11479,6.56610644274441,52.3494912280824,1.621,0.581
11480,6.56611526387163,52.3494986215027,1.406,0.504
11481,6.56612450199444,52.3495055023048,1.495,0.536
11482,6.56613374011724,52.3495123831069,1.596,0.572
11483,6.56614297824004,52.3495192639091,1.574,0.564
11484,6.56615221636284,52.3495261447112,1.512,0.542
11485,6.56616145448564,52.3495330255133,1.541,0.552
11486,6.56617044703963,52.3495402081964,1.56,0.559
11487,6.56617925054058,52.3495476232849,1.392,0.499
11488,6.56618805404154,52.3495550383733,1.498,0.537
11489,6.5661968575425,52.3495624534618,1.559,0.559
11490,6.56620566104345,52.3495698685503,1.454,0.521
11491,6.56621446454441,52.3495772836387,1.524,0.546
11492,6.56622326804536,52.3495846987272,1.468,0.526
11493,6.56623207154632,52.3495921138156,1.64,0.588
11494,6.56624087504727,52.3495995289041,1.574,0.564
11495,6.56624967854823,52.3496069439926,1.586,0.569
11496,6.56625848204919,52.349614359081,1.587,0.569
11497,6.56626728555014,52.3496217741695,1.36,0.488
11498,6.5662760890511,52.349629189258,1.549,0.555
11499,6.56628489255205,52.3496366043464,1.408,0.505
11500,6.56629369605301,52.3496440194349,1.459,0.523
11501,6.56630249955396,52.3496514345234,1.593,0.571
11502,6.56631130305492,52.3496588496118,1.678,0.602
11503,6.56632010655588,52.3496662647003,1.656,0.594
11504,6.56632891005683,52.3496736797888,1.409,0.505
11505,6.56633771355779,52.3496810948772,1.458,0.523
11506,6.56634651705874,52.3496885099657,1.263,0.453
11507,6.5663553205597,52.3496959250542,1.594,0.572
11508,6.56636412406066,52.3497033401426,1.439,0.516
11509,6.56637292756161,52.3497107552311,1.65,0.592
11510,6.56638173106257,52.3497181703196,1.567,0.562
11511,6.56639053456352,52.349725585408,1.583,0.567
11512,6.56639933806448,52.3497330004965,1.49,0.534
11513,6.56640813350476,52.3497404254941,1.622,0.581
11514,6.56641686098344,52.3497479340377,1.719,0.616
11515,6.56642558846211,52.3497554425814,1.397,0.501
11516,6.56643431594079,52.349762951125,1.56,0.559
11517,6.56644304341946,52.3497704596687,1.496,0.537
11518,6.56645177089814,52.3497779682123,1.503,0.539
11519,6.56646049837682,52.349785476756,1.54,0.552
11520,6.56646922585549,52.3497929852996,1.517,0.544
11521,6.56647795333417,52.3498004938433,1.587,0.569
11522,6.56648668081285,52.3498080023869,1.613,0.578
11523,6.56649540829152,52.3498155109306,1.71,0.613
11524,6.5665041357702,52.3498230194742,1.512,0.542
11525,6.56651286324888,52.3498305280179,1.556,0.558
11526,6.56652159072755,52.3498380365615,1.537,0.551
11527,6.56653034060509,52.34984551757,1.507,0.54
11528,6.5665392039507,52.3498528590906,1.468,0.526
11529,6.56654806729632,52.3498602006113,1.521,0.545
11530,6.56655693064193,52.3498675421319,1.468,0.526
11531,6.56656579398755,52.3498748836525,1.774,0.636
11532,6.56657465733316,52.3498822251732,1.647,0.591
11533,6.56658352067878,52.3498895666938,1.487,0.533
11534,6.56659238402439,52.3498969082144,1.554,0.557
11535,6.56660124737001,52.3499042497351,1.569,0.563
11536,6.56661011071562,52.3499115912557,1.404,0.503
11537,6.56661897406124,52.3499189327764,1.611,0.578
11538,6.56662783740685,52.349926274297,1.444,0.518
11539,6.56663670075247,52.3499336158176,1.513,0.542
11540,6.56664556409808,52.3499409573383,1.464,0.525
11541,6.5666544274437,52.3499482988589,1.491,0.535
11542,6.56666329078931,52.3499556403796,1.516,0.544
11543,6.56667215413493,52.3499629819002,1.534,0.55
11544,6.56668101748054,52.3499703234208,1.363,0.489
11545,6.56668988082616,52.3499776649415,1.505,0.54
11546,6.56669874417177,52.3499850064621,1.501,0.538
11547,6.56670760751739,52.3499923479828,1.421,0.509
11548,6.566716470863,52.3499996895034,1.503,0.539
11549,6.5667252485306,52.3500071363492,1.548,0.555
11550,6.56673397852758,52.350014641797,1.436,0.515
11551,6.56674270852455,52.3500221472449,1.479,0.53
11552,6.56675143852153,52.3500296526928,1.513,0.543
11553,6.56676016851851,52.3500371581406,1.564,0.561
11554,6.56676889851549,52.3500446635885,1.532,0.549
11555,6.56677762851246,52.3500521690364,1.452,0.521
11556,6.56678635850944,52.3500596744843,1.521,0.545
11557,6.56679508850642,52.3500671799321,1.573,0.564
11558,6.5668038185034,52.35007468538,1.584,0.568
11559,6.56681254850037,52.3500821908279,1.589,0.57
11560,6.56682127849735,52.3500896962758,1.67,0.599
11561,6.56683000849433,52.3500972017236,1.519,0.545
11562,6.56683873849131,52.3501047071715,1.524,0.547
11563,6.56684746848828,52.3501122126194,1.494,0.536
11564,6.56685619848526,52.3501197180672,1.533,0.55
11565,6.56686492848224,52.3501272235151,1.43,0.513
11566,6.56687365847922,52.350134728963,1.528,0.548
11567,6.56688238847619,52.3501422344109,1.713,0.614
11568,6.56689111847317,52.3501497398587,1.641,0.588
11569,6.56689984847015,52.3501572453066,1.71,0.613
11570,6.56690857846712,52.3501647507545,1.676,0.601
11571,6.5669173084641,52.3501722562023,1.548,0.555
11572,6.56692603846108,52.3501797616502,1.394,0.5
11573,6.56693476845806,52.3501872670981,1.5,0.538
11574,6.56694349845503,52.350194772546,1.664,0.597
11575,6.56695222845201,52.3502022779938,1.406,0.504
11576,6.56696095844899,52.3502097834417,1.617,0.58
11577,6.56696968844597,52.3502172888896,1.58,0.566
11578,6.56697841844294,52.3502247943374,1.729,0.62
11579,6.56698714843992,52.3502322997853,1.615,0.579
11580,6.5669958784369,52.3502398052332,1.476,0.529
11581,6.56700450669933,52.3502474357447,1.409,0.505
11582,6.56701290899427,52.350255344041,1.431,0.513
11583,6.56702131128921,52.3502632523373,1.646,0.59
11584,6.56702971358415,52.3502711606336,1.681,0.603
11585,6.56703811587909,52.3502790689298,1.443,0.517
11586,6.56704673311505,52.3502867129963,1.559,0.559
11587,6.56705558944801,52.3502940631377,1.618,0.58
11588,6.56706444578097,52.3503014132791,1.571,0.563
11589,6.56707330211393,52.3503087634205,1.502,0.539
11590,6.56708215844689,52.3503161135619,1.476,0.529
11591,6.56709101477985,52.3503234637033,1.544,0.554
11592,6.56709987111281,52.3503308138446,1.697,0.608
11593,6.56710872744577,52.350338163986,1.528,0.548
11594,6.56711758377873,52.3503455141274,1.557,0.558
11595,6.5671264401117,52.3503528642688,1.618,0.58
11596,6.56713529644466,52.3503602144102,1.493,0.535
11597,6.56714415277762,52.3503675645516,1.678,0.602
11598,6.56715300911058,52.350374914693,1.537,0.551
11599,6.56716186544354,52.3503822648344,1.628,0.584
11600,6.5671707217765,52.3503896149757,1.579,0.566
11601,6.56717957810946,52.3503969651171,1.502,0.539
11602,6.56718843444242,52.3504043152585,1.549,0.555
11603,6.56719729077538,52.3504116653999,1.595,0.572
11604,6.56720614710834,52.3504190155413,1.588,0.57
11605,6.5672150034413,52.3504263656827,1.551,0.556
11606,6.56722385977426,52.3504337158241,1.813,0.65
11607,6.56723271610722,52.3504410659655,1.583,0.568
11608,6.56724157244019,52.3504484161068,1.605,0.576
11609,6.56725042877315,52.3504557662482,1.706,0.612
11610,6.56725928510611,52.3504631163896,1.445,0.518
11611,6.56726814143907,52.350470466531,1.523,0.546
11612,6.56727699777203,52.3504778166724,1.717,0.616
11613,6.56728585410499,52.3504851668138,1.46,0.523
11614,6.56729471043795,52.3504925169552,1.592,0.571
11615,6.56730356677091,52.3504998670966,1.647,0.591
11616,6.56731242310387,52.3505072172379,1.713,0.614
11617,6.56732127943683,52.3505145673793,1.633,0.585
11618,6.56733013576979,52.3505219175207,1.432,0.513
11619,6.56733899210275,52.3505292676621,1.621,0.581
11620,6.56734784843572,52.3505366178035,1.457,0.523
11621,6.56735670476868,52.3505439679449,1.434,0.514
11622,6.56736556110164,52.3505513180863,1.503,0.539
11623,6.5673744174346,52.3505586682277,1.549,0.555
11624,6.56738327376756,52.350566018369,1.8,0.645
11625,6.56739213010052,52.3505733685104,1.605,0.575
11626,6.56740098643348,52.3505807186518,1.548,0.555
11627,6.56740984276644,52.3505880687932,1.738,0.623
11628,6.5674186990994,52.3505954189346,1.61,0.577
11629,6.56742755543236,52.350602769076,1.571,0.563
11630,6.56743641176532,52.3506101192174,1.617,0.58
11631,6.56744526809829,52.3506174693588,1.416,0.508
11632,6.56745412443125,52.3506248195001,1.662,0.596
11633,6.56746298076421,52.3506321696415,1.689,0.606
11634,6.56747183709717,52.3506395197829,1.469,0.527
11635,6.56748069343013,52.3506468699243,1.663,0.596
11636,6.56748954976309,52.3506542200657,1.641,0.588
11637,6.56749840609605,52.3506615702071,1.698,0.609
11638,6.56750726242901,52.3506689203485,1.62,0.581
11639,6.56751611876197,52.3506762704898,1.504,0.539
11640,6.56752497509493,52.3506836206312,1.778,0.638
11641,6.56753383142789,52.3506909707726,1.834,0.658
11642,6.56754268776085,52.350698320914,1.645,0.59
11643,6.56755154409382,52.3507056710554,1.588,0.569
11644,6.56756040042678,52.3507130211968,1.701,0.61
11645,6.56756925675974,52.3507203713382,1.809,0.649
11646,6.5675781130927,52.3507277214796,1.643,0.589
11647,6.56758696942566,52.350735071621,1.681,0.603
11648,6.56759582575862,52.3507424217623,1.657,0.594
11649,6.56760468209158,52.3507497719037,1.684,0.604
11650,6.56761353842454,52.3507571220451,1.609,0.577
11651,6.5676223947575,52.3507644721865,1.461,0.524
11652,6.56763125109046,52.3507718223279,1.736,0.622
11653,6.56764010742342,52.3507791724693,1.69,0.606
11654,6.56764896375638,52.3507865226107,1.611,0.578
11655,6.56765782008935,52.350793872752,1.69,0.606
11656,6.56766667642231,52.3508012228934,1.699,0.609
11657,6.56767553275527,52.3508085730348,1.582,0.567
11658,6.56768438908823,52.3508159231762,1.591,0.57
11659,6.56769324542119,52.3508232733176,1.654,0.593
11660,6.56770210175415,52.350830623459,1.652,0.592
11661,6.56771095808711,52.3508379736004,1.47,0.527
11662,6.56771981442007,52.3508453237418,1.476,0.529
11663,6.56772867075303,52.3508526738831,1.674,0.6
11664,6.56773752708599,52.3508600240245,1.571,0.563
11665,6.56774638341895,52.3508673741659,1.655,0.593
11666,6.56775523975191,52.3508747243073,1.571,0.563
11667,6.56776409608488,52.3508820744487,1.565,0.561
11668,6.56777295241784,52.3508894245901,1.539,0.552
11669,6.5677818087508,52.3508967747315,1.531,0.549
11670,6.56779066508376,52.3509041248729,1.593,0.571
11671,6.56779952141672,52.3509114750142,1.648,0.591
11672,6.56780837774968,52.3509188251556,1.556,0.558
11673,6.56781723408264,52.350926175297,1.849,0.663
11674,6.5678260904156,52.3509335254384,1.599,0.573
11675,6.56783494674856,52.3509408755798,1.545,0.554
11676,6.56784380308152,52.3509482257212,1.792,0.643
11677,6.56785265941448,52.3509555758626,1.479,0.53
11678,6.56786151574744,52.350962926004,1.547,0.555
11679,6.56787036452515,52.3509702854331,1.523,0.546
11680,6.5678792032178,52.35097765726,1.648,0.591
11681,6.56788804191045,52.3509850290868,1.726,0.619
11682,6.56789688060309,52.3509924009137,1.553,0.557
11683,6.56790571929574,52.3509997727405,1.733,0.621
11684,6.56791455798839,52.3510071445674,1.775,0.636
11685,6.56792339668104,52.3510145163943,1.69,0.606
11686,6.56793223537368,52.3510218882211,1.621,0.581
11687,6.56794107406633,52.351029260048,1.54,0.552
11688,6.56794991275898,52.3510366318748,1.548,0.555
11689,6.56795875145162,52.3510440037017,1.763,0.632
11690,6.56796759014427,52.3510513755285,1.634,0.586
11691,6.56797642883692,52.3510587473554,1.733,0.621
11692,6.56798526752956,52.3510661191823,1.724,0.618
11693,6.56799410622221,52.3510734910091,1.638,0.587
11694,6.56800294491486,52.351080862836,1.573,0.564
11695,6.56801178360751,52.3510882346628,1.579,0.566
11696,6.56802062230015,52.3510956064897,1.665,0.597
11697,6.5680294609928,52.3511029783165,1.552,0.556
11698,6.56803829824964,52.3511103519085,1.715,0.615
11699,6.56804713437478,52.3511177268916,1.903,0.682
11700,6.56805597049992,52.3511251018747,1.823,0.654
11701,6.56806480662505,52.3511324768578,1.659,0.595
11702,6.56807364275019,52.351139851841,1.684,0.604
11703,6.56808247887533,52.3511472268241,1.799,0.645
11704,6.56809119905081,52.3511547443457,1.601,0.574
11705,6.56809989873447,52.3511622870581,1.727,0.619
11706,6.56810859841813,52.3511698297705,1.677,0.601
11707,6.5681172981018,52.351177372483,1.63,0.585
11708,6.56812599778546,52.3511849151954,1.734,0.622
11709,6.56813469746912,52.3511924579078,1.653,0.593
11710,6.56814339715279,52.3512000006202,1.807,0.648
11711,6.56815209683645,52.3512075433327,1.592,0.571
11712,6.56816079652011,52.3512150860451,1.827,0.655
11713,6.56816949620377,52.3512226287575,1.636,0.586
11714,6.56817819588744,52.35123017147,1.723,0.618
11715,6.5681868955711,52.3512377141824,1.692,0.607
11716,6.56819559525476,52.3512452568948,1.716,0.615
11717,6.56820429493842,52.3512527996072,1.565,0.561
11718,6.56821299462209,52.3512603423197,1.442,0.517
11719,6.56822169430575,52.3512678850321,1.738,0.623
11720,6.56823039398941,52.3512754277445,1.68,0.602
11721,6.56823909367308,52.3512829704569,1.791,0.642
11722,6.56824779335674,52.3512905131694,1.739,0.623
11723,6.5682564930404,52.3512980558818,1.747,0.626
11724,6.56826519272406,52.3513055985942,1.672,0.599
11725,6.56827389240773,52.3513131413067,1.804,0.647
11726,6.56828259209139,52.3513206840191,1.612,0.578
11727,6.56829129177505,52.3513282267315,1.665,0.597
11728,6.56829999145871,52.3513357694439,1.605,0.575
11729,6.56830869114238,52.3513433121564,1.619,0.581
11730,6.56831739082604,52.3513508548688,1.587,0.569
11731,6.5683260905097,52.3513583975812,1.732,0.621
11732,6.56833479019337,52.3513659402937,1.516,0.544
11733,6.56834348987703,52.3513734830061,1.58,0.567
11734,6.56835218956069,52.3513810257185,1.64,0.588
11735,6.56836088924435,52.3513885684309,1.555,0.558
11736,6.56836958892802,52.3513961111434,1.708,0.612
11737,6.56837828861168,52.3514036538558,1.59,0.57
11738,6.56838698829534,52.3514111965682,1.612,0.578
11739,6.56839568797901,52.3514187392807,1.657,0.594
11740,6.56840438766267,52.3514262819931,1.587,0.569
11741,6.56841308734633,52.3514338247055,1.538,0.551
11742,6.56842178702999,52.3514413674179,1.718,0.616
11743,6.56843048671366,52.3514489101304,1.467,0.526
11744,6.56843918639732,52.3514564528428,1.832,0.657
11745,6.56844788608098,52.3514639955552,1.751,0.628
11746,6.56845658576464,52.3514715382677,1.768,0.634
11747,6.56846528544831,52.3514790809801,1.567,0.562
11748,6.56847398513197,52.3514866236925,1.773,0.636
11749,6.56848268481563,52.3514941664049,1.581,0.567
11750,6.5684913844993,52.3515017091174,1.618,0.58
11751,6.56850008418296,52.3515092518298,1.756,0.63
11752,6.56850878386662,52.3515167945422,1.777,0.637
11753,6.56851748355028,52.3515243372547,1.633,0.585
11754,6.56852618323395,52.3515318799671,1.579,0.566
11755,6.56853488291761,52.3515394226795,1.732,0.621
11756,6.56854358260127,52.3515469653919,1.729,0.62
11757,6.56855232968195,52.3515544498386,1.775,0.636
11758,6.56856119143491,52.3515617933171,1.705,0.611
11759,6.56857005318786,52.3515691367956,1.717,0.616
11760,6.56857891494081,52.3515764802741,1.66,0.595
11761,6.56858777669377,52.3515838237527,1.704,0.611
11762,6.56859663844672,52.3515911672312,1.636,0.587
11763,6.56860550019967,52.3515985107097,1.776,0.637
11764,6.56861436195263,52.3516058541882,1.674,0.6
11765,6.56862322370558,52.3516131976667,1.636,0.586
11766,6.56863208545853,52.3516205411453,1.787,0.641
11767,6.568640974866,52.3516278506277,1.547,0.555
11768,6.56864987237451,52.3516351501515,1.689,0.606
11769,6.56865876988303,52.3516424496752,1.722,0.617
11770,6.56866766739155,52.3516497491989,1.716,0.615
11771,6.56867656490006,52.3516570487227,1.653,0.593
11772,6.56868546240858,52.3516643482464,1.666,0.597
11773,6.5686943599171,52.3516716477701,1.431,0.513
11774,6.56870325742561,52.3516789472939,1.653,0.593
11775,6.56871215493413,52.3516862468176,1.997,0.716
11776,6.56872105244265,52.3516935463413,1.788,0.641
11777,6.56872994995116,52.3517008458651,1.671,0.599
11778,6.56873884745968,52.3517081453888,1.518,0.544
11779,6.5687477449682,52.3517154449125,1.853,0.664
11780,6.56875664247671,52.3517227444363,1.72,0.617
11781,6.56876553998523,52.35173004396,1.712,0.614
11782,6.56877443749375,52.3517373434838,1.711,0.613
11783,6.56878333500226,52.3517446430075,1.75,0.627
11784,6.56879223251078,52.3517519425312,1.743,0.625
11785,6.5688011300193,52.351759242055,1.792,0.643
11786,6.56881002752781,52.3517665415787,1.778,0.637
11787,6.56881892503633,52.3517738411024,1.959,0.703
11788,6.56882782254485,52.3517811406262,1.669,0.599
11789,6.56883672005336,52.3517884401499,1.854,0.665
11790,6.56884561756188,52.3517957396736,1.751,0.628
11791,6.5688545150704,52.3518030391974,1.87,0.67
11792,6.56886341257891,52.3518103387211,1.778,0.638
11793,6.56887231008743,52.3518176382448,1.544,0.554
11794,6.56888120759595,52.3518249377686,1.867,0.669
11795,6.56889010510446,52.3518322372923,1.976,0.708
11796,6.56889900261298,52.3518395368161,1.62,0.581
11797,6.56890790012149,52.3518468363398,1.869,0.67
11798,6.56891679763001,52.3518541358635,1.705,0.611
11799,6.56892569513853,52.3518614353873,1.839,0.66
11800,6.56893459264704,52.351868734911,1.658,0.595
11801,6.56894349015556,52.3518760344347,1.703,0.61
11802,6.56895238766408,52.3518833339585,1.778,0.638
11803,6.56896128517259,52.3518906334822,1.839,0.659
11804,6.56897018268111,52.3518979330059,1.855,0.665
11805,6.56897908018963,52.3519052325297,1.647,0.59
11806,6.56898797769814,52.3519125320534,1.865,0.669
11807,6.56899687520666,52.3519198315771,1.893,0.679
11808,6.56900577271518,52.3519271311009,1.665,0.597
11809,6.56901467022369,52.3519344306246,1.685,0.604
11810,6.56902356773221,52.3519417301483,1.805,0.647
11811,6.56903246524073,52.3519490296721,1.65,0.592
11812,6.56904136274924,52.3519563291958,1.689,0.606
11813,6.56905026025776,52.3519636287196,1.546,0.554
11814,6.56905915776628,52.3519709282433,1.495,0.536
11815,6.5690680552748,52.351978227767,1.584,0.568
11816,6.5690769475784,52.3519855336892,1.625,0.583
11817,6.5690858304512,52.3519928512048,1.657,0.594
11818,6.56909471332399,52.3520001687205,1.766,0.633
11819,6.56910359619679,52.3520074862361,1.902,0.682
11820,6.56911247906958,52.3520148037517,1.773,0.636
11821,6.56912136194238,52.3520221212673,1.526,0.547
11822,6.56913024481517,52.3520294387829,1.839,0.659
11823,6.56913912768797,52.3520367562986,1.652,0.592
11824,6.56914801056077,52.3520440738142,1.584,0.568
11825,6.56915689073481,52.3520513946474,1.599,0.573
11826,6.56916576740035,52.3520587197937,1.769,0.634
11827,6.56917464406588,52.35206604494,1.603,0.575
11828,6.56918352073141,52.3520733700863,1.741,0.624
11829,6.56919239739694,52.3520806952326,1.733,0.621
11830,6.56920127406248,52.3520880203789,1.727,0.619
11831,6.56921015072801,52.3520953455251,1.663,0.596
11832,6.56921902739354,52.3521026706714,1.701,0.61
11833,6.56922790405907,52.3521099958177,1.688,0.605
11834,6.56923678072461,52.352117320964,1.77,0.635
11835,6.56924565739014,52.3521246461103,1.75,0.627
11836,6.56925453405567,52.3521319712566,1.634,0.586
11837,6.5692634107212,52.3521392964029,1.838,0.659
11838,6.56927228738674,52.3521466215492,1.696,0.608
11839,6.56928116405227,52.3521539466955,1.749,0.627
11840,6.5692900407178,52.3521612718418,1.71,0.613
11841,6.56929891738334,52.352168596988,1.656,0.594
11842,6.56930779404887,52.3521759221343,1.645,0.59
11843,6.5693166707144,52.3521832472806,1.597,0.573
11844,6.56932554737993,52.3521905724269,1.84,0.66
11845,6.56933442404547,52.3521978975732,1.715,0.615
11846,6.569343300711,52.3522052227195,1.791,0.642
11847,6.56935217737653,52.3522125478658,1.543,0.553
11848,6.56936105404206,52.3522198730121,1.647,0.591
11849,6.5693699307076,52.3522271981584,1.719,0.616
11850,6.56937880737313,52.3522345233046,1.81,0.649
11851,6.56938768403866,52.3522418484509,1.908,0.684
11852,6.56939656070419,52.3522491735972,1.558,0.559
11853,6.56940531461909,52.3522566496425,1.81,0.649
11854,6.56941402879096,52.3522641745444,1.685,0.604
11855,6.56942268856703,52.3522717663157,1.967,0.705
11856,6.5694313145727,52.3522793996015,1.85,0.663
11857,6.56943994057837,52.3522870328872,2.019,0.724
11858,6.56944856658404,52.352294666173,1.795,0.644
11859,6.56945719258971,52.3523022994587,1.831,0.656
11860,6.56946581859538,52.3523099327445,1.916,0.687
11861,6.56947444460105,52.3523175660303,1.894,0.679
11862,6.56948307060672,52.352325199316,1.91,0.685
11863,6.56949169661238,52.3523328326018,2.011,0.721
11864,6.56950032261805,52.3523404658875,1.831,0.656
11865,6.56950896127036,52.3523480836266,1.811,0.649
11866,6.5695176078725,52.3523556915928,1.988,0.713
11867,6.56952625447464,52.3523632995591,1.732,0.621
11868,6.56953490107678,52.3523709075253,1.973,0.707
11869,6.56954354767893,52.3523785154915,2.06,0.739
11870,6.56955219428107,52.3523861234578,2.056,0.737
11871,6.56956084088321,52.352393731424,2.103,0.754
11872,6.56956948748535,52.3524013393903,2.165,0.776
11873,6.56957813408749,52.3524089473565,2.204,0.79
11874,6.56958678068964,52.3524165553227,2.093,0.75
11875,6.56959542729178,52.352424163289,2.465,0.884
11876,6.56960407389392,52.3524317712552,2.567,0.92
11877,6.56961272049606,52.3524393792215,2.422,0.868
11878,6.56962136683032,52.352446987517,2.587,0.927
11879,6.56963001276479,52.352454596304,2.412,0.865
11880,6.56963865869925,52.3524622050911,2.749,0.986
11881,6.56964730463372,52.3524698138781,2.811,1.008
11882,6.56965595056818,52.3524774226651,2.882,1.033
11883,6.56966459650265,52.3524850314521,3.118,1.118
11884,6.56967324243711,52.3524926402391,3.164,1.134
11885,6.56968188837158,52.3525002490262,3.192,1.145
11886,6.56969063669358,52.3525077319469,3.168,1.136
11887,6.56969964486171,52.3525148954353,3.598,1.29
11888,6.56970865302984,52.3525220589237,3.463,1.242
11889,6.56971766119797,52.3525292224121,3.937,1.412
11890,6.56972666936611,52.3525363859005,3.97,1.423
11891,6.56973567753424,52.3525435493889,4.218,1.512
11892,6.56974468570237,52.3525507128773,4.769,1.71
11893,6.5697536938705,52.3525578763658,4.626,1.659
11894,6.56976270203864,52.3525650398542,4.87,1.746
11895,6.56977171020677,52.3525722033426,5.132,1.84
11896,6.5697807183749,52.352579366831,5.372,1.926
11897,6.56978972654303,52.3525865303194,5.595,2.006
11898,6.56979873471116,52.3525936938078,5.391,1.933
11899,6.56980774287929,52.3526008572963,6.277,2.251
11900,6.56981675104743,52.3526080207847,6.238,2.237
11901,6.56982575921556,52.3526151842731,6.841,2.453
11902,6.56983476738369,52.3526223477615,7.513,2.694
11903,6.56984377555182,52.3526295112499,7.093,2.543
11904,6.56985278371996,52.3526366747383,7.538,2.703
11905,6.56986179188809,52.3526438382268,8.873,3.182
11906,6.56987080005622,52.3526510017152,8.242,2.955
11907,6.56987980822435,52.3526581652036,8.477,3.039
11908,6.56988881639248,52.352665328692,9.141,3.278
11909,6.56989782456062,52.3526724921804,9.716,3.484
11910,6.56990683259028,52.3526796558391,9.537,3.419
11911,6.56991584018585,52.3526868200313,10.502,3.766
11912,6.56992484778142,52.3526939842236,11.141,3.995
11913,6.56993384689386,52.3527011588443,10.211,3.661
11914,6.56994283466777,52.3527083474036,10.553,3.784
11915,6.56995182244169,52.3527155359629,10.822,3.88
11916,6.5699608102156,52.3527227245222,10.803,3.873
11917,6.56996979798951,52.3527299130815,11.217,4.022
11918,6.56997878576343,52.3527371016408,11.432,4.099
11919,6.56998777353734,52.3527442902001,11.49,4.12
11920,6.56999676131126,52.3527514787594,10.633,3.812
11921,6.57000574908517,52.3527586673187,11.74,4.209
11922,6.57001473685908,52.352765855878,11.415,4.093
11923,6.570023724633,52.3527730444373,11.842,4.246
11924,6.57003271240691,52.3527802329966,11.951,4.285
11925,6.57004170018083,52.3527874215559,10.97,3.933
11926,6.57005068795474,52.3527946101152,12.589,4.514
11927,6.57005967572865,52.3528017986744,10.427,3.739
11928,6.57006866350257,52.3528089872337,12.769,4.578
11929,6.57007765127648,52.352816175793,11.239,4.03
11930,6.57008665449451,52.3528233453667,11.076,3.971
11931,6.5700956583271,52.3528305141848,11.251,4.034
11932,6.57010464407653,52.3528377052329,9.081,3.256
11933,6.57011362947602,52.3528448967111,9.797,3.513
11934,6.57012261297158,52.3528520905298,9.937,3.563
11935,6.57013159272426,52.3528592889497,9.198,3.298
11936,6.57014056691659,52.352866494205,8.76,3.141
11937,6.57014954110893,52.3528736994603,9.092,3.26
11938,6.57015853110959,52.3528808852823,8.546,3.064
11939,6.57016757337713,52.3528880068518,7.331,2.629
11940,6.57017681437938,52.3528948841142,7.433,2.665
11941,6.57018605538163,52.3529017613766,7.236,2.595
11942,6.57019528980059,52.3529086467319,6.617,2.372
11943,6.57020454110293,52.3529155113322,7.147,2.563
11944,6.57021353981504,52.352922686445,7.106,2.548
11945,6.57022214199716,52.3529303490174,6.013,2.156
11946,6.57023074417928,52.3529380115897,6.052,2.17
11947,6.57023934636141,52.3529456741621,5.626,2.017
11948,6.5702479460334,52.3529533398202,5.598,2.007
11949,6.57025654005029,52.3529610124302,5.131,1.84
11950,6.57026513406718,52.3529686850401,4.323,1.55
11951,6.57027415139092,52.3529758372734,4.631,1.66
11952,6.57028329528393,52.3529828339135,4.46,1.599
11953,6.57029241773977,52.3529898569065,4.028,1.444
11954,6.5703014020697,52.3529970496995,4.599,1.649
11955,6.57031084851965,52.3530036744024,3.812,1.367
11956,6.57032039266849,52.3530101790027,3.731,1.338
11957,6.57032993681734,52.3530166836029,3.744,1.342
11958,6.57033934683527,52.3530233530921,3.095,1.11
11959,6.57034862587462,52.353030183595,3.396,1.218
11960,6.57035790491398,52.3530370140978,3.191,1.144
11961,6.57036718395334,52.3530438446007,3.156,1.131
11962,6.57037646299269,52.3530506751036,2.578,0.924
11963,6.57038574203205,52.3530575056064,2.736,0.981
11964,6.5703950210714,52.3530643361093,2.517,0.903
11965,6.57040430011076,52.3530711666121,2.459,0.882
11966,6.57041357915011,52.353077997115,2.523,0.905
11967,6.57042281974477,52.3530848748784,2.616,0.938
11968,6.57043153405113,52.353092399615,2.356,0.845
11969,6.57044024835749,52.3530999243515,2.136,0.766
11970,6.57044896266385,52.3531074490881,2.016,0.723
11971,6.57045767697022,52.3531149738246,2.386,0.855
11972,6.57046639127658,52.3531224985612,2.303,0.826
11973,6.57047510558294,52.3531300232978,2.166,0.777
11974,6.5704838198893,52.3531375480343,2.196,0.788
11975,6.57049253419566,52.3531450727709,1.846,0.662
11976,6.57050124850202,52.3531525975074,1.929,0.692
11977,6.57050996280838,52.353160122244,2.109,0.756
11978,6.57051880812877,52.3531674859233,1.899,0.681
11979,6.57052788588411,52.3531745638672,1.859,0.667
11980,6.57053696363945,52.3531816418111,2.018,0.724
11981,6.57054604139479,52.3531887197551,1.824,0.654
11982,6.57055511915012,52.353195797699,1.875,0.672
11983,6.57056419690546,52.353202875643,1.787,0.641
11984,6.57057311612588,52.353210148476,1.803,0.646
11985,6.5705817748337,52.3532177415606,1.827,0.655
11986,6.57059043354153,52.3532253346451,1.924,0.69
11987,6.57059909224936,52.3532329277297,2.005,0.719
11988,6.57060775095719,52.3532405208142,1.785,0.64
11989,6.57061640966502,52.3532481138988,1.802,0.646
11990,6.57062506837285,52.3532557069834,1.682,0.603
11991,6.57063372708068,52.3532633000679,1.616,0.58
11992,6.57064238578851,52.3532708931525,1.701,0.61
11993,6.57065104449634,52.353278486237,1.636,0.587
11994,6.57065970320417,52.3532860793216,1.644,0.589
11995,6.57066836191199,52.3532936724062,1.732,0.621
11996,6.57067702061982,52.3533012654907,1.592,0.571
11997,6.57068567932765,52.3533088585753,1.697,0.608
11998,6.57069433803548,52.3533164516598,1.714,0.615
11999,6.57070299674331,52.3533240447444,1.861,0.667
12000,6.57071165754945,52.3533316352495,1.453,0.521
12001,6.57072057525477,52.353338909945,1.693,0.607
12002,6.57072949296009,52.3533461846406,1.809,0.649
12003,6.57073841066541,52.3533534593361,1.565,0.561
12004,6.57074732837073,52.3533607340316,1.673,0.6
12005,6.57075624607606,52.3533680087272,1.864,0.668
12006,6.57076516378138,52.3533752834227,1.601,0.574
12007,6.5707740814867,52.3533825581182,1.693,0.607
12008,6.57078299919202,52.3533898328138,1.692,0.607
12009,6.57079191689734,52.3533971075093,1.673,0.6
12010,6.57080083460267,52.3534043822049,1.84,0.66
12011,6.57080975230799,52.3534116569004,1.694,0.607
12012,6.57081867001331,52.3534189315959,1.602,0.575
12013,6.57082758771863,52.3534262062915,1.647,0.591
12014,6.57083640564127,52.3534336036512,1.541,0.553
12015,6.57084503837873,52.3534412286614,1.605,0.575
12016,6.57085367111618,52.3534488536717,1.602,0.574
12017,6.57086230385364,52.353456478682,1.609,0.577
12018,6.5708709365911,52.3534641036923,1.609,0.577
12019,6.57087956932856,52.3534717287026,1.752,0.628
12020,6.57088820206602,52.3534793537128,1.863,0.668
12021,6.57089683480348,52.3534869787231,1.639,0.588
12022,6.57090546754094,52.3534946037334,1.542,0.553
12023,6.57091415156681,52.3535021656941,1.901,0.682
12024,6.57092291831998,52.3535096259571,1.59,0.57
12025,6.57093168507314,52.3535170862201,1.611,0.578
12026,6.57094045182631,52.3535245464832,1.678,0.602
12027,6.57094921857948,52.3535320067462,1.652,0.592
12028,6.57095798533264,52.3535394670092,1.675,0.601
12029,6.57096675208581,52.3535469272722,1.68,0.602
12030,6.57097551883898,52.3535543875352,1.822,0.653
12031,6.57098428559214,52.3535618477982,1.97,0.706
12032,6.57099305234531,52.3535693080612,1.552,0.556
12033,6.57100181909848,52.3535767683242,1.532,0.549
12034,6.57101058585164,52.3535842285872,1.519,0.545
12035,6.57101935260481,52.3535916888502,1.643,0.589
12036,6.57102811935798,52.3535991491132,1.688,0.605
12037,6.57103688611114,52.3536066093762,1.843,0.661
12038,6.57104565286431,52.3536140696392,1.71,0.613
12039,6.57105441961748,52.3536215299022,1.692,0.607
12040,6.57106318637064,52.3536289901652,1.678,0.601
12041,6.57107195312381,52.3536364504282,1.658,0.595
12042,6.57108071987698,52.3536439106912,1.714,0.615
12043,6.57108948663014,52.3536513709542,1.507,0.54
12044,6.57109809566451,52.353659025103,1.642,0.589
12045,6.57110642547957,52.3536670224998,1.848,0.662
12046,6.57111475529463,52.3536750198966,1.958,0.702
12047,6.57112308510968,52.3536830172933,1.402,0.503
12048,6.57113141492474,52.3536910146901,1.558,0.558
12049,6.5711397447398,52.3536990120869,1.764,0.632
12050,6.57114835185403,52.3537066685961,1.694,0.608
12051,6.57115706046073,52.3537142003393,1.55,0.556
12052,6.57116576906742,52.3537217320826,1.665,0.597
12053,6.57117447767411,52.3537292638258,1.717,0.616
12054,6.57118318628081,52.353736795569,1.594,0.572
12055,6.5711918948875,52.3537443273123,1.626,0.583
12056,6.57120060349419,52.3537518590555,1.51,0.541
12057,6.57120931210089,52.3537593907987,1.768,0.634
12058,6.57121802070758,52.353766922542,1.539,0.552
12059,6.57122672931427,52.3537744542852,1.723,0.618
12060,6.57123553906544,52.3537818616902,1.578,0.566
12061,6.57124436744919,52.3537892461899,1.648,0.591
12062,6.57125319583294,52.3537966306896,1.897,0.68
12063,6.57126202421668,52.3538040151893,1.83,0.656
12064,6.57127085260043,52.3538113996891,1.432,0.513
12065,6.57127968098418,52.3538187841888,1.701,0.61
12066,6.57128850936793,52.3538261686885,1.611,0.578
12067,6.57129733775168,52.3538335531882,1.708,0.612
12068,6.57130616613542,52.3538409376879,1.71,0.613
12069,6.57131499451917,52.3538483221877,1.84,0.66
12070,6.57132382290292,52.3538557066874,1.554,0.557
12071,6.57133265128667,52.3538630911871,1.521,0.545
12072,6.57134147967042,52.3538704756868,1.832,0.657
12073,6.57135030805417,52.3538778601866,1.63,0.584
12074,6.57135913643791,52.3538852446863,1.579,0.566
12075,6.57136796482166,52.353892629186,1.652,0.592
12076,6.57137679320541,52.3539000136857,1.486,0.533
12077,6.57138562158916,52.3539073981854,1.535,0.55
12078,6.57139444997291,52.3539147826852,1.652,0.592
12079,6.57140327835666,52.3539221671849,1.668,0.598
12080,6.57141209979258,52.3539295602257,1.598,0.573
12081,6.5714209212127,52.3539369532859,1.573,0.564
12082,6.57142974263282,52.3539443463461,1.546,0.554
12083,6.57143856405293,52.3539517394063,1.714,0.615
12084,6.57144738547305,52.3539591324665,1.99,0.713
12085,6.57145620689317,52.3539665255267,1.474,0.529
12086,6.57146502831329,52.3539739185869,1.457,0.522
12087,6.57147384973341,52.3539813116471,1.608,0.577
12088,6.57148267115352,52.3539887047073,1.761,0.631
12089,6.57149149257364,52.3539960977675,1.6,0.574
12090,6.57150042724043,52.3540033516121,1.789,0.642
12091,6.57150939301144,52.3540105672198,1.661,0.595
12092,6.57151835878245,52.3540177828276,1.625,0.583
12093,6.57152732455347,52.3540249984353,1.792,0.643
12094,6.57153629032448,52.3540322140431,1.56,0.559
12095,6.57154525609549,52.3540394296508,1.645,0.59
12096,6.5715542218665,52.3540466452586,1.6,0.574
12097,6.57156318763752,52.3540538608664,1.494,0.536
12098,6.57157215340853,52.3540610764741,1.773,0.636
12099,6.57158111917954,52.3540682920818,1.534,0.55
12100,6.57159008495055,52.3540755076896,1.66,0.595
12101,6.57159905072157,52.3540827232974,1.654,0.593
12102,6.57160801649258,52.3540899389051,1.721,0.617
12103,6.57161698226359,52.3540971545129,1.584,0.568
12104,6.5716259480346,52.3541043701206,1.68,0.602
12105,6.57163491380562,52.3541115857284,1.561,0.56
12106,6.57164387957663,52.3541188013361,1.655,0.594
12107,6.57165281532208,52.3541260538547,1.749,0.627
12108,6.57166173316042,52.3541333283867,1.476,0.529
12109,6.57167065099877,52.3541406029187,1.481,0.531
12110,6.57167956883711,52.3541478774507,1.714,0.615
12111,6.57168848667545,52.3541551519827,1.446,0.519
12112,6.57169740451379,52.3541624265147,1.655,0.593
12113,6.57170632235214,52.3541697010468,1.56,0.559
12114,6.57171524019048,52.3541769755788,1.679,0.602
12115,6.57172415802882,52.3541842501108,1.746,0.626
12116,6.57173307586717,52.3541915246428,1.618,0.58
12117,6.57174231474788,52.3541984045132,1.636,0.587
12118,6.57175173322635,52.3542050636017,1.603,0.575
12119,6.57176115170482,52.3542117226903,1.533,0.55
12120,6.57177057018328,52.3542183817788,1.793,0.643
12121,6.57177847932538,52.3542268963144,1.708,0.612
12122,6.57178722459493,52.3542343829874,1.568,0.562
12123,6.57179596986449,52.3542418696605,1.691,0.606
12124,6.57180471513405,52.3542493563336,1.567,0.562
12125,6.57181346040361,52.3542568430067,1.813,0.65
12126,6.57182220567317,52.3542643296798,1.415,0.507
12127,6.57183095094272,52.3542718163529,1.711,0.614
12128,6.57183969621228,52.354279303026,1.569,0.563
12129,6.57184844148184,52.3542867896991,1.55,0.556
12130,6.5718571867514,52.3542942763722,1.567,0.562
12131,6.57186593202096,52.3543017630452,1.785,0.64
12132,6.57187467729051,52.3543092497183,1.614,0.579
12133,6.57188342256007,52.3543167363914,1.694,0.607
12134,6.57189216782963,52.3543242230645,1.548,0.555
12135,6.57190091309919,52.3543317097376,1.459,0.523
12136,6.57190968390421,52.3543391650196,1.564,0.561
12137,6.57191849485493,52.35434657095,1.577,0.565
12138,6.57192730580566,52.3543539768803,1.589,0.57
12139,6.57193611675639,52.3543613828107,1.63,0.584
12140,6.57194492770712,52.354368788741,1.561,0.56
12141,6.57195373865785,52.3543761946714,1.805,0.647
12142,6.57196254960858,52.3543836006018,1.647,0.591
12143,6.57197136055931,52.3543910065321,1.59,0.57
12144,6.57198017151004,52.3543984124625,1.655,0.593
12145,6.57198898246077,52.3544058183928,1.577,0.565
12146,6.5719977934115,52.3544132243232,1.609,0.577
12147,6.57200660436223,52.3544206302536,1.652,0.592
12148,6.57201541531296,52.3544280361839,1.722,0.618
12149,6.57202422626369,52.3544354421143,1.708,0.612
12150,6.57203303721442,52.3544428480447,1.554,0.557
12151,6.57204184816515,52.354450253975,1.73,0.62
12152,6.57205065911588,52.3544576599054,1.585,0.568
12153,6.57205947006661,52.3544650658357,1.82,0.653
12154,6.57206828101734,52.3544724717661,1.498,0.537
12155,6.57207709196807,52.3544798776965,1.737,0.623
12156,6.5720859029188,52.3544872836268,1.504,0.539
12157,6.57209471386953,52.3544946895572,1.576,0.565
12158,6.57210333681657,52.3545023266029,1.631,0.585
12159,6.57211187219624,52.3545100712964,1.484,0.532
12160,6.5721204075759,52.3545178159899,1.541,0.552
12161,6.57212894295557,52.3545255606834,1.708,0.612
12162,6.57213747833524,52.3545333053769,1.557,0.558
12163,6.57214601371491,52.3545410500704,1.618,0.58
12164,6.57215454909457,52.3545487947639,1.419,0.509
12165,6.57216308447424,52.3545565394574,1.514,0.543
12166,6.57217161985391,52.3545642841509,1.535,0.55
12167,6.57217982782405,52.3545724313332,1.431,0.513
12168,6.57218795615299,52.3545806764195,1.491,0.535
12169,6.57219608448192,52.3545889215058,1.472,0.528
12170,6.57220421281085,52.3545971665921,1.45,0.52
12171,6.57221234113979,52.3546054116784,1.623,0.582
12172,6.57222046946872,52.3546136567647,1.678,0.602
12173,6.57222859779766,52.354621901851,1.494,0.536
12174,6.57223672612659,52.3546301469373,1.632,0.585
12175,6.57224491109239,52.3546383223992,1.665,0.597
12176,6.57225335722209,52.3546461768088,1.64,0.588
12177,6.57226180335178,52.3546540312185,1.54,0.552
12178,6.57227024948148,52.3546618856281,1.666,0.597
12179,6.57227869561118,52.3546697400378,1.471,0.527
12180,6.57228714174087,52.3546775944474,1.764,0.632
12181,6.57229558787057,52.3546854488571,1.603,0.575
12182,6.57230403400026,52.3546933032667,1.583,0.568
12183,6.57231248012996,52.3547011576764,1.447,0.519
12184,6.57232092625966,52.354709012086,1.742,0.624
12185,6.57232937238935,52.3547168664957,1.533,0.55
12186,6.57233781851905,52.3547247209053,1.474,0.529
12187,6.57234626464875,52.354732575315,1.622,0.581
12188,6.57235471077844,52.3547404297246,1.563,0.561
12189,6.57236315690814,52.3547482841343,1.555,0.557
12190,6.57237202051826,52.3547556253298,1.578,0.566
12191,6.57238092962825,52.3547629105917,1.471,0.527
12192,6.57238983873824,52.3547701958536,1.718,0.616
12193,6.57239874784822,52.3547774811154,1.523,0.546
12194,6.57240765695821,52.3547847663773,1.541,0.552
12195,6.5724165660682,52.3547920516392,1.536,0.551
12196,6.57242547517818,52.3547993369011,1.51,0.541
12197,6.57243438428817,52.354806622163,1.545,0.554
12198,6.57244329339816,52.3548139074249,1.699,0.609
12199,6.57245220250815,52.3548211926868,1.711,0.614
12200,6.57246111161813,52.3548284779487,1.444,0.518
12201,6.57247002072812,52.3548357632106,1.576,0.565
12202,6.57247892983811,52.3548430484725,1.591,0.57
12203,6.57248783894809,52.3548503337344,1.622,0.582
12204,6.57249674805808,52.3548576189963,1.641,0.588
12205,6.57250565716807,52.3548649042582,1.454,0.521
12206,6.57251456627805,52.3548721895201,1.753,0.629
12207,6.57252347538804,52.354879474782,1.636,0.587
12208,6.57253238449803,52.3548867600439,1.493,0.535
12209,6.57254129360802,52.3548940453058,1.667,0.598
12210,6.572550202718,52.3549013305677,1.733,0.621
12211,6.57255911182799,52.3549086158296,1.518,0.544
12212,6.57256802093798,52.3549159010915,1.567,0.562
12213,6.57257693004796,52.3549231863534,1.497,0.537
12214,6.57258583915795,52.3549304716153,1.517,0.544
12215,6.57259474826794,52.3549377568771,1.691,0.606
12216,6.57260365737792,52.354945042139,1.522,0.546
12217,6.57261256648791,52.3549523274009,1.48,0.531
12218,6.5726214755979,52.3549596126628,1.679,0.602
12219,6.57263038470788,52.3549668979247,1.545,0.554
12220,6.57263929381787,52.3549741831866,1.53,0.549
12221,6.57264820292786,52.3549814684485,1.422,0.51
12222,6.57265711203785,52.3549887537104,1.573,0.564
12223,6.57266596674981,52.3549961058445,1.507,0.54
12224,6.57267480752699,52.3550034751088,1.667,0.598
12225,6.57268364830417,52.3550108443731,1.509,0.541
12226,6.57269248908135,52.3550182136375,1.49,0.534
12227,6.57270132985853,52.3550255829018,1.782,0.639
12228,6.57271017063571,52.3550329521661,1.506,0.54
12229,6.57271901141289,52.3550403214304,1.464,0.525
12230,6.57272785219007,52.3550476906947,1.46,0.523
12231,6.57273669296725,52.355055059959,1.649,0.591
12232,6.57274553374443,52.3550624292233,1.604,0.575
12233,6.57275437452161,52.3550697984876,1.513,0.543
12234,6.57276321529879,52.355077167752,1.551,0.556
12235,6.57277205607597,52.3550845370163,1.721,0.617
12236,6.57278089685315,52.3550919062806,1.653,0.593
12237,6.57278973763033,52.3550992755449,1.597,0.573
12238,6.57279857840751,52.3551066448092,1.687,0.605
12239,6.5728074191847,52.3551140140735,1.465,0.525
12240,6.57281625996188,52.3551213833378,1.455,0.522
12241,6.57282510073906,52.3551287526021,1.599,0.573
12242,6.57283394151624,52.3551361218665,1.452,0.521
12243,6.57284278229342,52.3551434911308,1.754,0.629
12244,6.5728516230706,52.3551508603951,1.666,0.597
12245,6.57286046384778,52.3551582296594,1.667,0.598
12246,6.57286966142231,52.355165160308,1.773,0.636
12247,6.57288027460454,52.3551703507315,1.551,0.556
12248,6.57289088778678,52.355175541155,1.469,0.527
12249,6.57290149812444,52.3551807350754,1.414,0.507
12250,6.57291176335089,52.3551863532455,1.635,0.586
12251,6.57292126090088,52.3551929151303,1.59,0.57
12252,6.57293018709897,52.3552001793856,1.621,0.581
12253,6.57293911329706,52.3552074436409,1.467,0.526
12254,6.57294803949515,52.3552147078961,1.632,0.585
12255,6.57295696569323,52.3552219721514,1.684,0.604
12256,6.57296589189132,52.3552292364067,1.495,0.536
12257,6.57297481808941,52.3552365006619,1.421,0.509
12258,6.5729837442875,52.3552437649172,1.533,0.55
12259,6.57299267048559,52.3552510291725,1.394,0.5
12260,6.57300159668368,52.3552582934277,1.711,0.614
12261,6.57301052288176,52.355265557683,1.558,0.559
12262,6.57301944907985,52.3552728219383,1.59,0.57
12263,6.57302837527794,52.3552800861936,1.568,0.562
12264,6.57303730147603,52.3552873504488,1.683,0.603
12265,6.57304622767412,52.3552946147041,1.536,0.551
12266,6.5730551538722,52.3553018789594,1.577,0.565
12267,6.57306408007029,52.3553091432146,1.62,0.581
12268,6.57307300626838,52.3553164074699,1.537,0.551
12269,6.57308193246647,52.3553236717252,1.599,0.573
12270,6.57309085866456,52.3553309359804,1.837,0.659
12271,6.57309978486265,52.3553382002357,1.531,0.549
12272,6.57310871106073,52.355345464491,1.356,0.486
12273,6.57311763725882,52.3553527287462,1.546,0.554
12274,6.57312656290497,52.35535999368,1.631,0.585
12275,6.57313548380874,52.3553672644437,1.69,0.606
12276,6.57314440471251,52.3553745352073,1.633,0.585
12277,6.57315332561627,52.3553818059709,1.643,0.589
12278,6.57316220533509,52.3553891273638,1.77,0.635
12279,6.57317085069347,52.355396736859,1.684,0.604
12280,6.57317885808719,52.3554051306126,1.875,0.672
12281,6.57318686548091,52.3554135243661,1.607,0.576
12282,6.57319487287463,52.3554219181197,1.833,0.657
12283,6.57320419961653,52.3554286899812,1.714,0.615
12284,6.57321372070086,52.355435222935,1.677,0.601
12285,6.5732232417852,52.3554417558887,1.887,0.677
12286,6.57323213407417,52.3554490618289,1.827,0.655
12287,6.5732409464544,52.355456466002,1.861,0.667
12288,6.57324975883462,52.3554638701751,1.836,0.658
12289,6.57325857121484,52.3554712743481,1.725,0.618
12290,6.57326738359507,52.3554786785212,1.918,0.688
12291,6.57327619597529,52.3554860826942,1.936,0.694
12292,6.57328500835551,52.3554934868673,1.82,0.653
12293,6.57329382073574,52.3555008910404,2.189,0.785
12294,6.57330263311596,52.3555082952134,1.966,0.705
12295,6.57331144549619,52.3555156993865,2.134,0.765
12296,6.57332025787641,52.3555231035596,2.063,0.74
12297,6.57332907025663,52.3555305077326,2.186,0.784
12298,6.57333788156157,52.3555379132276,2.27,0.814
12299,6.57334666583098,52.3555453519576,2.129,0.763
12300,6.57335545010038,52.3555527906877,2.39,0.857
12301,6.57336423436978,52.3555602294178,2.391,0.857
12302,6.57337301950642,52.3555676670817,2.426,0.87
12303,6.5733818053518,52.3555751038744,2.163,0.776
12304,6.57339059119719,52.3555825406671,2.394,0.859
12305,6.57339937704257,52.3555899774598,2.287,0.82
12306,6.57340816288795,52.3555974142525,2.27,0.814
12307,6.57341694873333,52.3556048510452,2.749,0.986
12308,6.57342573457871,52.3556122878379,2.695,0.966
12309,6.5734345204241,52.3556197246306,2.583,0.926
12310,6.57344330626948,52.3556271614233,2.502,0.897
12311,6.57345184762947,52.3556348987651,2.85,1.022
12312,6.57346032066977,52.3556427200932,2.874,1.031
12313,6.57346869194982,52.3556506665165,2.598,0.932
12314,6.57347642708605,52.3556593949597,2.433,0.873
12315,6.57348416222228,52.355668123403,2.562,0.919
12316,6.57349403625433,52.3556742224735,2.708,0.971
12317,6.57350450050229,52.3556795959839,2.811,1.008
12318,6.57351381954921,52.3556863773049,2.957,1.06
12319,6.5735225211867,52.3556939176155,2.987,1.071
12320,6.57353122282419,52.355701457926,2.772,0.994
12321,6.57353992446168,52.3557089982366,2.734,0.98
12322,6.57354862609917,52.3557165385472,2.689,0.964
12323,6.57355732773666,52.3557240788577,2.565,0.92
12324,6.57356602937414,52.3557316191683,2.743,0.984
12325,6.57357473101163,52.3557391594788,2.559,0.918
12326,6.57358343264912,52.3557466997894,2.492,0.893
12327,6.57359213428661,52.3557542401,2.566,0.92
12328,6.5736008359241,52.3557617804105,2.787,0.999
12329,6.57360953756159,52.3557693207211,2.459,0.882
12330,6.57361823919908,52.3557768610317,2.492,0.894
12331,6.57362694083657,52.3557844013422,2.257,0.809
12332,6.57363564247406,52.3557919416528,2.61,0.936
12333,6.57364434411155,52.3557994819634,2.685,0.963
12334,6.57365304574903,52.3558070222739,2.689,0.964
12335,6.57366174738652,52.3558145625845,2.415,0.866
12336,6.57367044902401,52.355822102895,2.246,0.805
12337,6.5736791506615,52.3558296432056,2.27,0.814
12338,6.57368716064624,52.355838033774,2.082,0.747
12339,6.57369744749385,52.3558436253649,2.394,0.858
12340,6.57370683518765,52.3558503222974,1.976,0.709
12341,6.57371565059809,52.3558577227454,2.127,0.763
12342,6.57372446600853,52.3558651231934,2.084,0.747
12343,6.57373328141897,52.3558725236414,1.955,0.701
12344,6.57374209682941,52.3558799240894,1.865,0.669
12345,6.57375091223985,52.3558873245373,2.158,0.774
12346,6.57375972765029,52.3558947249853,2.047,0.734
12347,6.57376854306073,52.3559021254333,2.241,0.804
12348,6.57377735847117,52.3559095258813,2.002,0.718
12349,6.57378617388161,52.3559169263293,2.025,0.726
12350,6.57379498929205,52.3559243267772,2.032,0.728
12351,6.5738038047025,52.3559317272252,1.974,0.708
12352,6.57381262011294,52.3559391276732,1.888,0.677
12353,6.57382143552338,52.3559465281212,2.612,0.937
12354,6.57383025093382,52.3559539285692,2.196,0.787
12355,6.57383906634426,52.3559613290171,2.109,0.756
12356,6.5738478817547,52.3559687294651,2.29,0.821
12357,6.57385669716514,52.3559761299131,1.996,0.716
12358,6.57386551257558,52.3559835303611,2.235,0.801
12359,6.57387432798602,52.355990930809,2.504,0.898
12360,6.57388314339646,52.355998331257,2.293,0.822
12361,6.5738919588069,52.356005731705,2.324,0.833
12362,6.57390077421734,52.356013132153,2.458,0.881
12363,6.57390958962778,52.356020532601,2.406,0.863
12364,6.57391840503823,52.3560279330489,2.186,0.784
12365,6.57392722044867,52.3560353334969,2.536,0.909
12366,6.57393602186725,52.3560427511453,2.654,0.952
12367,6.5739447777861,52.356050224727,2.533,0.908
12368,6.57395353370495,52.3560576983088,2.302,0.825
12369,6.5739622896238,52.3560651718906,2.402,0.861
12370,6.57397104554265,52.3560726454724,2.55,0.914
12371,6.57397980146151,52.3560801190541,2.863,1.026
12372,6.57398855738036,52.3560875926359,3.023,1.084
12373,6.57399731329921,52.3560950662177,2.923,1.048
12374,6.57400606921806,52.3561025397995,2.925,1.049
12375,6.57401482513691,52.3561100133812,2.755,0.988
12376,6.57402358105576,52.356117486963,2.733,0.98
12377,6.57403233697462,52.3561249605448,2.952,1.059
12378,6.57404109289347,52.3561324341265,2.866,1.027
12379,6.57404984881232,52.3561399077083,2.658,0.953
12380,6.57405782275734,52.3561483425808,2.6,0.932
12381,6.5740655578494,52.3561570710784,2.837,1.017
12382,6.57407424312895,52.3561646314979,2.663,0.955
12383,6.57408425301207,52.356170563565,2.924,1.048
12384,6.57409403317539,52.3561767780295,2.93,1.05
12385,6.5741027807411,52.3561842618799,2.736,0.981
12386,6.57411152830681,52.3561917457303,2.554,0.916
12387,6.57412027587253,52.3561992295807,2.286,0.82
12388,6.57412902343824,52.3562067134311,2.5,0.896
12389,6.57413777100395,52.3562141972815,2.578,0.925
12390,6.57414651856966,52.3562216811319,2.425,0.869
12391,6.57415526613537,52.3562291649823,2.578,0.925
12392,6.57416401370108,52.3562366488327,2.646,0.949
12393,6.57417276126679,52.3562441326831,2.567,0.92
12394,6.57418150883251,52.3562516165335,2.282,0.818
12395,6.57419025639822,52.3562591003839,2.17,0.778
12396,6.57419900396393,52.3562665842343,2.142,0.768
12397,6.57420775152964,52.3562740680847,2.276,0.816
12398,6.57421649909535,52.3562815519351,2.472,0.886
12399,6.57422524666106,52.3562890357855,2.269,0.814
12400,6.57423399422677,52.3562965196359,2.299,0.824
12401,6.57424274179249,52.3563040034863,2.167,0.777
12402,6.5742514893582,52.3563114873367,2.167,0.777
12403,6.57426023692391,52.3563189711871,2.172,0.779
12404,6.57426898448962,52.3563264550375,2.213,0.793
12405,6.57427773205533,52.3563339388879,2.081,0.746
12406,6.57428647962104,52.3563414227383,2.052,0.736
12407,6.57429522718675,52.3563489065887,1.872,0.671
12408,6.57430397475247,52.3563563904391,1.816,0.651
12409,6.57431272231818,52.3563638742895,2.075,0.744
12410,6.57432146988389,52.3563713581399,1.819,0.652
12411,6.5743302174496,52.3563788419902,2.076,0.744
12412,6.57433896501531,52.3563863258406,2.111,0.757
12413,6.57434767715148,52.356393853245,1.865,0.669
12414,6.57435619712757,52.3564016168744,1.715,0.615
12415,6.57436478903397,52.3564092920788,1.952,0.7
12416,6.57437528701662,52.3564146241186,1.939,0.695
12417,6.57438569854762,52.3564200624346,1.799,0.645
12418,6.5743945139454,52.3564274628982,1.619,0.581
12419,6.57440332934318,52.3564348633617,1.853,0.665
12420,6.57441214474096,52.3564422638253,1.828,0.656
12421,6.57442096013874,52.3564496642888,1.797,0.645
12422,6.57442977553652,52.3564570647524,1.722,0.617
12423,6.57443859093429,52.3564644652159,1.758,0.63
12424,6.57444740633207,52.3564718656794,1.614,0.579
12425,6.57445622172985,52.356479266143,1.612,0.578
12426,6.57446503712763,52.3564866666065,1.726,0.619
12427,6.57447385252541,52.3564940670701,1.547,0.555
12428,6.57448266792319,52.3565014675336,1.605,0.576
12429,6.57449148332096,52.3565088679972,1.605,0.576
12430,6.57450029871874,52.3565162684607,1.756,0.63
12431,6.57450911411652,52.3565236689243,1.569,0.562
12432,6.5745179295143,52.3565310693878,1.646,0.59
12433,6.57452674491208,52.3565384698514,1.676,0.601
12434,6.57453556030986,52.3565458703149,1.682,0.603
12435,6.57454437570763,52.3565532707784,1.559,0.559
12436,6.57455319110541,52.356560671242,1.707,0.612
12437,6.57456200650319,52.3565680717055,1.817,0.652
12438,6.57457082190097,52.3565754721691,1.653,0.593
12439,6.57457963729875,52.3565828726326,1.715,0.615
12440,6.57458845269653,52.3565902730962,1.391,0.499
12441,6.5745972680943,52.3565976735597,1.894,0.679
12442,6.57460608349208,52.3566050740233,1.63,0.584
12443,6.57461489888986,52.3566124744868,1.718,0.616
12444,6.57462371428764,52.3566198749503,1.608,0.577
12445,6.57463252968542,52.3566272754139,1.53,0.549
12446,6.57464134508319,52.3566346758774,1.644,0.589
12447,6.57465016048097,52.356642076341,1.621,0.581
12448,6.57465889384297,52.3566495776522,1.64,0.588
12449,6.57466759910954,52.3566571135015,1.85,0.663
12450,6.57467630437612,52.3566646493508,1.519,0.545
12451,6.57468500964269,52.3566721852,1.674,0.6
12452,6.57469371490927,52.3566797210493,1.708,0.612
12453,6.57470242017584,52.3566872568986,1.546,0.554
12454,6.57471112544242,52.3566947927479,1.443,0.517
12455,6.574719830709,52.3567023285972,1.598,0.573
12456,6.57472783503671,52.3567107261198,1.703,0.611
12457,6.57473546090786,52.3567195888841,1.667,0.598
12458,6.57474248544597,52.3567291908749,1.585,0.568
12459,6.57475200768364,52.3567357224109,1.542,0.553
12460,6.57476170222265,52.3567420421346,1.599,0.573
12461,6.57477139676166,52.3567483618583,1.552,0.556
12462,6.57478036110765,52.3567555792178,1.755,0.629
12463,6.5747891994208,52.3567629515112,1.554,0.557
12464,6.57479803773396,52.3567703238045,1.622,0.582
12465,6.57480687604711,52.3567776960979,1.659,0.595
12466,6.57481571436027,52.3567850683913,1.783,0.639
12467,6.57482455267342,52.3567924406847,1.478,0.53
12468,6.57483339098658,52.356799812978,1.53,0.549
12469,6.57484222929973,52.3568071852714,1.677,0.601
12470,6.57485106761289,52.3568145575648,1.685,0.604
12471,6.57485990592604,52.3568219298581,1.691,0.606
12472,6.5748687442392,52.3568293021515,1.633,0.586
12473,6.57487758255235,52.3568366744449,1.604,0.575
12474,6.57488642086551,52.3568440467383,1.744,0.625
12475,6.57489525917866,52.3568514190316,1.684,0.604
12476,6.57490409749182,52.356858791325,1.676,0.601
12477,6.57491293580497,52.3568661636184,1.588,0.569
12478,6.57492177411813,52.3568735359118,1.62,0.581
12479,6.57493061243128,52.3568809082051,1.59,0.57
12480,6.57493945074444,52.3568882804985,1.646,0.59
12481,6.57494837265756,52.3568955500213,1.601,0.574
12482,6.57495730126769,52.3569028113114,1.6,0.574
12483,6.57496622987783,52.3569100726015,1.632,0.585
12484,6.57497515848797,52.3569173338916,1.727,0.619
12485,6.5749840870981,52.3569245951818,1.6,0.574
12486,6.57499301570824,52.3569318564719,1.599,0.573
12487,6.57500194431837,52.356939117762,1.665,0.597
12488,6.57501087292851,52.3569463790521,1.7,0.61
12489,6.57501980153864,52.3569536403422,1.776,0.637
12490,6.57502873014878,52.3569609016323,1.636,0.587
12491,6.57503765875891,52.3569681629224,1.708,0.612
12492,6.57504658736905,52.3569754242125,1.522,0.546
12493,6.57505551597919,52.3569826855026,1.558,0.559
12494,6.57506444458932,52.3569899467927,1.731,0.621
12495,6.57507337319946,52.3569972080828,1.746,0.626
12496,6.57508230180959,52.3570044693729,1.605,0.575
12497,6.57509123041973,52.357011730663,1.47,0.527
12498,6.57510015902986,52.3570189919531,1.586,0.569
12499,6.57510849204281,52.3570269854187,1.565,0.561
12500,6.57511671180984,52.357035118099,1.645,0.59
12501,6.57512493157686,52.3570432507792,1.546,0.554
12502,6.57513315134388,52.3570513834595,1.746,0.626
12503,6.57514137111091,52.3570595161397,1.58,0.566
12504,6.57514959087793,52.35706764882,1.637,0.587
12505,6.57515873803618,52.357074641446,1.672,0.6
12506,6.57516849491234,52.3570808845378,1.62,0.581
12507,6.5751782517885,52.3570871276296,1.794,0.643
12508,6.57518800866466,52.3570933707214,1.724,0.618
12509,6.5751970417708,52.3571005035532,1.61,0.577
12510,6.57520586490775,52.3571078945029,1.649,0.591
12511,6.57521468804471,52.3571152854526,1.545,0.554
12512,6.57522351118167,52.3571226764022,1.547,0.555
12513,6.57523233431863,52.3571300673519,1.608,0.576
12514,6.57524115745558,52.3571374583016,1.672,0.599
12515,6.57524998059254,52.3571448492512,1.617,0.58
12516,6.5752588037295,52.3571522402009,1.611,0.577
12517,6.57526762686646,52.3571596311506,1.665,0.597
12518,6.57527645000342,52.3571670221003,1.852,0.664
12519,6.57528527314037,52.3571744130499,1.542,0.553
12520,6.57529409627733,52.3571818039996,1.636,0.587
12521,6.57530291941429,52.3571891949493,1.613,0.578
12522,6.57531174255125,52.3571965858989,1.76,0.631
12523,6.5753205656882,52.3572039768486,1.755,0.629
12524,6.57532938882516,52.3572113677983,1.713,0.614
12525,6.57533821196212,52.3572187587479,1.579,0.566
12526,6.57534703509908,52.3572261496976,1.636,0.587
12527,6.57535585823603,52.3572335406473,1.638,0.587
12528,6.57536468137299,52.357240931597,1.585,0.568
12529,6.57537350450995,52.3572483225466,1.722,0.617
12530,6.57538232764691,52.3572557134963,1.601,0.574
12531,6.57539115078387,52.357263104446,1.627,0.583
12532,6.57539997392082,52.3572704953956,1.538,0.551
12533,6.57540879705778,52.3572778863453,1.575,0.565
12534,6.57541762019474,52.357285277295,1.726,0.619
12535,6.5754264433317,52.3572926682446,1.626,0.583
12536,6.57543526646865,52.3573000591943,1.594,0.572
12537,6.57544408960561,52.357307450144,1.575,0.565
12538,6.57545291274257,52.3573148410937,1.731,0.621
12539,6.57546173587953,52.3573222320433,1.715,0.615
12540,6.57547055901648,52.357329622993,1.638,0.587
12541,6.57547938215344,52.3573370139427,1.727,0.619
12542,6.5754882052904,52.3573444048923,1.721,0.617
12543,6.57549702842736,52.357351795842,1.808,0.648
12544,6.57550568063241,52.3573593969205,1.724,0.618
12545,6.575513661203,52.3573678236481,1.661,0.595
12546,6.5755216417736,52.3573762503757,1.79,0.642
12547,6.57552962234419,52.3573846771032,1.551,0.556
12548,6.57553760291478,52.3573931038308,1.578,0.566
12549,6.57554740622531,52.3573992898402,1.764,0.633
12550,6.57555815468426,52.3574043139663,1.627,0.583
12551,6.57556884603332,52.3574094082983,1.651,0.592
12552,6.5755777259501,52.3574167294477,1.782,0.639
12553,6.57558660586687,52.3574240505972,1.554,0.557
12554,6.57559548578365,52.3574313717467,1.747,0.627
12555,6.57560436570042,52.3574386928962,1.65,0.592
12556,6.57561324561719,52.3574460140457,1.759,0.631
12557,6.57562212553397,52.3574533351952,1.712,0.614
12558,6.57563100545074,52.3574606563447,1.78,0.638
12559,6.57563988536752,52.3574679774942,1.756,0.63
12560,6.57564876528429,52.3574752986437,1.493,0.535
12561,6.57565764520106,52.3574826197932,1.838,0.659
12562,6.57566652511784,52.3574899409427,1.783,0.639
12563,6.57567540503461,52.3574972620922,1.636,0.587
12564,6.57568428495138,52.3575045832417,1.657,0.594
12565,6.5756931388309,52.3575119363991,1.521,0.545
12566,6.57570192792719,52.3575193691955,1.625,0.582
12567,6.57571071702348,52.3575268019918,2.035,0.73
12568,6.57571950611978,52.3575342347881,1.581,0.567
12569,6.57572829521607,52.3575416675844,1.546,0.554
12570,6.57573708431237,52.3575491003807,1.722,0.617
12571,6.57574587340866,52.357556533177,1.625,0.583
12572,6.57575466250495,52.3575639659733,1.597,0.573
12573,6.57576345160125,52.3575713987696,1.817,0.652
12574,6.57577224069754,52.3575788315659,1.765,0.633
12575,6.57578102979384,52.3575862643622,1.739,0.623
12576,6.57578981889013,52.3575936971585,1.567,0.562
12577,6.57579860798642,52.3576011299548,1.622,0.581
12578,6.57580739708272,52.3576085627511,1.886,0.676
12579,6.57581618617901,52.3576159955474,1.661,0.595
12580,6.57582497527531,52.3576234283437,1.726,0.619
12581,6.5758337643716,52.35763086114,1.618,0.58
12582,6.5758425534679,52.3576382939363,1.741,0.624
12583,6.57585134256419,52.3576457267326,1.962,0.703
12584,6.57586013166048,52.357653159529,1.751,0.628
12585,6.57586892075678,52.3576605923253,1.884,0.676
12586,6.57587770985307,52.3576680251216,1.701,0.61
12587,6.57588649894937,52.3576754579179,1.864,0.668
12588,6.57589528804566,52.3576828907142,1.808,0.648
12589,6.57590407714195,52.3576903235105,1.799,0.645
12590,6.57591286623825,52.3576977563068,1.717,0.616
12591,6.57592165533454,52.3577051891031,1.772,0.636
12592,6.57593044443084,52.3577126218994,1.722,0.617
12593,6.57593923352713,52.3577200546957,1.488,0.533
12594,6.57594802262342,52.357727487492,1.648,0.591
12595,6.57595681171972,52.3577349202883,1.722,0.617
12596,6.57596560081601,52.3577423530846,1.748,0.627
12597,6.57597331527906,52.3577511069417,1.557,0.558
12598,6.57598089785834,52.3577600229252,1.875,0.672
12599,6.57598848043762,52.3577689389087,1.718,0.616
12600,6.57599688334313,52.3577768464545,1.741,0.624
12601,6.57600565249374,52.3577843037703,1.573,0.564
12602,6.57601442164436,52.357791761086,1.841,0.66
12603,6.57602452061013,52.3577975836426,1.733,0.622
12604,6.57603468839649,52.3578033215971,1.593,0.571
12605,6.57604485618285,52.3578090595516,1.505,0.54
12606,6.57605385196496,52.3578162382663,1.76,0.631
12607,6.57606267530494,52.3578236289664,1.663,0.596
12608,6.57607149864492,52.3578310196665,1.7,0.609
12609,6.5760803219849,52.3578384103665,1.663,0.596
12610,6.57608914532489,52.3578458010666,1.65,0.592
12611,6.57609796866487,52.3578531917667,1.725,0.618
12612,6.57610679200485,52.3578605824668,1.796,0.644
12613,6.57611561534484,52.3578679731669,1.705,0.611
12614,6.57612443868482,52.357875363867,1.632,0.585
12615,6.5761332620248,52.3578827545671,1.727,0.619
12616,6.57614208536479,52.3578901452672,1.737,0.623
12617,6.57615090870477,52.3578975359673,1.747,0.626
12618,6.57615973204475,52.3579049266673,1.84,0.66
12619,6.57616855538473,52.3579123173674,1.742,0.625
12620,6.57617737872472,52.3579197080675,1.608,0.577
12621,6.5761862020647,52.3579270987676,1.671,0.599
12622,6.57619502540468,52.3579344894677,1.69,0.606
12623,6.57620384874467,52.3579418801678,1.926,0.691
12624,6.57621267208465,52.3579492708679,1.627,0.583
12625,6.57622149542463,52.357956661568,1.601,0.574
12626,6.57623031876462,52.3579640522681,1.748,0.627
12627,6.5762391421046,52.3579714429681,1.75,0.627
12628,6.57624796544458,52.3579788336682,1.735,0.622
12629,6.57625678878456,52.3579862243683,1.73,0.62
12630,6.57626561212455,52.3579936150684,1.727,0.619
12631,6.57627443546453,52.3580010057685,1.586,0.569
12632,6.57628325880451,52.3580083964686,2.015,0.723
12633,6.5762920821445,52.3580157871687,1.858,0.666
12634,6.57630090548448,52.3580231778688,1.681,0.603
12635,6.57630972882446,52.3580305685689,1.45,0.52
12636,6.57631852536599,52.3580379922126,1.779,0.638
12637,6.57632729405215,52.3580454500994,1.756,0.629
12638,6.57633606273831,52.3580529079861,1.718,0.616
12639,6.57634483142448,52.3580603658729,1.758,0.63
12640,6.57635360011064,52.3580678237596,1.764,0.633
12641,6.5763623687968,52.3580752816464,1.756,0.63
12642,6.57637113748296,52.3580827395331,1.88,0.674
12643,6.57637990616913,52.3580901974199,1.783,0.639
12644,6.57638867485529,52.3580976553066,1.668,0.598
12645,6.57639744354145,52.3581051131934,1.59,0.57
12646,6.57640621222762,52.3581125710801,1.731,0.621
12647,6.57641498091378,52.3581200289669,1.672,0.6
12648,6.57642374959994,52.3581274868536,1.947,0.698
12649,6.5764325182861,52.3581349447404,1.732,0.621
12650,6.57644128697227,52.3581424026271,1.82,0.652
12651,6.57645005565843,52.3581498605139,1.794,0.643
12652,6.57645882434459,52.3581573184006,1.887,0.677
12653,6.57646759303075,52.3581647762874,1.591,0.57
12654,6.57647636171692,52.3581722341741,1.853,0.664
12655,6.57648513040308,52.3581796920609,1.677,0.601
12656,6.57649389908924,52.3581871499476,1.619,0.58
12657,6.57650144912988,52.3581961059313,1.788,0.641
12658,6.57650790104394,52.3582064118564,1.646,0.59
12659,6.57651666973565,52.3582138697364,1.692,0.607
12660,6.57652543842735,52.3582213276163,1.699,0.609
12661,6.57653492965713,52.3582278972707,1.934,0.693
12662,6.57654605837369,52.3582324539411,1.885,0.676
12663,6.57655591380478,52.358238575878,1.892,0.679
12664,6.57656481674338,52.3582458687264,1.668,0.598
12665,6.57657371968199,52.3582531615749,1.67,0.599
12666,6.5765826226206,52.3582604544234,1.996,0.716
12667,6.57659152555921,52.3582677472718,1.778,0.637
12668,6.57660042849781,52.3582750401203,1.801,0.646
12669,6.57660933143642,52.3582823329687,1.735,0.622
12670,6.5766183388297,52.3582894974097,1.701,0.61
12671,6.57662734659784,52.3582966613898,1.632,0.585
12672,6.57663635436599,52.3583038253699,1.763,0.632
12673,6.57664536213413,52.35831098935,1.688,0.605
12674,6.57665436990228,52.3583181533302,1.792,0.642
12675,6.57666337767042,52.3583253173103,1.668,0.598
12676,6.57667238543856,52.3583324812904,1.799,0.645
12677,6.57668139320671,52.3583396452706,1.673,0.6
12678,6.57669040097485,52.3583468092507,1.723,0.618
12679,6.57669940874299,52.3583539732308,1.671,0.599
12680,6.57670841651114,52.3583611372109,1.612,0.578
12681,6.57671742427928,52.3583683011911,1.69,0.606
12682,6.57672643204743,52.3583754651712,1.78,0.638
12683,6.57673543981557,52.3583826291513,1.738,0.623
12684,6.57674444758371,52.3583897931314,1.727,0.619
12685,6.57675316253692,52.3583973170728,1.925,0.69
12686,6.57676159443572,52.3584051889767,2.181,0.782
12687,6.57677002633452,52.3584130608806,1.883,0.675
12688,6.57677845823331,52.3584209327845,1.749,0.627
12689,6.57678689013211,52.3584288046884,1.851,0.664
12690,6.57679532203091,52.3584366765922,1.846,0.662
12691,6.57680375392971,52.3584445484961,1.812,0.65
12692,6.5768121858285,52.3584524204,1.817,0.652
12693,6.5768206177273,52.3584602923039,1.729,0.62
12694,6.5768290496261,52.3584681642078,1.835,0.658
12695,6.57683748152489,52.3584760361116,1.71,0.613
12696,6.57684627795479,52.3584834598927,1.741,0.624
12697,6.5768555445873,52.3584903056474,1.956,0.701
12698,6.5768648112198,52.3584971514022,1.773,0.636
12699,6.57687407785231,52.3585039971569,1.779,0.638
12700,6.57688334448482,52.3585108429117,1.886,0.676
12701,6.57689261111733,52.3585176886665,1.693,0.607
12702,6.57690187774984,52.3585245344212,1.859,0.667
12703,6.57691114438234,52.358531380176,1.915,0.687
12704,6.57692041101485,52.3585382259308,1.818,0.652
12705,6.57692967764736,52.3585450716855,1.994,0.715
12706,6.57693894427987,52.3585519174403,1.719,0.616
12707,6.57694821091238,52.358558763195,1.638,0.587
12708,6.57695747754488,52.3585656089498,1.722,0.618
12709,6.57696674417739,52.3585724547046,1.776,0.637
12710,6.5769760108099,52.3585793004593,1.714,0.615
12711,6.57698527744241,52.3585861462141,1.545,0.554
12712,6.57699454407492,52.3585929919688,1.817,0.652
12713,6.57700381070743,52.3585998377236,1.708,0.612
12714,6.57701307733993,52.3586066834784,1.551,0.556
12715,6.57702234397244,52.3586135292331,1.829,0.656
12716,6.57703161060495,52.3586203749879,1.71,0.613
12717,6.57704087723746,52.3586272207427,1.803,0.646
12718,6.57705014386997,52.3586340664974,1.931,0.693
12719,6.57705944779469,52.3586408664084,1.656,0.594
12720,6.57706885002861,52.3586475454665,1.694,0.608
12721,6.57707825226253,52.3586542245247,1.806,0.648
12722,6.57708765449645,52.3586609035829,1.569,0.563
12723,6.57709705673037,52.358667582641,1.799,0.645
12724,6.57710645895998,52.3586742617045,1.642,0.589
12725,6.57711586040919,52.3586809417273,1.737,0.623
12726,6.5771252618584,52.3586876217501,1.708,0.612
12727,6.57713466330761,52.3586943017729,1.849,0.663
12728,6.57714406475682,52.3587009817957,1.893,0.679
12729,6.57715346620603,52.3587076618186,1.694,0.607
12730,6.57716286765524,52.3587143418414,1.721,0.617
12731,6.57717226910445,52.3587210218642,1.903,0.682
12732,6.57718167055366,52.358727701887,1.698,0.609
12733,6.57719107200287,52.3587343819098,1.857,0.666
12734,6.57720047345208,52.3587410619327,1.751,0.628
12735,6.57720987490129,52.3587477419555,1.801,0.646
12736,6.5772192763505,52.3587544219783,1.655,0.593
12737,6.57722867779971,52.3587611020011,1.552,0.557
12738,6.57723817517608,52.3587676640994,1.62,0.581
12739,6.57724775490432,52.3587741249615,1.806,0.648
12740,6.57725733463255,52.3587805858236,1.706,0.612
12741,6.57726691436079,52.3587870466856,1.731,0.621
12742,6.57727649408902,52.3587935075477,1.759,0.631
12743,6.57728607381725,52.3587999684098,1.833,0.657
12744,6.57729565354549,52.3588064292718,1.74,0.624
12745,6.57730523327372,52.3588128901339,1.936,0.694
12746,6.57731481300196,52.358819350996,1.705,0.611
12747,6.57732439273019,52.3588258118581,1.678,0.602
12748,6.57733397245842,52.3588322727201,1.831,0.656
12749,6.57734355218666,52.3588387335822,1.614,0.579
12750,6.57735313191489,52.3588451944443,1.706,0.612
12751,6.57736271164313,52.3588516553063,1.696,0.608
12752,6.57737229137136,52.3588581161684,1.667,0.598
12753,6.57738187109959,52.3588645770305,1.649,0.591
12754,6.57739145082783,52.3588710378925,1.662,0.596
12755,6.57740103055606,52.3588774987546,1.891,0.678
12756,6.5774106102843,52.3588839596167,1.762,0.632
12757,6.57742019001253,52.3588904204788,1.696,0.608
12758,6.57742993189573,52.3588966820016,1.741,0.624
12759,6.57743968504854,52.3589029296706,1.774,0.636
12760,6.57744943820135,52.3589091773395,1.695,0.608
12761,6.57745919135416,52.3589154250085,1.646,0.59
12762,6.57746894450697,52.3589216726774,1.724,0.618
12763,6.57747869765977,52.3589279203464,1.634,0.586
12764,6.57748845081258,52.3589341680154,1.728,0.62
12765,6.57749820396539,52.3589404156843,1.65,0.591
12766,6.57750794327487,52.3589466803711,1.77,0.635
12767,6.5775176797921,52.3589529484904,1.918,0.688
12768,6.57752741630933,52.3589592166097,1.572,0.564
12769,6.57753715282656,52.358965484729,1.8,0.646
12770,6.57754688934379,52.3589717528483,1.884,0.675
12771,6.57755662586103,52.3589780209676,1.762,0.632
12772,6.57756636237826,52.3589842890869,1.839,0.659
12773,6.57757609889549,52.3589905572062,1.705,0.611
12774,6.57758583541272,52.3589968253255,1.525,0.547
12775,6.57759557192995,52.3590030934448,1.834,0.658
12776,6.57760530844718,52.359009361564,1.564,0.561
12777,6.5776150623963,52.3590156082541,1.824,0.654
12778,6.57762492316274,52.3590217236322,1.571,0.563
12779,6.57763478392918,52.3590278390103,1.607,0.576
12780,6.57764464469563,52.3590339543884,1.624,0.582
12781,6.57765450546207,52.3590400697665,1.647,0.59
12782,6.57766436622851,52.3590461851446,1.641,0.588
12783,6.57767422699495,52.3590523005227,1.808,0.648
12784,6.5776840877614,52.3590584159008,1.58,0.566
12785,6.57769394852784,52.359064531279,1.802,0.646
12786,6.57770380929428,52.3590706466571,1.581,0.567
12787,6.57771367006073,52.3590767620352,1.668,0.598
12788,6.57772353082717,52.3590828774133,1.727,0.619
12789,6.57773339159361,52.3590889927914,1.693,0.607
12790,6.57774325236005,52.3590951081695,1.674,0.6
12791,6.5777531131265,52.3591012235476,1.768,0.634
12792,6.57776297389294,52.3591073389257,1.879,0.674
12793,6.57777283465938,52.3591134543038,1.777,0.637
12794,6.57778269542583,52.3591195696819,1.87,0.67
12795,6.57779255619227,52.35912568506,1.575,0.565
12796,6.57780248929566,52.3591317115134,1.659,0.595
12797,6.57781255604091,52.359137573679,1.81,0.649
12798,6.57782262278617,52.3591434358447,1.635,0.586
12799,6.57783268953143,52.3591492980103,1.717,0.616
12800,6.57784275627668,52.359155160176,1.969,0.706
12801,6.57785282302194,52.3591610223416,1.6,0.574
12802,6.5778628897672,52.3591668845072,1.576,0.565
12803,6.57787295651245,52.3591727466729,1.863,0.668
12804,6.57788302325771,52.3591786088385,1.743,0.625
12805,6.57789309000297,52.3591844710042,1.757,0.63
12806,6.57790320760446,52.3591902706516,1.533,0.55
12807,6.57791333492372,52.3591960583528,1.657,0.594
12808,6.57792346224298,52.359201846054,1.716,0.615
12809,6.57793358956223,52.3592076337553,1.767,0.633
12810,6.57794371688149,52.3592134214565,1.881,0.674
12811,6.57795384420075,52.3592192091577,1.692,0.607
12812,6.57796397152001,52.359224996859,1.479,0.53
12813,6.57797409883926,52.3592307845602,1.748,0.627
12814,6.57798422615852,52.3592365722614,1.768,0.634
12815,6.57799435347778,52.3592423599626,1.75,0.627
12816,6.57800448079704,52.3592481476639,1.707,0.612
12817,6.57801460811629,52.3592539353651,1.706,0.612
12818,6.57802473543555,52.3592597230663,1.772,0.635
12819,6.57803486275481,52.3592655107676,1.586,0.569
12820,6.57804499007407,52.3592712984688,1.647,0.591
12821,6.57805511739332,52.35927708617,1.504,0.539
12822,6.57806524471258,52.3592828738713,1.587,0.569
12823,6.57807537203184,52.3592886615725,1.649,0.591
12824,6.5780854993511,52.3592944492737,1.622,0.582
12825,6.57809562667035,52.3593002369749,1.683,0.603
12826,6.57810575949778,52.3593060179049,1.615,0.579
12827,6.57811603565993,52.3593116226316,1.717,0.616
12828,6.57812631182208,52.3593172273583,1.804,0.647
12829,6.57813658798423,52.359322832085,1.651,0.592
12830,6.57814686414638,52.3593284368117,1.836,0.658
12831,6.57815714030853,52.3593340415384,1.799,0.645
12832,6.57816741647068,52.3593396462651,1.689,0.606
12833,6.57817769263283,52.3593452509918,1.703,0.611
12834,6.57818796879498,52.3593508557185,1.663,0.596
12835,6.57819824495713,52.3593564604453,1.764,0.633
12836,6.57820852111928,52.359362065172,1.706,0.612
12837,6.57821879728143,52.3593676698987,1.6,0.574
12838,6.57822907344358,52.3593732746254,1.612,0.578
12839,6.57823934960573,52.3593788793521,1.734,0.622
12840,6.57824962576788,52.3593844840788,1.973,0.708
12841,6.57825990193002,52.3593900888055,1.741,0.624
12842,6.57827017809217,52.3593956935322,1.563,0.561
12843,6.57828045425432,52.3594012982589,1.721,0.617
12844,6.57829073041647,52.3594069029856,1.753,0.629
12845,6.57830100657862,52.3594125077123,1.738,0.623
12846,6.57831128274077,52.359418112439,1.784,0.64
12847,6.57832155890292,52.3594237171657,1.915,0.687
12848,6.57833183506507,52.3594293218924,1.738,0.623
12849,6.57834211122722,52.3594349266191,1.698,0.609
12850,6.57835238738937,52.3594405313458,1.544,0.554
12851,6.57836266355152,52.3594461360725,1.561,0.56
12852,6.57837301073964,52.3594516534861,1.705,0.611
12853,6.57838345736003,52.3594570486662,1.688,0.605
12854,6.57839390398043,52.3594624438464,1.668,0.598
12855,6.57840435060082,52.3594678390265,1.87,0.67
12856,6.57841479722122,52.3594732342067,1.655,0.594
12857,6.57842524384161,52.3594786293868,1.857,0.666
12858,6.57843569046201,52.359484024567,1.621,0.581
12859,6.5784461370824,52.3594894197471,1.706,0.612
12860,6.5784565837028,52.3594948149273,1.601,0.574
12861,6.57846703032319,52.3595002101074,1.459,0.523
12862,6.57847747694359,52.3595056052875,1.727,0.619
12863,6.57848792356398,52.3595110004677,1.768,0.634
12864,6.57849837018438,52.3595163956478,1.73,0.62
12865,6.57850881680477,52.359521790828,1.709,0.613
12866,6.57851926342517,52.3595271860081,1.688,0.605
12867,6.57852971004556,52.3595325811883,1.504,0.539
12868,6.57854015666596,52.3595379763684,1.502,0.539
12869,6.57855060328635,52.3595433715486,1.671,0.599
12870,6.57856104990675,52.3595487667287,1.741,0.624
12871,6.57857149652714,52.3595541619088,1.632,0.585
12872,6.57858194314754,52.359559557089,1.671,0.599
12873,6.57859238976793,52.3595649522691,1.862,0.668
12874,6.57860287804883,52.3595702962355,1.689,0.606
12875,6.57861348743064,52.3595754913309,1.664,0.597
12876,6.57862409681245,52.3595806864263,1.6,0.574
12877,6.57863470619426,52.3595858815217,1.654,0.593
12878,6.57864531557607,52.3595910766171,1.642,0.589
12879,6.57865592495788,52.3595962717125,1.624,0.582
12880,6.57866653433969,52.3596014668079,1.826,0.655
12881,6.5786771437215,52.3596066619033,1.714,0.614
12882,6.57868775310332,52.3596118569987,1.643,0.589
12883,6.57869836248513,52.3596170520941,1.858,0.666
12884,6.57870896673388,52.3596222534996,1.96,0.703
12885,6.57871957060076,52.3596274553746,1.707,0.612
12886,6.57873017446764,52.3596326572495,1.757,0.63
12887,6.57874077833453,52.3596378591245,1.838,0.659
12888,6.57875138220141,52.3596430609995,1.613,0.578
12889,6.57876198606829,52.3596482628744,1.775,0.636
12890,6.57877260795572,52.3596534425965,1.649,0.591
12891,6.57878334036519,52.3596584864524,1.695,0.608
12892,6.57879407277466,52.3596635303083,1.832,0.657
12893,6.57880480518414,52.3596685741641,1.634,0.586
12894,6.57881553759361,52.35967361802,1.632,0.585
12895,6.57882626985737,52.359678662055,1.502,0.539
12896,6.57883700076602,52.3596837077559,1.649,0.591
12897,6.57884773167467,52.3596887534567,1.745,0.626
12898,6.57885846258333,52.3596937991576,1.558,0.559
12899,6.57886919349198,52.3596988448584,1.68,0.603
12900,6.57887992440064,52.3597038905593,1.598,0.573
12901,6.57889065530929,52.3597089362601,1.601,0.574
12902,6.57890138621795,52.359713981961,1.641,0.588
12903,6.5789121171266,52.3597190276618,1.563,0.56
12904,6.57892284803525,52.3597240733627,1.712,0.614
12905,6.57893357894391,52.3597291190635,1.55,0.556
12906,6.57894430985256,52.3597341647644,1.631,0.585
12907,6.57895507471762,52.3597391687222,1.726,0.619
12908,6.57896591679267,52.3597440777647,1.708,0.612
12909,6.57897675886772,52.3597489868073,1.681,0.603
12910,6.57898760094277,52.3597538958498,1.735,0.622
12911,6.57899844301782,52.3597588048924,1.462,0.524
12912,6.57900928509287,52.3597637139349,1.521,0.545
12913,6.57902012716792,52.3597686229774,1.62,0.581
12914,6.57903096924297,52.35977353202,1.715,0.615
12915,6.57904181131802,52.3597784410625,1.591,0.57
12916,6.57905265339307,52.359783350105,1.632,0.585
12917,6.57906349546812,52.3597882591476,1.698,0.609
12918,6.57907433754317,52.3597931681901,1.555,0.558
12919,6.57908517961822,52.3597980772327,1.613,0.578
12920,6.57909602169327,52.3598029862752,1.624,0.582
12921,6.57910686376831,52.3598078953178,1.614,0.579
12922,6.57911770584336,52.3598128043603,1.609,0.577
12923,6.57912854791841,52.3598177134028,1.719,0.616
12924,6.57913938999346,52.3598226224454,1.564,0.561
12925,6.57915030715395,52.3598274391844,1.679,0.602
12926,6.57916127271036,52.3598321964297,1.496,0.536
12927,6.57917223826677,52.359836953675,1.412,0.506
12928,6.57918320382318,52.3598417109203,1.764,0.632
12929,6.57919416937959,52.3598464681655,1.455,0.522
12930,6.579205134936,52.3598512254108,1.482,0.531
12931,6.5792161004924,52.3598559826561,1.772,0.635
12932,6.57922706604881,52.3598607399014,1.517,0.544
12933,6.57923803160522,52.3598654971467,1.684,0.604
12934,6.57924899716163,52.3598702543919,1.719,0.616
12935,6.57925996271804,52.3598750116372,1.67,0.599
12936,6.57927092827445,52.3598797688825,1.565,0.561
12937,6.57928189383086,52.3598845261278,1.687,0.605
12938,6.57929285938727,52.3598892833731,1.442,0.517
12939,6.57930382494368,52.3598940406184,1.669,0.598
12940,6.57931479050009,52.3598987978636,1.659,0.595
12941,6.5793257560565,52.3599035551089,1.545,0.554
12942,6.57933678878862,52.3599082297742,1.56,0.559
12943,6.5793478263917,52.3599128984516,1.412,0.506
12944,6.57935888051259,52.3599175468234,1.605,0.575
12945,6.57936993859972,52.3599221903194,1.489,0.534
12946,6.57938099668685,52.3599268338155,1.503,0.539
12947,6.57939205477398,52.3599314773115,1.568,0.562
12948,6.57940311286111,52.3599361208076,1.78,0.638
12949,6.57941417094825,52.3599407643036,1.519,0.544
12950,6.57942522903538,52.3599454077997,1.647,0.591
12951,6.57943628712251,52.3599500512957,1.618,0.58
12952,6.57944734520964,52.3599546947918,1.643,0.589
12953,6.57945840329677,52.3599593382878,1.758,0.63
12954,6.5794694695747,52.3599639717148,1.519,0.545
12955,6.57948058464464,52.3599685451611,1.458,0.523
12956,6.57949169971459,52.3599731186075,1.481,0.531
12957,6.57950281478453,52.3599776920538,1.508,0.541
12958,6.57951392985447,52.3599822655001,1.53,0.549
12959,6.57952504492441,52.3599868389465,1.558,0.559
12960,6.57953615999436,52.3599914123928,1.406,0.504
12961,6.5795472750643,52.3599959858391,1.639,0.588
12962,6.57955839013424,52.3600005592855,1.741,0.624
12963,6.57956950520419,52.3600051327318,1.608,0.576
12964,6.5795807174295,52.3600095867438,1.531,0.549
12965,6.57959199235748,52.3600139636745,1.612,0.578
12966,6.57960326728547,52.3600183406052,1.704,0.611
12967,6.57961454221345,52.360022717536,1.69,0.606
12968,6.57962581714144,52.3600270944667,1.556,0.558
12969,6.57963709206942,52.3600314713974,1.643,0.589
12970,6.5796483669974,52.3600358483282,1.49,0.534
12971,6.57965964192539,52.3600402252589,1.617,0.58
12972,6.57967091685337,52.3600446021897,1.395,0.5
12973,6.57968219178136,52.3600489791204,1.624,0.582
12974,6.57969358208702,52.3600532142158,1.495,0.536
12975,6.57970500523783,52.3600574089343,1.593,0.571
12976,6.57971642838864,52.3600616036528,1.47,0.527
12977,6.57972785153945,52.3600657983713,1.561,0.56
12978,6.57973927469025,52.3600699930897,1.418,0.508
12979,6.57975117201502,52.3600736048999,1.449,0.52
12980,6.57976714819744,52.3600722025168,1.48,0.531
12981,6.57977855227298,52.3600764206848,1.558,0.559
12982,6.57978545857867,52.3600861680203,1.633,0.585
12983,6.57979120459239,52.3600986586701,1.561,0.56
12984,6.57980062743361,52.3601092834549,1.653,0.593
12985,6.57981005027482,52.3601199082398,1.459,0.523
12986,6.57981947311603,52.3601305330246,1.616,0.579
12987,6.57982889595725,52.3601411578094,1.658,0.594
12988,6.57983831879846,52.3601517825942,1.569,0.563
12989,6.57984774163968,52.360162407379,1.532,0.549
12990,6.57985716448089,52.3601730321638,1.414,0.507
12991,6.5798665873221,52.3601836569486,1.63,0.584
12992,6.57987601016332,52.3601942817334,1.485,0.533
12993,6.57988543300453,52.3602049065182,1.306,0.468
12994,6.57989485584575,52.360215531303,1.733,0.621
12995,6.57990427868696,52.3602261560878,1.634,0.586
12996,6.57991370152818,52.3602367808726,1.511,0.542
12997,6.57992312436939,52.3602474056574,1.602,0.574
12998,6.5799325472106,52.3602580304422,1.496,0.537
12999,6.57994197005182,52.360268655227,1.546,0.554
13000,6.57995139289303,52.3602792800118,1.568,0.562
13001,6.57996081573425,52.3602899047966,1.479,0.53
13002,6.57997023857546,52.3603005295814,1.458,0.523
13003,6.57997966141667,52.3603111543663,1.617,0.58
13004,6.57998908425789,52.3603217791511,1.551,0.556
13005,6.58000950783174,52.3603142166382,1.516,0.544
13006,6.58003272154822,52.3603020412368,1.545,0.554
13007,6.58005455457476,52.3602987252624,1.516,0.544
13008,6.58007552361689,52.360300953188,1.602,0.575
13009,6.58009649265902,52.3603031811136,1.548,0.555
13010,6.58011746170116,52.3603054090392,1.403,0.503
13011,6.5801384307433,52.3603076369648,1.583,0.568
13012,6.58015939978543,52.3603098648903,1.533,0.549
13013,6.58018036882757,52.3603120928159,1.586,0.569
13014,6.58020136537875,52.3603141442251,1.524,0.547
13015,6.58022244795167,52.3603156436614,1.45,0.52
13016,6.58024353052459,52.3603171430978,1.576,0.565
13017,6.58026461309751,52.3603186425342,1.541,0.553
13018,6.58028567025378,52.3603203050608,1.557,0.558
13019,6.5803067200168,52.3603220150273,1.608,0.577
13020,6.58032776977983,52.3603237249939,1.432,0.513
13021,6.58034881474009,52.3603254657781,1.568,0.562
13022,6.5803698594474,52.3603272081855,1.512,0.542
13023,6.58039090415471,52.3603289505928,1.557,0.558
13024,6.58041194886203,52.3603306930002,1.444,0.518
13025,6.58043299631777,52.3603324177718,1.63,0.584
13026,6.58045407736583,52.3603339269927,1.513,0.543
13027,6.58047503431538,52.3603362325124,1.454,0.521
13028,6.58049570286319,52.3603403886098,1.323,0.474
13029,6.58051617876122,52.3603457808768,1.448,0.519
13030,6.58053651268153,52.3603520841674,1.347,0.483
13031,6.58055560693045,52.3603663420161,1.528,0.548
13032,6.58057462260349,52.3603811040601,1.511,0.542
13033,6.58059493923654,52.3603875182772,1.484,0.532
13034,6.5806152558696,52.3603939324944,1.583,0.568
13035,6.58063741756772,52.3603885075441,1.319,0.473
13036,6.58065817758932,52.3603920766847,1.57,0.563
13037,6.58067852535116,52.3603982911589,1.518,0.544
13038,6.580698873113,52.360404505633,1.537,0.551
13039,6.58071475594508,52.3604094981779,1.566,0.561
13040,6.58072701073916,52.3604134978281,1.449,0.519
13041,6.58073926553324,52.3604174974783,1.477,0.53
13042,6.58075152032731,52.3604214971285,1.503,0.539
13043,6.58076377512139,52.3604254967786,1.345,0.482
13044,6.58077476950281,52.3604290035577,1.396,0.5
13045,6.58078552156254,52.3604324155794,1.446,0.519
13046,6.58079627362226,52.360435827601,1.467,0.526
13047,6.58080702568198,52.3604392396227,1.48,0.531
13048,6.58081777774171,52.3604426516444,1.41,0.506
13049,6.58082852980143,52.3604460636661,1.337,0.479
13050,6.58083928186116,52.3604494756878,1.442,0.517
13051,6.58085003392088,52.3604528877094,1.602,0.574
13052,6.5808607859806,52.3604562997311,1.346,0.483
13053,6.58087153804033,52.3604597117528,1.38,0.495
13054,6.58088234297551,52.3604629343041,1.39,0.498
13055,6.58089321302481,52.3604659235298,1.432,0.514
13056,6.58090408307412,52.3604689127555,1.412,0.506
13057,6.58091495312342,52.3604719019811,1.404,0.504
13058,6.58092581664379,52.3604749146022,1.374,0.493
13059,6.58093666224775,52.3604779914237,1.343,0.481
13060,6.58094750785171,52.3604810682452,1.449,0.52
13061,6.58095835345567,52.3604841450667,1.516,0.544
13062,6.58096919905964,52.3604872218881,1.489,0.534
13063,6.5809800446636,52.3604902987096,1.386,0.497
13064,6.58099089026756,52.3604933755311,1.36,0.487
13065,6.58100173587152,52.3604964523526,1.408,0.505
13066,6.58101258147549,52.3604995291741,1.558,0.559
13067,6.58102342707945,52.3605026059956,1.358,0.487
13068,6.58103427268341,52.3605056828171,1.487,0.533
13069,6.58104514377736,52.3605086682995,1.376,0.493
13070,6.58105602110669,52.3605116314384,1.401,0.502
13071,6.58106689843601,52.3605145945774,1.356,0.486
13072,6.58107777576534,52.3605175577163,1.458,0.523
13073,6.58108865309466,52.3605205208552,1.289,0.462
13074,6.58109953042398,52.3605234839942,1.388,0.498
13075,6.58111040775331,52.3605264471331,1.444,0.518
13076,6.58112128508263,52.3605294102721,1.397,0.501
13077,6.58113216241196,52.360532373411,1.463,0.524
13078,6.58114303974128,52.36053533655,1.461,0.524
13079,6.5811539170706,52.3605382996889,1.419,0.509
13080,6.58116479439993,52.3605412628279,1.5,0.538
13081,6.58117567172925,52.3605442259668,1.552,0.556
13082,6.58118654905858,52.3605471891058,1.373,0.492
13083,6.58119742633513,52.3605501524338,1.492,0.535
13084,6.58120830260419,52.360553119372,1.567,0.562
13085,6.58121917887325,52.3605560863103,1.347,0.483
13086,6.58123005514231,52.3605590532485,1.417,0.508
13087,6.58124093141137,52.3605620201867,1.469,0.527
13088,6.58125180768043,52.3605649871249,1.388,0.498
13089,6.58126268394949,52.3605679540632,1.389,0.498
13090,6.58127356021855,52.3605709210014,1.443,0.518
13091,6.58128443648761,52.3605738879396,1.349,0.484
13092,6.58129531275667,52.3605768548778,1.431,0.513
13093,6.58130618902573,52.3605798218161,1.416,0.508
13094,6.58131706529479,52.3605827887543,1.418,0.508
13095,6.58132794156385,52.3605857556925,1.445,0.518
13096,6.58133881783291,52.3605887226307,1.36,0.488
13097,6.58134969410196,52.360591689569,1.293,0.464
13098,6.58136057037102,52.3605946565072,1.449,0.519
13099,6.58137144664008,52.3605976234454,1.575,0.565
13100,6.58138239010675,52.3606003495922,1.412,0.506
13101,6.58139343690198,52.3606027054783,1.521,0.545
13102,6.58140448369721,52.3606050613645,1.471,0.528
13103,6.58141553049244,52.3606074172506,1.509,0.541
13104,6.58142650911862,52.3606100174091,1.401,0.502
13105,6.58143748739855,52.3606126188084,1.493,0.535
13106,6.58144846567849,52.3606152202076,1.454,0.521
13107,6.58145944395842,52.3606178216069,1.413,0.507
13108,6.58147042223836,52.3606204230062,1.363,0.489
13109,6.58148140051829,52.3606230244054,1.362,0.488
13110,6.58149237879823,52.3606256258047,1.423,0.51
13111,6.58150335707816,52.3606282272039,1.384,0.496
13112,6.5815143353581,52.3606308286032,1.451,0.52
13113,6.58152531363803,52.3606334300024,1.455,0.522
13114,6.58153629191797,52.3606360314017,1.573,0.564
13115,6.5815472701979,52.3606386328009,1.494,0.536
13116,6.58155824847784,52.3606412342002,1.402,0.503
13117,6.58156922675777,52.3606438355995,1.38,0.495
13118,6.58158020503771,52.3606464369987,1.507,0.54
13119,6.58159118331765,52.360649038398,1.426,0.511
13120,6.58160216159758,52.3606516397972,1.426,0.511
13121,6.58161313987751,52.3606542411965,1.502,0.539
13122,6.58162411815745,52.3606568425957,1.243,0.446
13123,6.58163509643739,52.360659443995,1.305,0.468
13124,6.58164607471732,52.3606620453942,1.427,0.512
13125,6.58165705299726,52.3606646467935,1.315,0.471
13126,6.58166803127719,52.3606672481928,1.525,0.547
13127,6.58167900955713,52.360669849592,1.275,0.457
13128,6.58168998783706,52.3606724509913,1.408,0.505
13129,6.581700966117,52.3606750523905,1.451,0.52
13130,6.58171194439693,52.3606776537898,1.462,0.524
13131,6.58172292267687,52.360680255189,1.521,0.545
13132,6.5817339009568,52.3606828565883,1.423,0.51
13133,6.58174487900232,52.3606854588276,1.324,0.475
13134,6.58175585416098,52.3606880714114,1.437,0.515
13135,6.58176682931965,52.3606906839952,1.46,0.523
13136,6.58177780447831,52.360693296579,1.487,0.533
13137,6.58178877963698,52.3606959091628,1.549,0.555
13138,6.58179975479565,52.3606985217466,1.388,0.498
13139,6.58181072995431,52.3607011343304,1.472,0.528
13140,6.58182170511298,52.3607037469142,1.624,0.582
13141,6.58183268027164,52.360706359498,1.425,0.511
13142,6.58184365543031,52.3607089720818,1.362,0.488
13143,6.58185463058897,52.3607115846656,1.347,0.483
13144,6.58186560574764,52.3607141972494,1.314,0.471
13145,6.58187658090631,52.3607168098332,1.348,0.483
13146,6.58188755606497,52.360719422417,1.288,0.462
13147,6.58189853122364,52.3607220350008,1.392,0.499
13148,6.5819095063823,52.3607246475846,1.3,0.466
13149,6.58192048154097,52.3607272601684,1.372,0.492
13150,6.58193145669964,52.3607298727522,1.405,0.504
13151,6.5819424318583,52.360732485336,1.323,0.474
13152,6.58195340701697,52.3607350979198,1.395,0.5
13153,6.58196438217563,52.3607377105036,1.432,0.514
13154,6.5819753573343,52.3607403230874,1.371,0.491
13155,6.58198617146831,52.3607435126763,1.237,0.443
13156,6.58199673574233,52.3607475975967,1.288,0.462
13157,6.58200730001637,52.3607516825171,1.405,0.504
13158,6.58201791919344,52.3607555707016,1.405,0.504
13159,6.58202894751359,52.3607579927901,1.418,0.508
13160,6.58203997583374,52.3607604148786,1.36,0.488
13161,6.58205100415389,52.3607628369671,1.376,0.493
13162,6.58206203247404,52.3607652590556,1.374,0.493
13163,6.58207306079419,52.360767681144,1.433,0.514
13164,6.58208408911434,52.3607701032325,1.313,0.471
13165,6.58209511743449,52.360772525321,1.351,0.484
13166,6.58210614575464,52.3607749474095,1.382,0.495
13167,6.58211725269853,52.3607770877629,1.395,0.5
13168,6.58212874544103,52.3607778456713,1.38,0.495
13169,6.58213947400818,52.3607813418747,1.323,0.474
13170,6.58215020257533,52.3607848380781,1.407,0.505
13171,6.58216093114249,52.3607883342815,1.348,0.483
13172,6.58217180971,52.3607912929836,1.365,0.49
13173,6.58218327368808,52.3607921539645,1.588,0.569
13174,6.58219473766617,52.3607930149454,1.387,0.497
13175,6.58220620164426,52.3607938759262,1.442,0.517
13176,6.58221747624239,52.3607954155186,1.391,0.499
13177,6.58222855528691,52.3607976558448,1.313,0.471
13178,6.58223963433143,52.360799896171,1.371,0.492
13179,6.58225071337595,52.3608021364971,1.532,0.549
13180,6.58226179242046,52.3608043768233,1.561,0.56
13181,6.58227287146498,52.3608066171495,1.288,0.462
13182,6.5822839505095,52.3608088574756,1.584,0.568
13183,6.58229502955402,52.3608110978018,1.415,0.507
13184,6.58230610859854,52.360813338128,1.442,0.517
13185,6.58231718764305,52.3608155784541,1.408,0.505
13186,6.58232826668757,52.3608178187803,1.317,0.472
13187,6.58233934573209,52.3608200591065,1.329,0.477
13188,6.58235042477661,52.3608222994326,1.453,0.521
13189,6.58236150382113,52.3608245397588,1.388,0.498
13190,6.58237258286564,52.360826780085,1.373,0.492
13191,6.58238366191016,52.3608290204111,1.335,0.479
13192,6.58239474095468,52.3608312607373,1.402,0.503
13193,6.5824058199992,52.3608335010635,1.552,0.556
13194,6.58241689904372,52.3608357413896,1.344,0.482
13195,6.58242797808823,52.3608379817158,1.518,0.544
13196,6.58243905713275,52.360840222042,1.456,0.522
13197,6.58245013617727,52.3608424623681,1.233,0.442
13198,6.58246121522179,52.3608447026943,1.457,0.522
13199,6.58247229426631,52.3608469430205,1.237,0.444
13200,6.58248337331082,52.3608491833467,1.241,0.445
13201,6.58249445235534,52.3608514236728,1.451,0.52
13202,6.58250553139986,52.360853663999,1.423,0.51
13203,6.58251533325773,52.3608604809106,1.436,0.515
13204,6.58252501943109,52.3608677123585,1.312,0.47
13205,6.58253470560444,52.3608749438063,1.295,0.464
13206,6.5825443917778,52.3608821752541,1.408,0.505
13207,6.58255407795116,52.360889406702,1.492,0.535
13208,6.58256376412451,52.3608966381498,1.421,0.51
13209,6.58257345029787,52.3609038695976,1.47,0.527
13210,6.58258313647123,52.3609111010454,1.478,0.53
13211,6.58259282264459,52.3609183324933,1.341,0.481
13212,6.58260250881794,52.3609255639411,1.382,0.496
13213,6.5826121949913,52.3609327953889,1.369,0.491
13214,6.58262188116466,52.3609400268368,1.391,0.499
13215,6.58263156733801,52.3609472582846,1.374,0.493
13216,6.58264125351137,52.3609544897324,1.448,0.519
13217,6.58265093968473,52.3609617211802,1.311,0.47
13218,6.58266062585809,52.3609689526281,1.336,0.479
13219,6.58267031203144,52.3609761840759,1.221,0.438
13220,6.5826799982048,52.3609834155237,1.516,0.544
13221,6.58268968437816,52.3609906469715,1.413,0.507
13222,6.58269937055151,52.3609978784194,1.4,0.502
13223,6.58270905672487,52.3610051098672,1.326,0.475
13224,6.58272321406099,52.3609963196485,1.317,0.472
13225,6.58272082791163,52.3610468102527,1.332,0.478
13226,6.58274233556637,52.3610116813922,1.307,0.469
13227,6.58275166626545,52.3610201866229,1.427,0.512
13228,6.58275191650588,52.3610612301637,1.307,0.469
13229,6.58276534804633,52.3610550407128,1.306,0.468
13230,6.5827808534084,52.3610414200677,1.404,0.504
13231,6.58279635877047,52.3610277994226,1.334,0.478
13232,6.58281186413255,52.3610141787776,1.367,0.49
13233,6.58282725932018,52.3610013229567,1.495,0.536
13234,6.58284074957182,52.361001691084,1.277,0.458
13235,6.58285423982346,52.3610020592112,1.407,0.505
13236,6.5828677300751,52.3610024273385,1.416,0.508
13237,6.58288122032674,52.3610027954658,1.416,0.508
13238,6.58289471057838,52.3610031635931,1.455,0.522
13239,6.58291257375045,52.3609430139278,1.31,0.47
13240,6.58292027778607,52.3609894992341,1.514,0.543
13241,6.5829317027338,52.3609951274664,1.253,0.449
13242,6.58294312768152,52.3610007556987,1.415,0.507
13243,6.58295455262924,52.3610063839309,1.513,0.542
13244,6.58296597757697,52.3610120121632,1.348,0.483
13245,6.58297740252469,52.3610176403955,1.485,0.532
13246,6.58298882747241,52.3610232686278,1.375,0.493
13247,6.58300025242014,52.36102889686,1.485,0.533
13248,6.58301167736786,52.3610345250923,1.452,0.521
13249,6.58302310231558,52.3610401533246,1.515,0.543
13250,6.58303452726331,52.3610457815568,1.42,0.509
13251,6.58304595221103,52.3610514097891,1.279,0.459
13252,6.58305737715875,52.3610570380214,1.447,0.519
13253,6.58306880210648,52.3610626662537,1.364,0.489
13254,6.5830802270542,52.3610682944859,1.453,0.521
13255,6.58309165200192,52.3610739227182,1.426,0.511
13256,6.58310307694965,52.3610795509505,1.211,0.434
13257,6.58311450189737,52.3610851791827,1.339,0.48
13258,6.58312605526998,52.3610893972594,1.367,0.49
13259,6.58313791364948,52.3610902662407,1.32,0.473
13260,6.58314977202899,52.361091135222,1.327,0.476
13261,6.5831616304085,52.3610920042033,1.518,0.544
13262,6.58317348878801,52.3610928731847,1.344,0.482
13263,6.58318534716751,52.361093742166,1.306,0.468
13264,6.58319722160063,52.3610944348723,1.439,0.516
13265,6.5832090991362,52.3610950935126,1.376,0.493
13266,6.58322097667177,52.3610957521528,1.321,0.474
13267,6.58323285420734,52.361096410793,1.325,0.475
13268,6.58324473174291,52.3610970694332,1.437,0.515
13269,6.58325660927848,52.3610977280735,1.622,0.582
13270,6.58326848681405,52.3610983867137,1.526,0.547
13271,6.58328033795446,52.3610993351832,1.395,0.5
13272,6.58329218634594,52.3611003138369,1.364,0.489
13273,6.58330403473743,52.3611012924905,1.317,0.472
13274,6.58331588312892,52.3611022711442,1.407,0.504
13275,6.58332773152041,52.3611032497979,1.159,0.415
13276,6.58333957991189,52.3611042284516,1.35,0.484
13277,6.58335142830338,52.3611052071053,1.338,0.48
13278,6.58336327669487,52.361106185759,1.338,0.48
13279,6.58337510875959,52.3611073436869,1.506,0.54
13280,6.5833868844398,52.361109120739,1.477,0.53
13281,6.58339866012,52.3611108977911,1.21,0.434
13282,6.58341041474057,52.3611129060862,1.433,0.514
13283,6.58342222810138,52.3611142693905,1.474,0.529
13284,6.58343412326385,52.3611147344804,1.492,0.535
13285,6.58344601588516,52.3611152274733,1.201,0.431
13286,6.58345790824692,52.3611157233162,1.363,0.489
13287,6.58346979173335,52.3611163166136,1.372,0.492
13288,6.58348161411936,52.3611175808176,1.386,0.497
13289,6.58349343650538,52.3611188450216,1.401,0.503
13290,6.58350525889139,52.3611201092256,1.425,0.511
13291,6.5835170812774,52.3611213734296,1.385,0.497
13292,6.58352890366342,52.3611226376335,1.276,0.458
13293,6.58354072604943,52.3611239018375,1.41,0.506
13294,6.58355254843545,52.3611251660415,1.317,0.472
13295,6.58356437082146,52.3611264302455,1.311,0.47
13296,6.58357619320747,52.3611276944495,1.429,0.513
13297,6.58358802569649,52.3611288477185,1.377,0.494
13298,6.58359988040834,52.3611297569721,1.407,0.504
13299,6.5836117351202,52.3611306662257,1.44,0.516
13300,6.58362358983205,52.3611315754793,1.524,0.546
13301,6.5836354445439,52.3611324847329,1.413,0.507
13302,6.58364729925575,52.3611333939865,1.299,0.466
13303,6.5836591539676,52.3611343032401,1.54,0.552
13304,6.58367100867945,52.3611352124937,1.303,0.467
13305,6.5836828633913,52.3611361217474,1.453,0.521
13306,6.58369471810316,52.361137031001,1.349,0.484
13307,6.58370657281501,52.3611379402546,1.295,0.464
13308,6.58371842752686,52.3611388495082,1.454,0.522
13309,6.58373028223871,52.3611397587618,1.584,0.568
13310,6.58374213962144,52.3611406386882,1.311,0.47
13311,6.58375401659102,52.3611413035431,1.35,0.484
13312,6.58376589356061,52.3611419683981,1.299,0.466
13313,6.58377777053019,52.361142633253,1.414,0.507
13314,6.58378961777264,52.3611436245237,1.259,0.452
13315,6.58380146926926,52.3611445690818,1.494,0.536
13316,6.58381335131298,52.3611451782207,1.491,0.535
13317,6.5838252333567,52.3611457873597,1.379,0.495
13318,6.58383711540042,52.3611463964987,1.388,0.498
13319,6.58384899744414,52.3611470056377,1.465,0.525
13320,6.58386087388381,52.3611476763113,1.405,0.504
13321,6.58387273089132,52.3611485603576,1.399,0.502
13322,6.58388458789883,52.361149444404,1.305,0.468
13323,6.58389644490634,52.3611503284504,1.403,0.503
13324,6.58390831325887,52.3611510879241,1.404,0.503
13325,6.58392018590968,52.3611518002008,1.358,0.487
13326,6.58393205856049,52.3611525124776,1.318,0.473
13327,6.5839439312113,52.3611532247544,1.537,0.551
13328,6.58395580386211,52.3611539370312,1.384,0.496
13329,6.58396767651293,52.361154649308,1.41,0.506
13330,6.58397954916374,52.3611553615848,1.261,0.452
13331,6.58399142181455,52.3611560738615,1.427,0.512
13332,6.58400329446536,52.3611567861383,1.583,0.568
13333,6.58401516711618,52.3611574984151,1.385,0.497
13334,6.58402703976699,52.3611582106919,1.35,0.484
13335,6.5840389124178,52.3611589229687,1.481,0.531
13336,6.58405078506861,52.3611596352455,1.357,0.487
13337,6.58406268549031,52.3611600425871,1.279,0.459
13338,6.58407456176153,52.3611607151103,1.283,0.46
13339,6.58408642767516,52.3611615013639,1.322,0.474
13340,6.5840982935888,52.3611622876176,1.422,0.51
13341,6.58411015950244,52.3611630738712,1.448,0.519
13342,6.58412202541608,52.3611638601248,1.419,0.509
13343,6.58413389132971,52.3611646463784,1.544,0.554
13344,6.58414575724335,52.361165432632,1.467,0.526
13345,6.58415762315699,52.3611662188856,1.244,0.446
13346,6.58416948907063,52.3611670051392,1.384,0.496
13347,6.58418135498426,52.3611677913928,1.428,0.512
13348,6.5841932208979,52.3611685776464,1.378,0.494
13349,6.58420508681154,52.3611693639,1.439,0.516
13350,6.58421695272518,52.3611701501536,1.413,0.506
13351,6.58422881863881,52.3611709364072,1.366,0.49
13352,6.58424068455245,52.3611717226608,1.47,0.527
13353,6.58425255046609,52.3611725089144,1.452,0.521
13354,6.58426441637973,52.361173295168,1.456,0.522
13355,6.58427628229336,52.3611740814216,1.525,0.547
13356,6.584288148207,52.3611748676752,1.338,0.48
13357,6.58430001412064,52.3611756539288,1.438,0.516
13358,6.58431188003428,52.3611764401825,1.449,0.52
13359,6.58432374594791,52.3611772264361,1.386,0.497
13360,6.58433561186155,52.3611780126897,1.462,0.524
13361,6.58434747777519,52.3611787989433,1.416,0.508
13362,6.58435934368882,52.3611795851969,1.39,0.498
13363,6.58437120960246,52.3611803714505,1.445,0.518
13364,6.5843830755161,52.3611811577041,1.291,0.463
13365,6.58439494142974,52.3611819439577,1.71,0.613
13366,6.58440680734337,52.3611827302113,1.431,0.513
13367,6.58441867325701,52.3611835164649,1.4,0.502
13368,6.58443053917065,52.3611843027185,1.458,0.523
13369,6.58444240508429,52.3611850889721,1.436,0.515
13370,6.58445427099792,52.3611858752257,1.444,0.518
13371,6.58446613691156,52.3611866614793,1.433,0.514
13372,6.5844780028252,52.3611874477329,1.385,0.497
13373,6.58448986873884,52.3611882339865,1.315,0.471
13374,6.58450173465247,52.3611890202401,1.596,0.572
13375,6.58451360056611,52.3611898064938,1.302,0.467
13376,6.58452546647975,52.3611905927474,1.343,0.482
13377,6.58453733239338,52.361191379001,1.531,0.549
13378,6.58454919830702,52.3611921652546,1.469,0.527
13379,6.58456106422066,52.3611929515082,1.429,0.512
13380,6.5845729301343,52.3611937377618,1.532,0.549
13381,6.58458479604793,52.3611945240154,1.48,0.531
13382,6.58459666196157,52.361195310269,1.515,0.543
13383,6.58460853612422,52.3611960059452,1.319,0.473
13384,6.58462041845734,52.3611966119064,1.359,0.487
13385,6.58463230079046,52.3611972178677,1.342,0.481
13386,6.58464418312358,52.3611978238289,1.426,0.511
13387,6.5846560654567,52.3611984297902,1.489,0.534
13388,6.58466794778982,52.3611990357514,1.434,0.514
13389,6.58467983012294,52.3611996417127,1.426,0.511
13390,6.58469171245606,52.3612002476739,1.349,0.484
13391,6.58470359478918,52.3612008536352,1.63,0.584
13392,6.58471547712231,52.3612014595964,1.412,0.506
13393,6.58472735945543,52.3612020655576,1.411,0.506
13394,6.58473924178855,52.3612026715189,1.498,0.537
13395,6.58475112405872,52.3612032781713,1.499,0.537
13396,6.58476300613038,52.3612038870035,1.314,0.471
13397,6.58477488820203,52.3612044958358,1.537,0.551
13398,6.58478677027369,52.361205104668,1.548,0.555
13399,6.58479865234534,52.3612057135003,1.472,0.528
13400,6.58481053441699,52.3612063223325,1.555,0.558
13401,6.58482241648865,52.3612069311648,1.336,0.479
13402,6.5848342985603,52.361207539997,1.398,0.501
13403,6.58484618063195,52.3612081488293,1.422,0.51
13404,6.58485806270361,52.3612087576615,1.47,0.527
13405,6.58486994477526,52.3612093664938,1.544,0.554
13406,6.58488182684692,52.361209975326,1.345,0.482
13407,6.58489370891857,52.3612105841583,1.414,0.507
13408,6.58490559099022,52.3612111929905,1.524,0.547
13409,6.58491747306188,52.3612118018227,1.413,0.507
13410,6.58492935513353,52.361212410655,1.394,0.5
13411,6.58494123720518,52.3612130194872,1.402,0.503
13412,6.58495311927684,52.3612136283195,1.417,0.508
13413,6.58496500134849,52.3612142371517,1.397,0.501
13414,6.58497688342015,52.361214845984,1.302,0.467
13415,6.58498875148714,52.3612156085929,1.436,0.515
13416,6.58500061757418,52.3612163929424,1.465,0.525
13417,6.58501248366123,52.361217177292,1.418,0.509
13418,6.58502434912989,52.3612179684315,1.511,0.542
13419,6.58503620871035,52.361218824226,1.371,0.491
13420,6.5850480682908,52.3612196800204,1.341,0.481
13421,6.58505988795799,52.3612209740781,1.483,0.532
13422,6.58507165155002,52.3612228838632,1.413,0.506
13423,6.58508331629368,52.3612258790419,1.494,0.536
13424,6.58509515179383,52.3612269992476,1.285,0.461
13425,6.58510699009815,52.3612280886624,1.4,0.502
13426,6.58511882840247,52.3612291780771,1.241,0.445
13427,6.58513066670679,52.3612302674918,1.351,0.484
13428,6.58514254181135,52.3612309528255,1.597,0.573
13429,6.58515442947204,52.3612315002879,1.546,0.554
13430,6.58516631713274,52.3612320477503,1.349,0.484
13431,6.58517820479343,52.3612325952127,1.444,0.518
13432,6.58519009245412,52.3612331426751,1.534,0.55
13433,6.58520198011482,52.3612336901375,1.545,0.554
13434,6.5852138846524,52.3612340522851,1.404,0.503
13435,6.58522573882172,52.3612349674959,1.423,0.51
13436,6.5852375583684,52.3612362628769,1.506,0.54
13437,6.58524944618079,52.3612368086736,1.396,0.501
13438,6.58526133399319,52.3612373544702,1.468,0.526
13439,6.58527322180558,52.3612379002669,1.388,0.498
13440,6.58528510961797,52.3612384460636,1.497,0.537
13441,6.58529699743037,52.3612389918602,1.482,0.531
13442,6.58530888524276,52.3612395376569,1.705,0.611
13443,6.58532077305515,52.3612400834536,1.438,0.516
13444,6.58533266086755,52.3612406292503,1.486,0.533
13445,6.58534454867994,52.3612411750469,1.436,0.515
13446,6.58535643649233,52.3612417208436,1.429,0.512
13447,6.58536832430473,52.3612422666403,1.5,0.538
13448,6.58538021211712,52.361242812437,1.446,0.518
13449,6.58539209992952,52.3612433582336,1.298,0.465
13450,6.58540399276617,52.3612438488619,1.506,0.54
13451,6.58541589383813,52.3612442490634,1.454,0.521
13452,6.58542779491009,52.3612446492648,1.444,0.518
13453,6.58543966633778,52.361245374972,1.448,0.519
13454,6.58545152905061,52.3612461963717,1.524,0.546
13455,6.58546346366785,52.3612462282328,1.518,0.544
13456,6.58547543448631,52.3612458625903,1.504,0.539
13457,6.58548740530477,52.3612454969478,1.512,0.542
13458,6.58549937612323,52.3612451313053,1.592,0.571
13459,6.58551131422464,52.361245124909,1.534,0.55
13460,6.58552323340944,52.3612453262242,1.484,0.532
13461,6.58553515259424,52.3612455275396,1.491,0.535
13462,6.58554707177905,52.3612457288548,1.422,0.51
13463,6.58555899096385,52.3612459301701,1.59,0.57
13464,6.58557091014866,52.3612461314854,1.409,0.505
13465,6.58558282933346,52.3612463328007,1.453,0.521
13466,6.58559474851827,52.361246534116,1.482,0.531
13467,6.58560665012709,52.3612469284225,1.361,0.488
13468,6.58561853498492,52.3612475066614,1.472,0.528
13469,6.58563041984275,52.3612480849004,1.464,0.525
13470,6.58564230470058,52.3612486631393,1.449,0.519
13471,6.58565418955841,52.3612492413783,1.498,0.537
13472,6.58566607441624,52.3612498196172,1.646,0.59
13473,6.58567795927407,52.3612503978561,1.621,0.581
13474,6.5856898441319,52.3612509760951,1.352,0.485
13475,6.58570172898973,52.361251554334,1.453,0.521
13476,6.58571361384756,52.361252132573,1.52,0.545
13477,6.58572549870539,52.3612527108119,1.452,0.521
13478,6.58573738257313,52.3612532999224,1.637,0.587
13479,6.58574925028139,52.3612540664704,1.624,0.582
13480,6.58576111798965,52.3612548330184,1.381,0.495
13481,6.58577298569791,52.3612555995663,1.246,0.447
13482,6.58578485340617,52.3612563661143,1.507,0.541
13483,6.58579672111442,52.3612571326623,1.391,0.499
13484,6.58580859158226,52.361257868909,1.542,0.553
13485,6.58582046283749,52.3612585965098,1.358,0.487
13486,6.58583233409272,52.3612593241106,1.442,0.517
13487,6.58584420534795,52.3612600517114,1.598,0.573
13488,6.58585607660318,52.3612607793122,1.5,0.538
13489,6.58586794785841,52.3612615069131,1.443,0.518
13490,6.58587981911364,52.3612622345139,1.546,0.554
13491,6.58589169036887,52.3612629621147,1.522,0.546
13492,6.5859035616241,52.3612636897155,1.531,0.549
13493,6.58591543287933,52.3612644173164,1.509,0.541
13494,6.58592730413456,52.3612651449172,1.405,0.504
13495,6.58593917538979,52.361265872518,1.475,0.529
13496,6.58595104485493,52.3612666197747,1.41,0.505
13497,6.58596291350645,52.3612673759653,1.536,0.551
13498,6.58597478215798,52.3612681321559,1.6,0.574
13499,6.5859866508095,52.3612688883464,1.607,0.576
13500,6.58599851946102,52.361269644537,1.418,0.508
13501,6.58601038811254,52.3612704007275,1.434,0.514
13502,6.58602225676406,52.3612711569181,1.429,0.512
13503,6.58603412541558,52.3612719131087,1.566,0.561
13504,6.5860459940671,52.3612726692992,1.449,0.52
13505,6.58605786271862,52.3612734254898,1.528,0.548
13506,6.58606973137015,52.3612741816804,1.595,0.572
13507,6.58608160002167,52.3612749378709,1.424,0.511
13508,6.58609346867319,52.3612756940615,1.422,0.51
13509,6.58610533732471,52.3612764502521,1.561,0.56
13510,6.58611720597623,52.3612772064426,1.52,0.545
13511,6.58612907462775,52.3612779626332,1.389,0.498
13512,6.58614095060593,52.3612786383742,1.553,0.557
13513,6.58615283192636,52.3612792554552,1.598,0.573
13514,6.58616471324679,52.3612798725362,1.449,0.52
13515,6.58617659456722,52.3612804896172,1.401,0.502
13516,6.58618847588765,52.3612811066982,1.543,0.553
13517,6.58620035720807,52.3612817237792,1.521,0.545
13518,6.58621221599883,52.3612825882448,1.532,0.549
13519,6.58622405418,52.3612836790119,1.369,0.491
13520,6.58623592558703,52.3612844049458,1.433,0.514
13521,6.58624779699406,52.3612851308798,1.485,0.533
13522,6.5862596684011,52.3612858568137,1.489,0.534
13523,6.58627153980813,52.3612865827477,1.736,0.622
13524,6.58628343707158,52.361287024768,1.649,0.591
13525,6.58629534304112,52.3612873711922,1.632,0.585
13526,6.58630724075412,52.3612878082763,1.34,0.48
13527,6.58631913653889,52.3612882665332,1.441,0.517
13528,6.58633103232365,52.3612887247901,1.532,0.549
13529,6.58634292810842,52.361289183047,1.587,0.569
13530,6.58635481730662,52.3612897136269,1.264,0.453
13531,6.58636669123736,52.3612904118496,1.679,0.602
13532,6.58637856516811,52.3612911100722,1.471,0.527
13533,6.58639043909885,52.3612918082949,1.688,0.605
13534,6.58640231302959,52.3612925065176,1.681,0.603
13535,6.58641418696033,52.3612932047402,1.604,0.575
13536,6.58642606089107,52.3612939029629,1.457,0.522
13537,6.58643793482181,52.3612946011856,1.523,0.546
13538,6.58644980875255,52.3612952994082,1.529,0.548
13539,6.58646168474356,52.3612959750084,1.338,0.48
13540,6.58647356589342,52.3612965939623,1.42,0.509
13541,6.58648544704328,52.3612972129161,1.607,0.576
13542,6.58649732819314,52.36129783187,1.691,0.606
13543,6.586509209343,52.3612984508239,1.563,0.561
13544,6.58652109049287,52.3612990697778,1.604,0.575
13545,6.58653297164273,52.3612996887317,1.732,0.621
13546,6.58654485279259,52.3613003076855,1.54,0.552
13547,6.58655673394245,52.3613009266394,1.535,0.55
13548,6.58656861509232,52.3613015455933,1.485,0.533
13549,6.58658049624218,52.3613021645472,1.583,0.568
13550,6.58659237739204,52.3613027835011,1.482,0.531
13551,6.5866042585419,52.361303402455,1.512,0.542
13552,6.58661613969176,52.3613040214088,1.561,0.56
13553,6.58662802084163,52.3613046403627,1.538,0.551
13554,6.58663990199149,52.3613052593166,1.576,0.565
13555,6.58665178314135,52.3613058782705,1.438,0.516
13556,6.58666361110277,52.3613070812543,1.502,0.538
13557,6.58667547743411,52.3613078629214,1.6,0.574
13558,6.5866873457158,52.3613086231729,1.514,0.543
13559,6.58669921399748,52.3613093834245,1.405,0.504
13560,6.58671108227916,52.3613101436761,1.505,0.54
13561,6.58672295056084,52.3613109039276,1.441,0.517
13562,6.58673481884252,52.3613116641792,1.396,0.501
13563,6.5867466871242,52.3613124244307,1.426,0.511
13564,6.58675855540588,52.3613131846823,1.484,0.532
13565,6.58677042368756,52.3613139449339,1.766,0.633
13566,6.58678218457141,52.3613158844557,1.474,0.529
13567,6.58679391590436,52.3613181484581,1.616,0.579
13568,6.58680572610467,52.3613195464658,1.565,0.561
13569,6.58681759914274,52.3613202544904,1.398,0.501
13570,6.5868294721808,52.361320962515,1.383,0.496
13571,6.58684134521886,52.3613216705396,1.563,0.56
13572,6.58685323152253,52.3613222329027,1.631,0.585
13573,6.58686513972983,52.3613225547553,1.507,0.541
13574,6.5868770177704,52.3613232078505,1.512,0.542
13575,6.58688889581096,52.3613238609457,1.448,0.519
13576,6.58690077385153,52.3613245140408,1.484,0.532
13577,6.5869126477043,52.3613252131197,1.624,0.582
13578,6.58692446016791,52.3613265862755,1.408,0.505
13579,6.58693627263153,52.3613279594313,1.444,0.518
13580,6.58694808509515,52.3613293325871,1.429,0.512
13581,6.58695992518656,52.3613304023788,1.618,0.58
13582,6.58697180923111,52.3613309895478,1.64,0.588
13583,6.58698369327567,52.3613315767169,1.458,0.523
13584,6.58699557732022,52.361332163886,1.523,0.546
13585,6.58700746136477,52.361332751055,1.53,0.549
13586,6.58701934540932,52.3613333382241,1.517,0.544
13587,6.58703122945387,52.3613339253932,1.465,0.525
13588,6.58704311349842,52.3613345125623,1.369,0.491
13589,6.58705499754297,52.3613350997313,1.425,0.511
13590,6.5870668814488,52.3613356884236,1.432,0.513
13591,6.58707876526769,52.3613362780705,1.544,0.554
13592,6.58709064908658,52.3613368677174,1.5,0.538
13593,6.58710253290547,52.3613374573643,1.5,0.538
13594,6.58711441672435,52.3613380470113,1.462,0.524
13595,6.58712630054324,52.3613386366582,1.463,0.524
13596,6.58713818436213,52.3613392263051,1.396,0.5
13597,6.58715006818102,52.3613398159521,1.432,0.513
13598,6.58716196311949,52.3613402835016,1.414,0.507
13599,6.5871738595326,52.3613407348591,1.47,0.527
13600,6.5871857559457,52.3613411862166,1.493,0.535
13601,6.58719764307585,52.3613417395046,1.702,0.61
13602,6.58720952681823,52.3613423299916,1.513,0.543
13603,6.58722141056061,52.3613429204786,1.443,0.518
13604,6.58723329430299,52.3613435109656,1.534,0.55
13605,6.58724517804537,52.3613441014526,1.465,0.525
13606,6.58725706178775,52.3613446919397,1.592,0.571
13607,6.58726894553013,52.3613452824267,1.537,0.551
13608,6.58728082927251,52.3613458729137,1.474,0.528
13609,6.58729271301489,52.3613464634007,1.428,0.512
13610,6.58730459675728,52.3613470538877,1.576,0.565
13611,6.58731648049966,52.3613476443747,1.507,0.54
13612,6.58732836424666,52.3613482348109,1.696,0.608
13613,6.58734024803976,52.361348824741,1.421,0.51
13614,6.58735213183286,52.3613494146711,1.56,0.559
13615,6.58736401562596,52.3613500046013,1.518,0.544
13616,6.58737589941906,52.3613505945314,1.618,0.58
13617,6.58738778321216,52.3613511844615,1.594,0.572
13618,6.58739966700525,52.3613517743916,1.466,0.525
13619,6.58741155100881,52.3613523620108,1.736,0.622
13620,6.58742343507994,52.361352948888,1.549,0.555
13621,6.58743531915108,52.3613535357651,1.535,0.55
13622,6.58744720468981,52.3613541065275,1.602,0.574
13623,6.58745909337943,52.3613546426919,1.676,0.601
13624,6.58747098206905,52.3613551788563,1.527,0.547
13625,6.58748287075867,52.3613557150207,1.459,0.523
13626,6.58749475944829,52.3613562511851,1.654,0.593
13627,6.58750664813791,52.3613567873495,1.635,0.586
13628,6.58751853682753,52.3613573235139,1.617,0.58
13629,6.58753042551715,52.3613578596782,1.604,0.575
13630,6.58754231420677,52.3613583958426,1.504,0.539
13631,6.58755420289639,52.361358932007,1.62,0.581
13632,6.58756609158601,52.3613594681714,1.65,0.592
13633,6.58757798027563,52.3613600043358,1.575,0.565
13634,6.58758986896525,52.3613605405002,1.755,0.629
13635,6.58760175765487,52.3613610766645,1.783,0.639
13636,6.58761364634449,52.3613616128289,1.605,0.575
13637,6.58762553384204,52.3613621620826,1.828,0.655
13638,6.58763741271209,52.3613628060698,1.637,0.587
13639,6.58764929158214,52.3613634500569,1.682,0.603
13640,6.58766117045218,52.3613640940441,1.704,0.611
13641,6.58767304932223,52.3613647380312,1.628,0.584
13642,6.58768492819228,52.3613653820184,1.559,0.559
13643,6.58769680706233,52.3613660260055,1.87,0.67
13644,6.58770868593237,52.3613666699927,1.77,0.635
13645,6.58772056480242,52.3613673139798,1.974,0.708
13646,6.58773244367247,52.361367957967,1.873,0.672
13647,6.58774432254251,52.3613686019541,1.772,0.635
13648,6.58775620141256,52.3613692459412,1.917,0.687
13649,6.58776808028261,52.3613698899284,2.034,0.729
13650,6.58777995915266,52.3613705339155,2.204,0.79
13651,6.58779184390568,52.3613711133052,2.089,0.749
13652,6.58780373922476,52.3613715766757,2.186,0.784
13653,6.58781563454383,52.3613720400461,2.342,0.84
13654,6.5878275298629,52.3613725034165,2.357,0.845
13655,6.58783942518197,52.3613729667869,2.358,0.846
13656,6.58785132050104,52.3613734301573,2.425,0.869
13657,6.58786321582011,52.3613738935277,2.512,0.901
13658,6.58787514316647,52.3613740052259,2.39,0.857
13659,6.58788709423924,52.3613738563989,2.378,0.853
13660,6.58789904531201,52.3613737075718,2.522,0.904
13661,6.58791099638478,52.3613735587448,2.946,1.056
13662,6.58792294745755,52.3613734099177,2.9,1.04
13663,6.58793489853031,52.3613732610907,2.935,1.053
13664,6.58794686870755,52.3613729024891,2.942,1.055
13665,6.58795887677892,52.3613721277951,3.177,1.139
13666,6.58797088485029,52.361371353101,2.754,0.987
13667,6.58798289292165,52.361370578407,3.147,1.129
13668,6.58799490099302,52.361369803713,2.985,1.07
13669,6.58800690906439,52.361369029019,3.578,1.283
13670,6.58801891713576,52.361368254325,3.175,1.138
13671,6.58803085267909,52.3613682760172,2.966,1.063
13672,6.5880427394576,52.3613688331664,3.454,1.238
13673,6.5880546262361,52.3613693903155,3.681,1.32
13674,6.58806651301461,52.3613699474647,3.863,1.385
13675,6.58807839979311,52.3613705046139,3.668,1.315
13676,6.58809028657162,52.361371061763,3.651,1.309
13677,6.58810217335012,52.3613716189122,3.79,1.359
13678,6.58811406012863,52.3613721760614,3.933,1.41
13679,6.58812594690713,52.3613727332106,4.078,1.462
13680,6.58813782305649,52.3613734070719,3.632,1.302
13681,6.58814967554874,52.3613743406977,4.059,1.455
13682,6.58816155489019,52.3613749795086,4.211,1.51
13683,6.58817345236962,52.3613754191575,4.42,1.585
13684,6.58818534984905,52.3613758588063,4.107,1.473
13685,6.58819724732847,52.3613762984552,4.08,1.463
13686,6.5882091448079,52.361376738104,4.253,1.525
13687,6.58822104228733,52.3613771777529,4.388,1.573
13688,6.58823293976676,52.3613776174017,4.243,1.521
13689,6.58824483724619,52.3613780570506,4.184,1.5
13690,6.58825673472561,52.3613784966994,5.099,1.828
13691,6.58826863147066,52.3613789444121,4.653,1.668
13692,6.58828052798953,52.3613793946082,4.73,1.696
13693,6.5882924245084,52.3613798448044,4.756,1.705
13694,6.58830432102727,52.3613802950005,4.143,1.486
13695,6.58831621754614,52.3613807451967,3.914,1.403
13696,6.58832811406501,52.3613811953928,4.315,1.547
13697,6.58834001058388,52.361381645589,4.522,1.621
13698,6.58835190710275,52.3613820957851,3.829,1.373
13699,6.58836380362162,52.3613825459813,4.05,1.452
13700,6.58837570014049,52.3613829961774,4.075,1.461
13701,6.58838759665936,52.3613834463735,4.216,1.512
13702,6.58839949317823,52.3613838965697,4.357,1.562
13703,6.5884113896971,52.3613843467658,3.749,1.344
13704,6.58842327075081,52.3613849667755,3.726,1.336
13705,6.58843503511509,52.3613868680809,3.667,1.315
13706,6.58844663315429,52.3613905957008,3.329,1.194
13707,6.58845818377926,52.3613948439477,3.669,1.315
13708,6.5884700245506,52.3613959062735,3.46,1.24
13709,6.58848188522361,52.3613967500713,3.374,1.21
13710,6.58849374589662,52.3613975938691,3.234,1.159
13711,6.58850475477765,52.361398430231,3.54,1.269
13712,6.58851571545885,52.3613992661722,3.139,1.126
13713,6.58852667614005,52.3614001021133,3.288,1.179
13714,6.58853780389088,52.3614010216843,2.9,1.04
13715,6.58854926180245,52.3614021065235,2.709,0.971
13716,6.58856071971402,52.3614031913626,2.621,0.94
13717,6.58857217762559,52.3614042762018,2.755,0.988
13718,6.58858363553716,52.361405361041,2.757,0.989
13719,6.58859509344873,52.3614064458801,2.976,1.067
13720,6.58860655136031,52.3614075307193,2.56,0.918
13721,6.58861800927188,52.3614086155584,2.541,0.911
13722,6.58862946718345,52.3614097003976,2.861,1.026
13723,6.58864092509502,52.3614107852368,2.433,0.872
13724,6.58865238300659,52.3614118700759,2.073,0.743
13725,6.58866383751531,52.3614130166525,2.13,0.764
13726,6.5886752917661,52.3614141679088,2.269,0.814
13727,6.58868674601689,52.361415319165,2.207,0.791
13728,6.5886982041135,52.361416400647,2.008,0.72
13729,6.58870967095548,52.361417323463,2.008,0.72
13730,6.58872113779746,52.3614182462791,2.058,0.738
13731,6.58873260463944,52.3614191690951,1.887,0.677
13732,6.58874407148143,52.3614200919111,1.793,0.643
13733,6.58875553832341,52.3614210147272,2.101,0.753
13734,6.58876700516539,52.3614219375432,1.996,0.716
13735,6.58877847623612,52.3614227836376,2.006,0.719
13736,6.58878995057764,52.3614235703905,1.788,0.641
13737,6.58880142236702,52.3614244034466,1.944,0.697
13738,6.58881288942047,52.361425322426,2.02,0.724
13739,6.58882435647392,52.3614262414054,1.617,0.58
13740,6.58883582352736,52.3614271603849,1.716,0.615
13741,6.58884729058081,52.3614280793643,1.924,0.69
13742,6.58885875763426,52.3614289983437,1.677,0.601
13743,6.5888702246877,52.3614299173231,1.76,0.631
13744,6.58888169174115,52.3614308363026,1.609,0.577
13745,6.5888931587946,52.361431755282,1.908,0.684
13746,6.58890462584805,52.3614326742614,1.804,0.647
13747,6.58891609290149,52.3614335932408,1.828,0.655
13748,6.58892755995494,52.3614345122202,1.615,0.579
13749,6.58893902700839,52.3614354311997,1.842,0.661
13750,6.58895049406184,52.3614363501791,1.521,0.545
13751,6.58896196111528,52.3614372691585,1.914,0.686
13752,6.58897342816873,52.3614381881379,1.475,0.529
13753,6.58898489522218,52.3614391071174,1.586,0.569
13754,6.58899636227562,52.3614400260968,1.395,0.5
13755,6.58900782932907,52.3614409450762,1.606,0.576
13756,6.58901930014212,52.3614417958458,1.544,0.554
13757,6.58903077207781,52.3614426262473,1.619,0.581
13758,6.58904224401351,52.3614434566487,1.363,0.489
13759,6.5890537159492,52.3614442870502,1.646,0.59
13760,6.5890651878849,52.3614451174517,1.511,0.542
13761,6.5890766598206,52.3614459478532,1.617,0.58
13762,6.58908813175629,52.3614467782547,1.429,0.512
13763,6.58909960369199,52.3614476086561,1.423,0.51
13764,6.58911107562769,52.3614484390576,1.529,0.548
13765,6.58912254341732,52.3614493446805,1.569,0.563
13766,6.58913400976713,52.361450276426,1.523,0.546
13767,6.58914547611694,52.3614512081714,1.68,0.602
13768,6.58915694246674,52.3614521399168,1.605,0.576
13769,6.58916840881655,52.3614530716623,1.431,0.513
13770,6.58917987516636,52.3614540034077,1.736,0.622
13771,6.58919134151617,52.3614549351531,1.609,0.577
13772,6.58920280786598,52.3614558668986,1.371,0.491
13773,6.58921427421579,52.361456798644,1.452,0.521
13774,6.58922573913183,52.361457756402,1.578,0.566
13775,6.58923720352733,52.3614587236043,1.454,0.521
13776,6.58924866792282,52.3614596908067,1.65,0.592
13777,6.58926013231831,52.361460658009,1.373,0.492
13778,6.5892715967138,52.3614616252114,1.599,0.573
13779,6.58928306380508,52.3614625435044,1.722,0.617
13780,6.58929453886165,52.3614633172843,1.677,0.601
13781,6.58930601391822,52.3614640910643,1.622,0.581
13782,6.58931748897478,52.3614648648442,1.506,0.54
13783,6.58932896403135,52.3614656386242,1.465,0.525
13784,6.58934043908792,52.3614664124042,1.625,0.583
13785,6.58935191414448,52.3614671861841,1.567,0.562
13786,6.58936338950314,52.3614679544834,1.517,0.544
13787,6.58937486534995,52.361468713926,1.697,0.608
13788,6.58938634119676,52.3614694733687,1.647,0.59
13789,6.58939781704357,52.3614702328114,1.501,0.538
13790,6.58940929289038,52.3614709922541,1.641,0.588
13791,6.5894207687372,52.3614717516967,1.539,0.552
13792,6.58943224458401,52.3614725111394,1.489,0.534
13793,6.58944372043082,52.3614732705821,1.558,0.559
13794,6.58945519833041,52.3614739927814,1.43,0.513
13795,6.58946667625726,52.3614747144863,1.5,0.538
13796,6.58947815418411,52.3614754361912,1.625,0.583
13797,6.58948963211095,52.361476157896,1.579,0.566
13798,6.5895011100378,52.3614768796009,1.538,0.551
13799,6.58951258796465,52.3614776013058,1.637,0.587
13800,6.5895240658915,52.3614783230107,1.49,0.534
13801,6.58953554381834,52.3614790447155,1.411,0.506
13802,6.58954702174519,52.3614797664204,1.448,0.519
13803,6.58955849967204,52.3614804881253,1.718,0.616
13804,6.58956997759889,52.3614812098301,1.596,0.572
13805,6.58958145552574,52.361481931535,1.734,0.622
13806,6.58959293345258,52.3614826532399,1.433,0.514
13807,6.58960441137943,52.3614833749448,1.441,0.517
13808,6.58961588930628,52.3614840966496,1.619,0.581
13809,6.58962736723313,52.3614848183545,1.58,0.567
13810,6.58963884542679,52.3614855352186,1.549,0.555
13811,6.58965032392092,52.3614862466313,1.436,0.515
13812,6.58966180241505,52.3614869580441,1.506,0.54
13813,6.58967328067184,52.3614876737629,1.547,0.555
13814,6.5896847587943,52.3614883919187,1.375,0.493
13815,6.58969623691676,52.3614891100746,1.52,0.545
13816,6.58970771503922,52.3614898282305,1.472,0.528
13817,6.58971919316169,52.3614905463864,1.466,0.525
13818,6.58973067128415,52.3614912645422,1.701,0.61
13819,6.5897421498885,52.3614919739552,1.541,0.552
13820,6.58975363152875,52.3614926282884,1.464,0.525
13821,6.589765113169,52.3614932826215,1.561,0.56
13822,6.58977659480925,52.3614939369547,1.767,0.634
13823,6.5897880764495,52.3614945912878,1.486,0.533
13824,6.58979955808975,52.361495245621,1.417,0.508
13825,6.58981103973,52.3614958999541,1.537,0.551
13826,6.58982252137025,52.3614965542872,1.459,0.523
13827,6.5898340030105,52.3614972086204,1.544,0.554
13828,6.58984548465075,52.3614978629535,1.489,0.534
13829,6.589856966291,52.3614985172867,1.705,0.612
13830,6.58986844793125,52.3614991716198,1.574,0.564
13831,6.5898799295715,52.361499825953,1.513,0.542
13832,6.58989141121175,52.3615004802861,1.367,0.49
13833,6.58990290138295,52.3615009798435,1.509,0.541
13834,6.5899144067079,52.3615012044685,1.568,0.562
13835,6.58992589004931,52.3615018279378,1.655,0.594
13836,6.58993737339072,52.361502451407,1.324,0.475
13837,6.58994885673213,52.3615030748762,1.483,0.532
13838,6.58996034007354,52.3615036983454,1.643,0.589
13839,6.58997182341495,52.3615043218147,1.501,0.538
13840,6.58998330675636,52.3615049452839,1.334,0.478
13841,6.58999479009777,52.3615055687531,1.571,0.563
13842,6.59000627343918,52.3615061922224,1.477,0.53
13843,6.59001775678059,52.3615068156916,1.552,0.556
13844,6.59002923459638,52.3615075394114,1.506,0.54
13845,6.59004071207584,52.3615082692332,1.419,0.509
13846,6.5900521895553,52.361508999055,1.593,0.571
13847,6.59006366703475,52.3615097288768,1.521,0.545
13848,6.59007514451421,52.3615104586986,1.478,0.53
13849,6.59008662199367,52.3615111885205,1.685,0.604
13850,6.59009809947313,52.3615119183423,1.563,0.56
13851,6.59010957695258,52.3615126481641,1.461,0.524
13852,6.5901210585842,52.3615133026539,1.521,0.546
13853,6.59013255415778,52.3615137041966,1.66,0.595
13854,6.59014404973136,52.3615141057393,1.524,0.547
13855,6.59015554530494,52.361514507282,1.416,0.508
13856,6.59016704087852,52.3615149088247,1.511,0.542
13857,6.5901785364521,52.3615153103674,1.662,0.596
13858,6.59019003202569,52.3615157119101,1.539,0.552
13859,6.59020152759927,52.3615161134528,1.384,0.496
13860,6.59021302317285,52.3615165149955,1.566,0.562
13861,6.59022451874643,52.3615169165382,1.438,0.515
13862,6.59023601432001,52.3615173180809,1.547,0.555
13863,6.5902475098936,52.3615177196236,1.531,0.549
13864,6.59025900546718,52.3615181211663,1.386,0.497
13865,6.59027050104076,52.361518522709,1.492,0.535
13866,6.59028199661434,52.3615189242517,1.508,0.541
13867,6.59029349218792,52.3615193257944,1.524,0.546
13868,6.5903049877615,52.3615197273371,1.435,0.514
13869,6.59031648333509,52.3615201288798,1.462,0.524
13870,6.59032796981912,52.3615206953328,1.539,0.552
13871,6.5903394524605,52.3615213315027,1.496,0.537
13872,6.59035093510187,52.3615219676725,1.465,0.525
13873,6.59036241774325,52.3615226038424,1.392,0.499
13874,6.59037390038462,52.3615232400123,1.646,0.59
13875,6.590385383026,52.3615238761822,1.466,0.526
13876,6.59039686566737,52.361524512352,1.574,0.564
13877,6.59040834830875,52.3615251485219,1.438,0.515
13878,6.59041983095012,52.3615257846918,1.392,0.499
13879,6.5904313135915,52.3615264208616,1.598,0.573
13880,6.59044279623287,52.3615270570315,1.624,0.582
13881,6.59045427887425,52.3615276932014,1.53,0.548
13882,6.59046576151562,52.3615283293713,1.577,0.566
13883,6.590477244157,52.3615289655411,1.576,0.565
13884,6.59048872191502,52.3615296903091,1.656,0.594
13885,6.59050019146231,52.3615305640431,1.627,0.583
13886,6.5905116610096,52.3615314377771,1.476,0.529
13887,6.59052313055689,52.3615323115111,1.564,0.561
13888,6.59053460010418,52.361533185245,1.522,0.546
13889,6.59054606965147,52.361534058979,1.196,0.429
13890,6.59055753919876,52.361534932713,1.55,0.556
13891,6.59056900874605,52.361535806447,1.679,0.602
13892,6.59058047829334,52.361536680181,1.495,0.536
13893,6.59059197410141,52.3615370774694,1.427,0.512
13894,6.59060349049307,52.3615371013126,1.555,0.558
13895,6.59061500688474,52.3615371251557,1.561,0.56
13896,6.59062652327641,52.3615371489989,1.29,0.463
13897,6.59063803966807,52.361537172842,1.538,0.551
13898,6.59064955605974,52.3615371966852,1.469,0.527
13899,6.59066107245141,52.3615372205283,1.473,0.528
13900,6.59067257138153,52.3615375611738,1.525,0.547
13901,6.5906840543888,52.3615381907052,1.379,0.495
13902,6.59069553886284,52.3615387936254,1.567,0.562
13903,6.59070703617165,52.361539163686,1.345,0.482
13904,6.59071853348047,52.3615395337466,1.607,0.576
13905,6.59073003078928,52.3615399038073,1.473,0.528
13906,6.5907415280981,52.3615402738679,1.433,0.514
13907,6.59075302540691,52.3615406439285,1.348,0.483
13908,6.59076452271573,52.3615410139891,1.488,0.534
13909,6.59077602002454,52.3615413840497,1.494,0.536
13910,6.59078751733336,52.3615417541103,1.337,0.48
13911,6.59079901464217,52.3615421241709,1.329,0.477
13912,6.59081053484123,52.3615420789371,1.419,0.509
13913,6.59082201827023,52.3615427008172,1.566,0.562
13914,6.59083348055745,52.3615437062696,1.648,0.591
13915,6.59084496539131,52.3615443026616,1.538,0.551
13916,6.59085645022517,52.3615448990535,1.628,0.584
13917,6.59086793489915,52.3615454983461,1.566,0.562
13918,6.59087941876991,52.3615461122114,1.379,0.494
13919,6.59089090264067,52.3615467260767,1.558,0.559
13920,6.59090238658281,52.361547338647,1.342,0.481
13921,6.59091387134706,52.361547936302,1.472,0.528
13922,6.5909253561113,52.3615485339569,1.43,0.513
13923,6.59093684087555,52.3615491316118,1.388,0.498
13924,6.59094832633672,52.3615497166226,1.342,0.481
13925,6.59095981213387,52.3615502955376,1.528,0.548
13926,6.59097129793103,52.3615508744525,1.467,0.526
13927,6.59098278372819,52.3615514533675,1.601,0.574
13928,6.59099426952535,52.3615520322824,1.531,0.549
13929,6.59100575673205,52.3615525856242,1.481,0.531
13930,6.59101724411774,52.3615531357187,1.485,0.532
13931,6.59102873150343,52.3615536858131,1.41,0.506
13932,6.59104021900158,52.3615542338672,1.448,0.519
13933,6.59105170685679,52.3615547754432,1.508,0.541
13934,6.59106319397014,52.3615553304786,1.578,0.566
13935,6.59107467951091,52.3615559140453,1.515,0.543
13936,6.59108616505167,52.361556497612,1.493,0.535
13937,6.59109765059244,52.3615570811786,1.459,0.523
13938,6.5911091361332,52.3615576647453,1.5,0.538
13939,6.59112062167397,52.3615582483119,1.727,0.619
13940,6.59113210721473,52.3615588318786,1.478,0.53
13941,6.5911435927555,52.3615594154453,1.653,0.593
13942,6.59115507829626,52.3615599990119,1.611,0.578
13943,6.59116656383703,52.3615605825786,1.59,0.57
13944,6.59117804937779,52.3615611661453,1.519,0.545
13945,6.59118953491856,52.3615617497119,1.613,0.578
13946,6.59120102045932,52.3615623332786,1.425,0.511
13947,6.59121250600009,52.3615629168452,1.47,0.527
13948,6.59122399154085,52.3615635004119,1.47,0.527
13949,6.59123547708162,52.3615640839786,1.557,0.558
13950,6.59124696262238,52.3615646675452,1.501,0.538
13951,6.59125844816315,52.3615652511119,1.453,0.521
13952,6.59126993370391,52.3615658346785,1.567,0.562
13953,6.59128141924468,52.3615664182452,1.579,0.566
13954,6.59129290478544,52.3615670018119,1.389,0.498
13955,6.59130439032621,52.3615675853785,1.433,0.514
13956,6.59131587586697,52.3615681689452,1.496,0.536
13957,6.59132736140773,52.3615687525119,1.68,0.602
13958,6.5913388469485,52.3615693360785,1.447,0.519
13959,6.59135033248926,52.3615699196452,1.458,0.523
13960,6.59136181803003,52.3615705032118,1.369,0.491
13961,6.59137330357079,52.3615710867785,1.676,0.601
13962,6.59138478911156,52.3615716703452,1.746,0.626
13963,6.59139627465232,52.3615722539118,1.424,0.511
13964,6.59140776019309,52.3615728374785,1.762,0.632
13965,6.59141924573385,52.3615734210452,1.54,0.552
13966,6.59143073127462,52.3615740046118,1.497,0.537
13967,6.59144221628725,52.3615745977604,1.559,0.559
13968,6.59145370023918,52.361575210153,1.424,0.511
13969,6.5914651841911,52.3615758225457,1.611,0.577
13970,6.59147666814303,52.3615764349384,1.445,0.518
13971,6.59148815209496,52.3615770473311,1.399,0.502
13972,6.59149963604689,52.3615776597238,1.548,0.555
13973,6.59151111999882,52.3615782721165,1.404,0.504
13974,6.59152260395075,52.3615788845091,1.664,0.597
13975,6.59153408790268,52.3615794969018,1.455,0.522
13976,6.59154557185461,52.3615801092945,1.57,0.563
13977,6.59155705580654,52.3615807216872,1.446,0.519
13978,6.59156853975847,52.3615813340799,1.511,0.542
13979,6.59158002371039,52.3615819464726,1.512,0.542
13980,6.59159150766232,52.3615825588652,1.404,0.503
13981,6.59160299161425,52.3615831712579,1.558,0.559
13982,6.59161447556618,52.3615837836506,1.72,0.617
13983,6.59162595951811,52.3615843960433,1.596,0.572
13984,6.59163744347004,52.361585008436,1.444,0.518
13985,6.59164892742197,52.3615856208287,1.466,0.526
13986,6.5916604113739,52.3615862332213,1.572,0.564
13987,6.59167189532583,52.361586845614,1.392,0.499
13988,6.59168337927775,52.3615874580067,1.483,0.532
13989,6.59169486322968,52.3615880703994,1.523,0.546
13990,6.59170634718161,52.3615886827921,1.556,0.558
13991,6.59171781893498,52.3615895165014,1.572,0.564
13992,6.59172928937646,52.3615903740124,1.565,0.561
13993,6.59174075981793,52.3615912315234,1.597,0.573
13994,6.5917522302594,52.3615920890343,1.772,0.635
13995,6.59176370992243,52.36159277924,1.747,0.626
13996,6.5917752049464,52.3615931907541,1.563,0.561
13997,6.59178669997039,52.3615936022681,1.539,0.552
13998,6.59179819499437,52.3615940137822,1.511,0.542
13999,6.59180969001835,52.3615944252962,1.427,0.512
14000,6.59182117911624,52.3615949443263,1.588,0.57
14001,6.59183266646341,52.3615954951197,1.558,0.559
14002,6.59184415381057,52.3615960459131,1.525,0.547
14003,6.59185564115774,52.3615965967065,1.495,0.536
14004,6.59186712850491,52.3615971474999,1.585,0.568
14005,6.59187861585207,52.3615976982933,1.645,0.59
14006,6.59189010319924,52.3615982490866,1.434,0.514
14007,6.5919015905464,52.36159879988,1.62,0.581
14008,6.59191307789357,52.3615993506734,1.575,0.565
14009,6.59192456524074,52.3615999014668,1.425,0.511
14010,6.5919360525879,52.3616004522602,1.362,0.488
14011,6.59194753993507,52.3616010030535,1.422,0.51
14012,6.59195902728223,52.3616015538469,1.575,0.565
14013,6.5919705146294,52.3616021046403,1.64,0.588
14014,6.59198200197657,52.3616026554337,1.444,0.518
14015,6.59199348932373,52.3616032062271,1.607,0.576
14016,6.5920049766709,52.3616037570204,1.445,0.518
14017,6.59201646401806,52.3616043078138,1.482,0.532
14018,6.59202795136523,52.3616048586072,1.516,0.544
14019,6.5920394387124,52.3616054094006,1.588,0.569
14020,6.59205092605956,52.361605960194,1.54,0.552
14021,6.59206241340673,52.3616065109874,1.507,0.54
14022,6.59207390075389,52.3616070617807,1.575,0.565
14023,6.59208538810106,52.3616076125741,1.308,0.469
14024,6.59209687544823,52.3616081633675,1.576,0.565
14025,6.59210836279539,52.3616087141609,1.533,0.55
14026,6.59211985014256,52.3616092649543,1.606,0.576
14027,6.59213133748973,52.3616098157476,1.398,0.501
14028,6.59214282483689,52.361610366541,1.553,0.557
14029,6.59215431218406,52.3616109173344,1.561,0.56
14030,6.59216579953122,52.3616114681278,1.517,0.544
14031,6.59217728687839,52.3616120189212,1.486,0.533
14032,6.59218877422556,52.3616125697145,1.528,0.548
14033,6.59220025088482,52.361613314417,1.456,0.522
14034,6.59221172662115,52.3616140758641,1.695,0.608
14035,6.59222320235748,52.3616148373112,1.581,0.567
14036,6.59223467809381,52.3616155987583,1.488,0.534
14037,6.5922461641928,52.3616161721973,1.593,0.571
14038,6.59225765258075,52.3616167041077,1.614,0.579
14039,6.59226914096871,52.3616172360182,1.679,0.602
14040,6.59228062935667,52.3616177679286,1.514,0.543
14041,6.59229211774463,52.3616182998391,1.608,0.577
14042,6.59230360613259,52.3616188317495,1.57,0.563
14043,6.59231509452054,52.3616193636599,1.687,0.605
14044,6.5923265829085,52.3616198955704,1.706,0.612
14045,6.59233805452043,52.361620731846,1.506,0.54
14046,6.59234950946393,52.3616218705345,1.484,0.532
14047,6.59236096440743,52.361623009223,1.635,0.586
14048,6.59237241935092,52.3616241479114,1.596,0.572
14049,6.59238387429442,52.3616252865999,1.645,0.59
14050,6.59239533107754,52.3616263919125,1.588,0.57
14051,6.59240683003026,52.361626732148,1.446,0.518
14052,6.5924183444818,52.3616267911905,1.718,0.616
14053,6.59242985893335,52.361626850233,1.598,0.573
14054,6.5924413733849,52.3616269092754,1.47,0.527
14055,6.59245288783644,52.3616269683179,1.532,0.549
14056,6.5924643850066,52.3616273408942,1.557,0.558
14057,6.5924758702419,52.3616279300029,1.608,0.577
14058,6.59248735430616,52.3616285403575,1.32,0.473
14059,6.59249883738715,52.3616291685515,1.706,0.612
14060,6.59251032046815,52.3616297967454,1.533,0.55
14061,6.59252180354914,52.3616304249394,1.62,0.581
14062,6.59253328860019,52.3616310173909,1.465,0.525
14063,6.59254477459255,52.3616315927644,1.627,0.583
14064,6.5925562605849,52.3616321681379,1.556,0.558
14065,6.59256774545848,52.3616327638093,1.686,0.604
14066,6.5925792288184,52.3616333869427,1.587,0.569
14067,6.59259075572196,52.36163322007,1.555,0.557
14068,6.59260236498288,52.3616315589995,1.459,0.523
14069,6.59261399015184,52.3616296093118,1.666,0.597
14070,6.5926256153208,52.361627659624,1.556,0.558
14071,6.59263713869294,52.3616275568215,1.528,0.548
14072,6.59264861877228,52.361628239474,1.496,0.536
14073,6.59266009885163,52.3616289221264,1.533,0.55
14074,6.59267157893097,52.3616296047789,1.539,0.552
14075,6.59268305901031,52.3616302874314,1.627,0.583
14076,6.59269453908965,52.3616309700839,1.698,0.609
14077,6.59270601916899,52.3616316527364,1.512,0.542
14078,6.59271749924833,52.3616323353888,1.598,0.573
14079,6.59272897932768,52.3616330180413,1.639,0.588
14080,6.59274037678139,52.3616351997587,1.548,0.555
14081,6.59275175502694,52.3616377299671,1.608,0.577
14082,6.59276316055295,52.3616397652302,1.535,0.55
14083,6.59277461167131,52.3616409733176,1.539,0.552
14084,6.59278609642272,52.3616415712054,1.501,0.538
14085,6.59279758117413,52.3616421690932,1.466,0.526
14086,6.59280906592554,52.3616427669809,1.597,0.573
14087,6.59282055067696,52.3616433648687,1.636,0.587
14088,6.59283203542837,52.3616439627565,1.667,0.598
14089,6.59284352017978,52.3616445606442,1.645,0.59
14090,6.59285500943437,52.3616450768316,1.526,0.547
14091,6.59286650861375,52.3616454129547,1.639,0.588
14092,6.59287800434238,52.3616458116845,1.576,0.565
14093,6.59288949971582,52.3616462168583,1.728,0.62
14094,6.59290099508926,52.3616466220321,1.703,0.611
14095,6.5929124904627,52.3616470272059,1.773,0.636
14096,6.59292398583614,52.3616474323798,1.542,0.553
14097,6.59293548120958,52.3616478375536,1.418,0.508
14098,6.59294697658302,52.3616482427274,1.574,0.564
14099,6.59295847195646,52.3616486479013,1.559,0.559
14100,6.5929699673299,52.3616490530751,1.43,0.513
14101,6.59298146270334,52.3616494582489,1.66,0.595
14102,6.59299295807678,52.3616498634227,1.465,0.525
14103,6.59300445345022,52.3616502685966,1.498,0.537
14104,6.59301594882366,52.3616506737704,1.67,0.599
14105,6.5930274441971,52.3616510789442,1.555,0.558
14106,6.59303893957054,52.3616514841181,1.503,0.539
14107,6.59305043288243,52.3616519266944,1.832,0.657
14108,6.59306192468618,52.3616523966326,1.832,0.657
14109,6.59307341648993,52.3616528665709,1.512,0.542
14110,6.59308490803724,52.3616533411616,1.734,0.622
14111,6.59309639933618,52.3616538202585,1.53,0.548
14112,6.59310789063512,52.3616542993554,1.53,0.548
14113,6.59311938193406,52.3616547784523,1.546,0.554
14114,6.593130873233,52.3616552575492,1.586,0.569
14115,6.59314236453195,52.3616557366461,1.701,0.61
14116,6.59315385583089,52.3616562157429,1.56,0.559
14117,6.59316534712983,52.3616566948398,1.555,0.558
14118,6.59317683842877,52.3616571739367,1.69,0.606
14119,6.59318832972771,52.3616576530336,1.611,0.577
14120,6.59319982102665,52.3616581321305,1.55,0.556
14121,6.59321131232559,52.3616586112274,1.678,0.602
14122,6.59322280362454,52.3616590903243,1.711,0.613
14123,6.59323429492348,52.3616595694211,1.61,0.577
14124,6.59324578622242,52.361660048518,1.678,0.602
14125,6.59325727752136,52.3616605276149,1.627,0.583
14126,6.5932687688203,52.3616610067118,1.578,0.566
14127,6.59328026011924,52.3616614858087,1.626,0.583
14128,6.59329175141819,52.3616619649056,1.594,0.572
14129,6.59330324271713,52.3616624440024,1.691,0.606
14130,6.59331473401607,52.3616629230993,1.692,0.607
14131,6.59332622531501,52.3616634021962,1.732,0.621
14132,6.59333771661395,52.3616638812931,1.557,0.558
14133,6.59334920791289,52.36166436039,1.735,0.622
14134,6.59336069921183,52.3616648394869,1.707,0.612
14135,6.59337219051078,52.3616653185837,1.643,0.589
14136,6.59338368180972,52.3616657976806,1.661,0.595
14137,6.59339517700624,52.3616662060642,1.749,0.627
14138,6.59340667233858,52.3616666119838,1.646,0.59
14139,6.59341816767091,52.3616670179034,1.539,0.552
14140,6.59342966300325,52.361667423823,1.68,0.602
14141,6.59344115833559,52.3616678297426,1.515,0.543
14142,6.59345265366792,52.3616682356621,1.694,0.607
14143,6.59346414900026,52.3616686415817,1.556,0.558
14144,6.5934756443326,52.3616690475013,1.498,0.537
14145,6.59348713966493,52.3616694534209,1.667,0.598
14146,6.59349863499727,52.3616698593405,1.655,0.593
14147,6.5935101303296,52.3616702652601,1.724,0.618
14148,6.59352162566194,52.3616706711796,1.761,0.631
14149,6.59353312099427,52.3616710770992,1.644,0.589
14150,6.59354461632661,52.3616714830188,1.63,0.585
14151,6.59355611165895,52.3616718889384,1.733,0.621
14152,6.59356760699128,52.361672294858,1.925,0.69
14153,6.59357910232362,52.3616727007776,1.642,0.589
14154,6.59359059765595,52.3616731066971,1.621,0.581
14155,6.59360209298829,52.3616735126167,1.943,0.697
14156,6.59361358832063,52.3616739185363,1.719,0.616
14157,6.59362508365296,52.3616743244559,1.881,0.674
14158,6.5936365789853,52.3616747303755,1.734,0.622
14159,6.59364807431764,52.361675136295,1.897,0.68
14160,6.59365956964997,52.3616755422146,2.241,0.804
14161,6.59367106498231,52.3616759481342,1.966,0.705
14162,6.59368256031464,52.3616763540538,2.297,0.824
14163,6.59369405564698,52.3616767599734,2.045,0.733
14164,6.59370555097932,52.361677165893,2.213,0.793
14165,6.59371704631165,52.3616775718125,2.445,0.877
14166,6.59372854493085,52.3616779180991,2.045,0.733
14167,6.59374004469702,52.3616782435762,1.966,0.705
14168,6.59375154446319,52.3616785690534,1.924,0.69
14169,6.59376304422936,52.3616788945305,2.071,0.743
14170,6.59377454399553,52.3616792200077,1.965,0.704
14171,6.5937860437617,52.3616795454848,2.161,0.775
14172,6.59379754352788,52.361679870962,2.297,0.824
14173,6.59380904329405,52.3616801964391,2.573,0.922
14174,6.59382054306022,52.3616805219163,2.141,0.768
14175,6.59383204282639,52.3616808473934,2.527,0.906
14176,6.59384354259256,52.3616811728705,2.508,0.899
14177,6.59385504235873,52.3616814983477,2.758,0.989
14178,6.5938665421249,52.3616818238248,3.016,1.081
14179,6.59387804189107,52.361682149302,2.552,0.915
14180,6.59388954165725,52.3616824747791,2.927,1.049
14181,6.59390104142342,52.3616828002563,2.709,0.971
14182,6.59391254118959,52.3616831257334,2.95,1.058
14183,6.59392404095576,52.3616834512105,2.811,1.008
14184,6.59393554072193,52.3616837766877,2.839,1.018
14185,6.5939470404881,52.3616841021648,2.728,0.978
14186,6.59395854025427,52.361684427642,2.939,1.054
14187,6.59397004002045,52.3616847531191,2.819,1.011
14188,6.59398153978662,52.3616850785963,2.965,1.063
14189,6.59399303955279,52.3616854040734,2.822,1.012
14190,6.59400453931896,52.3616857295506,2.863,1.027
14191,6.59401603908513,52.3616860550277,3.338,1.197
14192,6.5940275388513,52.3616863805048,2.785,0.998
14193,6.59403903861747,52.361686705982,2.952,1.059
14194,6.59405053838364,52.3616870314591,2.828,1.014
14195,6.59406204268594,52.3616872746379,2.75,0.986
14196,6.59407355163405,52.3616874335285,2.864,1.027
14197,6.59408506058216,52.361687592419,2.967,1.064
14198,6.59409656953028,52.3616877513095,2.758,0.989
14199,6.59410807847839,52.3616879102001,2.839,1.018
14200,6.5941195874265,52.3616880690906,2.682,0.962
14201,6.59413109637461,52.3616882279811,2.89,1.036
14202,6.59414260532272,52.3616883868717,2.748,0.985
14203,6.59415411427083,52.3616885457622,2.763,0.991
14204,6.5941656242153,52.3616886865758,2.833,1.016
14205,6.59417719324872,52.3616877553473,2.627,0.942
14206,6.59418881119227,52.3616859367491,2.66,0.954
14207,6.59420042913582,52.361684118151,2.615,0.938
14208,6.59421200077418,52.3616831396612,2.497,0.895
14209,6.59422360215434,52.3616816215703,2.554,0.916
14210,6.59423521636717,52.3616798706581,2.51,0.9
14211,6.59424678460824,52.361678953805,2.508,0.899
14212,6.5942583026431,52.3616789478359,2.435,0.873
14213,6.59426982067796,52.3616789418668,2.337,0.838
14214,6.59428133871282,52.3616789358977,2.446,0.877
14215,6.59429285674768,52.3616789299287,2.38,0.854
14216,6.59430437447134,52.3616789296056,2.364,0.848
14217,6.59431589362264,52.3616789033812,2.141,0.768
14218,6.5943274132343,52.3616788688045,2.203,0.79
14219,6.59433893284596,52.3616788342277,2.224,0.797
14220,6.59435045245762,52.361678799651,2.025,0.726
14221,6.59436197206928,52.3616787650743,2.072,0.743
14222,6.59437349168094,52.3616787304976,2.159,0.774
14223,6.59438501089738,52.3616787030912,2.285,0.819
14224,6.59439652868386,52.3616787016285,2.243,0.804
14225,6.59440804647033,52.3616787001659,2.507,0.899
14226,6.59441956425681,52.3616786987032,2.337,0.838
14227,6.59443108204328,52.3616786972406,2.604,0.934
14228,6.59444259982976,52.3616786957779,2.085,0.748
14229,6.59445411761623,52.3616786943152,2.29,0.821
14230,6.59446563711673,52.3616786617553,2.55,0.914
14231,6.59447716376195,52.3616784995697,2.365,0.848
14232,6.59448873347679,52.3616775559782,2.391,0.857
14233,6.59450028305792,52.3616769776697,2.757,0.989
14234,6.59451177191656,52.3616775010407,2.121,0.761
14235,6.5945233112065,52.3616771094436,2.366,0.848
14236,6.594534820087,52.3616772695608,2.304,0.826
14237,6.59454632065927,52.3616775804131,2.635,0.945
14238,6.59455783608744,52.3616776217368,2.503,0.897
14239,6.59456934583072,52.3616777662006,2.88,1.033
14240,6.59458084401462,52.3616781203847,2.859,1.025
14241,6.59459726872589,52.3615890932866,2.895,1.038
14242,6.59461070647227,52.3615542582655,2.737,0.981
14243,6.59462221249838,52.3615544701695,3.112,1.116
14244,6.59463371925387,52.3615546688404,2.834,1.016
14245,6.59464524313092,52.3615545568773,2.826,1.013
14246,6.59465756264215,52.3615400098371,3.034,1.088
14247,6.59467200070982,52.3614870261299,2.748,0.985
14248,6.5946813660877,52.3615260755089,2.967,1.064
14249,6.59469714702828,52.3614487282504,3.322,1.191
14250,6.59470893818418,52.3614437670853,2.809,1.007
14251,6.59472072934008,52.3614388059202,2.945,1.056
14252,6.59473252049598,52.3614338447551,3.22,1.155
14253,6.59474361730422,52.3614414810405,3.375,1.21
14254,6.59475485476514,52.3614465654842,3.486,1.25
14255,6.59476609222607,52.3614516499279,3.111,1.116
14256,6.594777329687,52.3614567343716,2.903,1.041
14257,6.5947888600659,52.3614565044464,3.245,1.164
14258,6.59480016054828,52.3614604455008,3.158,1.132
14259,6.59481146103067,52.3614643865552,2.889,1.036
14260,6.59482276151306,52.3614683276096,3.215,1.153
14261,6.59483378690073,52.361477259668,2.646,0.949
14262,6.59484134447559,52.3615583666937,3.022,1.084
14263,6.59485423794727,52.361558974364,3.057,1.096
14264,6.59486713141895,52.3615595820343,2.906,1.042
14265,6.59488002489062,52.3615601897046,2.958,1.06
14266,6.5948929183623,52.3615607973749,2.726,0.977
14267,6.59490581183398,52.3615614050452,2.492,0.894
14268,6.59491870530565,52.3615620127155,2.786,0.999
14269,6.59493159877733,52.3615626203858,2.645,0.948
14270,6.59494449224901,52.3615632280561,2.674,0.959
14271,6.59495738572068,52.3615638357264,2.207,0.791
14272,6.59497091579375,52.3615644769779,2.439,0.875
14273,6.59498546212462,52.3615651718379,2.662,0.955
14274,6.59500000845548,52.3615658666979,2.462,0.883
14275,6.59501455478635,52.3615665615578,2.468,0.885
14276,6.59502910111722,52.3615672564178,2.586,0.927
14277,6.59504364718663,52.3615679657209,2.356,0.845
14278,6.59505818816985,52.3615689559941,2.214,0.794
14279,6.59507272915307,52.3615699462673,2.506,0.899
14280,6.5950872701363,52.3615709365405,2.211,0.793
14281,6.59510181111952,52.3615719268137,2.004,0.719
14282,6.59511635210274,52.3615729170869,2.218,0.795
14283,6.59513089308596,52.3615739073601,1.977,0.709
14284,6.59514543406919,52.3615748976333,2.347,0.842
14285,6.59515997505241,52.3615758879065,2.016,0.723
14286,6.59517451603563,52.3615768781797,1.963,0.704
14287,6.59518906262793,52.3615775585977,2.319,0.832
14288,6.59520361344161,52.3615780058192,1.819,0.652
14289,6.59521650978324,52.3616698489856,2.082,0.747
14290,6.59523069301253,52.361690602215,1.972,0.707
14291,6.595245227408,52.3616919564073,1.81,0.649
14292,6.59525977020556,52.3616928464535,1.851,0.664
14293,6.59527431300312,52.3616937364996,1.971,0.707
14294,6.59528885580067,52.3616946265458,1.719,0.616
14295,6.59530339859823,52.3616955165919,1.721,0.617
14296,6.59531794139579,52.361696406638,2.174,0.78
14297,6.59533248419335,52.3616972966842,2.137,0.766
14298,6.5953470269909,52.3616981867303,2.028,0.727
14299,6.59536156978846,52.3616990767765,1.734,0.622
14300,6.59537611258602,52.3616999668226,2.081,0.746
14301,6.59539065538358,52.3617008568688,1.756,0.629
14302,6.59540519818114,52.3617017469149,1.927,0.691
14303,6.59541974097869,52.361702636961,2.093,0.75
14304,6.59543428574956,52.3617034179984,1.692,0.607
14305,6.59544883121015,52.3617041609337,2.012,0.721
14306,6.59546337667074,52.3617049038691,1.903,0.682
14307,6.5954779221454,52.3617056460278,1.813,0.65
14308,6.59549246765224,52.3617063864083,1.823,0.654
14309,6.59550701315908,52.3617071267889,1.839,0.659
14310,6.59552155866592,52.3617078671694,2.089,0.749
14311,6.59553610417276,52.36170860755,1.857,0.666
14312,6.5955506496796,52.3617093479305,1.699,0.609
14313,6.59556519518644,52.3617100883111,1.533,0.55
14314,6.59557974069329,52.3617108286916,1.894,0.679
14315,6.59559428620013,52.3617115690722,1.934,0.693
14316,6.59560883170697,52.3617123094527,1.885,0.676
14317,6.59562337721381,52.3617130498333,1.573,0.564
14318,6.59563792272065,52.3617137902138,1.827,0.655
14319,6.59565246822749,52.3617145305944,1.861,0.667
14320,6.59566701373433,52.361715270975,2.092,0.75
14321,6.59568155924118,52.3617160113555,2.022,0.725
14322,6.59569610464435,52.3617167574626,1.704,0.611
14323,6.59571064995791,52.3617175085203,1.881,0.675
14324,6.59572519527148,52.361718259578,1.854,0.665
14325,6.59573974058504,52.3617190106357,1.9,0.681
14326,6.5957542858986,52.3617197616934,1.736,0.622
14327,6.59576883121216,52.3617205127511,1.865,0.669
14328,6.59578337906107,52.3617211237516,1.839,0.659
14329,6.59579792708217,52.36172172524,1.972,0.707
14330,6.59581247510327,52.3617223267283,1.714,0.615
14331,6.59582702312438,52.3617229282166,1.685,0.604
14332,6.59584157114548,52.361723529705,1.776,0.637
14333,6.59585611828191,52.3617241800643,1.968,0.706
14334,6.59587066515873,52.3617248447644,1.783,0.639
14335,6.59588521166364,52.3617255300099,1.772,0.635
14336,6.59589975531761,52.3617263727466,1.85,0.663
14337,6.59591429897158,52.3617272154832,1.92,0.689
14338,6.59592884548608,52.3617279001985,1.769,0.634
14339,6.59594339254297,52.3617285549521,1.843,0.661
14340,6.59595793959985,52.3617292097057,1.86,0.667
14341,6.5959724863432,52.3617298817794,1.907,0.684
14342,6.59598703119106,52.3617306585631,1.837,0.659
14343,6.59600157603892,52.3617314353468,1.913,0.686
14344,6.59601612088678,52.3617322121305,1.812,0.65
14345,6.59603066573465,52.3617329889143,1.883,0.675
14346,6.59604521058251,52.361733765698,1.855,0.665
14347,6.59605975471878,52.3617345817913,1.818,0.652
14348,6.59607429884519,52.3617353984289,1.862,0.668
14349,6.59608884297161,52.3617362150665,2.187,0.784
14350,6.59610338709803,52.3617370317042,1.814,0.65
14351,6.59611793122445,52.3617378483418,1.941,0.696
14352,6.59613247535086,52.3617386649794,1.932,0.693
14353,6.59614701947728,52.361739481617,1.9,0.681
14354,6.5961615636037,52.3617402982546,1.995,0.715
14355,6.59617610773012,52.3617411148922,1.833,0.657
14356,6.59619065185653,52.3617419315298,1.917,0.687
14357,6.59620519598295,52.3617427481674,1.941,0.696
14358,6.59621974010937,52.361743564805,2.1,0.753
14359,6.59623428423578,52.3617443814426,1.837,0.659
14360,6.59624882900936,52.3617451623302,1.988,0.713
14361,6.59626337382133,52.3617459410967,1.855,0.665
14362,6.59627791863329,52.3617467198633,1.856,0.666
14363,6.59629246344526,52.3617474986298,1.953,0.7
14364,6.59630700833765,52.3617482729539,1.876,0.672
14365,6.59632155403007,52.3617490030825,1.783,0.639
14366,6.5963360997225,52.3617497332111,2.097,0.752
14367,6.59635064541492,52.3617504633397,1.918,0.688
14368,6.59636519110735,52.3617511934683,2.05,0.735
14369,6.59637973679977,52.3617519235969,1.926,0.69
14370,6.5963942824922,52.3617526537255,2.058,0.738
14371,6.59640882818462,52.3617533838541,1.934,0.694
14372,6.59642337387705,52.3617541139827,2.001,0.718
14373,6.59643791956947,52.3617548441113,2.016,0.723
14374,6.5964524652619,52.36175557424,1.94,0.696
14375,6.59646701095432,52.3617563043686,2.197,0.788
14376,6.59648155664675,52.3617570344972,1.856,0.665
14377,6.59649610233917,52.3617577646258,1.781,0.638
14378,6.59651064803159,52.3617584947544,2.086,0.748
14379,6.59652519372402,52.361759224883,1.878,0.674
14380,6.59653973941644,52.3617599550116,1.954,0.7
14381,6.59655429646278,52.3617600579299,1.921,0.689
14382,6.59656885795631,52.361759915178,1.987,0.712
14383,6.59658341077081,52.3617602518708,1.938,0.695
14384,6.59659796125006,52.3617607175664,1.987,0.713
14385,6.59661251384582,52.3617610663426,2.195,0.787
14386,6.5966270494732,52.3617623524822,2.024,0.726
14387,6.59664157232247,52.3617643445068,2.083,0.747
14388,6.59665609517174,52.3617663365315,1.951,0.7
14389,6.59667063454671,52.3617674156473,1.954,0.701
14390,6.59668518374247,52.3617679522457,2.064,0.74
14391,6.59669973293822,52.3617684888441,1.928,0.691
14392,6.59671428213398,52.3617690254426,1.944,0.697
14393,6.59672882342246,52.3617699988528,2.021,0.725
14394,6.59674336111817,52.3617711707336,1.978,0.709
14395,6.59675789881389,52.3617723426144,2.023,0.725
14396,6.59677243650961,52.3617735144953,1.789,0.642
14397,6.59678697420532,52.3617746863761,1.897,0.68
14398,6.59680151190104,52.361775858257,1.895,0.679
14399,6.59681605027506,52.3617769926669,1.917,0.687
14400,6.5968305899021,52.3617780578582,1.866,0.669
14401,6.59684512952914,52.3617791230495,2.09,0.749
14402,6.59685966915617,52.3617801882408,2.037,0.73
14403,6.59687420878321,52.3617812534321,1.966,0.705
14404,6.59688874841025,52.3617823186234,2.022,0.725
14405,6.59690329544036,52.3617829748557,1.982,0.711
14406,6.59691784654346,52.3617834060892,1.929,0.692
14407,6.59693239764656,52.3617838373227,2.077,0.745
14408,6.59694694874965,52.3617842685562,2.557,0.917
14409,6.59696149985275,52.3617846997897,1.935,0.694
14410,6.59697605095585,52.3617851310232,2.182,0.783
14411,6.59699060205895,52.3617855622567,2.032,0.729
14412,6.59700515316205,52.3617859934902,2.045,0.733
14413,6.59701970426514,52.3617864247237,2.247,0.806
14414,6.59703425536824,52.3617868559572,2.229,0.799
14415,6.59704880647134,52.3617872871907,1.968,0.706
14416,6.59706335757444,52.3617877184243,2.387,0.856
14417,6.59707790867753,52.3617881496578,1.998,0.717
14418,6.59709245978063,52.3617885808913,2.093,0.75
14419,6.59710701088373,52.3617890121248,1.964,0.704
14420,6.59712156198683,52.3617894433583,2.173,0.779
14421,6.59713611308993,52.3617898745918,2.293,0.822
14422,6.59715066419302,52.3617903058253,2.252,0.808
14423,6.59716521529612,52.3617907370588,1.961,0.703
14424,6.59717976639922,52.3617911682923,2.089,0.749
14425,6.59719431750232,52.3617915995258,2.25,0.807
14426,6.59720886860541,52.3617920307593,2.143,0.768
14427,6.59722341970851,52.3617924619928,2.018,0.724
14428,6.59723797081161,52.3617928932263,1.936,0.694
14429,6.59725252191471,52.3617933244599,1.898,0.68
14430,6.59726707301781,52.3617937556934,1.986,0.712
14431,6.59728162159609,52.3617943264019,2.042,0.732
14432,6.5972961639551,52.361795240674,2.519,0.903
14433,6.59731070631412,52.3617961549462,2.025,0.726
14434,6.59732524867313,52.3617970692183,2.06,0.738
14435,6.59733979103214,52.3617979834905,2.038,0.731
14436,6.59735433339115,52.3617988977626,2.012,0.721
14437,6.59736887575017,52.3617998120348,2.07,0.742
14438,6.59738341810918,52.361800726307,2.023,0.725
14439,6.59739796046819,52.3618016405791,2.013,0.722
14440,6.5974125028272,52.3618025548513,1.913,0.686
14441,6.59742704518622,52.3618034691234,2.105,0.755
14442,6.59744158754523,52.3618043833956,2.085,0.748
14443,6.59745612990424,52.3618052976678,2.236,0.802
14444,6.59747067226325,52.3618062119399,2.125,0.762
14445,6.59748521462227,52.3618071262121,2.095,0.751
14446,6.59749975698128,52.3618080404842,2.097,0.752
14447,6.59751429934029,52.3618089547564,2.366,0.848
14448,6.5975288416993,52.3618098690285,2.354,0.844
14449,6.59754338405832,52.3618107833007,2.331,0.836
14450,6.59755792387391,52.3618118380759,2.173,0.779
14451,6.59757246249147,52.3618129590323,1.878,0.674
14452,6.59758700110903,52.3618140799888,2.252,0.808
14453,6.5976015397266,52.3618152009452,2.144,0.769
14454,6.59761607834416,52.3618163219016,2.141,0.768
14455,6.59763061696172,52.3618174428581,2.152,0.772
14456,6.59764515827186,52.361818415072,2.186,0.784
14457,6.59765970573664,52.3618190472922,2.083,0.747
14458,6.59767425320143,52.3618196795124,2.151,0.771
14459,6.59768880066622,52.3618203117326,1.937,0.695
14460,6.59770334817214,52.3618209416805,2.137,0.766
14461,6.59771789901709,52.3618213871745,2.166,0.777
14462,6.59773245108966,52.3618217648524,2.169,0.778
14463,6.59774699744298,52.361822458472,2.093,0.75
14464,6.5977615434265,52.3618231725203,2.136,0.766
14465,6.59777608941001,52.3618238865686,2.272,0.815
14466,6.59779063499953,52.3618246223816,2.365,0.848
14467,6.59780518049428,52.3618253634305,2.118,0.759
14468,6.59781972598902,52.3618261044794,2.169,0.778
14469,6.59783427148376,52.3618268455282,2.074,0.744
14470,6.59784881697851,52.3618275865771,1.953,0.7
14471,6.59786336247325,52.361828327626,2.134,0.765
14472,6.59787790796799,52.3618290686749,2.18,0.782
14473,6.59789245346274,52.3618298097237,2.218,0.795
14474,6.59790699895748,52.3618305507726,2.193,0.786
14475,6.59792154445222,52.3618312918215,2.269,0.813
14476,6.59793609342475,52.3618318407515,2.159,0.774
14477,6.59795064389871,52.3618323067395,2.159,0.774
14478,6.59796519437268,52.3618327727274,2.244,0.805
14479,6.59797974373655,52.3618333000387,2.157,0.774
14480,6.59799429276749,52.3618338457419,1.948,0.698
14481,6.59800884179843,52.361834391445,2.374,0.851
14482,6.59802339082937,52.3618349371481,2.229,0.799
14483,6.59803793986031,52.3618354828513,2.412,0.865
14484,6.59805248889125,52.3618360285544,2.208,0.792
14485,6.59806703792219,52.3618365742575,2.349,0.842
14486,6.59808158695313,52.3618371199607,2.032,0.729
14487,6.59809615479322,52.3618366266134,2.035,0.73
14488,6.59811072280552,52.3618361237529,2.227,0.798
14489,6.59812529081782,52.3618356208923,2.249,0.807
14490,6.59813985883012,52.3618351180318,2.133,0.765
14491,6.59815442684242,52.3618346151713,2.327,0.834
14492,6.59816886602145,52.3618412292874,2.303,0.826
14493,6.59818341792032,52.3618416165608,2.253,0.808
14494,6.59819796981919,52.3618420038343,2.107,0.755
14495,6.59821252171806,52.3618423911077,2.031,0.728
14496,6.59822707361694,52.3618427783812,2.192,0.786
14497,6.59824162551581,52.3618431656547,2.207,0.791
14498,6.59825617741468,52.3618435529281,2.339,0.839
14499,6.59827072931356,52.3618439402016,2.158,0.774
14500,6.59828528121243,52.3618443274751,2.087,0.748
14501,6.59829983311131,52.3618447147485,2.184,0.783
14502,6.59831438501018,52.361845102022,2.046,0.734
14503,6.59832893690905,52.3618454892955,2.252,0.808
14504,6.59834348754313,52.3618459464383,2.204,0.79
14505,6.59835803173785,52.3618467593031,2.346,0.841
14506,6.59837257593256,52.3618475721678,2.29,0.821
14507,6.59838712012728,52.3618483850326,2.172,0.779
14508,6.59840166432199,52.3618491978973,2.274,0.815
14509,6.5984162085167,52.3618500107621,2.067,0.741
14510,6.59843075271142,52.3618508236268,2.129,0.763
14511,6.59844529690613,52.3618516364916,2.332,0.836
14512,6.59845984110085,52.3618524493563,2.03,0.728
14513,6.59847438529556,52.3618532622211,2.061,0.739
14514,6.59848890947618,52.3618551806997,2.291,0.821
14515,6.59850340798163,52.3618585175195,2.317,0.831
14516,6.59851790648709,52.3618618543393,2.229,0.799
14517,6.59853245875001,52.3618622215022,1.902,0.682
14518,6.59854705084756,52.36186038813,2.059,0.738
14519,6.59856160757036,52.3618605089213,2.322,0.833
14520,6.59857615900546,52.3618609218145,2.203,0.79
14521,6.59859071044056,52.3618613347077,2.372,0.851
14522,6.59860526187566,52.3618617476008,2.105,0.755
14523,6.59861981331076,52.361862160494,2.113,0.758
14524,6.59863436474585,52.3618625733872,2.185,0.783
14525,6.59864891618095,52.3618629862804,2.209,0.792
14526,6.59866346761605,52.3618633991735,2.162,0.775
14527,6.5986780173758,52.3618639046163,2.102,0.754
14528,6.59869256437158,52.3618645627453,1.974,0.708
14529,6.59870711136736,52.3618652208742,2.158,0.774
14530,6.59872165836314,52.3618658790031,2.214,0.794
14531,6.59873620535892,52.3618665371321,2.102,0.754
14532,6.5987507523547,52.361867195261,2.256,0.809
14533,6.59876529935048,52.36186785339,2.003,0.718
14534,6.59877984634626,52.3618685115189,2.066,0.741
14535,6.59879439334204,52.3618691696478,2.051,0.735
14536,6.59880894033782,52.3618698277768,2.216,0.794
14537,6.5988234873336,52.3618704859057,2.167,0.777
14538,6.59883803432938,52.3618711440346,2.389,0.857
14539,6.5988525758389,52.3618721052342,2.367,0.849
14540,6.59886710679033,52.3618736496814,2.08,0.746
14541,6.59888163774176,52.3618751941287,2.14,0.767
14542,6.59889616719933,52.3618768210991,1.999,0.717
14543,6.5989106830853,52.3618791977883,2.38,0.853
14544,6.59892519897128,52.3618815744776,2.105,0.755
14545,6.59893971485725,52.3618839511668,1.867,0.669
14546,6.59895423074323,52.3618863278561,2.114,0.758
14547,6.59896876226863,52.3618878405961,2.413,0.865
14548,6.59898330902142,52.3618885121481,2.271,0.814
14549,6.59899785577422,52.3618891837001,2.361,0.847
14550,6.59901240252701,52.3618898552521,2.171,0.779
14551,6.5990269492798,52.361890526804,2.34,0.839
14552,6.5990414960326,52.361891198356,2.277,0.816
14553,6.59905604278539,52.361891869908,2.297,0.824
14554,6.59907058953818,52.36189254146,2.12,0.76
14555,6.59908513629098,52.3618932130119,2.112,0.757
14556,6.59909967720225,52.3618942072595,2.405,0.862
14557,6.59911422460888,52.3618948426927,2.317,0.831
14558,6.5991287720155,52.361895478126,2.138,0.767
14559,6.59914331926107,52.3618961224561,2.087,0.748
14560,6.59915786458314,52.3618968730438,2.21,0.792
14561,6.59917240860895,52.3618976952393,2.31,0.828
14562,6.59918695254647,52.3618985223116,2.376,0.852
14563,6.599201496484,52.3618993493841,2.01,0.721
14564,6.59921604050029,52.3619001721052,2.096,0.751
14565,6.59923058448996,52.3619009962969,2.079,0.745
14566,6.59924512847963,52.3619018204885,2.122,0.761
14567,6.5992596724693,52.3619026446802,2.312,0.829
14568,6.59927421645897,52.3619034688719,2.072,0.743
14569,6.59928876044864,52.3619042930636,2.239,0.803
14570,6.59930330443832,52.3619051172553,2.526,0.906
14571,6.59931784842799,52.3619059414469,2.141,0.768
14572,6.59933239179424,52.3619068000774,2.114,0.758
14573,6.59934693466805,52.3619076859112,2.208,0.792
14574,6.59936147754186,52.3619085717449,2.21,0.792
14575,6.59937602041567,52.3619094575787,2.167,0.777
14576,6.59939056331453,52.3619103420287,2.153,0.772
14577,6.59940510630774,52.3619112212668,1.942,0.696
14578,6.59941964930095,52.3619121005049,2.225,0.798
14579,6.59943418871066,52.3619131777014,1.927,0.691
14580,6.59944872783503,52.361914270661,2.451,0.879
14581,6.59946327337058,52.3619150094559,2.24,0.803
14582,6.59947781823841,52.3619157851367,2.073,0.743
14583,6.5994923622396,52.3619166086921,2.236,0.802
14584,6.59950690624079,52.3619174322474,2.207,0.791
14585,6.59952144957544,52.3619182926237,1.991,0.714
14586,6.59953599255819,52.3619191724394,2.123,0.761
14587,6.59955053554094,52.3619200522552,2.228,0.799
14588,6.59956507852369,52.361920932071,2.293,0.822
14589,6.59957962139291,52.361921818158,2.233,0.801
14590,6.59959416493573,52.361922667035,2.267,0.813
14591,6.59960871200123,52.361923321312,2.168,0.777
14592,6.59962326011097,52.3619239179041,2.245,0.805
14593,6.59963780202578,52.3619248567146,2.274,0.815
14594,6.59965234405476,52.3619257892185,1.997,0.716
14595,6.5996668873651,52.361926650938,2.314,0.83
14596,6.59968143067543,52.3619275126574,2.355,0.844
14597,6.59969597398576,52.3619283743769,2.08,0.746
14598,6.5997105172961,52.3619292360964,2.347,0.842
14599,6.59972506060643,52.3619300978159,2.036,0.73
14600,6.59973960391677,52.3619309595353,2.433,0.872
14601,6.5997541472271,52.3619318212548,2.292,0.822
14602,6.59976869053743,52.3619326829743,2.217,0.795
14603,6.59978323384777,52.3619335446937,2.104,0.755
14604,6.5997977771581,52.3619344064132,2.295,0.823
14605,6.59981232046844,52.3619352681327,2.318,0.831
14606,6.59982686377877,52.3619361298521,2.247,0.806
14607,6.59984140708911,52.3619369915716,2.238,0.803
14608,6.59985595018452,52.3619378651634,2.32,0.832
14609,6.5998704932719,52.3619387391995,2.294,0.822
14610,6.59988503635927,52.3619396132357,2.209,0.792
14611,6.59989957944665,52.3619404872719,2.162,0.775
14612,6.59991412253402,52.361941361308,2.425,0.869
14613,6.5999286656214,52.3619422353442,2.342,0.84
14614,6.59994320870877,52.3619431093803,2.209,0.792
14615,6.59995775179615,52.3619439834165,2.202,0.789
14616,6.59997229488352,52.3619448574527,2.19,0.785
14617,6.59998683797089,52.3619457314888,2.245,0.805
14618,6.60000138105827,52.361946605525,2.323,0.833
14619,6.600015924089,52.36194748269,2.217,0.795
14620,6.60003046707085,52.3619483625556,2.41,0.864
14621,6.6000450100527,52.3619492424212,2.24,0.803
14622,6.60005955303455,52.3619501222868,2.204,0.79
14623,6.6000740960164,52.3619510021524,2.437,0.874
14624,6.60008863899825,52.3619518820179,2.266,0.812
14625,6.6001031819801,52.3619527618835,2.249,0.807
14626,6.60011772496194,52.3619536417491,2.096,0.752
14627,6.60013226794379,52.3619545216147,2.043,0.733
14628,6.60014681092564,52.3619554014803,2.134,0.765
14629,6.60016135390749,52.3619562813458,1.997,0.716
14630,6.60017589688934,52.3619571612114,2.235,0.802
14631,6.60019043976331,52.3619580470365,2.089,0.749
14632,6.60020498238671,52.3619589467035,2.099,0.753
14633,6.6002195250101,52.3619598463705,2.157,0.774
14634,6.6002340676335,52.3619607460376,2.366,0.848
14635,6.6002486102569,52.3619616457046,1.87,0.671
14636,6.6002631528803,52.3619625453716,2.161,0.775
14637,6.6002776955037,52.3619634450386,2.217,0.795
14638,6.6002922381271,52.3619643447056,2.24,0.803
14639,6.60030678075049,52.3619652443726,2.132,0.764
14640,6.60032132337389,52.3619661440397,2.143,0.769
14641,6.60033586599729,52.3619670437067,2.385,0.855
14642,6.60035040862069,52.3619679433737,2.243,0.804
14643,6.60036495124409,52.3619688430407,2.108,0.756
14644,6.60037949387122,52.3619697425016,2.321,0.832
14645,6.60039403679161,52.3619706257623,2.55,0.914
14646,6.60040857971199,52.361971509023,2.243,0.804
14647,6.6004231243049,52.361972299891,2.055,0.737
14648,6.60043766924456,52.3619730716034,2.386,0.856
14649,6.60045221418423,52.3619738433158,2.279,0.817
14650,6.60046675799283,52.3619746775103,2.135,0.765
14651,6.60048130167053,52.3619755189356,2.401,0.861
14652,6.60049584503998,52.3619763773893,2.151,0.771
14653,6.6005103868615,52.3619773213539,2.131,0.764
14654,6.60052492868301,52.3619782653185,2.225,0.798
14655,6.60053947223989,52.3619791134181,2.218,0.795
14656,6.60055401608002,52.3619799458708,2.381,0.854
14657,6.60056857370791,52.3619800166633,2.185,0.783
14658,6.60058312740637,52.3619803045248,2.572,0.922
14659,6.60059768110482,52.3619805923862,2.327,0.835
14660,6.60061223480328,52.3619808802476,2.174,0.78
14661,6.60062678850173,52.361981168109,2.221,0.796
14662,6.60064134220019,52.3619814559705,2.257,0.809
14663,6.60065589589864,52.3619817438319,2.072,0.743
14664,6.60067044959709,52.3619820316933,2.116,0.759
14665,6.60068500329555,52.3619823195548,2.639,0.946
14666,6.600699556994,52.3619826074162,2.22,0.796
14667,6.60071411069246,52.3619828952776,2.677,0.96
14668,6.60072865915444,52.3619834724109,2.466,0.884
14669,6.60074320643874,52.3619841146016,1.946,0.698
14670,6.60075775372304,52.3619847567923,1.961,0.703
14671,6.60077230100734,52.361985398983,2.195,0.787
14672,6.60078684829164,52.3619860411737,2.329,0.835
14673,6.60080139557593,52.3619866833644,2.192,0.786
14674,6.60081594286023,52.3619873255552,2.314,0.83
14675,6.60083049014453,52.3619879677459,2.084,0.747
14676,6.60084503742883,52.3619886099366,2.296,0.823
14677,6.6008595779701,52.3619896246241,2.234,0.801
14678,6.60087411590725,52.3619907831675,2.26,0.81
14679,6.6008886538444,52.3619919417109,2.106,0.755
14680,6.60090318339672,52.3619935634475,2.028,0.727
14681,6.60091758917546,52.3620020226539,2.245,0.805
14682,6.60093212406443,52.3620033495847,2.257,0.809
14683,6.60094666421048,52.3620043861047,2.263,0.811
14684,6.60096120435653,52.3620054226247,2.269,0.814
14685,6.60097574450258,52.3620064591447,2.191,0.786
14686,6.60099028607879,52.36200741666,2.107,0.756
14687,6.60100483124352,52.3620081759395,2.194,0.787
14688,6.60101937640825,52.362008935219,2.072,0.743
14689,6.60103392157298,52.3620096944984,2.06,0.738
14690,6.60104846673771,52.3620104537779,2.17,0.778
14691,6.60106301057918,52.3620112861563,2.424,0.869
14692,6.60107755175052,52.3620122660378,2.316,0.83
14693,6.60109209292185,52.3620132459194,2.27,0.814
14694,6.60110663409319,52.3620142258009,1.998,0.716
14695,6.60112117526452,52.3620152056824,2.236,0.802
14696,6.60113571643586,52.3620161855639,2.522,0.904
14697,6.6011502576072,52.3620171654454,2.144,0.769
14698,6.60116479877853,52.3620181453269,2.014,0.722
14699,6.60117933994987,52.3620191252084,2.193,0.786
14700,6.6011938811212,52.3620201050899,2.15,0.771
14701,6.60120842229254,52.3620210849714,2.374,0.851
14702,6.60122296346387,52.3620220648529,2.286,0.82
14703,6.60123750463521,52.3620230447344,2.179,0.781
14704,6.60125204580654,52.362024024616,2.166,0.777
14705,6.60126658697788,52.3620250044975,2.101,0.753
14706,6.60128112814922,52.362025984379,2.04,0.731
14707,6.60129566932005,52.362026964288,2.235,0.801
14708,6.60131021038077,52.3620279502802,2.227,0.798
14709,6.60132475145275,52.3620289356506,2.086,0.748
14710,6.60133929302439,52.3620298934186,2.244,0.805
14711,6.60135383459603,52.3620308511866,2.329,0.835
14712,6.60136837616767,52.3620318089546,2.377,0.852
14713,6.60138291773931,52.3620327667226,2.375,0.851
14714,6.60139745931095,52.3620337244905,2.079,0.746
14715,6.60141200088259,52.3620346822585,2.127,0.763
14716,6.60142654245423,52.3620356400265,2.15,0.771
14717,6.60144108402587,52.3620365977945,2.021,0.725
14718,6.60145562559751,52.3620375555624,2.359,0.846
14719,6.60147016716915,52.3620385133304,2.497,0.895
14720,6.60148470874079,52.3620394710984,2.187,0.784
14721,6.60149925031243,52.3620404288664,1.975,0.708
14722,6.60151379188407,52.3620413866343,2.406,0.863
14723,6.60152833345571,52.3620423444023,2.227,0.799
14724,6.60154287502735,52.3620433021703,2.023,0.725
14725,6.60155741659899,52.3620442599383,2.124,0.762
14726,6.60157195817063,52.3620452177063,1.986,0.712
14727,6.60158649974227,52.3620461754742,2.395,0.859
14728,6.60160104131391,52.3620471332422,2.233,0.801
14729,6.60161558288555,52.3620480910102,2.051,0.735
14730,6.60163012445719,52.3620490487782,2.216,0.795
14731,6.60164466602883,52.3620500065461,2.181,0.782
14732,6.60165920760047,52.3620509643141,2.066,0.741
14733,6.60167374917211,52.3620519220821,2.231,0.8
14734,6.60168829074375,52.3620528798501,2.2,0.789
14735,6.60170283231539,52.362053837618,2.156,0.773
14736,6.60171737388703,52.362054795386,1.964,0.704
14737,6.60173191562588,52.3620557439172,2.236,0.802
14738,6.60174645760709,52.3620566790601,2.131,0.764
14739,6.60176099958829,52.362057614203,1.994,0.715
14740,6.60177554156949,52.362058549346,2.315,0.83
14741,6.6017900835507,52.3620594844889,2.267,0.813
14742,6.6018046255319,52.3620604196318,2.07,0.742
14743,6.60181916751311,52.3620613547748,2.15,0.771
14744,6.60183370949431,52.3620622899177,2.084,0.747
14745,6.60184825148769,52.3620632243884,2.094,0.751
14746,6.60186279357495,52.3620641536722,2.119,0.76
14747,6.60187733566222,52.362065082956,1.959,0.702
14748,6.60189187774949,52.3620660122397,2.158,0.774
14749,6.60190641983676,52.3620669415235,2.153,0.772
14750,6.60192096192403,52.3620678708072,2.056,0.737
14751,6.6019355040113,52.362068800091,2.018,0.724
14752,6.60195004609857,52.3620697293748,2.264,0.812
14753,6.60196458818583,52.3620706586585,2.131,0.764
14754,6.6019791302731,52.3620715879423,2.144,0.769
14755,6.60199367236037,52.3620725172261,2.016,0.723
14756,6.60200821444764,52.3620734465098,2.215,0.794
14757,6.60202275653491,52.3620743757936,2.043,0.733
14758,6.60203729862218,52.3620753050773,2.259,0.81
14759,6.60205184070945,52.3620762343611,2.266,0.813
14760,6.60206638279671,52.3620771636449,2.187,0.784
14761,6.60208092488398,52.3620780929286,2.224,0.797
14762,6.60209546697125,52.3620790222124,2.03,0.728
14763,6.60211000905852,52.3620799514962,2.172,0.779
14764,6.60212455114579,52.3620808807799,2.254,0.808
14765,6.60213909323306,52.3620818100637,2.177,0.781
14766,6.60215363532033,52.3620827393475,2.373,0.851
14767,6.6021681774076,52.3620836686312,2.129,0.763
14768,6.60218271949486,52.362084597915,2.225,0.798
14769,6.60219726158213,52.3620855271987,1.98,0.71
14770,6.60221180389408,52.3620864440711,2.133,0.765
14771,6.60222634714238,52.3620873092173,2.029,0.727
14772,6.60224089039068,52.3620881743635,2.194,0.787
14773,6.60225543363898,52.3620890395097,2.157,0.773
14774,6.60226997688729,52.3620899046558,2.377,0.852
14775,6.60228452013559,52.362090769802,2.194,0.787
14776,6.60229906338389,52.3620916349482,2.287,0.82
14777,6.6023136066322,52.3620925000944,2.238,0.802
14778,6.60232814851032,52.3620934409316,2.153,0.772
14779,6.60234269011157,52.3620943970641,2.167,0.777
14780,6.60235723171282,52.3620953531965,2.178,0.781
14781,6.60237177331406,52.3620963093289,2.198,0.788
14782,6.60238631491531,52.3620972654614,2.16,0.774
14783,6.60240085651656,52.3620982215938,2.145,0.769
14784,6.6024153981178,52.3620991777263,2.217,0.795
14785,6.60242993971905,52.3621001338587,2.027,0.727
14786,6.6024444813203,52.3621010899911,2.024,0.726
14787,6.6024590238036,52.3621019973972,2.2,0.789
14788,6.60247356650808,52.3621028925855,2.031,0.728
14789,6.60248810921255,52.3621037877737,2.276,0.816
14790,6.60250265191702,52.362104682962,1.893,0.679
14791,6.6025171946215,52.3621055781502,2.071,0.743
14792,6.60253173732597,52.3621064733385,2.08,0.746
14793,6.60254628003045,52.3621073685268,2.298,0.824
14794,6.60256082273492,52.362108263715,2.034,0.729
14795,6.60257536543939,52.3621091589033,2.178,0.781
14796,6.60258990814387,52.3621100540915,2.028,0.727
14797,6.60260445084834,52.3621109492798,2.262,0.811
14798,6.60261899355282,52.362111844468,2.316,0.83
14799,6.60263353625729,52.3621127396563,2.153,0.772
14800,6.60264807896176,52.3621136348446,2.225,0.798
14801,6.60266262166624,52.3621145300328,2.007,0.72
14802,6.60267716427678,52.3621154304099,2.097,0.752
14803,6.60269170628225,52.3621163642122,2.086,0.748
14804,6.60270624828773,52.3621172980145,2.102,0.754
14805,6.6027207902932,52.3621182318167,2.344,0.84
14806,6.60273533229867,52.362119165619,2.031,0.728
14807,6.60274987430415,52.3621200994213,2.397,0.86
14808,6.60276441630962,52.3621210332236,2.055,0.737
14809,6.60277895831509,52.3621219670258,2.058,0.738
14810,6.60279350032057,52.3621229008281,2.04,0.732
14811,6.60280804232604,52.3621238346304,1.999,0.717
14812,6.60282258433152,52.3621247684327,2.026,0.726
14813,6.60283712633699,52.362125702235,2.053,0.736
14814,6.60285166834246,52.3621266360372,2.225,0.798
14815,6.60286621034794,52.3621275698395,2.202,0.789
14816,6.60288075235341,52.3621285036418,2.085,0.748
14817,6.60289529435888,52.3621294374441,2.139,0.767
14818,6.60290983636436,52.3621303712464,2.151,0.771
14819,6.60292437836983,52.3621313050486,2.181,0.782
14820,6.6029389203753,52.3621322388509,2.212,0.793
14821,6.60295346238077,52.3621331726532,2.114,0.758
14822,6.60296800438625,52.3621341064555,2.277,0.816
14823,6.60298254656824,52.3621350305066,2.016,0.723
14824,6.60299708938434,52.3621359195285,2.155,0.773
14825,6.60301163220044,52.3621368085505,2.046,0.733
14826,6.60302617501653,52.3621376975724,2.145,0.769
14827,6.60304071783263,52.3621385865943,2.222,0.797
14828,6.60305526064873,52.3621394756163,2.043,0.733
14829,6.60306980346483,52.3621403646382,2.231,0.8
14830,6.60308434628093,52.3621412536602,2.105,0.755
14831,6.60309888909702,52.3621421426821,2.164,0.776
14832,6.60311343101319,52.362143081418,2.061,0.739
14833,6.60312797272407,52.3621440314941,1.968,0.706
14834,6.60314251443495,52.3621449815702,2.215,0.794
14835,6.60315705614583,52.3621459316463,2.171,0.779
14836,6.60317159785671,52.3621468817225,1.961,0.703
14837,6.60318613956759,52.3621478317986,2.098,0.752
14838,6.60320068127847,52.3621487818747,2.29,0.821
14839,6.60321522298935,52.3621497319508,1.968,0.706
14840,6.60322976470023,52.362150682027,2.199,0.788
14841,6.60324430641111,52.3621516321031,2.217,0.795
14842,6.60325884812199,52.3621525821792,2.222,0.797
14843,6.60327338983287,52.3621535322553,2.156,0.773
14844,6.60328793154375,52.3621544823315,2.215,0.794
14845,6.60330247325463,52.3621554324076,2.093,0.75
14846,6.60331701496551,52.3621563824837,1.994,0.715
14847,6.60333155667639,52.3621573325598,2.16,0.775
14848,6.60334609838727,52.362158282636,2.164,0.776
14849,6.60336064009815,52.3621592327121,2.231,0.8
14850,6.60337518453382,52.3621600322663,1.976,0.709
14851,6.60338973439318,52.362160532206,1.884,0.675
14852,6.60340428425254,52.3621610321456,1.945,0.698
14853,6.6034188341119,52.3621615320853,1.909,0.684
14854,6.60343338141515,52.3621621732292,2.161,0.775
14855,6.60344792314493,52.3621631222613,2.217,0.795
14856,6.60346246487471,52.3621640712934,2.108,0.756
14857,6.60347700660449,52.3621650203255,1.758,0.63
14858,6.60349154833427,52.3621659693576,1.769,0.634
14859,6.60350609006405,52.3621669183896,1.985,0.712
14860,6.60352063179383,52.3621678674217,2.38,0.853
14861,6.60353517352361,52.3621688164538,2.091,0.75
14862,6.60354971525339,52.3621697654859,2.131,0.764
14863,6.60356425698316,52.362170714518,2.021,0.725
14864,6.60357879871294,52.3621716635501,2.099,0.753
14865,6.60359334044272,52.3621726125822,2.075,0.744
14866,6.6036078821725,52.3621735616143,1.996,0.716
14867,6.60362242390228,52.3621745106463,2.241,0.804
14868,6.60363696563206,52.3621754596784,2.229,0.799
14869,6.60365150736184,52.3621764087105,2.226,0.798
14870,6.60366604909162,52.3621773577426,2.146,0.77
14871,6.6036805908214,52.3621783067747,1.899,0.681
14872,6.60369513255118,52.3621792558068,2.055,0.737
14873,6.60370967428096,52.3621802048389,2.075,0.744
14874,6.60372421601074,52.362181153871,2.018,0.724
14875,6.60373875774052,52.362182102903,2.153,0.772
14876,6.6037532994703,52.3621830519351,2.115,0.758
14877,6.60376784120008,52.3621840009672,2.136,0.766
14878,6.60378238292986,52.3621849499993,1.921,0.689
14879,6.60379692465964,52.3621858990314,2.196,0.787
14880,6.60381146638942,52.3621868480635,2.146,0.77
14881,6.6038260081192,52.3621877970956,2.121,0.761
14882,6.60384054984898,52.3621887461277,2.26,0.81
14883,6.60385509157876,52.3621896951597,2.067,0.741
14884,6.60386963330853,52.3621906441918,1.98,0.71
14885,6.60388417503831,52.3621915932239,1.99,0.714
14886,6.60389871676809,52.362192542256,2.408,0.863
14887,6.60391325849787,52.3621934912881,2.179,0.781
14888,6.6039278002296,52.3621944402124,2.105,0.755
14889,6.60394234203611,52.3621953850058,2.098,0.752
14890,6.60395688384262,52.3621963297993,2.324,0.833
14891,6.60397142564913,52.3621972745927,2.073,0.743
14892,6.60398596745564,52.3621982193861,2.134,0.765
14893,6.60400050926215,52.3621991641796,1.887,0.676
14894,6.60401505106866,52.362200108973,2.143,0.768
14895,6.60402959287516,52.3622010537665,1.991,0.714
14896,6.60404413468167,52.3622019985599,1.896,0.68
14897,6.60405867655737,52.362202939531,2.0,0.717
14898,6.60407321850847,52.362203876337,2.039,0.731
14899,6.60408776045958,52.3622048131429,2.323,0.833
14900,6.60410230241068,52.3622057499488,1.98,0.71
14901,6.60411684436178,52.3622066867547,1.899,0.681
14902,6.60413138631288,52.3622076235606,2.105,0.755
14903,6.60414592826398,52.3622085603665,2.121,0.76
14904,6.60416047021508,52.3622094971724,1.945,0.697
14905,6.60417501216618,52.3622104339783,1.902,0.682
14906,6.60418955411728,52.3622113707843,2.045,0.733
14907,6.60420409606838,52.3622123075902,2.246,0.805
14908,6.60421863840722,52.3622132229769,2.025,0.726
14909,6.60423318089916,52.3622141299057,2.336,0.838
14910,6.60424772339111,52.3622150368345,2.041,0.732
14911,6.60426226588305,52.3622159437633,2.33,0.835
14912,6.60427680837499,52.3622168506921,1.987,0.712
14913,6.60429135086694,52.3622177576209,2.008,0.72
14914,6.60430589362615,52.3622186497853,2.017,0.723
14915,6.60432043721138,52.3622194963192,2.173,0.779
14916,6.6043349807966,52.3622203428532,2.122,0.761
14917,6.60434952438183,52.3622211893871,2.081,0.746
14918,6.60436406796705,52.3622220359211,1.997,0.716
14919,6.60437861155228,52.362222882455,2.222,0.797
14920,6.60439315513751,52.362223728989,1.933,0.693
14921,6.60440769872273,52.362224575523,2.003,0.718
14922,6.60442224230796,52.3622254220569,2.07,0.742
14923,6.60443678589318,52.3622262685909,2.259,0.81
14924,6.60445132947841,52.3622271151248,1.987,0.713
14925,6.60446587170116,52.3622280369246,2.059,0.738
14926,6.60448041370174,52.3622289709971,2.211,0.793
14927,6.60449495570232,52.3622299050695,1.899,0.681
14928,6.60450949770291,52.3622308391419,2.124,0.762
14929,6.60452403970349,52.3622317732143,2.257,0.809
14930,6.60453858170407,52.3622327072867,2.071,0.743
14931,6.60455312370466,52.3622336413591,2.064,0.74
14932,6.60456766570524,52.3622345754315,1.987,0.712
14933,6.60458220770582,52.3622355095039,2.013,0.722
14934,6.60459674970641,52.3622364435764,1.94,0.696
14935,6.60461129170699,52.3622373776488,1.999,0.717
14936,6.60462583370757,52.3622383117212,1.799,0.645
14937,6.60464037570816,52.3622392457936,2.113,0.757
14938,6.60465491770874,52.362240179866,2.014,0.722
14939,6.60466945970932,52.3622411139384,2.017,0.723
14940,6.6046840017099,52.3622420480108,2.045,0.733
14941,6.60469854371049,52.3622429820832,2.159,0.774
14942,6.60471308571107,52.3622439161557,2.078,0.745
14943,6.60472762771165,52.3622448502281,2.215,0.794
14944,6.60474216971224,52.3622457843005,2.182,0.782
14945,6.60475671171282,52.3622467183729,2.001,0.718
14946,6.60477125371341,52.3622476524453,2.042,0.732
14947,6.60478579571399,52.3622485865177,1.924,0.69
14948,6.60480033771457,52.3622495205901,2.064,0.74
14949,6.60481487971516,52.3622504546625,2.384,0.855
14950,6.60482942171574,52.362251388735,1.857,0.666
14951,6.60484396371632,52.3622523228074,2.018,0.723
14952,6.6048585057169,52.3622532568798,2.089,0.749
14953,6.60487304771749,52.3622541909522,1.94,0.695
14954,6.60488758971807,52.3622551250246,2.099,0.753
14955,6.60490213171865,52.362256059097,1.981,0.71
14956,6.60491667371924,52.3622569931694,2.033,0.729
14957,6.60493121571982,52.3622579272418,2.13,0.764
14958,6.6049457577204,52.3622588613143,1.989,0.713
14959,6.60496029972099,52.3622597953867,2.116,0.759
14960,6.60497484172157,52.3622607294591,2.133,0.765
14961,6.60498938413692,52.3622616406192,2.022,0.725
14962,6.60500392673795,52.3622625415219,2.101,0.753
14963,6.60501846933898,52.3622634424246,1.969,0.706
14964,6.60503301194001,52.3622643433273,1.902,0.682
14965,6.60504755454104,52.36226524423,2.101,0.753
14966,6.60506209714207,52.3622661451327,2.156,0.773
14967,6.6050766397431,52.3622670460354,2.174,0.779
14968,6.60509118234413,52.3622679469381,2.115,0.758
14969,6.60510572494515,52.3622688478408,2.04,0.731
14970,6.60512026754618,52.3622697487436,1.945,0.697
14971,6.60513481014721,52.3622706496463,2.027,0.727
14972,6.60514935274824,52.362271550549,2.044,0.733
14973,6.60516389534927,52.3622724514517,1.906,0.683
14974,6.6051784379503,52.3622733523544,1.894,0.679
14975,6.60519298055133,52.3622742532571,2.052,0.736
14976,6.60520752315236,52.3622751541598,1.92,0.688
14977,6.60522206575339,52.3622760550625,2.1,0.753
14978,6.60523660835442,52.3622769559652,1.964,0.704
14979,6.60525115095545,52.3622778568679,1.855,0.665
14980,6.60526569355648,52.3622787577706,1.991,0.714
14981,6.60528023465636,52.3622797415994,2.017,0.723
14982,6.60529477546721,52.3622807413949,2.226,0.798
14983,6.60530931627806,52.3622817411904,2.263,0.811
14984,6.60532385708891,52.3622827409858,2.069,0.742
14985,6.60533839789975,52.3622837407813,2.008,0.72
14986,6.6053529387106,52.3622847405768,2.107,0.756
14987,6.60536747952145,52.3622857403722,2.425,0.87
14988,6.6053820203323,52.3622867401677,2.051,0.735
14989,6.60539656114315,52.3622877399632,2.014,0.722
14990,6.60541110195399,52.3622887397587,2.176,0.78
14991,6.60542564276484,52.3622897395541,1.97,0.706
14992,6.60544018357569,52.3622907393496,1.96,0.703
14993,6.60545472438654,52.3622917391451,2.106,0.755
14994,6.60546926814182,52.3622925762847,2.087,0.748
14995,6.60548381372653,52.3622933123639,2.093,0.75
14996,6.60549835931123,52.3622940484432,2.006,0.719
14997,6.60551290489594,52.3622947845225,2.101,0.753
14998,6.60552744740455,52.3622956905303,2.063,0.74
14999,6.60554198939831,52.3622966249799,1.954,0.701
15000,6.60555653139206,52.3622975594296,2.075,0.744
15001,6.60557107338582,52.3622984938793,1.754,0.629
15002,6.60558561537957,52.3622994283289,1.928,0.691
15003,6.60560015737332,52.3623003627786,2.193,0.786
15004,6.60561469936708,52.3623012972282,1.943,0.697
15005,6.60562924207181,52.3623021924021,2.022,0.725
15006,6.60564378534959,52.3623030559201,2.048,0.734
15007,6.60565832862736,52.3623039194382,2.056,0.737
15008,6.60567287190514,52.3623047829563,2.06,0.739
15009,6.60568741518292,52.3623056464743,2.037,0.73
15010,6.60570195846069,52.3623065099924,2.002,0.718
15011,6.60571650173847,52.3623073735105,1.968,0.706
15012,6.60573104501624,52.3623082370285,1.915,0.687
15013,6.60574558829402,52.3623091005466,1.885,0.676
15014,6.60576013157179,52.3623099640647,1.929,0.692
15015,6.60577467484957,52.3623108275827,1.908,0.684
15016,6.60578921736351,52.3623117332965,2.062,0.739
15017,6.60580375979787,52.3623126434063,2.148,0.77
15018,6.60581830223223,52.3623135535161,2.058,0.738
15019,6.60583284466659,52.3623144636258,2.089,0.749
15020,6.60584738710095,52.3623153737356,2.106,0.755
15021,6.60586192953531,52.3623162838454,2.042,0.732
15022,6.60587647196967,52.3623171939552,1.954,0.7
15023,6.60589101440403,52.362318104065,1.911,0.685
15024,6.60590555683839,52.3623190141748,1.934,0.693
15025,6.60592009927275,52.3623199242845,2.25,0.807
15026,6.60593464170711,52.3623208343943,1.934,0.693
15027,6.60594918414147,52.3623217445041,2.05,0.735
15028,6.60596372599486,52.3623226867081,1.898,0.681
15029,6.60597826730459,52.3623236589444,2.032,0.729
15030,6.60599280861432,52.3623246311807,2.1,0.753
15031,6.60600734992405,52.362325603417,2.072,0.743
15032,6.60602189123378,52.3623265756533,1.877,0.673
15033,6.60603643254351,52.3623275478896,1.932,0.693
15034,6.60605097385325,52.3623285201259,2.186,0.784
15035,6.60606551531567,52.3623294839271,2.168,0.777
15036,6.60608005770147,52.3623303967195,2.032,0.728
15037,6.60609460008727,52.362331309512,1.875,0.672
15038,6.60610914247307,52.3623322223044,2.132,0.764
15039,6.60612368485886,52.3623331350969,2.039,0.731
15040,6.60613822724466,52.3623340478893,2.126,0.762
15041,6.60615276963046,52.3623349606818,1.979,0.71
15042,6.60616731201626,52.3623358734742,1.977,0.709
15043,6.60618185440206,52.3623367862667,2.229,0.799
15044,6.60619639678786,52.3623376990591,2.032,0.729
15045,6.60621093917366,52.3623386118516,2.077,0.745
15046,6.60622548155945,52.362339524644,2.164,0.776
15047,6.60624002394525,52.3623404374365,1.93,0.692
15048,6.60625456633105,52.3623413502289,1.913,0.686
15049,6.60626910916139,52.3623422384642,2.177,0.781
15050,6.60628365212301,52.3623431194473,1.975,0.708
15051,6.60629819508463,52.3623440004305,2.056,0.737
15052,6.60631268769822,52.362347662727,2.254,0.808
15053,6.60632709221544,52.3623561916222,2.298,0.824
15054,6.60634162232907,52.3623577823507,2.173,0.779
15055,6.60635616443069,52.3623587108419,2.22,0.796
15056,6.6063707065323,52.3623596393331,2.127,0.763
15057,6.60638524863392,52.3623605678243,2.052,0.736
15058,6.60639979073554,52.3623614963154,2.282,0.818
15059,6.60641433283715,52.3623624248066,2.007,0.72
15060,6.60642889062735,52.3623624866329,1.903,0.682
15061,6.60644352799482,52.3623581524708,2.318,0.831
15062,6.60645816044296,52.3623540900612,1.982,0.711
15063,6.60647270246749,52.3623550228108,1.97,0.706
15064,6.60648724449202,52.3623559555605,1.913,0.686
15065,6.60650178651655,52.3623568883101,2.072,0.743
15066,6.60651632857456,52.3623578192099,2.117,0.759
15067,6.60653087095941,52.3623587320549,2.146,0.77
15068,6.60654541334425,52.3623596449,2.048,0.734
15069,6.6065599557291,52.3623605577451,2.128,0.763
15070,6.60657449811394,52.3623614705901,1.997,0.716
15071,6.60658904049879,52.3623623834352,2.075,0.744
15072,6.60660358288364,52.3623632962803,2.081,0.746
15073,6.60661812526848,52.3623642091253,1.995,0.715
15074,6.60663266765333,52.3623651219704,1.831,0.656
15075,6.60664721003818,52.3623660348154,1.954,0.701
15076,6.60666175242302,52.3623669476605,2.088,0.748
15077,6.60667629480787,52.3623678605056,1.982,0.71
15078,6.60669083719271,52.3623687733506,2.118,0.76
15079,6.60670537957756,52.3623696861957,2.103,0.754
15080,6.60671992196241,52.3623705990408,2.042,0.732
15081,6.60673446434725,52.3623715118858,1.93,0.692
15082,6.6067490067321,52.3623724247309,2.177,0.78
15083,6.60676354911694,52.362373337576,2.108,0.756
15084,6.60677809150179,52.362374250421,2.233,0.801
15085,6.60679263388664,52.3623751632661,1.951,0.699
15086,6.60680717627148,52.3623760761111,2.08,0.746
15087,6.60682171865633,52.3623769889562,2.051,0.735
15088,6.60683626104117,52.3623779018013,2.031,0.728
15089,6.60685080342602,52.3623788146463,2.012,0.721
15090,6.60686534581087,52.3623797274914,2.063,0.74
15091,6.60687988819571,52.3623806403365,2.002,0.718
15092,6.60689443058056,52.3623815531815,1.979,0.709
15093,6.6069089729654,52.3623824660266,2.064,0.74
15094,6.60692351535025,52.3623833788717,2.156,0.773
15095,6.6069380577351,52.3623842917167,1.978,0.709
15096,6.60695260011994,52.3623852045618,2.192,0.786
15097,6.60696714251478,52.3623861168549,2.272,0.815
15098,6.6069816849254,52.3623870282761,1.943,0.697
15099,6.60699622733602,52.3623879396973,2.15,0.771
15100,6.60701076974664,52.3623888511184,2.187,0.784
15101,6.60702531215726,52.3623897625396,1.89,0.678
15102,6.60703985456789,52.3623906739608,1.903,0.682
15103,6.60705439697851,52.362391585382,2.002,0.718
15104,6.60706893938913,52.3623924968032,1.817,0.651
15105,6.60708348179975,52.3623934082244,2.079,0.745
15106,6.60709802421037,52.3623943196456,1.999,0.717
15107,6.60711256662099,52.3623952310668,1.915,0.687
15108,6.60712710903161,52.3623961424879,2.141,0.768
15109,6.60714165144224,52.3623970539091,2.254,0.808
15110,6.60715619385286,52.3623979653303,1.981,0.71
15111,6.60717073626348,52.3623988767515,1.993,0.715
15112,6.6071852786741,52.3623997881727,1.994,0.715
15113,6.60719982108472,52.3624006995939,2.19,0.785
15114,6.60721436349534,52.3624016110151,1.909,0.684
15115,6.60722890590596,52.3624025224363,2.107,0.756
15116,6.60724344831659,52.3624034338574,2.106,0.755
15117,6.60725799072721,52.3624043452786,2.139,0.767
15118,6.60727253228966,52.3624053035542,2.197,0.788
15119,6.60728707351462,52.3624062804736,1.844,0.661
15120,6.60730161473957,52.3624072573929,2.126,0.762
15121,6.60731615596453,52.3624082343123,1.881,0.674
15122,6.60733069718949,52.3624092112316,2.187,0.784
15123,6.60734523841445,52.3624101881509,2.068,0.741
15124,6.6073597796394,52.3624111650703,1.838,0.659
15125,6.60737432086436,52.3624121419896,2.305,0.826
15126,6.60738886208932,52.362413118909,2.142,0.768
15127,6.60740340331428,52.3624140958283,1.896,0.68
15128,6.60741794495006,52.3624150500529,2.104,0.754
15129,6.60743249014045,52.3624158079147,2.091,0.75
15130,6.60744703533084,52.3624165657764,2.106,0.755
15131,6.60746158052124,52.3624173236382,2.054,0.737
15132,6.60747612571163,52.3624180814999,2.127,0.763
15133,6.60749067090202,52.3624188393617,1.891,0.678
15134,6.60750521609241,52.3624195972234,2.218,0.795
15135,6.60751976151704,52.3624203421457,2.029,0.727
15136,6.60753430721391,52.3624210720289,2.119,0.76
15137,6.60754885242349,52.3624218288306,2.123,0.761
15138,6.60756339356865,52.362422810158,2.201,0.789
15139,6.60757793471381,52.3624237914855,2.022,0.725
15140,6.60759247585897,52.3624247728129,2.194,0.787
15141,6.60760701700413,52.3624257541403,2.275,0.816
15142,6.60762155814929,52.3624267354678,2.031,0.728
15143,6.60763609929445,52.3624277167952,1.936,0.694
15144,6.60765064043962,52.3624286981226,1.997,0.716
15145,6.60766518158478,52.3624296794501,2.042,0.732
15146,6.60767972272994,52.3624306607775,1.999,0.717
15147,6.6076942638751,52.362431642105,2.109,0.756
15148,6.60770880502026,52.3624326234324,1.873,0.671
15149,6.60772334616542,52.3624336047598,1.921,0.689
15150,6.60773788731058,52.3624345860873,2.157,0.773
15151,6.60775242845574,52.3624355674147,2.171,0.778
15152,6.60776696960091,52.3624365487421,2.123,0.761
15153,6.60778151074607,52.3624375300696,2.074,0.743
15154,6.60779605189123,52.362438511397,1.946,0.698
15155,6.60781059327797,52.3624394793789,1.892,0.679
15156,6.60782513468009,52.3624404465118,2.014,0.722
15157,6.6078396760822,52.3624414136446,2.085,0.747
15158,6.60785421748432,52.3624423807774,1.919,0.688
15159,6.60786875906465,52.3624433380652,2.031,0.728
15160,6.60788330113354,52.3624442683644,2.131,0.764
15161,6.60789784320242,52.3624451986637,1.991,0.714
15162,6.60791238527131,52.3624461289629,2.028,0.727
15163,6.6079269273402,52.3624470592621,1.851,0.664
15164,6.60794147013013,52.3624479497293,2.309,0.828
15165,6.60795601339275,52.3624488140847,2.132,0.764
15166,6.60797055665537,52.36244967844,2.219,0.796
15167,6.60798509991799,52.3624505427954,2.046,0.734
15168,6.60799964318061,52.3624514071507,2.185,0.783
15169,6.60801418644323,52.3624522715061,2.123,0.761
15170,6.60802872970585,52.3624531358614,2.101,0.753
15171,6.60804327296846,52.3624540002168,1.922,0.689
15172,6.60805781623108,52.3624548645721,1.958,0.702
15173,6.6080723594937,52.3624557289275,2.026,0.727
15174,6.60808690275632,52.3624565932829,1.92,0.688
15175,6.60810144601894,52.3624574576382,2.028,0.727
15176,6.60811598928156,52.3624583219936,1.963,0.704
15177,6.60813053254418,52.3624591863489,2.078,0.745
15178,6.60814507467596,52.3624601131738,1.933,0.693
15179,6.60815961662678,52.3624610499951,2.14,0.767
15180,6.6081741585776,52.3624619868163,1.832,0.657
15181,6.60818870052842,52.3624629236376,2.0,0.717
15182,6.60820324247925,52.3624638604588,2.025,0.726
15183,6.60821778443007,52.3624647972801,2.113,0.758
15184,6.60823232638089,52.3624657341013,2.002,0.718
15185,6.60824686833172,52.3624666709226,2.203,0.79
15186,6.60826141028254,52.3624676077439,2.112,0.757
15187,6.60827595223336,52.3624685445651,1.942,0.696
15188,6.60829049418419,52.3624694813864,2.177,0.781
15189,6.60830503613501,52.3624704182076,2.106,0.755
15190,6.60831957781189,52.3624713701619,2.042,0.732
15191,6.60833411902338,52.3624723478251,2.013,0.722
15192,6.60834866023487,52.3624733254884,2.1,0.753
15193,6.60836320144636,52.3624743031517,1.982,0.711
15194,6.60837774273106,52.3624752767711,2.044,0.733
15195,6.60839228514007,52.362476188281,2.099,0.753
15196,6.60840682754909,52.3624770997908,2.069,0.742
15197,6.60842136995811,52.3624780113007,2.123,0.761
15198,6.60843591236712,52.3624789228105,1.861,0.667
15199,6.60845045477614,52.3624798343204,1.786,0.64
15200,6.60846499718516,52.3624807458302,2.196,0.787
15201,6.60847953959417,52.36248165734,2.278,0.817
15202,6.60849408200319,52.3624825688499,1.976,0.708
15203,6.60850862441221,52.3624834803597,2.314,0.83
15204,6.60852316682122,52.3624843918696,2.045,0.733
15205,6.60853770923024,52.3624853033794,1.863,0.668
15206,6.60855225163925,52.3624862148893,1.913,0.686
15207,6.60856679404827,52.3624871263991,1.902,0.682
15208,6.60858133645729,52.3624880379089,2.017,0.723
15209,6.6085958788663,52.3624889494188,2.221,0.796
15210,6.60861042127532,52.3624898609286,1.852,0.664
15211,6.60862496368434,52.3624907724385,2.139,0.767
15212,6.60863950609335,52.3624916839483,2.153,0.772
15213,6.60865404850237,52.3624925954582,2.178,0.781
15214,6.60866859091139,52.362493506968,2.166,0.776
15215,6.60868313340285,52.3624944139234,2.078,0.745
15216,6.6086976759244,52.3624953192165,1.974,0.708
15217,6.60871221844596,52.3624962245095,2.029,0.727
15218,6.60872676096751,52.3624971298026,2.039,0.731
15219,6.60874130348907,52.3624980350956,1.916,0.687
15220,6.60875584601062,52.3624989403887,1.977,0.709
15221,6.60877038853217,52.3624998456818,1.85,0.663
15222,6.60878493105373,52.3625007509748,2.113,0.758
15223,6.60879947357528,52.3625016562679,2.158,0.774
15224,6.60881401609684,52.3625025615609,1.843,0.661
15225,6.60882855861839,52.362503466854,2.065,0.741
15226,6.60884310113995,52.3625043721471,1.75,0.628
15227,6.6088576436615,52.3625052774401,2.259,0.81
15228,6.60887218618305,52.3625061827332,2.178,0.781
15229,6.60888672870461,52.3625070880262,2.166,0.777
15230,6.60890127122616,52.3625079933193,2.079,0.746
15231,6.60891581374772,52.3625088986124,2.035,0.73
15232,6.60893035626927,52.3625098039054,2.142,0.768
15233,6.60894489879083,52.3625107091985,2.083,0.747
15234,6.60895944131238,52.3625116144915,2.01,0.721
15235,6.60897398383393,52.3625125197846,2.102,0.754
15236,6.60898852635549,52.3625134250777,1.997,0.716
15237,6.60900306887952,52.3625143302338,2.283,0.819
15238,6.60901761140532,52.3625152352923,2.092,0.75
15239,6.60903215393112,52.3625161403508,2.211,0.793
15240,6.60904669645692,52.3625170454092,2.238,0.802
15241,6.60906123898272,52.3625179504677,1.982,0.711
15242,6.60907578150852,52.3625188555262,2.0,0.717
15243,6.60909032403433,52.3625197605847,1.77,0.635
15244,6.60910486656013,52.3625206656431,1.952,0.7
15245,6.60911940908593,52.3625215707016,1.849,0.663
15246,6.60913395161173,52.3625224757601,1.982,0.711
15247,6.60914849413753,52.3625233808186,2.037,0.73
15248,6.60916303666333,52.362524285877,2.168,0.777
15249,6.60917757918913,52.3625251909355,2.293,0.822
15250,6.60919212171493,52.362526095994,1.951,0.7
15251,6.60920666424073,52.3625270010525,1.936,0.694
15252,6.60922120676653,52.3625279061109,2.164,0.776
15253,6.60923574929233,52.3625288111694,2.114,0.758
15254,6.60925029177471,52.3625297186268,2.118,0.759
15255,6.60926483393156,52.3625306440668,2.07,0.742
15256,6.60927937608841,52.3625315695067,2.081,0.746
15257,6.60929391824526,52.3625324949467,2.18,0.782
15258,6.60930846040211,52.3625334203867,2.193,0.786
15259,6.60932300255896,52.3625343458267,2.313,0.829
15260,6.60933754471581,52.3625352712667,2.121,0.76
15261,6.60935208687266,52.3625361967066,2.212,0.793
15262,6.60936662902951,52.3625371221466,2.137,0.766
15263,6.60938117118636,52.3625380475866,2.02,0.724
15264,6.60939571334321,52.3625389730266,2.227,0.798
15265,6.60941025550006,52.3625398984666,1.938,0.695
15266,6.6094247976569,52.3625408239065,2.1,0.753
15267,6.60943933981375,52.3625417493465,2.017,0.723
15268,6.6094538819706,52.3625426747865,2.171,0.778
15269,6.60946842412745,52.3625436002265,2.055,0.737
15270,6.6094829662843,52.3625445256665,2.284,0.819
15271,6.60949750844115,52.3625454511064,2.299,0.824
15272,6.609512050598,52.3625463765464,1.965,0.704
15273,6.60952659275485,52.3625473019864,2.268,0.813
15274,6.6095411349117,52.3625482274264,1.99,0.713
15275,6.60955567706855,52.3625491528664,1.998,0.716
15276,6.6095702192254,52.3625500783064,1.98,0.71
15277,6.60958476138225,52.3625510037463,2.143,0.768
15278,6.6095993035391,52.3625519291863,2.227,0.799
15279,6.60961384569595,52.3625528546263,2.217,0.795
15280,6.6096283878528,52.3625537800663,2.091,0.75
15281,6.60964293036501,52.3625546858754,2.007,0.72
15282,6.60965747297484,52.362555586292,2.151,0.771
15283,6.60967201563044,52.3625564841801,1.936,0.694
15284,6.60968655828604,52.3625573820682,2.145,0.769
15285,6.60970110094165,52.3625582799562,2.212,0.793
15286,6.60971564359725,52.3625591778443,2.208,0.792
15287,6.60973018625285,52.3625600757324,2.205,0.791
15288,6.60974472890845,52.3625609736205,2.288,0.821
15289,6.60975927156405,52.3625618715086,1.915,0.687
15290,6.60977381421965,52.3625627693966,1.898,0.681
15291,6.60978835687525,52.3625636672847,2.077,0.745
15292,6.60980289953085,52.3625645651728,2.491,0.893
15293,6.60981744218645,52.3625654630609,1.966,0.705
15294,6.60983198484205,52.362566360949,2.193,0.786
15295,6.60984652749766,52.3625672588371,2.061,0.739
15296,6.60986107015326,52.3625681567251,2.08,0.746
15297,6.60987561280886,52.3625690546132,2.213,0.794
15298,6.60989015546446,52.3625699525013,2.076,0.744
15299,6.60990469812006,52.3625708503894,2.051,0.736
15300,6.60991924077566,52.3625717482775,2.113,0.758
15301,6.60993378343126,52.3625726461655,2.065,0.74
15302,6.60994832608686,52.3625735440536,2.076,0.744
15303,6.60996286874246,52.3625744419417,2.102,0.754
15304,6.60997741139807,52.3625753398298,2.035,0.73
15305,6.60999195405367,52.3625762377179,2.045,0.733
15306,6.61000649502312,52.3625772287516,2.071,0.743
15307,6.61002103582981,52.3625782287771,2.189,0.785
15308,6.61003557663649,52.3625792288026,2.01,0.721
15309,6.61005011744317,52.3625802288281,1.919,0.688
15310,6.61006465824986,52.3625812288536,2.255,0.809
15311,6.61007919905654,52.3625822288792,2.101,0.753
15312,6.61009373986322,52.3625832289047,2.169,0.778
15313,6.61010828066991,52.3625842289302,1.842,0.66
15314,6.61012282208569,52.3625851953083,1.981,0.71
15315,6.61013736483937,52.3625860877783,2.234,0.801
15316,6.61015190759305,52.3625869802484,1.993,0.715
15317,6.61016645034673,52.3625878727184,2.053,0.736
15318,6.61018099310041,52.3625887651885,2.265,0.812
15319,6.61019553585408,52.3625896576585,1.875,0.672
15320,6.61021007860776,52.3625905501286,1.978,0.709
15321,6.61022462136144,52.3625914425986,1.954,0.7
15322,6.61023916411512,52.3625923350686,2.192,0.786
15323,6.6102537068688,52.3625932275387,2.349,0.842
15324,6.61026824962248,52.3625941200087,2.3,0.825
15325,6.61028279237616,52.3625950124788,2.1,0.753
15326,6.61029733512984,52.3625959049488,2.098,0.752
15327,6.61031187788352,52.3625967974189,2.105,0.755
15328,6.6103264206372,52.3625976898889,2.075,0.744
15329,6.61034096339088,52.362598582359,2.172,0.779
15330,6.61035550614456,52.362599474829,2.134,0.765
15331,6.61037004801563,52.3626004160563,2.099,0.753
15332,6.6103845892626,52.3626013917593,2.154,0.772
15333,6.61039913050958,52.3626023674623,2.275,0.816
15334,6.61041367175655,52.3626033431653,2.209,0.792
15335,6.61042821300353,52.3626043188683,2.333,0.837
15336,6.6104427542505,52.3626052945713,2.115,0.758
15337,6.61045729549748,52.3626062702743,2.138,0.767
15338,6.61047183674446,52.3626072459773,1.84,0.66
15339,6.61048637799143,52.3626082216803,2.267,0.813
15340,6.61050092060091,52.3626091221166,2.064,0.74
15341,6.61051546611677,52.3626098619988,2.074,0.743
15342,6.61053001163263,52.362610601881,2.07,0.742
15343,6.61054455714849,52.3626113417632,2.162,0.775
15344,6.61055910266436,52.3626120816454,2.226,0.798
15345,6.61057364958974,52.3626127436631,1.968,0.706
15346,6.61058820042142,52.3626131898906,2.136,0.766
15347,6.61060274569368,52.3626139432296,2.288,0.82
15348,6.61061728911306,52.3626147989253,2.15,0.771
15349,6.61063183253244,52.3626156546209,2.095,0.751
15350,6.61064637595181,52.3626165103166,2.149,0.771
15351,6.61066091937119,52.3626173660123,1.945,0.697
15352,6.61067546279057,52.362618221708,2.13,0.764
15353,6.61069000620995,52.3626190774037,2.044,0.733
15354,6.61070454962933,52.3626199330994,2.084,0.747
15355,6.6107190930487,52.3626207887951,2.197,0.788
15356,6.61073363646808,52.3626216444908,1.97,0.707
15357,6.6107481798597,52.3626225017201,2.356,0.845
15358,6.61076272196769,52.3626234298589,1.919,0.688
15359,6.61077726407569,52.3626243579978,2.064,0.74
15360,6.61079180618368,52.3626252861365,2.048,0.734
15361,6.61080634829168,52.3626262142754,2.161,0.775
15362,6.61082089039967,52.3626271424141,2.076,0.744
15363,6.61083543242007,52.3626280753921,2.165,0.776
15364,6.61084997419958,52.3626290216769,2.276,0.816
15365,6.61086451597909,52.3626299679617,1.946,0.698
15366,6.6108790577586,52.3626309142465,2.055,0.737
15367,6.61089359953812,52.3626318605313,2.018,0.724
15368,6.61090814131763,52.3626328068161,2.038,0.731
15369,6.61092268309714,52.3626337531009,2.316,0.831
15370,6.61093722487665,52.3626346993856,2.174,0.78
15371,6.61095176665616,52.3626356456704,2.261,0.811
15372,6.61096630822128,52.3626366037987,2.221,0.796
15373,6.61098084868258,52.3626376229037,2.181,0.782
15374,6.61099538914388,52.3626386420088,2.114,0.758
15375,6.61100992960519,52.3626396611138,2.176,0.78
15376,6.61102447006649,52.3626406802188,2.268,0.813
15377,6.61103901052779,52.3626416993239,2.223,0.797
15378,6.61105355098909,52.3626427184289,1.991,0.714
15379,6.61106809145039,52.362643737534,2.233,0.801
15380,6.61108263191169,52.362644756639,2.272,0.814
15381,6.61109717237299,52.3626457757441,2.031,0.728
15382,6.6111117128343,52.3626467948491,2.241,0.803
15383,6.6111262532956,52.3626478139541,2.21,0.792
15384,6.6111407937569,52.3626488330592,2.137,0.766
15385,6.6111553342182,52.3626498521642,2.051,0.735
15386,6.6111698746795,52.3626508712693,2.146,0.769
15387,6.6111844151408,52.3626518903743,2.065,0.74
15388,6.61119895560211,52.3626529094794,2.293,0.822
15389,6.61121349606341,52.3626539285844,2.165,0.776
15390,6.61122803652471,52.3626549476894,2.198,0.788
15391,6.61124257792323,52.3626559150208,2.198,0.788
15392,6.61125712006622,52.3626568412262,2.256,0.809
15393,6.61127166220922,52.3626577674317,2.155,0.773
15394,6.61128620435221,52.3626586936371,2.161,0.775
15395,6.6113007464952,52.3626596198426,2.16,0.775
15396,6.6113152886382,52.362660546048,2.377,0.852
15397,6.61132983200473,52.3626614046627,2.22,0.796
15398,6.61134438009001,52.3626620026058,2.363,0.847
15399,6.61135892817529,52.3626626005488,2.522,0.904
15400,6.61137347626057,52.3626631984919,2.234,0.801
15401,6.61138802500603,52.3626637599658,2.621,0.94
15402,6.61140257494584,52.3626642554615,2.686,0.963
15403,6.61141712488564,52.3626647509571,2.658,0.953
15404,6.61143167482545,52.3626652464527,2.485,0.891
15405,6.61144621404728,52.3626663340288,2.464,0.884
15406,6.61146075168187,52.3626675092862,2.929,1.05
15407,6.61147528931646,52.3626686845435,2.78,0.997
15408,6.61148982695106,52.3626698598009,2.81,1.008
15409,6.61150436458565,52.3626710350583,2.896,1.038
15410,6.61151890222024,52.3626722103157,2.854,1.023
15411,6.61153343985484,52.3626733855731,2.816,1.01
15412,6.61154797748943,52.3626745608304,2.961,1.062
15413,6.61156251512402,52.3626757360878,2.947,1.057
15414,6.61157705275861,52.3626769113452,3.239,1.161
15415,6.61159159039321,52.3626780866026,3.102,1.112
15416,6.6116061280278,52.36267926186,3.39,1.215
15417,6.61162066566239,52.3626804371173,3.571,1.28
15418,6.61163520513869,52.3626815106361,3.341,1.198
15419,6.61164974478655,52.3626825746768,3.17,1.136
15420,6.61166428443442,52.3626836387175,3.26,1.169
15421,6.61167882408228,52.3626847027581,3.908,1.401
15422,6.61169336373015,52.3626857667988,2.954,1.059
15423,6.61170790337801,52.3626868308395,3.398,1.219
15424,6.61172244302588,52.3626878948801,3.648,1.308
15425,6.61173698267375,52.3626889589208,4.108,1.473
15426,6.61175152232161,52.3626900229615,3.762,1.349
15427,6.61176606196948,52.3626910870021,3.551,1.273
15428,6.61178060161734,52.3626921510428,3.639,1.305
15429,6.61179514126521,52.3626932150835,3.142,1.127
15430,6.61180968091307,52.3626942791241,3.454,1.238
15431,6.61182422056094,52.3626953431648,3.372,1.209
15432,6.61183876121015,52.3626963518897,3.43,1.23
15433,6.61185330635996,52.3626971119933,4.156,1.49
15434,6.61186785150977,52.3626978720969,3.366,1.207
15435,6.61188239665957,52.3626986322005,3.603,1.292
15436,6.61189694180938,52.3626993923041,3.494,1.253
15437,6.61191148695919,52.3627001524077,3.352,1.202
15438,6.611926032109,52.3627009125113,3.462,1.241
15439,6.61194057725881,52.3627016726149,3.513,1.26
15440,6.61195512240862,52.3627024327185,3.489,1.251
15441,6.61196966755843,52.3627031928221,2.99,1.072
15442,6.61198421270824,52.3627039529257,3.535,1.267
15443,6.61199875785805,52.3627047130293,3.338,1.197
15444,6.61201330300786,52.3627054731329,2.868,1.028
15445,6.61202784815767,52.3627062332365,3.105,1.113
15446,6.61204242679867,52.3627051432278,3.141,1.126
15447,6.61205702300567,52.3627030828428,3.131,1.123
15448,6.6120716191632,52.3627010251903,3.422,1.227
15449,6.61208621467167,52.3626990033931,3.225,1.156
15450,6.61210081018013,52.3626969815959,3.052,1.094
15451,6.61211536152576,52.3626973994317,3.124,1.12
15452,6.61212990391254,52.3626983121701,3.28,1.176
15453,6.61214444629931,52.3626992249086,2.666,0.956
15454,6.61215898868609,52.362700137647,2.788,1.0
15455,6.61217353107286,52.3627010503855,2.896,1.038
15456,6.61218807345964,52.3627019631239,2.813,1.009
15457,6.61220261584642,52.3627028758624,3.019,1.082
15458,6.61221715823319,52.3627037886008,2.862,1.026
15459,6.61223170061997,52.3627047013393,3.024,1.084
15460,6.61224624301906,52.3627056133971,2.673,0.958
15461,6.61226078542533,52.362706525059,2.694,0.966
15462,6.61227532783159,52.3627074367209,2.884,1.034
15463,6.61228987023785,52.3627083483828,2.482,0.89
15464,6.61230441264412,52.3627092600448,2.922,1.048
15465,6.61231895505038,52.3627101717067,2.951,1.058
15466,6.61233349745665,52.3627110833686,3.166,1.135
15467,6.61234803983505,52.3627119965694,2.578,0.925
15468,6.61236258216175,52.3627129126267,2.885,1.034
15469,6.61237712448844,52.3627138286841,2.912,1.044
15470,6.61239166681514,52.3627147447415,2.777,0.996
15471,6.61240620914184,52.3627156607989,2.733,0.98
15472,6.61242075146853,52.3627165768562,3.075,1.103
15473,6.61243527078684,52.3627187639376,2.586,0.927
15474,6.61244978662394,52.3627211433265,2.852,1.023
15475,6.61246430261555,52.3627235141808,3.505,1.257
15476,6.61247882508952,52.3627255269374,3.007,1.078
15477,6.61249334756349,52.362727539694,2.942,1.055
15478,6.61250787003747,52.3627295524507,3.296,1.182
15479,6.61252239251144,52.3627315652073,3.118,1.118
15480,6.6125369142966,52.3627336160153,2.989,1.072
15481,6.6125514358404,52.3627356801565,3.367,1.207
15482,6.6125659573842,52.3627377442977,3.34,1.198
15483,6.612580478928,52.3627398084388,3.156,1.132
15484,6.61259500047179,52.36274187258,3.117,1.118
15485,6.61260952201559,52.3627439367212,3.494,1.253
15486,6.61262404355939,52.3627460008624,3.427,1.229
15487,6.61263857998587,52.3627472428579,3.136,1.124
15488,6.61265312839433,52.362747822948,3.299,1.183
15489,6.61266767680279,52.3627484030381,3.255,1.167
15490,6.61268222521125,52.3627489831282,3.665,1.314
15491,6.61269677361971,52.3627495632183,3.351,1.202
15492,6.61271132202817,52.3627501433084,3.575,1.282
15493,6.61272586910944,52.3627507967146,3.623,1.299
15494,6.61274041412119,52.3627515644447,3.472,1.245
15495,6.61275495913295,52.3627523321747,3.778,1.355
15496,6.6127695041447,52.3627530999048,3.693,1.324
15497,6.61278404915646,52.3627538676348,3.428,1.229
15498,6.61279859416821,52.3627546353649,3.325,1.192
15499,6.61281313917996,52.3627554030949,3.814,1.368
15500,6.61282768419172,52.362756170825,3.484,1.249
15501,6.61284222920347,52.362756938555,3.088,1.107
15502,6.61285677421523,52.3627577062851,3.655,1.31
15503,6.61287131922698,52.3627584740151,3.082,1.105
15504,6.61288586423873,52.3627592417452,3.318,1.19
15505,6.61290040925049,52.3627600094752,2.953,1.059
15506,6.61291495426224,52.3627607772053,3.442,1.234
15507,6.612929499274,52.3627615449353,3.239,1.161
15508,6.61294404428575,52.3627623126654,2.947,1.057
15509,6.6129585892975,52.3627630803954,3.283,1.177
15510,6.61297313430926,52.3627638481255,2.678,0.96
15511,6.61298767932101,52.3627646158555,3.21,1.151
15512,6.61300222156824,52.3627655363031,2.868,1.028
15513,6.6130167630784,52.362766497467,3.275,1.174
15514,6.61303130458857,52.3627674586309,2.545,0.913
15515,6.61304584609873,52.3627684197948,2.552,0.915
15516,6.6130603876089,52.3627693809588,2.516,0.902
15517,6.61307492911907,52.3627703421227,2.599,0.932
15518,6.61308947062923,52.3627713032866,2.571,0.922
15519,6.6131040121394,52.3627722644506,2.655,0.952
15520,6.61311855364956,52.3627732256145,2.706,0.97
15521,6.61313309515973,52.3627741867784,2.588,0.928
15522,6.6131476366699,52.3627751479424,2.267,0.813
15523,6.61316217818006,52.3627761091063,2.467,0.885
15524,6.61317671969023,52.3627770702702,2.334,0.837
15525,6.61319126120039,52.3627780314341,2.266,0.813
15526,6.6132058026112,52.3627789980866,2.237,0.802
15527,6.61322034274066,52.3627800355235,2.224,0.798
15528,6.61323488287011,52.3627810729604,2.45,0.878
15529,6.61324942299956,52.3627821103974,1.985,0.712
15530,6.61326396312902,52.3627831478343,2.069,0.742
15531,6.61327850325847,52.3627841852712,2.168,0.777
15532,6.61329304338792,52.3627852227081,2.294,0.822
15533,6.61330758351738,52.362786260145,2.068,0.741
15534,6.61332212364683,52.3627872975819,1.834,0.658
15535,6.61333666377628,52.3627883350188,2.014,0.722
15536,6.61335120390574,52.3627893724558,2.216,0.794
15537,6.61336574403519,52.3627904098927,1.972,0.707
15538,6.61338028416464,52.3627914473296,2.047,0.734
15539,6.6133948242941,52.3627924847665,1.887,0.677
15540,6.61340936442355,52.3627935222034,2.093,0.751
15541,6.61342390455301,52.3627945596403,1.943,0.697
15542,6.61343844468246,52.3627955970772,2.061,0.739
15543,6.61345298481191,52.3627966345142,2.255,0.809
15544,6.61346752494137,52.3627976719511,1.984,0.711
15545,6.61348206507082,52.362798709388,1.892,0.678
15546,6.61349660520027,52.3627997468249,1.979,0.71
15547,6.61351114532973,52.3628007842618,2.168,0.778
15548,6.61352568683047,52.3628017459461,1.925,0.69
15549,6.61354022850999,52.3628026977547,1.963,0.704
15550,6.61355477018951,52.3628036495633,2.086,0.748
15551,6.61356931186903,52.362804601372,1.686,0.604
15552,6.61358385354854,52.3628055531806,1.696,0.608
15553,6.61359839522806,52.3628065049892,1.975,0.708
15554,6.61361293690758,52.3628074567978,2.072,0.743
15555,6.6136274785871,52.3628084086064,1.821,0.653
15556,6.61364202032273,52.3628093573154,1.883,0.675
15557,6.61365656275707,52.3628102674262,1.748,0.627
15558,6.61367110519141,52.3628111775369,1.905,0.683
15559,6.61368564762576,52.3628120876477,1.85,0.663
15560,6.6137001900601,52.3628129977585,1.834,0.657
15561,6.61371473249444,52.3628139078693,2.012,0.722
15562,6.61372927492878,52.3628148179801,1.729,0.62
15563,6.61374381736313,52.3628157280909,1.799,0.645
15564,6.61375835979747,52.3628166382016,1.757,0.63
15565,6.61377290223181,52.3628175483124,1.858,0.666
15566,6.61378744466615,52.3628184584232,1.825,0.655
15567,6.6138019871005,52.362819368534,1.937,0.694
15568,6.61381652953484,52.3628202786448,2.131,0.764
15569,6.61383107196918,52.3628211887555,1.728,0.62
15570,6.61384561440353,52.3628220988663,1.709,0.613
15571,6.61386015683787,52.3628230089771,1.902,0.682
15572,6.61387469927221,52.3628239190879,2.01,0.721
15573,6.61388924170655,52.3628248291987,1.931,0.692
15574,6.61390378402662,52.3628257456221,1.844,0.661
15575,6.61391832604394,52.36282667877,1.815,0.651
15576,6.61393286806126,52.3628276119178,1.92,0.689
15577,6.61394741007858,52.3628285450656,2.029,0.728
15578,6.6139619520959,52.3628294782134,2.12,0.76
15579,6.61397649411322,52.3628304113613,1.857,0.666
15580,6.61399103613055,52.3628313445091,2.008,0.72
15581,6.61400557814787,52.3628322776569,1.812,0.65
15582,6.61402012016519,52.3628332108047,2.009,0.72
15583,6.61403466218251,52.3628341439526,1.964,0.704
15584,6.61404920419983,52.3628350771004,1.853,0.664
15585,6.61406374621715,52.3628360102482,1.838,0.659
15586,6.61407828823447,52.362836943396,1.935,0.694
15587,6.61409282989778,52.3628378960998,2.027,0.727
15588,6.6141073677465,52.3628390595283,1.794,0.643
15589,6.61412190559523,52.3628402229568,1.79,0.642
15590,6.61413644344395,52.3628413863853,2.027,0.727
15591,6.61415098129267,52.3628425498138,1.923,0.689
15592,6.61416551914139,52.3628437132423,1.914,0.686
15593,6.61418005699012,52.3628448766709,1.781,0.639
15594,6.61419459483884,52.3628460400994,1.955,0.701
15595,6.61420913268756,52.3628472035279,1.749,0.627
15596,6.61422367053628,52.3628483669564,2.102,0.754
15597,6.614238208385,52.3628495303849,1.826,0.655
15598,6.61425274623373,52.3628506938134,1.829,0.656
15599,6.61426728408245,52.3628518572419,1.896,0.68
15600,6.61428182193117,52.3628530206705,1.948,0.699
15601,6.61429635977989,52.362854184099,1.743,0.625
15602,6.61431089762862,52.3628553475275,1.817,0.651
15603,6.61432543547734,52.362856510956,1.916,0.687
15604,6.6143399774652,52.3628574457313,1.885,0.676
15605,6.61435452007258,52.3628583462833,1.914,0.686
15606,6.61436906267996,52.3628592468352,1.577,0.565
15607,6.61438360528733,52.3628601473872,1.738,0.623
15608,6.61439814789471,52.3628610479392,1.927,0.691
15609,6.61441269050209,52.3628619484912,1.931,0.692
15610,6.61442723310947,52.3628628490431,1.886,0.676
15611,6.61444177571685,52.3628637495951,1.856,0.665
15612,6.61445631832423,52.3628646501471,2.107,0.756
15613,6.6144708609316,52.3628655506991,1.793,0.643
15614,6.61448540353898,52.362866451251,2.075,0.744
15615,6.61449994614636,52.362867351803,1.829,0.656
15616,6.61451448875374,52.362868252355,1.763,0.632
15617,6.61452903136112,52.362869152907,1.872,0.671
15618,6.6145435739685,52.3628700534589,1.814,0.65
15619,6.61455811657588,52.3628709540109,1.884,0.675
15620,6.61457265918325,52.3628718545629,1.879,0.674
15621,6.61458720313831,52.3628726806669,1.931,0.692
15622,6.61460175109491,52.3628732857185,2.112,0.757
15623,6.61461629905151,52.3628738907701,1.782,0.639
15624,6.61463084700811,52.3628744958216,1.981,0.71
15625,6.61464539496471,52.3628751008732,1.855,0.665
15626,6.61465994292131,52.3628757059248,1.927,0.691
15627,6.61467449087791,52.3628763109763,1.783,0.639
15628,6.61468903883451,52.3628769160279,1.845,0.662
15629,6.61470358679111,52.3628775210795,1.984,0.712
15630,6.61471813474771,52.362878126131,1.927,0.691
15631,6.61473268270431,52.3628787311826,1.826,0.655
15632,6.61474723066091,52.3628793362342,2.113,0.757
15633,6.61476177861751,52.3628799412857,2.054,0.737
15634,6.61477632657411,52.3628805463373,2.029,0.727
15635,6.61479087377316,52.3628811932375,1.849,0.663
15636,6.61480541384225,52.3628822340087,2.004,0.719
15637,6.61481995391135,52.3628832747798,2.117,0.759
15638,6.61483449398045,52.362884315551,1.999,0.717
15639,6.61484903404954,52.3628853563221,2.082,0.746
15640,6.61486357411864,52.3628863970933,1.947,0.698
15641,6.61487811418773,52.3628874378644,2.045,0.733
15642,6.61489265425683,52.3628884786356,2.078,0.745
15643,6.61490719432593,52.3628895194067,2.248,0.806
15644,6.61492173439502,52.3628905601778,2.268,0.813
15645,6.61493627446412,52.362891600949,2.266,0.813
15646,6.61495081453322,52.3628926417201,2.334,0.837
15647,6.61496535460231,52.3628936824913,2.452,0.879
15648,6.61497989467141,52.3628947232624,2.569,0.921
15649,6.61499443474051,52.3628957640336,2.733,0.98
15650,6.6150089748096,52.3628968048047,2.527,0.906
15651,6.61502351512583,52.3628978319239,2.525,0.905
15652,6.615038055461,52.3628988579969,2.589,0.928
15653,6.61505259579616,52.3628998840699,2.357,0.845
15654,6.61506713613133,52.3629009101428,2.432,0.872
15655,6.61508167646649,52.3629019362158,2.809,1.007
15656,6.61509621680166,52.3629029622888,2.785,0.999
15657,6.61511075713683,52.3629039883618,2.796,1.003
15658,6.61512529747199,52.3629050144347,2.667,0.956
15659,6.61513983780716,52.3629060405077,2.93,1.051
15660,6.61515437814233,52.3629070665807,2.758,0.989
15661,6.61516891847749,52.3629080926536,3.028,1.086
15662,6.61518345881266,52.3629091187266,3.323,1.191
15663,6.61519799914783,52.3629101447996,3.081,1.105
15664,6.61521253992207,52.3629111466173,3.255,1.167
15665,6.6152270809492,52.3629121344646,2.825,1.013
15666,6.61524162197634,52.3629131223118,2.926,1.049
15667,6.61525616300348,52.3629141101591,3.04,1.09
15668,6.61527070403062,52.3629150980064,2.977,1.067
15669,6.61528524505775,52.3629160858537,3.14,1.126
15670,6.61529978608489,52.362917073701,3.111,1.116
15671,6.61531432711203,52.3629180615482,3.324,1.192
15672,6.61532886813916,52.3629190493955,3.301,1.183
15673,6.6153434091663,52.3629200372428,3.129,1.122
15674,6.61535795019344,52.3629210250901,2.948,1.057
15675,6.61537249122058,52.3629220129374,3.202,1.148
15676,6.61538703224771,52.3629230007846,3.4,1.219
15677,6.61540157327485,52.3629239886319,3.042,1.091
15678,6.61541615330367,52.362922821958,2.875,1.031
15679,6.61543073782471,52.3629214071256,2.755,0.988
15680,6.61544532234575,52.3629199922932,2.865,1.027
15681,6.61545988745089,52.3629196500289,3.448,1.236
15682,6.61547445225385,52.3629193244579,2.801,1.004
15683,6.61548901705682,52.3629189988868,2.867,1.028
15684,6.61550358185978,52.3629186733157,2.866,1.028
15685,6.61551814159431,52.3629186277338,2.711,0.972
15686,6.61553269307398,52.3629190381644,2.909,1.043
15687,6.61554724455366,52.362919448595,2.984,1.07
15688,6.61556179603334,52.3629198590255,2.536,0.909
15689,6.61557634751302,52.3629202694561,2.606,0.934
15690,6.61559089795589,52.3629207371616,2.671,0.958
15691,6.61560544759705,52.362921249155,2.646,0.949
15692,6.61561999723821,52.3629217611485,2.221,0.796
15693,6.61563454687937,52.3629222731419,2.336,0.838
15694,6.61564909652054,52.3629227851354,2.716,0.974
15695,6.6156636461617,52.3629232971288,2.627,0.942
15696,6.61567818935765,52.3629241651671,2.294,0.822
15697,6.61569273254082,52.3629250339114,2.53,0.907
15698,6.61570727572399,52.3629259026556,2.352,0.843
15699,6.61572181890716,52.3629267713999,2.298,0.824
15700,6.61573636209033,52.3629276401441,2.287,0.82
15701,6.6157509052735,52.3629285088884,2.407,0.863
15702,6.61576544845667,52.3629293776326,2.255,0.809
15703,6.61577999163984,52.3629302463768,2.157,0.773
15704,6.61579453482301,52.3629311151211,2.323,0.833
15705,6.61580907800618,52.3629319838653,2.64,0.947
15706,6.61582362118935,52.3629328526096,2.367,0.849
15707,6.61583816437252,52.3629337213538,2.411,0.865
15708,6.61585270755569,52.3629345900981,2.503,0.897
15709,6.61586725073886,52.3629354588423,2.558,0.917
15710,6.61588178941107,52.3629365767798,2.486,0.891
15711,6.61589632695539,52.3629377570237,2.399,0.86
15712,6.61591086449972,52.3629389372675,2.32,0.832
15713,6.61592540204405,52.3629401175113,2.592,0.93
15714,6.61593993958838,52.3629412977551,2.48,0.889
15715,6.6159544771327,52.3629424779989,2.614,0.937
15716,6.61596901859143,52.3629434420047,2.807,1.006
15717,6.61598356282928,52.3629442524863,2.658,0.953
15718,6.61599810706714,52.3629450629678,2.57,0.922
15719,6.61601265130499,52.3629458734493,2.866,1.028
15720,6.61602719554285,52.3629466839309,2.781,0.997
15721,6.61604173978071,52.3629474944124,2.953,1.059
15722,6.61605628401856,52.3629483048939,3.02,1.083
15723,6.61607082825642,52.3629491153755,2.82,1.011
15724,6.61608537249427,52.362949925857,3.022,1.083
15725,6.61609991673213,52.3629507363386,2.561,0.918
15726,6.61611443154401,52.3629531723626,2.964,1.063
15727,6.61612892461225,52.3629568095439,3.003,1.077
15728,6.61614341768048,52.3629604467252,3.06,1.097
15729,6.61615795829136,52.3629614575674,3.039,1.09
15730,6.61617250070014,52.3629623690904,3.2,1.147
15731,6.61618704310892,52.3629632806133,2.989,1.072
15732,6.6162015855177,52.3629641921363,3.231,1.158
15733,6.61621612792648,52.3629651036593,3.127,1.121
15734,6.61623067033526,52.3629660151822,3.225,1.157
15735,6.61624521274404,52.3629669267052,3.06,1.097
15736,6.61625974831137,52.3629682161615,3.067,1.1
15737,6.61627427474763,52.3629700100344,3.246,1.164
15738,6.6162888011839,52.3629718039072,3.138,1.125
15739,6.61630332762016,52.3629735977801,3.11,1.115
15740,6.61631785405642,52.3629753916529,2.696,0.967
15741,6.61633238091327,52.3629771622918,2.996,1.074
15742,6.61634691534936,52.36297851424,3.337,1.197
15743,6.61636145360615,52.3629796551265,2.923,1.048
15744,6.61637599186293,52.3629807960131,2.786,0.999
15745,6.61639053011971,52.3629819368996,2.788,1.0
15746,6.6164050683765,52.3629830777861,2.639,0.946
15747,6.61641960663328,52.3629842186727,2.783,0.998
15748,6.61643414489006,52.3629853595592,2.593,0.93
15749,6.61644868314684,52.3629865004457,2.685,0.963
15750,6.61646322140363,52.3629876413322,2.589,0.928
15751,6.61647775966041,52.3629887822188,2.713,0.973
15752,6.61649229791719,52.3629899231053,2.408,0.863
15753,6.61650683617398,52.3629910639918,2.584,0.926
15754,6.61652137776013,52.3629920209583,2.456,0.881
15755,6.61653591995404,52.3629929443507,2.427,0.87
15756,6.61655046214796,52.3629938677432,2.324,0.833
15757,6.61656500434187,52.3629947911356,2.509,0.9
15758,6.61657954653578,52.362995714528,2.145,0.769
15759,6.6165940887297,52.3629966379205,1.986,0.712
15760,6.61660863092361,52.3629975613129,2.1,0.753
15761,6.61662317311753,52.3629984847054,2.234,0.801
15762,6.61663771531144,52.3629994080978,2.009,0.72
15763,6.61665225750536,52.3630003314902,2.1,0.753
15764,6.61666679969927,52.3630012548827,2.025,0.726
15765,6.61668134189319,52.3630021782751,2.011,0.721
15766,6.6166958840871,52.3630031016676,1.952,0.7
15767,6.61671042629507,52.3630040242838,1.856,0.665
15768,6.61672496884329,52.3630049281037,1.934,0.693
15769,6.61673951139151,52.3630058319237,2.268,0.813
15770,6.61675405393973,52.3630067357437,1.787,0.641
15771,6.61676859648795,52.3630076395636,1.918,0.688
15772,6.61678313903617,52.3630085433836,1.909,0.684
15773,6.61679768158439,52.3630094472036,1.833,0.657
15774,6.61681222413261,52.3630103510236,1.564,0.561
15775,6.61682676668083,52.3630112548435,1.84,0.66
15776,6.61684130922905,52.3630121586635,1.8,0.646
15777,6.61685585177727,52.3630130624835,1.683,0.603
15778,6.6168703943255,52.3630139663034,1.763,0.632
15779,6.61688493687372,52.3630148701234,1.835,0.658
15780,6.61689947942194,52.3630157739434,1.831,0.656
15781,6.61691402197016,52.3630166777633,1.819,0.652
15782,6.61692856451838,52.3630175815833,1.86,0.667
15783,6.61694310560126,52.3630185663511,1.834,0.657
15784,6.61695764535953,52.3630196242926,1.878,0.673
15785,6.61697218511781,52.3630206822341,1.611,0.578
15786,6.61698672487608,52.3630217401755,1.658,0.594
15787,6.61700126463436,52.363022798117,1.747,0.626
15788,6.61701580439263,52.3630238560585,1.708,0.612
15789,6.61703034415091,52.3630249139999,1.694,0.608
15790,6.61704488390918,52.3630259719414,1.611,0.577
15791,6.61705942366746,52.3630270298829,1.791,0.642
15792,6.61707396342573,52.3630280878243,1.638,0.587
15793,6.61708850318401,52.3630291457658,1.636,0.587
15794,6.61710304294228,52.3630302037073,1.787,0.641
15795,6.61711758270056,52.3630312616487,1.593,0.571
15796,6.61713212245883,52.3630323195902,1.705,0.611
15797,6.61714666221711,52.3630333775317,1.526,0.547
15798,6.61716120658018,52.363034181096,1.685,0.604
15799,6.61717575707962,52.3630346456767,1.666,0.597
15800,6.61719030757906,52.3630351102575,1.91,0.685
15801,6.6172048580785,52.3630355748382,1.801,0.646
15802,6.61721940857793,52.3630360394189,1.709,0.613
15803,6.61723395907737,52.3630365039996,1.651,0.592
15804,6.61724850957681,52.3630369685804,1.656,0.594
15805,6.61726306007625,52.3630374331611,1.749,0.627
15806,6.61727761057569,52.3630378977418,1.689,0.606
15807,6.61729216107513,52.3630383623225,1.714,0.614
15808,6.61730671157456,52.3630388269033,1.688,0.605
15809,6.617321262074,52.363039291484,1.66,0.595
15810,6.61733581257344,52.3630397560647,1.581,0.567
15811,6.61735036307288,52.3630402206454,1.744,0.625
15812,6.61736491033112,52.3630408642754,1.798,0.645
15813,6.61737945292878,52.3630417653642,1.733,0.622
15814,6.61739399552644,52.363042666453,1.737,0.623
15815,6.6174085381241,52.3630435675419,1.696,0.608
15816,6.61742308072176,52.3630444686307,1.626,0.583
15817,6.61743762331942,52.3630453697196,1.724,0.618
15818,6.61745216591708,52.3630462708084,1.567,0.562
15819,6.61746670851474,52.3630471718972,1.663,0.596
15820,6.6174812511124,52.3630480729861,1.617,0.58
15821,6.61749579371006,52.3630489740749,1.657,0.594
15822,6.61751033630772,52.3630498751638,1.621,0.581
15823,6.61752487890538,52.3630507762526,1.69,0.606
15824,6.61753942150304,52.3630516773414,1.74,0.624
15825,6.6175539641007,52.3630525784303,1.697,0.608
15826,6.61756850629404,52.3630535018549,1.676,0.601
15827,6.61758304599581,52.3630545629176,1.628,0.584
15828,6.61759758569758,52.3630556239803,1.781,0.639
15829,6.61761212539936,52.363056685043,1.581,0.567
15830,6.61762666510113,52.3630577461057,1.952,0.7
15831,6.6176412048029,52.3630588071684,1.623,0.582
15832,6.61765574450468,52.3630598682311,1.828,0.656
15833,6.61767028420645,52.3630609292938,1.592,0.571
15834,6.61768482390822,52.3630619903565,1.593,0.571
15835,6.61769936360354,52.363063051776,1.787,0.641
15836,6.61771390278279,52.3630641417038,1.448,0.519
15837,6.61772844196204,52.3630652316316,1.777,0.637
15838,6.61774298114129,52.3630663215595,1.688,0.605
15839,6.61775752032054,52.3630674114873,1.872,0.671
15840,6.61777205949979,52.3630685014152,1.644,0.589
15841,6.61778659867904,52.363069591343,1.687,0.605
15842,6.61780113785829,52.3630706812709,1.617,0.58
15843,6.61781567703754,52.3630717711987,1.531,0.549
15844,6.61783021621679,52.3630728611266,1.653,0.593
15845,6.61784475539604,52.3630739510544,1.665,0.597
15846,6.61785929457529,52.3630750409822,1.719,0.616
15847,6.61787383375454,52.3630761309101,1.83,0.656
15848,6.61788837293379,52.3630772208379,1.683,0.604
15849,6.61790291211304,52.3630783107658,1.55,0.556
15850,6.61791745129229,52.3630794006936,1.551,0.556
15851,6.61793199047154,52.3630804906215,1.785,0.64
15852,6.61794652965078,52.3630815805493,1.538,0.551
15853,6.61796106883003,52.3630826704772,1.657,0.594
15854,6.61797560800928,52.363083760405,1.662,0.596
15855,6.61799014718853,52.3630848503328,1.654,0.593
15856,6.61800468636778,52.3630859402607,1.567,0.562
15857,6.61801922554703,52.3630870301885,1.459,0.523
15858,6.61803376472628,52.3630881201164,1.636,0.587
15859,6.61804830432291,52.3630891869874,1.643,0.589
15860,6.61806284729331,52.3630900674856,1.69,0.606
15861,6.61807739026371,52.3630909479838,1.628,0.584
15862,6.6180919332341,52.363091828482,1.781,0.639
15863,6.6181064762045,52.3630927089802,1.763,0.632
15864,6.6181210191749,52.3630935894784,1.599,0.573
15865,6.61813556214529,52.3630944699766,1.553,0.557
15866,6.61815010511569,52.3630953504748,1.583,0.567
15867,6.61816464808609,52.363096230973,1.742,0.625
15868,6.61817919105649,52.3630971114711,1.7,0.609
15869,6.61819373392601,52.3630979975416,1.676,0.601
15870,6.61820827675124,52.3630988860593,1.4,0.502
15871,6.61822281957646,52.363099774577,1.576,0.565
15872,6.61823736240169,52.3631006630947,1.821,0.653
15873,6.61825190522692,52.3631015516123,1.687,0.605
15874,6.61826644805214,52.36310244013,1.776,0.637
15875,6.61828099087737,52.3631033286477,1.627,0.583
15876,6.6182955337026,52.3631042171654,1.713,0.614
15877,6.61831007652782,52.363105105683,1.677,0.601
15878,6.61832461935305,52.3631059942007,1.769,0.634
15879,6.61833916217828,52.3631068827184,1.74,0.624
15880,6.6183537050035,52.3631077712361,1.638,0.587
15881,6.61836824782873,52.3631086597537,1.645,0.59
15882,6.61838279065396,52.3631095482714,1.893,0.679
15883,6.61839733347918,52.3631104367891,1.647,0.59
15884,6.61841187630441,52.3631113253068,1.561,0.56
15885,6.61842642020121,52.3631121546287,1.552,0.556
15886,6.61844096414465,52.3631129813744,1.708,0.613
15887,6.61845550808809,52.3631138081201,1.704,0.611
15888,6.61847005203153,52.3631146348658,1.512,0.542
15889,6.61848459597496,52.3631154616115,1.797,0.644
15890,6.6184991399184,52.3631162883571,1.797,0.644
15891,6.61851368249657,52.3631171905229,1.737,0.623
15892,6.61852822380099,52.3631181630523,1.688,0.605
15893,6.61854276510542,52.3631191355818,1.679,0.602
15894,6.61855730640984,52.3631201081112,1.633,0.586
15895,6.61857184771427,52.3631210806406,1.423,0.51
15896,6.61858638901869,52.36312205317,1.585,0.568
15897,6.61860093032312,52.3631230256994,1.724,0.618
15898,6.61861547176375,52.3631239907048,1.654,0.593
15899,6.61863001350107,52.36312493932,1.672,0.6
15900,6.6186445552384,52.3631258879352,1.577,0.566
15901,6.61865909697572,52.3631268365504,1.662,0.596
15902,6.61867363871305,52.3631277851656,1.586,0.569
15903,6.61868818045038,52.3631287337808,1.596,0.572
15904,6.6187027221877,52.363129682396,1.505,0.54
15905,6.61871726392503,52.3631306310112,1.606,0.576
15906,6.61873180566235,52.3631315796264,1.724,0.618
15907,6.61874634739968,52.3631325282416,1.634,0.586
15908,6.61876088913701,52.3631334768568,1.45,0.52
15909,6.61877543087433,52.363134425472,1.759,0.631
15910,6.61878997261166,52.3631353740872,1.649,0.591
15911,6.61880451434898,52.3631363227024,1.736,0.622
15912,6.61881905608631,52.3631372713176,1.804,0.647
15913,6.61883359782364,52.3631382199328,1.749,0.627
15914,6.61884813956096,52.363139168548,1.504,0.539
15915,6.61886268129829,52.3631401171632,1.639,0.588
15916,6.61887722303562,52.3631410657784,1.558,0.559
15917,6.61889176477294,52.3631420143936,1.535,0.551
15918,6.61890630651027,52.3631429630088,1.637,0.587
15919,6.6189208485199,52.3631438965813,1.64,0.588
15920,6.61893539056602,52.3631448281382,1.712,0.614
15921,6.61894993261214,52.3631457596951,1.423,0.51
15922,6.61896447465826,52.363146691252,1.582,0.567
15923,6.61897901670438,52.3631476228089,1.578,0.566
15924,6.6189935587505,52.3631485543658,1.492,0.535
15925,6.61900810079662,52.3631494859227,1.646,0.59
15926,6.61902264284274,52.3631504174796,1.708,0.613
15927,6.61903718488886,52.3631513490365,1.65,0.591
15928,6.61905172693498,52.3631522805934,1.513,0.542
15929,6.6190662689811,52.3631532121503,1.571,0.563
15930,6.61908081102722,52.3631541437072,1.425,0.511
15931,6.61909535265153,52.3631550985654,1.765,0.633
15932,6.61910989407138,52.3631560647185,1.632,0.585
15933,6.61912443549123,52.3631570308717,1.659,0.595
15934,6.61913897691108,52.3631579970248,1.579,0.566
15935,6.61915351833093,52.363158963178,1.462,0.524
15936,6.61916805975078,52.3631599293311,1.706,0.612
15937,6.61918260117063,52.3631608954843,1.815,0.651
15938,6.61919714259048,52.3631618616375,1.726,0.619
15939,6.61921168401033,52.3631628277906,1.533,0.55
15940,6.61922622543018,52.3631637939438,1.667,0.598
15941,6.61924076685003,52.3631647600969,1.856,0.666
15942,6.61925530826988,52.3631657262501,1.728,0.62
15943,6.61926984968973,52.3631666924032,1.771,0.635
15944,6.61928439110958,52.3631676585564,1.538,0.551
15945,6.61929893252943,52.3631686247096,1.699,0.609
15946,6.61931347394928,52.3631695908627,1.584,0.568
15947,6.61932801536913,52.3631705570159,1.666,0.597
15948,6.61934255678898,52.363171523169,1.623,0.582
15949,6.61935709820883,52.3631724893222,1.615,0.579
15950,6.61937163962868,52.3631734554753,1.703,0.611
15951,6.61938618104853,52.3631744216285,1.697,0.608
15952,6.61940072246838,52.3631753877816,1.642,0.589
15953,6.61941526388823,52.3631763539348,1.751,0.628
15954,6.61942980530807,52.363177320088,1.756,0.63
15955,6.61944434672792,52.3631782862411,1.499,0.538
15956,6.61945888814777,52.3631792523943,1.687,0.605
15957,6.61947342956762,52.3631802185474,1.751,0.628
15958,6.61948797098747,52.3631811847006,1.555,0.558
15959,6.61950251240732,52.3631821508537,1.791,0.642
15960,6.61951705382717,52.3631831170069,1.507,0.54
15961,6.61953159524702,52.3631840831601,1.642,0.589
15962,6.61954613666687,52.3631850493132,1.599,0.573
15963,6.61956067814527,52.363186012232,1.59,0.57
15964,6.61957521963659,52.363186974437,1.395,0.5
15965,6.61958976112791,52.363187936642,1.654,0.593
15966,6.61960430261923,52.363188898847,1.687,0.605
15967,6.61961884411055,52.363189861052,1.611,0.578
15968,6.61963338560187,52.3631908232571,1.674,0.6
15969,6.61964792709319,52.3631917854621,1.576,0.565
15970,6.61966246858451,52.3631927476671,1.738,0.623
15971,6.61967701007583,52.3631937098721,1.523,0.546
15972,6.61969155156715,52.3631946720771,1.683,0.603
15973,6.61970609305847,52.3631956342821,1.653,0.593
15974,6.61972063454979,52.3631965964871,1.728,0.62
15975,6.61973517604111,52.3631975586921,1.808,0.648
15976,6.61974971754654,52.3631985201178,1.567,0.562
15977,6.61976425919098,52.3631994738644,1.893,0.679
15978,6.61977880083541,52.3632004276111,1.541,0.552
15979,6.61979334247985,52.3632013813578,1.63,0.585
15980,6.61980788412428,52.3632023351044,1.458,0.523
15981,6.61982242576872,52.3632032888511,1.556,0.558
15982,6.61983696741315,52.3632042425977,1.452,0.521
15983,6.61985150905759,52.3632051963444,1.511,0.542
15984,6.61986605070202,52.363206150091,1.674,0.6
15985,6.61988059234646,52.3632071038377,1.65,0.592
15986,6.61989513399089,52.3632080575844,1.576,0.565
15987,6.61990967563533,52.363209011331,1.556,0.558
15988,6.61992421727976,52.3632099650777,1.591,0.57
15989,6.6199387589242,52.3632109188243,1.712,0.614
15990,6.61995330056863,52.363211872571,1.623,0.582
15991,6.61996784221307,52.3632128263176,1.55,0.556
15992,6.6199823838575,52.3632137800643,1.54,0.552
15993,6.61999692550194,52.3632147338109,1.66,0.595
15994,6.62001146714637,52.3632156875576,1.678,0.602
15995,6.62002600879081,52.3632166413043,1.589,0.57
15996,6.62004055043524,52.3632175950509,1.536,0.551
15997,6.62005509207968,52.3632185487976,1.552,0.557
15998,6.62006963372411,52.3632195025442,1.58,0.567
15999,6.62008417536855,52.3632204562909,1.825,0.655
16000,6.62009871701299,52.3632214100375,1.775,0.637
16001,6.62011325865742,52.3632223637842,1.656,0.594
16002,6.62012780030186,52.3632233175309,1.619,0.58
16003,6.62014234194629,52.3632242712775,1.728,0.62
16004,6.62015688359073,52.3632252250242,1.925,0.69
16005,6.62017142523516,52.3632261787708,1.924,0.69
16006,6.6201859668796,52.3632271325175,2.039,0.731
16007,6.62020050852403,52.3632280862641,1.901,0.682
16008,6.62021505016847,52.3632290400108,2.092,0.75
16009,6.6202295918129,52.3632299937575,2.059,0.738
16010,6.62024413345734,52.3632309475041,2.217,0.795
16011,6.62025867510177,52.3632319012508,2.259,0.81
16012,6.62027321674621,52.3632328549974,2.206,0.791
16013,6.62028775839064,52.3632338087441,2.369,0.849
16014,6.62030230003508,52.3632347624907,2.479,0.889
16015,6.62031684167951,52.3632357162374,2.732,0.98
16016,6.62033138332395,52.3632366699841,2.904,1.041
16017,6.62034592496838,52.3632376237307,2.986,1.071
16018,6.62036046661282,52.3632385774774,3.092,1.109
16019,6.62037500825726,52.363239531224,3.117,1.117
16020,6.62038954990169,52.3632404849707,3.337,1.197
16021,6.62040409154613,52.3632414387173,3.324,1.192
16022,6.62041863319056,52.363242392464,3.973,1.425
16023,6.620433174835,52.3632433462107,4.157,1.491
16024,6.62044771647943,52.3632442999573,4.275,1.533
16025,6.62046225812387,52.363245253704,4.374,1.568
16026,6.6204767997683,52.3632462074506,4.853,1.74
16027,6.62049134141274,52.3632471611973,4.878,1.749
16028,6.62050587997421,52.3632482852522,4.555,1.633
16029,6.62052040623384,52.3632500888826,5.344,1.916
16030,6.62053493249347,52.3632518925129,5.428,1.946
16031,6.6205494596188,52.3632536483202,5.798,2.079
16032,6.62056404272823,52.3632523114682,5.816,2.085
16033,6.62058001914376,52.3631740059366,5.475,1.963
16034,6.62059540600745,52.3631282682853,5.697,2.043
16035,6.62060994074299,52.3631296036918,6.754,2.422
16036,6.62062447547852,52.3631309390983,6.291,2.256
16037,6.62063901021406,52.3631322745048,6.256,2.243
16038,6.62065354494959,52.3631336099113,6.128,2.197
16039,6.6206680778881,52.3631350445887,5.989,2.147
16040,6.62068260753998,52.3631366608248,5.195,1.863
16041,6.62069714863725,52.3631376447979,5.722,2.052
16042,6.62071169535845,52.3631383180953,5.795,2.078
16043,6.62072624207965,52.3631389913927,5.248,1.882
16044,6.62074078880085,52.3631396646901,5.235,1.877
16045,6.62075533552204,52.3631403379875,4.514,1.618
16046,6.62076988224324,52.3631410112849,4.295,1.54
16047,6.62078442896444,52.3631416845823,4.418,1.584
16048,6.62079897568564,52.3631423578796,4.146,1.487
16049,6.62081352032458,52.3631431462042,3.617,1.297
16050,6.6208280628356,52.3631440520793,3.803,1.363
16051,6.62084260534662,52.3631449579544,3.207,1.15
16052,6.62085714785764,52.3631458638295,2.81,1.007
16053,6.62087169036865,52.3631467697046,2.932,1.051
16054,6.62088623285049,52.3631476771916,2.876,1.031
16055,6.620900775286,52.3631485872382,2.724,0.977
16056,6.6209153177215,52.3631494972849,2.459,0.882
16057,6.62092986015701,52.3631504073315,2.257,0.809
16058,6.62094440297507,52.363151296245,2.229,0.799
16059,6.62095894587343,52.3631521807223,2.197,0.788
16060,6.6209734887718,52.3631530651995,2.11,0.756
16061,6.62098803167017,52.3631539496768,1.916,0.687
16062,6.62100257444566,52.363154840942,1.838,0.659
16063,6.62101711703463,52.3631557425106,1.618,0.58
16064,6.62103165962361,52.3631566440792,1.727,0.619
16065,6.62104620221258,52.3631575456478,1.426,0.511
16066,6.62106074480156,52.3631584472163,1.76,0.631
16067,6.62107528739054,52.3631593487849,1.473,0.528
16068,6.62108982974085,52.3631602635377,1.381,0.495
16069,6.62110437197495,52.3631611847103,1.623,0.582
16070,6.62111891420904,52.363162105883,1.303,0.467
16071,6.62113345644314,52.3631630270557,1.352,0.485
16072,6.62114799867724,52.3631639482283,1.326,0.476
16073,6.62116254105921,52.3631648612324,1.319,0.473
16074,6.62117708356003,52.3631657676706,1.441,0.517
16075,6.62119162606086,52.3631666741088,1.273,0.456
16076,6.62120616856168,52.3631675805471,1.241,0.445
16077,6.6212207110625,52.3631684869853,1.285,0.461
16078,6.621235253508,52.3631693964798,1.272,0.456
16079,6.62124979581482,52.3631703136351,1.249,0.448
16080,6.62126433812164,52.3631712307904,1.184,0.425
16081,6.62127888042846,52.3631721479457,1.381,0.495
16082,6.62129342273529,52.3631730651011,1.272,0.456
16083,6.62130796504211,52.3631739822564,1.263,0.453
16084,6.62132250735933,52.3631748988369,1.26,0.452
16085,6.62133704985654,52.363175805475,1.379,0.494
16086,6.62135159235374,52.3631767121132,1.359,0.487
16087,6.62136613485095,52.3631776187513,1.339,0.48
16088,6.62138067734815,52.3631785253894,1.279,0.459
16089,6.62139521984536,52.3631794320275,1.289,0.462
16090,6.62140976234257,52.3631803386656,1.226,0.44
16091,6.62142430483977,52.3631812453037,1.235,0.443
16092,6.62143884731506,52.3631821531525,1.314,0.471
16093,6.62145338947255,52.363183078557,1.178,0.422
16094,6.62146793163005,52.3631840039615,1.232,0.442
16095,6.62148247378754,52.3631849293659,1.346,0.482
16096,6.62149701594503,52.3631858547704,1.208,0.433
16097,6.62151155830113,52.3631867692035,1.32,0.473
16098,6.62152610068249,52.363187682241,1.413,0.507
16099,6.62154064306386,52.3631885952784,1.328,0.476
16100,6.62155518544522,52.3631895083159,1.286,0.461
16101,6.62156972782658,52.3631904213533,1.33,0.477
16102,6.62158427047311,52.3631913197425,1.349,0.484
16103,6.62159881352576,52.3631921956972,1.519,0.545
16104,6.62161335641788,52.3631930805197,1.311,0.47
16105,6.62162789867082,52.363194000651,1.346,0.483
16106,6.62164244092377,52.3631949207824,1.337,0.479
16107,6.62165698317672,52.3631958409138,1.176,0.422
16108,6.62167152542539,52.3631967612814,1.156,0.414
16109,6.62168606620667,52.3631977627104,1.438,0.516
16110,6.62170060698794,52.3631987641394,1.455,0.522
16111,6.62171514776922,52.3631997655685,1.271,0.456
16112,6.6217296885505,52.3632007669975,1.377,0.494
16113,6.62174422933178,52.3632017684265,1.26,0.452
16114,6.62175877011305,52.3632027698555,1.29,0.463
16115,6.62177331089433,52.3632037712845,1.335,0.479
16116,6.62178785167561,52.3632047727135,1.275,0.457
16117,6.62180239245689,52.3632057741426,1.292,0.463
16118,6.62181693323816,52.3632067755716,1.373,0.492
16119,6.62183147401944,52.3632077770006,1.379,0.494
16120,6.62184601480072,52.3632087784296,1.341,0.481
16121,6.62186055558199,52.3632097798586,1.555,0.557
16122,6.62187509636327,52.3632107812876,1.378,0.494
16123,6.62188963714455,52.3632117827167,1.754,0.629
16124,6.62190417792583,52.3632127841457,1.716,0.615
16125,6.6219187187071,52.3632137855747,1.626,0.583
16126,6.62193325948838,52.3632147870037,1.709,0.613
16127,6.62194780026966,52.3632157884327,1.555,0.558
16128,6.62196234105094,52.3632167898618,1.694,0.607
16129,6.62197688183221,52.3632177912908,1.807,0.648
16130,6.62199142261349,52.3632187927198,1.691,0.607
16131,6.62200596339477,52.3632197941488,1.949,0.699
16132,6.62202050417604,52.3632207955778,1.938,0.695
16133,6.62203504495732,52.3632217970068,2.231,0.8
16134,6.6220495857386,52.3632227984359,2.289,0.821
16135,6.62206412651988,52.3632237998649,2.619,0.939
16136,6.62207866730115,52.3632248012939,2.769,0.993
16137,6.62209320808243,52.3632258027229,2.592,0.929
16138,6.62210774886371,52.3632268041519,3.229,1.158
16139,6.62212228964499,52.363227805581,2.878,1.032
16140,6.62213683042626,52.36322880701,3.269,1.172
16141,6.62215137120754,52.363229808439,3.49,1.252
16142,6.62216591198882,52.363230809868,3.762,1.349
16143,6.6221804527701,52.363231811297,3.749,1.344
16144,6.62219499355137,52.363232812726,4.331,1.553
16145,6.62220953433265,52.3632338141551,4.33,1.552
16146,6.62222409509475,52.3632337118081,4.203,1.507
16147,6.62223865821347,52.3632334792778,4.988,1.788
16148,6.62225322133218,52.3632332467476,4.776,1.712
16149,6.62226778386177,52.3632330467619,5.401,1.936
16150,6.62228234599688,52.3632328685676,5.363,1.923
16151,6.62229690813199,52.3632326903734,5.942,2.131
16152,6.62231146381072,52.3632328688407,5.883,2.11
16153,6.6223260110614,52.3632335128885,6.142,2.202
16154,6.62234055831208,52.3632341569364,6.462,2.317
16155,6.62235510556276,52.3632348009842,6.701,2.403
16156,6.62236965281344,52.3632354450321,6.397,2.294
16157,6.62238419880154,52.3632361588273,6.711,2.406
16158,6.62239874420632,52.3632369048455,5.925,2.124
16159,6.62241328961111,52.3632376508637,6.123,2.195
16160,6.6224278350159,52.3632383968819,6.75,2.42
16161,6.62244238042069,52.3632391429001,6.598,2.366
16162,6.62245692582547,52.3632398889183,5.682,2.037
16163,6.6224714719159,52.3632405970604,5.642,2.023
16164,6.6224860185267,52.3632412764563,5.338,1.914
16165,6.6225005651375,52.3632419558522,5.03,1.804
16166,6.6225151117483,52.3632426352481,5.143,1.844
16167,6.62252965835911,52.363243314644,4.487,1.609
16168,6.62254420496991,52.3632439940399,4.57,1.639
16169,6.62255875158071,52.3632446734358,4.636,1.662
16170,6.62257329819151,52.3632453528317,4.015,1.44
16171,6.62258784480231,52.3632460322275,3.872,1.388
16172,6.62260239141311,52.3632467116234,3.417,1.225
16173,6.62261693802391,52.3632473910193,3.835,1.375
16174,6.62263148463471,52.3632480704152,3.049,1.093
16175,6.62264603124551,52.3632487498111,2.777,0.996
16176,6.62266057785631,52.363249429207,3.225,1.156
16177,6.62267512446711,52.3632501086029,2.742,0.983
16178,6.62268967014163,52.3632508397208,2.831,1.015
16179,6.6227042138001,52.3632516822086,2.385,0.855
16180,6.62271875745857,52.3632525246964,2.398,0.86
16181,6.62273330111704,52.3632533671842,2.295,0.823
16182,6.62274784477551,52.363254209672,2.34,0.839
16183,6.62276238843398,52.3632550521598,1.932,0.693
16184,6.62277693209245,52.3632558946476,2.344,0.84
16185,6.62279147575092,52.3632567371354,2.123,0.761
16186,6.62280601940939,52.3632575796232,2.049,0.735
16187,6.62282056306786,52.363258422111,2.134,0.765
16188,6.62283510672633,52.3632592645989,1.935,0.694
16189,6.62284965038481,52.3632601070867,1.795,0.644
16190,6.62286419404328,52.3632609495745,1.815,0.651
16191,6.62287873770175,52.3632617920623,1.924,0.69
16192,6.62289328136022,52.3632626345501,1.831,0.656
16193,6.62290782501869,52.3632634770379,1.641,0.588
16194,6.62292236867716,52.3632643195257,1.859,0.667
16195,6.62293691233563,52.3632651620135,1.82,0.652
16196,6.6229514559941,52.3632660045013,1.85,0.663
16197,6.62296599965257,52.3632668469891,1.811,0.649
16198,6.62298054331104,52.3632676894769,1.776,0.637
16199,6.62299508696951,52.3632685319647,1.806,0.648
16200,6.62300962878747,52.3632694761253,1.574,0.564
16201,6.62302416946454,52.3632704833111,1.785,0.64
16202,6.62303871014161,52.3632714904969,1.881,0.675
16203,6.62305325081867,52.3632724976827,1.82,0.652
16204,6.62306779149574,52.3632735048685,1.851,0.664
16205,6.62308233217281,52.3632745120542,1.646,0.59
16206,6.62309687284988,52.36327551924,1.781,0.639
16207,6.62311141352694,52.3632765264258,1.769,0.634
16208,6.62312595420401,52.3632775336116,1.782,0.639
16209,6.62314049488108,52.3632785407974,1.922,0.689
16210,6.62315503555814,52.3632795479831,1.923,0.689
16211,6.62316957623521,52.3632805551689,1.707,0.612
16212,6.62318411691228,52.3632815623547,1.637,0.587
16213,6.62319865758935,52.3632825695405,1.833,0.657
16214,6.62321319826641,52.3632835767263,1.784,0.64
16215,6.62322773894348,52.363284583912,1.766,0.633
16216,6.62324227962055,52.3632855910978,1.941,0.696
16217,6.62325682029761,52.3632865982836,1.809,0.648
16218,6.62327136097468,52.3632876054694,2.098,0.752
16219,6.62328590165175,52.3632886126552,1.689,0.605
16220,6.62330044232881,52.3632896198409,1.765,0.633
16221,6.62331498300588,52.3632906270267,1.939,0.695
16222,6.62332952368295,52.3632916342125,1.799,0.645
16223,6.62334406459208,52.3632926285787,1.787,0.641
16224,6.62335860573383,52.3632936100942,1.606,0.576
16225,6.62337314687559,52.3632945916097,1.841,0.66
16226,6.62338768801735,52.3632955731253,1.816,0.651
16227,6.6234022291591,52.3632965546408,1.783,0.639
16228,6.62341677030086,52.3632975361563,1.638,0.587
16229,6.62343131144262,52.3632985176718,1.98,0.71
16230,6.62344585258437,52.3632994991873,1.801,0.646
16231,6.62346039372613,52.3633004807029,1.784,0.64
16232,6.62347493486789,52.3633014622184,1.817,0.651
16233,6.62348947600964,52.3633024437339,1.957,0.702
16234,6.6235040171514,52.3633034252494,1.903,0.682
16235,6.62351855829315,52.3633044067649,1.874,0.672
16236,6.62353309943491,52.3633053882805,1.81,0.649
16237,6.62354764057667,52.363306369796,1.973,0.708
16238,6.62356218171842,52.3633073513115,1.857,0.666
16239,6.62357672286018,52.363308332827,1.967,0.705
16240,6.62359126493964,52.3633092625421,2.064,0.74
16241,6.6236058070192,52.3633101922518,1.829,0.656
16242,6.62362034909876,52.3633111219614,1.775,0.636
16243,6.62363489117832,52.363312051671,1.92,0.688
16244,6.62364943325788,52.3633129813807,2.03,0.728
16245,6.62366397533744,52.3633139110903,2.029,0.728
16246,6.623678517417,52.3633148408,1.826,0.655
16247,6.62369305920333,52.3633157867081,1.991,0.714
16248,6.62370760093735,52.3633167355055,2.107,0.755
16249,6.62372214267138,52.3633176843029,2.02,0.724
16250,6.62373668440541,52.3633186331003,1.878,0.674
16251,6.62375122613944,52.3633195818977,1.974,0.708
16252,6.62376576787347,52.363320530695,1.786,0.64
16253,6.6237803096075,52.3633214794924,1.804,0.647
16254,6.62379485134152,52.3633224282898,1.733,0.621
16255,6.62380939307555,52.3633233770872,2.003,0.718
16256,6.62382393386531,52.3633243780476,1.889,0.677
16257,6.62383847304813,52.3633254677785,1.901,0.681
16258,6.62385301223094,52.3633265575094,1.886,0.676
16259,6.62386755141376,52.3633276472404,1.91,0.685
16260,6.62388209059657,52.3633287369713,2.026,0.726
16261,6.62389662977938,52.3633298267022,1.841,0.66
16262,6.6239111689622,52.3633309164332,1.979,0.71
16263,6.62392570814501,52.3633320061641,1.762,0.632
16264,6.62394024732783,52.363333095895,2.057,0.738
16265,6.62395478651064,52.363334185626,1.832,0.657
16266,6.62396932569345,52.3633352753569,2.051,0.735
16267,6.62398386487627,52.3633363650878,1.902,0.682
16268,6.62399840405908,52.3633374548188,1.782,0.639
16269,6.6240129432419,52.3633385445497,2.059,0.738
16270,6.62402748242471,52.3633396342806,1.987,0.712
16271,6.62404202233626,52.363340683755,1.736,0.622
16272,6.62405656233889,52.363341728198,1.992,0.714
16273,6.62407110234152,52.3633427726409,1.886,0.676
16274,6.62408564234415,52.3633438170838,1.901,0.682
16275,6.62410018234677,52.3633448615267,1.98,0.71
16276,6.6241147223494,52.3633459059697,1.914,0.686
16277,6.62412926235203,52.3633469504126,1.91,0.685
16278,6.62414380235466,52.3633479948555,1.945,0.697
16279,6.62415834235729,52.3633490392984,1.96,0.703
16280,6.62417288235992,52.3633500837413,1.881,0.675
16281,6.62418742236255,52.3633511281843,2.035,0.73
16282,6.62420196236518,52.3633521726272,1.861,0.667
16283,6.62421650236781,52.3633532170701,1.755,0.629
16284,6.62423104237044,52.363354261513,2.018,0.723
16285,6.62424558237306,52.363355305956,1.92,0.688
16286,6.62426012237569,52.3633563503989,1.965,0.705
16287,6.62427466237832,52.3633573948418,2.007,0.72
16288,6.62428920238095,52.3633584392847,1.839,0.659
16289,6.62430374238358,52.3633594837277,1.926,0.691
16290,6.62431828238621,52.3633605281706,1.944,0.697
16291,6.62433282238884,52.3633615726135,1.759,0.631
16292,6.62434736239147,52.3633626170564,1.834,0.658
16293,6.62436190239409,52.3633636614994,2.034,0.729
16294,6.62437644239672,52.3633647059423,2.014,0.722
16295,6.62439098631349,52.3633655341614,2.003,0.718
16296,6.62440553057748,52.3633663431992,1.904,0.683
16297,6.62442007484147,52.3633671522371,1.968,0.706
16298,6.62443461910546,52.3633679612749,2.067,0.741
16299,6.62444916336945,52.3633687703128,1.883,0.675
16300,6.62446370763344,52.3633695793506,1.854,0.665
16301,6.62447825189743,52.3633703883885,2.133,0.765
16302,6.62449279616142,52.3633711974263,1.772,0.635
16303,6.62450734042541,52.3633720064642,1.999,0.717
16304,6.6245218846894,52.363372815502,1.912,0.686
16305,6.62453642895339,52.3633736245399,2.14,0.767
16306,6.62455097321738,52.3633744335777,1.783,0.639
16307,6.62456551748137,52.3633752426156,1.887,0.677
16308,6.62458006174536,52.3633760516534,1.77,0.635
16309,6.62459460600935,52.3633768606913,2.073,0.743
16310,6.62460915027334,52.3633776697291,1.961,0.703
16311,6.62462369453733,52.363378478767,1.977,0.709
16312,6.62463823880132,52.3633792878048,1.922,0.689
16313,6.62465278306531,52.3633800968427,1.759,0.631
16314,6.6246673273293,52.3633809058805,1.975,0.708
16315,6.62468187159329,52.3633817149184,2.019,0.724
16316,6.62469641585728,52.3633825239562,1.944,0.697
16317,6.62471096048351,52.3633833129834,2.117,0.759
16318,6.62472550572365,52.3633840680966,1.652,0.592
16319,6.6247400509638,52.3633848232099,1.959,0.702
16320,6.62475459620395,52.3633855783231,1.933,0.693
16321,6.62476914144409,52.3633863334364,1.981,0.71
16322,6.6247836853044,52.3633871647745,1.858,0.666
16323,6.62479822414022,52.3633882736742,1.738,0.623
16324,6.62481276297603,52.3633893825739,1.816,0.651
16325,6.62482730181185,52.3633904914736,1.824,0.654
16326,6.62484184064766,52.3633916003733,1.777,0.637
16327,6.62485637948348,52.363392709273,2.015,0.723
16328,6.62487091842636,52.3633938122581,1.899,0.681
16329,6.62488545747322,52.3633949094994,1.906,0.684
16330,6.62489999652008,52.3633960067408,1.864,0.668
16331,6.62491453556694,52.3633971039821,2.015,0.722
16332,6.6249290746138,52.3633982012235,1.938,0.695
16333,6.62494361366066,52.3633992984648,2.128,0.763
16334,6.62495815270752,52.3634003957061,1.747,0.627
16335,6.62497269175438,52.3634014929475,1.933,0.693
16336,6.62498723080123,52.3634025901888,1.716,0.615
16337,6.62500176984809,52.3634036874302,1.779,0.638
16338,6.62501630889495,52.3634047846715,1.78,0.638
16339,6.62503084794181,52.3634058819128,1.929,0.692
16340,6.62504538698867,52.3634069791542,2.049,0.735
16341,6.62505992603553,52.3634080763955,1.91,0.685
16342,6.62507446508239,52.3634091736369,1.889,0.677
16343,6.62508900412925,52.3634102708782,1.903,0.682
16344,6.62510354317611,52.3634113681195,1.903,0.682
16345,6.62511808222297,52.3634124653609,2.037,0.73
16346,6.62513262126982,52.3634135626022,1.752,0.628
16347,6.62514716031668,52.3634146598436,1.737,0.623
16348,6.62516169936354,52.3634157570849,1.887,0.677
16349,6.62517624111091,52.3634167051456,1.922,0.689
16350,6.62519078395714,52.3634175925028,2.004,0.718
16351,6.62520532680337,52.3634184798601,2.096,0.752
16352,6.6252198696496,52.3634193672174,1.784,0.64
16353,6.62523441249583,52.3634202545747,1.969,0.706
16354,6.62524895534207,52.363421141932,1.963,0.704
16355,6.6252634981883,52.3634220292893,1.722,0.618
16356,6.62527804103453,52.3634229166466,1.714,0.615
16357,6.62529258388076,52.3634238040039,1.945,0.697
16358,6.625307126727,52.3634246913612,2.078,0.745
16359,6.62532166957323,52.3634255787184,1.827,0.655
16360,6.62533621241946,52.3634264660757,1.994,0.715
16361,6.62535075526569,52.363427353433,1.996,0.716
16362,6.62536529811192,52.3634282407903,2.009,0.72
16363,6.62537984095816,52.3634291281476,1.944,0.697
16364,6.62539438380439,52.3634300155049,1.978,0.709
16365,6.62540892665062,52.3634309028622,1.927,0.691
16366,6.62542346949685,52.3634317902195,1.939,0.695
16367,6.62543801234308,52.3634326775767,1.869,0.67
16368,6.62545255518932,52.363433564934,1.937,0.695
16369,6.62546709803555,52.3634344522913,1.766,0.633
16370,6.62548164088178,52.3634353396486,1.774,0.636
16371,6.62549618372801,52.3634362270059,2.259,0.81
16372,6.62551072868324,52.3634369978584,2.044,0.733
16373,6.62552527740507,52.3634375606377,2.057,0.737
16374,6.62553982612689,52.3634381234169,1.818,0.652
16375,6.62555437484871,52.3634386861961,1.867,0.67
16376,6.62556892357054,52.3634392489754,1.926,0.691
16377,6.62558347229236,52.3634398117546,2.001,0.717
16378,6.62559802101419,52.3634403745339,1.959,0.702
16379,6.62561256973601,52.3634409373131,1.979,0.709
16380,6.62562711845784,52.3634415000923,2.029,0.727
16381,6.62564166717966,52.3634420628716,1.837,0.659
16382,6.62565621177726,52.36344285348,2.142,0.768
16383,6.62567075061425,52.3634439623149,1.874,0.672
16384,6.62568528945125,52.3634450711497,1.864,0.668
16385,6.62569982828824,52.3634461799846,1.95,0.699
16386,6.62571436712523,52.3634472888195,1.763,0.632
16387,6.62572890596222,52.3634483976543,1.905,0.683
16388,6.62574344479921,52.3634495064892,1.748,0.627
16389,6.6257579836362,52.363450615324,1.911,0.685
16390,6.62577252247319,52.3634517241589,1.938,0.695
16391,6.62578706131018,52.3634528329937,1.649,0.591
16392,6.62580160014717,52.3634539418286,2.203,0.79
16393,6.62581613958299,52.3634550175826,1.98,0.71
16394,6.6258306800585,52.3634560359028,1.98,0.71
16395,6.62584522053401,52.363457054223,1.828,0.655
16396,6.62585976100952,52.3634580725431,1.789,0.642
16397,6.62587430148503,52.3634590908633,2.107,0.756
16398,6.62588884196054,52.3634601091834,2.073,0.743
16399,6.62590338243605,52.3634611275036,1.915,0.687
16400,6.62591792291156,52.3634621458238,2.011,0.721
16401,6.62593246338707,52.3634631641439,1.988,0.713
16402,6.62594700386258,52.3634641824641,2.112,0.757
16403,6.62596154433809,52.3634652007842,1.907,0.684
16404,6.6259760848136,52.3634662191044,1.847,0.662
16405,6.62599062528911,52.3634672374246,1.858,0.666
16406,6.62600516576462,52.3634682557447,1.946,0.698
16407,6.62601970624013,52.3634692740649,1.854,0.665
16408,6.62603424671564,52.3634702923851,1.87,0.67
16409,6.62604878719115,52.3634713107052,1.876,0.673
16410,6.62606332766666,52.3634723290254,2.062,0.739
16411,6.62607786798895,52.3634733558095,1.99,0.713
16412,6.62609240813686,52.3634743922269,2.044,0.733
16413,6.62610694828477,52.3634754286443,1.833,0.657
16414,6.62612148917948,52.3634764238073,1.704,0.611
16415,6.6261360328929,52.3634772632596,2.118,0.759
16416,6.62615057660632,52.3634781027118,1.898,0.68
16417,6.62616512031974,52.3634789421641,1.727,0.619
16418,6.62617966403316,52.3634797816163,1.823,0.654
16419,6.62619420774658,52.3634806210686,1.829,0.656
16420,6.62620875146,52.3634814605208,2.122,0.761
16421,6.62622329517342,52.3634822999731,1.907,0.684
16422,6.62623783888684,52.3634831394253,2.041,0.732
16423,6.62625238260026,52.3634839788775,1.965,0.704
16424,6.62626692631368,52.3634848183298,1.85,0.663
16425,6.62628147002711,52.363485657782,1.887,0.677
16426,6.62629601374053,52.3634864972343,1.745,0.626
16427,6.62631055745395,52.3634873366865,1.84,0.66
16428,6.62632510116737,52.3634881761388,1.621,0.581
16429,6.62633964488079,52.363489015591,2.088,0.749
16430,6.62635418859421,52.3634898550433,1.855,0.665
16431,6.62636873230763,52.3634906944955,2.048,0.734
16432,6.62638327602105,52.3634915339478,1.815,0.651
16433,6.62639782540805,52.3634920599818,1.903,0.682
16434,6.62641237616244,52.3634925104781,1.714,0.614
16435,6.62642692691684,52.3634929609745,1.913,0.686
16436,6.62644147767124,52.3634934114708,1.851,0.664
16437,6.62645602842564,52.3634938619671,1.975,0.708
16438,6.62647057918003,52.3634943124635,1.874,0.672
16439,6.62648512993443,52.3634947629598,2.209,0.792
16440,6.62649968068883,52.3634952134561,1.986,0.712
16441,6.62651423144323,52.3634956639525,1.917,0.687
16442,6.62652878219762,52.3634961144488,1.668,0.598
16443,6.62654331727857,52.3634974307741,1.927,0.691
16444,6.62655785168586,52.3634987843135,1.959,0.702
16445,6.62657238609315,52.3635001378528,2.123,0.761
16446,6.62658692050044,52.3635014913921,2.06,0.738
16447,6.62660145490773,52.3635028449315,1.943,0.697
16448,6.62661598931501,52.3635041984708,2.071,0.743
16449,6.6266305237223,52.3635055520102,2.03,0.728
16450,6.62664505938642,52.3635068361199,1.851,0.664
16451,6.62665959517614,52.3635081132916,1.879,0.674
16452,6.62667413096585,52.3635093904633,1.986,0.712
16453,6.62668866675557,52.363510667635,1.733,0.621
16454,6.62670320254528,52.3635119448067,1.849,0.663
16455,6.626717738335,52.3635132219784,2.013,0.722
16456,6.62673227412471,52.3635144991501,2.043,0.733
16457,6.62674680991443,52.3635157763218,2.098,0.752
16458,6.62676134570414,52.3635170534935,1.792,0.642
16459,6.62677588149386,52.3635183306652,1.913,0.686
16460,6.62679042309013,52.3635192870725,1.785,0.64
16461,6.6268049662905,52.3635201548669,1.963,0.704
16462,6.62681950949086,52.3635210226613,2.014,0.722
16463,6.62683405269122,52.3635218904557,1.842,0.66
16464,6.62684859589159,52.3635227582501,1.84,0.66
16465,6.62686313909195,52.3635236260445,1.944,0.697
16466,6.62687768229232,52.3635244938389,1.697,0.609
16467,6.62689222549268,52.3635253616333,1.849,0.663
16468,6.62690676869305,52.3635262294277,1.836,0.658
16469,6.62692131189341,52.3635270972221,1.923,0.689
16470,6.62693585509377,52.3635279650165,1.69,0.606
16471,6.62695039829414,52.3635288328109,1.79,0.642
16472,6.6269649414945,52.3635297006053,1.737,0.623
16473,6.62697948469487,52.3635305683997,1.723,0.618
16474,6.62699402789523,52.3635314361941,2.069,0.742
16475,6.62700857109559,52.3635323039885,2.003,0.718
16476,6.62702311429596,52.3635331717829,1.842,0.661
16477,6.62703765726121,52.3635340525652,1.957,0.702
16478,6.627052199901,52.3635349513269,2.045,0.733
16479,6.62706674254079,52.3635358500886,1.835,0.658
16480,6.62708128518057,52.3635367488502,1.798,0.645
16481,6.62709582782036,52.3635376476119,1.888,0.677
16482,6.62711037046015,52.3635385463736,1.96,0.703
16483,6.62712491309994,52.3635394451353,1.863,0.668
16484,6.62713945573972,52.3635403438969,2.048,0.734
16485,6.62715399837951,52.3635412426586,2.023,0.725
16486,6.6271685410193,52.3635421414203,1.94,0.695
16487,6.62718308365908,52.363543040182,1.932,0.693
16488,6.62719762629887,52.3635439389436,1.845,0.662
16489,6.62721216893866,52.3635448377053,2.025,0.726
16490,6.62722671157844,52.363545736467,1.783,0.639
16491,6.62724125421823,52.3635466352286,1.991,0.714
16492,6.62725579685802,52.3635475339903,2.081,0.746
16493,6.62727033949781,52.363548432752,1.898,0.68
16494,6.62728488213759,52.3635493315137,1.926,0.691
16495,6.62729942477738,52.3635502302753,2.0,0.717
16496,6.62731396741717,52.363551129037,1.81,0.649
16497,6.62732851005695,52.3635520277987,1.857,0.666
16498,6.62734305269674,52.3635529265604,2.098,0.752
16499,6.62735759533653,52.363553825322,1.801,0.646
16500,6.62737213797632,52.3635547240837,1.932,0.693
16501,6.6273866806161,52.3635556228454,1.992,0.714
16502,6.62740122325589,52.3635565216071,1.761,0.631
16503,6.62741576589568,52.3635574203687,2.113,0.758
16504,6.62743030853546,52.3635583191304,1.885,0.676
16505,6.62744485117525,52.3635592178921,2.108,0.756
16506,6.62745939381504,52.3635601166538,1.77,0.635
16507,6.62747393645482,52.3635610154154,2.134,0.765
16508,6.62748847909461,52.3635619141771,1.788,0.641
16509,6.6275030217344,52.3635628129388,2.04,0.732
16510,6.62751756437419,52.3635637117004,1.916,0.687
16511,6.62753210701397,52.3635646104621,1.818,0.652
16512,6.62754664965376,52.3635655092238,1.778,0.638
16513,6.62756119229355,52.3635664079855,1.679,0.602
16514,6.62757573493333,52.3635673067471,1.857,0.666
16515,6.6275902774495,52.3635682123381,1.638,0.587
16516,6.62760481974716,52.363569129999,1.76,0.631
16517,6.62761936204483,52.3635700476599,2.058,0.738
16518,6.6276339043425,52.3635709653208,1.864,0.668
16519,6.62764844664017,52.3635718829817,1.87,0.671
16520,6.62766298893784,52.3635728006427,2.022,0.725
16521,6.62767753123551,52.3635737183036,1.843,0.661
16522,6.62769207353317,52.3635746359645,1.999,0.717
16523,6.62770661583084,52.3635755536254,1.844,0.661
16524,6.62772115812851,52.3635764712863,1.996,0.716
16525,6.62773570042618,52.3635773889472,1.856,0.665
16526,6.62775024272385,52.3635783066081,1.892,0.678
16527,6.62776478502152,52.363579224269,1.841,0.66
16528,6.62777932731918,52.3635801419299,1.906,0.683
16529,6.62779386961685,52.3635810595908,2.016,0.723
16530,6.62780841191452,52.3635819772517,1.804,0.647
16531,6.62782295421219,52.3635828949127,1.769,0.634
16532,6.62783749650986,52.3635838125736,2.024,0.726
16533,6.62785203880753,52.3635847302345,1.958,0.702
16534,6.62786658110519,52.3635856478954,1.86,0.667
16535,6.62788112340286,52.3635865655563,1.916,0.687
16536,6.62789566570053,52.3635874832172,1.898,0.681
16537,6.6279102079982,52.3635884008781,1.837,0.659
16538,6.62792475029587,52.363589318539,1.937,0.695
16539,6.62793929259354,52.3635902361999,1.872,0.671
16540,6.6279538348912,52.3635911538608,1.957,0.702
16541,6.62796837718887,52.3635920715217,1.812,0.65
16542,6.62798291948654,52.3635929891827,1.931,0.692
16543,6.62799746178421,52.3635939068436,2.005,0.719
16544,6.62801200408188,52.3635948245045,1.969,0.706
16545,6.62802654637955,52.3635957421654,1.733,0.621
16546,6.62804108867721,52.3635966598263,1.956,0.701
16547,6.62805563097488,52.3635975774872,2.202,0.789
16548,6.62807017327255,52.3635984951481,1.788,0.641
16549,6.62808471557022,52.363599412809,1.793,0.643
16550,6.62809925786789,52.3636003304699,2.006,0.719
16551,6.62811380016556,52.3636012481308,1.875,0.672
16552,6.62812834246323,52.3636021657917,1.915,0.686
16553,6.62814288476089,52.3636030834527,1.715,0.615
16554,6.62815742705856,52.3636040011136,1.895,0.68
16555,6.62817196935623,52.3636049187745,1.72,0.617
16556,6.6281865116539,52.3636058364354,1.782,0.639
16557,6.62820105395157,52.3636067540963,1.856,0.666
16558,6.62821559624924,52.3636076717572,1.923,0.689
16559,6.6282301385469,52.3636085894181,1.913,0.686
16560,6.62824468084457,52.363609507079,1.929,0.692
16561,6.62825922314224,52.3636104247399,1.779,0.638
16562,6.62827376543991,52.3636113424008,1.922,0.689
16563,6.62828830773758,52.3636122600617,1.944,0.697
16564,6.62830285003525,52.3636131777227,1.819,0.652
16565,6.62831739233291,52.3636140953836,1.956,0.701
16566,6.62833193463058,52.3636150130445,1.798,0.645
16567,6.62834647692825,52.3636159307054,1.905,0.683
16568,6.62836101922592,52.3636168483663,2.068,0.742
16569,6.62837556152359,52.3636177660272,1.782,0.639
16570,6.62839010382126,52.3636186836881,1.847,0.662
16571,6.62840464611892,52.363619601349,1.815,0.651
16572,6.62841918841659,52.3636205190099,1.901,0.682
16573,6.62843373071426,52.3636214366708,1.832,0.657
16574,6.62844827301193,52.3636223543318,2.036,0.73
16575,6.6284628153096,52.3636232719927,1.832,0.657
16576,6.62847735760727,52.3636241896536,1.79,0.642
16577,6.62849189990493,52.3636251073145,2.076,0.744
16578,6.6285064422026,52.3636260249754,1.773,0.636
16579,6.62852098450027,52.3636269426363,1.821,0.653
16580,6.62853552679794,52.3636278602972,1.733,0.621
16581,6.62855006909561,52.3636287779581,1.896,0.68
16582,6.62856461139328,52.363629695619,1.897,0.68
16583,6.62857915369095,52.3636306132799,1.92,0.689
16584,6.62859369598861,52.3636315309408,1.648,0.591
16585,6.62860823828628,52.3636324486018,1.972,0.707
16586,6.62862278058395,52.3636333662627,2.137,0.766
16587,6.62863732288162,52.3636342839236,1.764,0.633
16588,6.62865186517929,52.3636352015845,1.933,0.693
16589,6.62866640747696,52.3636361192454,1.955,0.701
16590,6.62868094978612,52.3636370362712,1.713,0.614
16591,6.62869549219899,52.3636379475684,1.912,0.685
16592,6.62871003461185,52.3636388588657,1.88,0.674
16593,6.62872457702472,52.3636397701629,1.953,0.7
16594,6.62873911943758,52.3636406814601,1.851,0.664
16595,6.62875366185045,52.3636415927574,1.95,0.699
16596,6.62876820426331,52.3636425040546,1.701,0.61
16597,6.62878274667618,52.3636434153518,2.01,0.721
16598,6.62879728908904,52.3636443266491,1.958,0.702
16599,6.62881183150191,52.3636452379463,1.795,0.644
16600,6.62882637391477,52.3636461492435,1.823,0.654
16601,6.62884091632764,52.3636470605408,1.811,0.649
16602,6.6288554587405,52.363647971838,1.66,0.595
16603,6.62887000115337,52.3636488831352,1.745,0.626
16604,6.62888454356623,52.3636497944325,2.022,0.725
16605,6.6288990859791,52.3636507057297,1.789,0.641
16606,6.62891362839196,52.3636516170269,1.704,0.611
16607,6.62892817080483,52.3636525283242,1.892,0.678
16608,6.6289427132177,52.3636534396214,1.672,0.6
16609,6.62895725510229,52.3636543801014,1.728,0.62
16610,6.62897179662078,52.3636553408051,1.756,0.629
16611,6.62898633813928,52.3636563015089,1.808,0.648
16612,6.62900087965778,52.3636572622126,2.023,0.725
16613,6.62901542117627,52.3636582229163,1.853,0.664
16614,6.62902996269477,52.3636591836201,1.724,0.618
16615,6.62904450546091,52.3636600754018,1.808,0.648
16616,6.62905904901695,52.3636609235477,1.881,0.674
16617,6.629073592573,52.3636617716936,1.857,0.666
16618,6.62908813612905,52.3636626198396,1.833,0.657
16619,6.62910267968509,52.3636634679855,1.842,0.66
16620,6.62911722279887,52.3636643405632,1.719,0.617
16621,6.6291317656922,52.3636652253185,1.767,0.634
16622,6.62914630858553,52.3636661100739,1.743,0.625
16623,6.62916085147887,52.3636669948293,1.853,0.664
16624,6.6291753943722,52.3636678795846,1.917,0.687
16625,6.62918993749893,52.3636687514464,1.944,0.697
16626,6.62920448065351,52.3636696217705,1.849,0.663
16627,6.62921902380808,52.3636704920946,1.82,0.653
16628,6.62923356697568,52.3636713616989,1.781,0.638
16629,6.62924811024762,52.363672225539,1.748,0.627
16630,6.62926265351957,52.363673089379,1.828,0.655
16631,6.62927719679152,52.3636739532191,1.806,0.648
16632,6.62929173976597,52.3636748334933,1.699,0.609
16633,6.62930628241873,52.3636757315382,1.933,0.693
16634,6.62932082507149,52.3636766295832,1.856,0.665
16635,6.62933536772425,52.3636775276281,1.761,0.632
16636,6.62934991081985,52.3636784012101,1.824,0.654
16637,6.62936445429867,52.3636792536218,1.723,0.618
16638,6.6293789977775,52.3636801060336,1.791,0.642
16639,6.62939354089977,52.3636809781423,1.782,0.639
16640,6.62940808323045,52.3636818939795,1.885,0.676
16641,6.62942262556113,52.3636828098167,1.633,0.585
16642,6.62943716858038,52.3636836876163,1.83,0.656
16643,6.62945171196548,52.3636845452053,1.542,0.553
16644,6.62946625553908,52.3636853923818,1.843,0.661
16645,6.62948079845751,52.3636862757503,1.855,0.665
16646,6.62949534116935,52.3636871705318,1.77,0.635
16647,6.62950988375608,52.3636880722245,2.09,0.749
16648,6.62952442634281,52.3636889739172,1.781,0.638
16649,6.62953896892954,52.3636898756099,1.761,0.632
16650,6.62955351151627,52.3636907773026,1.974,0.708
16651,6.62956805410299,52.3636916789953,1.719,0.616
16652,6.62958259668972,52.363692580688,1.862,0.667
16653,6.62959713927645,52.3636934823808,1.731,0.621
16654,6.62961168186318,52.3636943840735,1.723,0.618
16655,6.62962622444991,52.3636952857662,1.611,0.578
16656,6.62964076703664,52.3636961874589,1.824,0.654
16657,6.62965530962337,52.3636970891516,1.793,0.643
16658,6.6296698522101,52.3636979908443,1.74,0.624
16659,6.62968439479682,52.363698892537,1.699,0.609
16660,6.62969893738355,52.3636997942298,1.738,0.623
16661,6.62971347997028,52.3637006959225,1.88,0.674
16662,6.62972802255701,52.3637015976152,1.857,0.666
16663,6.62974256514374,52.3637024993079,1.651,0.592
16664,6.62975710773047,52.3637034010006,1.782,0.639
16665,6.62977165008707,52.3637043154059,1.817,0.652
16666,6.62978619213658,52.3637052467757,1.792,0.643
16667,6.62980073418608,52.3637061781454,1.706,0.612
16668,6.62981527623559,52.3637071095152,1.855,0.665
16669,6.6298298182851,52.3637080408849,1.72,0.617
16670,6.62984436033461,52.3637089722547,1.588,0.57
16671,6.62985890238411,52.3637099036244,1.768,0.634
16672,6.62987344443362,52.3637108349942,1.893,0.679
16673,6.62988798648313,52.3637117663639,1.636,0.586
16674,6.62990252853264,52.3637126977337,1.818,0.652
16675,6.62991707058214,52.3637136291034,1.662,0.596
16676,6.62993161263165,52.3637145604732,1.775,0.636
16677,6.62994615468116,52.3637154918429,1.788,0.641
16678,6.6299606969072,52.3637164134606,1.57,0.563
16679,6.62997523926527,52.3637173277848,1.754,0.629
16680,6.62998978162334,52.3637182421091,1.77,0.635
16681,6.63000432398141,52.3637191564334,1.518,0.544
16682,6.63001886633948,52.3637200707577,1.547,0.555
16683,6.63003340869755,52.363720985082,1.665,0.597
16684,6.63004795105562,52.3637218994062,1.709,0.613
16685,6.63006249255666,52.3637228610738,1.69,0.606
16686,6.63007703133821,52.3637239729716,1.862,0.668
16687,6.63009157011975,52.3637250848694,1.689,0.606
16688,6.6301061089013,52.3637261967672,1.648,0.591
16689,6.63012064768284,52.363727308665,1.659,0.595
16690,6.63013518646439,52.3637284205628,1.809,0.649
16691,6.63014972524593,52.3637295324606,1.82,0.653
16692,6.63016426423166,52.3637306330788,1.779,0.638
16693,6.63017880680003,52.3637315357857,1.601,0.574
16694,6.6301933493684,52.3637324384926,1.708,0.612
16695,6.63020789193677,52.3637333411995,1.931,0.692
16696,6.63022243450514,52.3637342439064,1.985,0.712
16697,6.63023697707351,52.3637351466134,1.752,0.628
16698,6.63025151964188,52.3637360493203,1.74,0.624
16699,6.63026606221024,52.3637369520272,1.949,0.699
16700,6.63028060477861,52.3637378547341,1.771,0.635
16701,6.63029514734698,52.363738757441,1.855,0.665
16702,6.63030968991546,52.3637396601418,1.692,0.607
16703,6.6303242334991,52.3637405067636,1.853,0.665
16704,6.63033877708273,52.3637413533855,1.848,0.662
16705,6.63035332066637,52.3637422000073,1.752,0.628
16706,6.63036786425001,52.3637430466291,1.673,0.6
16707,6.63038240783364,52.3637438932509,1.733,0.621
16708,6.63039695141728,52.3637447398727,1.709,0.613
16709,6.63041149500091,52.3637455864946,1.736,0.623
16710,6.63042603858455,52.3637464331164,1.699,0.609
16711,6.63044058216818,52.3637472797382,1.628,0.584
16712,6.63045512575182,52.36374812636,1.831,0.656
16713,6.63046966933545,52.3637489729818,1.923,0.69
16714,6.63048421291909,52.3637498196037,1.576,0.565
16715,6.63049875209888,52.3637509095018,1.833,0.657
16716,6.63051328992176,52.3637520743579,1.738,0.623
16717,6.63052782774464,52.3637532392139,1.779,0.638
16718,6.63054236556752,52.3637544040699,1.767,0.634
16719,6.6305569033904,52.363755568926,1.737,0.623
16720,6.63057144121328,52.363756733782,1.823,0.654
16721,6.63058598069111,52.363757807216,1.749,0.627
16722,6.63060052152688,52.3637588056344,1.776,0.637
16723,6.63061506236266,52.3637598040528,1.921,0.689
16724,6.63062960319844,52.3637608024711,1.69,0.606
16725,6.63064414403421,52.3637618008895,1.548,0.555
16726,6.63065868486999,52.3637627993079,1.585,0.568
16727,6.63067322570577,52.3637637977263,1.799,0.645
16728,6.63068776654154,52.3637647961446,1.744,0.625
16729,6.63070230737732,52.363765794563,1.84,0.66
16730,6.6307168482131,52.3637667929814,1.668,0.598
16731,6.63073138904887,52.3637677913998,1.792,0.642
16732,6.63074592988465,52.3637687898181,1.822,0.653
16733,6.63076047072043,52.3637697882365,1.748,0.627
16734,6.63077500864152,52.3637709476672,1.661,0.595
16735,6.63078954626191,52.3637721237093,2.005,0.719
16736,6.63080408761685,52.363773093448,1.587,0.569
16737,6.63081862897179,52.3637740631868,1.768,0.634
16738,6.63083317032673,52.3637750329256,1.652,0.592
16739,6.63084771168168,52.3637760026643,1.645,0.59
16740,6.63086225585241,52.3637768168537,1.704,0.611
16741,6.63087680141233,52.3637775543024,2.04,0.731
16742,6.63089134697224,52.3637782917512,1.769,0.634
16743,6.63090589060562,52.3637791356253,1.87,0.671
16744,6.63092043314176,52.3637800401121,1.766,0.633
16745,6.63093497567791,52.3637809445989,1.766,0.633
16746,6.63094951821406,52.3637818490857,1.612,0.578
16747,6.63096406075021,52.3637827535724,1.646,0.59
16748,6.63097860328636,52.3637836580592,1.854,0.665
16749,6.63099314582251,52.363784562546,1.741,0.624
16750,6.63100768821694,52.3637854748618,1.638,0.587
16751,6.63102223053771,52.3637863912464,1.694,0.607
16752,6.63103677285849,52.363787307631,1.831,0.656
16753,6.63105131517926,52.3637882240155,1.804,0.647
16754,6.63106585750003,52.3637891404001,1.598,0.573
16755,6.6310803998208,52.3637900567847,1.834,0.658
16756,6.63109494214158,52.3637909731692,1.858,0.666
16757,6.63110948446235,52.3637918895538,1.746,0.626
16758,6.63112402678312,52.3637928059384,1.846,0.662
16759,6.6311385691039,52.3637937223229,1.792,0.643
16760,6.63115311134113,52.3637946433223,1.754,0.629
16761,6.63116765329905,52.3637955797519,1.698,0.609
16762,6.63118219525696,52.3637965161814,1.775,0.636
16763,6.63119673721487,52.3637974526109,1.777,0.637
16764,6.63121127917279,52.3637983890405,1.834,0.657
16765,6.6312258211307,52.36379932547,1.661,0.596
16766,6.63124036308862,52.3638002618996,1.831,0.656
16767,6.63125490504653,52.3638011983291,1.753,0.629
16768,6.63126944700444,52.3638021347586,1.75,0.627
16769,6.63128398896236,52.3638030711882,1.791,0.642
16770,6.63129853092027,52.3638040076177,1.683,0.604
16771,6.63131307287818,52.3638049440473,1.595,0.572
16772,6.6313276148361,52.3638058804768,1.732,0.621
16773,6.63134215679401,52.3638068169063,1.639,0.588
16774,6.63135669875193,52.3638077533359,1.784,0.64
16775,6.63137124070984,52.3638086897654,1.689,0.606
16776,6.63138578266776,52.363809626195,1.754,0.629
16777,6.63140032462567,52.3638105626245,1.948,0.698
16778,6.63141486658358,52.3638114990541,1.72,0.617
16779,6.6314294085415,52.3638124354836,1.728,0.62
16780,6.63144395049941,52.3638133719131,1.668,0.598
16781,6.63145849245732,52.3638143083427,1.703,0.61
16782,6.63147303441524,52.3638152447722,1.74,0.624
16783,6.63148757637315,52.3638161812018,1.515,0.543
16784,6.63150211833107,52.3638171176313,1.738,0.623
16785,6.63151666054333,52.3638180400102,1.888,0.677
16786,6.63153120333168,52.3638189305648,1.571,0.563
16787,6.63154574612003,52.3638198211195,1.718,0.616
16788,6.63156028890839,52.3638207116741,1.601,0.574
16789,6.63157483169674,52.3638216022287,1.872,0.671
16790,6.63158937448509,52.3638224927834,1.633,0.585
16791,6.63160391731961,52.3638233807876,1.704,0.611
16792,6.63161846016684,52.3638242680897,1.575,0.565
16793,6.63163300301408,52.3638251553919,1.639,0.588
16794,6.63164754586131,52.363826042694,1.63,0.584
16795,6.63166208870854,52.3638269299961,1.825,0.654
16796,6.63167663155577,52.3638278172983,1.591,0.57
16797,6.631691174403,52.3638287046004,1.752,0.628
16798,6.63170571725023,52.3638295919026,1.721,0.617
16799,6.63172026009746,52.3638304792047,1.597,0.572
16800,6.63173480294469,52.3638313665068,1.906,0.684
16801,6.63174934579192,52.363832253809,1.772,0.635
16802,6.63176388863915,52.3638331411111,1.728,0.62
16803,6.63177843148638,52.3638340284132,1.853,0.664
16804,6.63179297433361,52.3638349157154,1.828,0.655
16805,6.63180751718084,52.3638358030175,1.658,0.595
16806,6.63182206002807,52.3638366903197,1.869,0.67
16807,6.6318366028753,52.3638375776218,1.703,0.611
16808,6.63185114572253,52.3638384649239,1.831,0.656
16809,6.63186568819349,52.3638393730122,1.897,0.68
16810,6.63188023051894,52.3638402891381,1.918,0.688
16811,6.6318947728444,52.363841205264,1.719,0.616
16812,6.63190931516985,52.3638421213899,1.624,0.582
16813,6.63192385749531,52.3638430375158,1.905,0.683
16814,6.63193839982076,52.3638439536416,1.904,0.683
16815,6.63195294214622,52.3638448697675,1.839,0.659
16816,6.63196748447168,52.3638457858934,1.708,0.613
16817,6.63198202679713,52.3638467020193,1.622,0.581
16818,6.63199656912259,52.3638476181452,1.622,0.582
16819,6.63201111144804,52.363848534271,1.829,0.656
16820,6.6320256531103,52.3638494870334,1.665,0.597
16821,6.63204019467179,52.3638504453617,1.723,0.618
16822,6.63205473623329,52.36385140369,1.722,0.617
16823,6.63206927779479,52.3638523620182,1.622,0.582
16824,6.63208381935629,52.3638533203465,1.706,0.612
16825,6.63209836090322,52.3638542794796,1.58,0.566
16826,6.63211290239307,52.3638552417658,1.791,0.642
16827,6.6321274555924,52.3638555571995,1.731,0.621
16828,6.63214199838454,52.3638564475448,1.834,0.657
16829,6.63215653860458,52.3638574799778,1.699,0.609
16830,6.63217107882461,52.3638585124109,1.771,0.635
16831,6.63218561904465,52.3638595448439,1.801,0.646
16832,6.63220016273163,52.3638603857565,1.696,0.608
16833,6.63221471360685,52.3638608295784,1.848,0.662
16834,6.63222925705835,52.3638616834996,1.704,0.611
16835,6.63224379877858,52.3638626330597,1.658,0.594
16836,6.6322583404988,52.3638635826198,1.856,0.666
16837,6.63227288221902,52.3638645321798,1.596,0.572
16838,6.63228742393924,52.3638654817399,1.631,0.585
16839,6.63230196565946,52.3638664313,1.695,0.608
16840,6.63231650718041,52.3638673918685,1.624,0.582
16841,6.63233104852388,52.3638683622411,1.734,0.622
16842,6.63234558986734,52.3638693326137,1.678,0.602
16843,6.63236013121081,52.3638703029863,1.879,0.674
16844,6.63237467281824,52.3638712587773,1.743,0.625
16845,6.6323892146665,52.3638722012645,1.701,0.61
16846,6.63240375651475,52.3638731437517,1.975,0.708
16847,6.63241829836301,52.3638740862389,1.885,0.676
16848,6.63243284086763,52.3638749924674,1.78,0.638
16849,6.63244738403651,52.3638758620013,1.908,0.684
16850,6.63246192720538,52.3638767315351,1.512,0.542
16851,6.63247647037426,52.363877601069,1.819,0.652
16852,6.63249101354314,52.3638784706028,1.846,0.662
16853,6.63250555671089,52.3638793401988,1.675,0.601
16854,6.63252009987825,52.3638802098162,1.771,0.635
16855,6.63253464304561,52.3638810794336,1.617,0.58
16856,6.63254918621298,52.363881949051,1.715,0.615
16857,6.63256372912898,52.3638828325543,1.842,0.66
16858,6.63257827156553,52.363883742543,1.884,0.676
16859,6.63259281400208,52.3638846525316,1.777,0.637
16860,6.63260735643864,52.3638855625203,1.689,0.606
16861,6.63262189883531,52.3638864747119,1.939,0.695
16862,6.63263644123015,52.3638873870047,1.678,0.602
16863,6.632650983625,52.3638882992975,1.84,0.66
16864,6.63266552601984,52.3638892115902,1.723,0.618
16865,6.63268006841469,52.363890123883,1.737,0.623
16866,6.63269461080953,52.3638910361758,1.823,0.654
16867,6.63270915320437,52.3638919484686,1.659,0.595
16868,6.63272369559922,52.3638928607614,1.709,0.613
16869,6.63273823784396,52.3638937813461,1.879,0.674
16870,6.63275277994447,52.3638947098985,1.632,0.585
16871,6.63276732204497,52.3638956384508,1.902,0.682
16872,6.63278186414548,52.3638965670032,1.901,0.682
16873,6.63279640624599,52.3638974955556,1.672,0.6
16874,6.6328109483465,52.363898424108,1.807,0.648
16875,6.63282549044701,52.3638993526604,1.828,0.655
16876,6.63284003255006,52.3639002810719,1.686,0.605
16877,6.63285457475154,52.3639012040465,1.84,0.66
16878,6.63286911695302,52.363902127021,1.717,0.616
16879,6.6328836591545,52.3639030499956,1.974,0.708
16880,6.63289820135598,52.3639039729702,1.764,0.633
16881,6.63291274355746,52.3639048959447,1.663,0.596
16882,6.63292728575894,52.3639058189193,1.804,0.647
16883,6.63294182796042,52.3639067418939,1.857,0.666
16884,6.6329563701619,52.3639076648685,1.728,0.62
16885,6.63297091236338,52.363908587843,1.846,0.662
16886,6.63298545456486,52.3639095108176,1.783,0.639
16887,6.63299999676634,52.3639104337922,1.979,0.71
16888,6.63301453896782,52.3639113567667,1.744,0.625
16889,6.63302908116929,52.3639122797413,1.885,0.676
16890,6.63304362337077,52.3639132027159,1.852,0.664
16891,6.63305816557225,52.3639141256904,1.829,0.656
16892,6.63307270777373,52.363915048665,2.029,0.727
16893,6.63308724997521,52.3639159716396,1.805,0.647
16894,6.63310179217669,52.3639168946141,1.875,0.672
16895,6.63311633437817,52.3639178175887,1.926,0.691
16896,6.63313087657965,52.3639187405633,1.816,0.651
16897,6.63314541878113,52.3639196635378,1.873,0.672
16898,6.63315996098261,52.3639205865124,2.071,0.742
16899,6.63317450318409,52.363921509487,1.922,0.689
16900,6.63318904538557,52.3639224324616,1.825,0.654
16901,6.63320358758704,52.3639233554361,1.971,0.707
16902,6.63321812978852,52.3639242784107,2.03,0.728
16903,6.63323267199,52.3639252013853,2.162,0.775
16904,6.63324721419148,52.3639261243598,2.101,0.754
16905,6.6332617564337,52.3639270450841,2.394,0.858
16906,6.6332762987453,52.3639279619754,2.288,0.82
16907,6.6332908410569,52.3639288788667,2.125,0.762
16908,6.6333053833685,52.363929795758,2.629,0.943
16909,6.6333199256801,52.3639307126493,2.553,0.915
16910,6.6333344679917,52.3639316295406,2.501,0.897
16911,6.63334901052585,52.3639325341374,2.294,0.822
16912,6.6333635531398,52.3639334343268,2.596,0.931
16913,6.63337809575374,52.3639343345162,2.473,0.887
16914,6.63339263836768,52.3639352347055,2.706,0.97
16915,6.63340718098162,52.3639361348949,2.456,0.881
16916,6.63342172359557,52.3639370350843,2.606,0.934
16917,6.63343626620951,52.3639379352737,2.746,0.984
16918,6.63345080799904,52.3639388810048,2.797,1.003
16919,6.6334653339833,52.3639406998471,2.594,0.93
16920,6.63347985488451,52.3639427994864,2.788,1.0
16921,6.63349435808635,52.3639458768693,3.129,1.122
16922,6.6335088612882,52.3639489542522,2.941,1.054
16923,6.63352336449004,52.3639520316351,2.713,0.973
16924,6.6335378691067,52.3639550308614,2.78,0.997
16925,6.63355240194238,52.3639564712188,3.238,1.161
16926,6.63356693477807,52.3639579115763,2.836,1.017
16927,6.63358146761376,52.3639593519338,3.133,1.123
16928,6.63359600127353,52.3639607467674,3.435,1.232
16929,6.63361054287363,52.3639617029627,3.038,1.089
16930,6.63362508500769,52.3639626296619,3.372,1.209
16931,6.63363962714175,52.363963556361,3.014,1.081
16932,6.6336541692758,52.3639644830602,3.278,1.175
16933,6.63366871140986,52.3639654097593,3.064,1.099
16934,6.63368325354392,52.3639663364584,3.555,1.275
16935,6.63369779567797,52.3639672631576,3.367,1.207
16936,6.63371233781203,52.3639681898567,2.97,1.065
16937,6.63372687994608,52.3639691165558,3.474,1.246
16938,6.63374142208014,52.363970043255,3.122,1.12
16939,6.6337559642142,52.3639709699541,3.46,1.241
16940,6.63377050634825,52.3639718966532,2.936,1.053
16941,6.63378504848231,52.3639728233524,2.866,1.028
16942,6.63379959061636,52.3639737500515,3.082,1.105
16943,6.63381413275042,52.3639746767506,2.848,1.021
16944,6.63382867488448,52.3639756034498,2.897,1.039
16945,6.63384321701853,52.3639765301489,2.899,1.039
16946,6.63385775915259,52.3639774568481,2.949,1.058
16947,6.63387230128665,52.3639783835472,3.014,1.081
16948,6.6338868434207,52.3639793102463,2.863,1.027
16949,6.63390138555476,52.3639802369455,2.624,0.941
16950,6.63391592768881,52.3639811636446,2.779,0.997
16951,6.63393046982287,52.3639820903437,2.471,0.886
16952,6.63394501195693,52.3639830170429,2.571,0.922
16953,6.63395955409098,52.363983943742,2.64,0.947
16954,6.63397409622504,52.3639848704411,2.516,0.902
16955,6.63398863835909,52.3639857971403,2.67,0.958
16956,6.63400318049315,52.3639867238394,2.379,0.853
16957,6.63401772262721,52.3639876505385,2.415,0.866
16958,6.63403226476126,52.3639885772377,2.304,0.826
16959,6.63404680689532,52.3639895039368,2.418,0.867
16960,6.63406134902938,52.363990430636,2.315,0.83
16961,6.63407589116343,52.3639913573351,2.424,0.869
16962,6.63409043329749,52.3639922840342,2.249,0.807
16963,6.63410497543154,52.3639932107334,2.369,0.849
16964,6.6341195175656,52.3639941374325,2.093,0.75
16965,6.63413405969966,52.3639950641316,2.51,0.9
16966,6.63414860195204,52.3639959842942,2.49,0.893
16967,6.6341631444476,52.3639968910234,2.394,0.858
16968,6.63417768694315,52.3639977977527,2.59,0.929
16969,6.63419222943819,52.3639987045103,2.531,0.907
16970,6.6342067719323,52.3639996113198,2.613,0.937
16971,6.6342213144264,52.3640005181292,2.81,1.008
16972,6.63423585693169,52.364001424321,2.632,0.944
16973,6.63425039945527,52.3640023295021,2.65,0.95
16974,6.63426494197885,52.3640032346832,2.453,0.879
16975,6.63427948450243,52.3640041398643,2.547,0.913
16976,6.63429402702601,52.3640050450454,2.832,1.015
16977,6.63430856954959,52.3640059502265,2.707,0.971
16978,6.63432311207317,52.3640068554076,2.554,0.916
16979,6.63433765459675,52.3640077605887,2.761,0.99
16980,6.63435219712034,52.3640086657698,2.733,0.98
16981,6.63436673964392,52.3640095709508,2.703,0.969
16982,6.63438128218447,52.3640104751943,2.715,0.974
16983,6.63439582474689,52.3640113782297,3.129,1.122
16984,6.63441036730932,52.3640122812652,2.891,1.036
16985,6.63442490987174,52.3640131843006,2.786,0.999
16986,6.63443945243416,52.3640140873361,2.979,1.068
16987,6.63445399499658,52.3640149903715,3.331,1.194
16988,6.63446853755901,52.3640158934069,3.104,1.113
16989,6.63448308012143,52.3640167964424,2.879,1.032
16990,6.63449762268385,52.3640176994778,3.25,1.165
16991,6.63451216524627,52.3640186025132,3.313,1.188
16992,6.63452670780869,52.3640195055487,2.908,1.043
16993,6.63454125037112,52.3640204085841,2.981,1.069
16994,6.63455579295746,52.3640213102982,3.19,1.144
16995,6.63457033555952,52.364022211144,3.254,1.167
16996,6.63458487816158,52.3640231119898,3.264,1.17
16997,6.63459942076364,52.3640240128356,3.149,1.129
16998,6.6346139633657,52.3640249136814,3.126,1.121
16999,6.63462850596776,52.3640258145272,3.439,1.233
17000,6.63464304856982,52.364026715373,3.203,1.148
17001,6.63465759117188,52.3640276162188,3.061,1.098
17002,6.63467213377394,52.3640285170646,3.055,1.096
17003,6.63468667637599,52.3640294179104,2.937,1.053
17004,6.63470121897805,52.3640303187562,3.159,1.133
17005,6.63471576158011,52.3640312196021,3.146,1.128
17006,6.63473030418217,52.3640321204479,2.955,1.06
17007,6.6347448950693,52.3640303539416,2.734,0.98
17008,6.6347594933931,52.3640281766207,2.659,0.953
17009,6.63477408918222,52.3640261393197,3.074,1.102
17010,6.63478866635689,52.3640251303137,2.74,0.982
17011,6.63480323572163,52.3640245527421,2.756,0.988
17012,6.63481778979533,52.3640248198742,2.627,0.942
17013,6.63483233324952,52.3640256736468,2.66,0.954
17014,6.63484687670371,52.3640265274195,2.554,0.916
17015,6.6348614201579,52.3640273811922,2.323,0.833
17016,6.63487596361209,52.3640282349649,2.581,0.926
17017,6.63489050706627,52.3640290887376,2.437,0.874
17018,6.63490505052046,52.3640299425102,2.373,0.851
17019,6.63491959397465,52.3640307962829,2.281,0.818
17020,6.63493413742884,52.3640316500556,2.439,0.874
17021,6.63494868088303,52.3640325038283,2.208,0.792
17022,6.63496322433722,52.3640333576009,2.447,0.878
17023,6.63497776779141,52.3640342113736,2.439,0.875
17024,6.6349923112456,52.3640350651463,2.182,0.782
17025,6.63500685469979,52.364035918919,2.427,0.87
17026,6.63502139815398,52.3640367726917,2.157,0.773
17027,6.63503594160816,52.3640376264643,1.992,0.714
17028,6.63505048506235,52.364038480237,2.27,0.814
17029,6.63506502851654,52.3640393340097,1.82,0.653
17030,6.63507957197073,52.3640401877824,2.048,0.734
17031,6.63509411542492,52.364041041555,2.049,0.735
17032,6.63510865887911,52.3640418953277,2.071,0.743
17033,6.6351232023333,52.3640427491004,2.138,0.767
17034,6.63513774578749,52.3640436028731,2.034,0.729
17035,6.63515228924168,52.3640444566458,1.933,0.693
17036,6.63516683269587,52.3640453104184,1.925,0.69
17037,6.63518137615005,52.3640461641911,1.967,0.705
17038,6.63519591960424,52.3640470179638,2.17,0.778
17039,6.63521046305843,52.3640478717365,1.75,0.628
17040,6.63522500651262,52.3640487255091,1.968,0.706
17041,6.63523954996681,52.3640495792818,1.855,0.665
17042,6.635254093421,52.3640504330545,2.06,0.739
17043,6.63526863687519,52.3640512868272,1.819,0.652
17044,6.63528318032938,52.3640521405999,1.859,0.667
17045,6.63529772378357,52.3640529943725,1.929,0.692
17046,6.63531226723776,52.3640538481452,1.938,0.695
17047,6.63532681069194,52.3640547019179,1.753,0.629
17048,6.63534135429741,52.364055547334,1.809,0.649
17049,6.63535589818841,52.3640563769761,2.14,0.767
17050,6.63537044207942,52.3640572066181,1.699,0.609
17051,6.63538498597043,52.3640580362602,1.892,0.678
17052,6.63539952986144,52.3640588659022,1.806,0.647
17053,6.63541407375244,52.3640596955443,1.816,0.651
17054,6.63542861764345,52.3640605251863,1.671,0.599
17055,6.63544316153446,52.3640613548284,1.95,0.699
17056,6.63545770542547,52.3640621844705,2.057,0.738
17057,6.63547224931647,52.3640630141125,1.762,0.632
17058,6.63548679320748,52.3640638437546,2.038,0.731
17059,6.63550133709849,52.3640646733966,1.842,0.66
17060,6.63551588104806,52.3640654998036,1.716,0.615
17061,6.63553042558395,52.364066293821,1.953,0.7
17062,6.63554497011985,52.3640670878383,1.964,0.704
17063,6.63555951465574,52.3640678818557,1.83,0.656
17064,6.63557405919163,52.3640686758731,1.949,0.699
17065,6.63558860372753,52.3640694698905,1.814,0.65
17066,6.63560314826342,52.3640702639078,2.038,0.731
17067,6.63561769279932,52.3640710579252,1.937,0.694
17068,6.63563223753581,52.3640718408614,1.93,0.692
17069,6.63564678241238,52.3640726160592,1.85,0.663
17070,6.63566132728895,52.3640733912571,1.861,0.667
17071,6.63567587216552,52.3640741664549,1.977,0.709
17072,6.63569041704209,52.3640749416528,1.772,0.635
17073,6.63570496191866,52.3640757168506,1.923,0.69
17074,6.63571950679523,52.3640764920485,1.828,0.655
17075,6.6357340516718,52.3640772672463,1.671,0.599
17076,6.63574859654837,52.3640780424442,1.874,0.672
17077,6.63576314142494,52.364078817642,1.943,0.697
17078,6.63577768630151,52.3640795928399,2.018,0.724
17079,6.63579223117808,52.3640803680377,1.713,0.614
17080,6.63580677605465,52.3640811432356,1.767,0.634
17081,6.63582132093122,52.3640819184334,1.948,0.699
17082,6.63583586580779,52.3640826936313,2.053,0.736
17083,6.63585041068436,52.3640834688291,1.771,0.635
17084,6.63586495556093,52.364084244027,1.813,0.65
17085,6.6358795004375,52.3640850192248,1.926,0.691
17086,6.63589404531407,52.3640857944227,2.061,0.739
17087,6.63590859019064,52.3640865696205,1.965,0.705
17088,6.63592313506721,52.3640873448184,1.88,0.674
17089,6.63593767994378,52.3640881200162,2.094,0.751
17090,6.63595222543829,52.3640888610777,2.057,0.738
17091,6.63596677305919,52.3640894846743,1.854,0.665
17092,6.63598132068008,52.3640901082709,1.95,0.699
17093,6.63599586830097,52.3640907318674,1.671,0.599
17094,6.63601041592187,52.364091355464,1.793,0.643
17095,6.63602496354276,52.3640919790606,1.862,0.668
17096,6.63603951116365,52.3640926026572,1.707,0.612
17097,6.63605405878455,52.3640932262538,2.03,0.728
17098,6.63606860640544,52.3640938498503,1.845,0.661
17099,6.63608315402634,52.3640944734469,1.888,0.677
17100,6.63609770164723,52.3640950970435,1.861,0.667
17101,6.63611224926812,52.3640957206401,1.936,0.694
17102,6.63612679688902,52.3640963442367,1.921,0.689
17103,6.63614134468705,52.3640969580476,1.886,0.676
17104,6.63615589266781,52.3640975617644,1.861,0.667
17105,6.63617044064858,52.3640981654813,1.758,0.63
17106,6.63618498862934,52.3640987691982,1.843,0.661
17107,6.6361995366101,52.3640993729151,1.839,0.66
17108,6.63621408459086,52.364099976632,1.638,0.587
17109,6.63622863257162,52.3641005803489,1.773,0.636
17110,6.63624318055238,52.3641011840657,1.805,0.647
17111,6.63625772853314,52.3641017877826,1.843,0.661
17112,6.6362722765139,52.3641023914995,1.867,0.669
17113,6.63628682449466,52.3641029952164,1.882,0.675
17114,6.63630137247542,52.3641035989333,1.974,0.708
17115,6.63631592045619,52.3641042026502,1.921,0.689
17116,6.63633046843695,52.364104806367,1.998,0.716
17117,6.63634501641771,52.3641054100839,1.895,0.68
17118,6.63635956439847,52.3641060138008,1.95,0.699
17119,6.63637411237923,52.3641066175177,1.957,0.702
17120,6.63638866035999,52.3641072212346,1.899,0.681
17121,6.63640320834075,52.3641078249514,1.762,0.632
17122,6.63641775861328,52.364108302067,2.036,0.73
17123,6.63643231121732,52.3641086503857,1.835,0.658
17124,6.63644686382136,52.3641089987045,1.89,0.678
17125,6.6364614164254,52.3641093470232,1.821,0.653
17126,6.63647596902945,52.3641096953419,1.705,0.611
17127,6.63649052163349,52.3641100436607,1.893,0.679
17128,6.63650507423753,52.3641103919794,1.991,0.714
17129,6.63651962684157,52.3641107402981,1.791,0.642
17130,6.63653417944561,52.3641110886169,1.804,0.647
17131,6.63654873204966,52.3641114369356,1.928,0.691
17132,6.6365632846537,52.3641117852543,1.891,0.678
17133,6.63657783725774,52.3641121335731,1.807,0.648
17134,6.63659238986178,52.3641124818918,1.849,0.663
17135,6.6366069478809,52.3641125310719,1.873,0.672
17136,6.63662152410902,52.3641115743551,2.072,0.743
17137,6.63663610033714,52.3641106176382,2.005,0.719
17138,6.63665067656526,52.3641096609214,1.731,0.621
17139,6.63666524434967,52.3641091706496,1.912,0.686
17140,6.63667977982471,52.3641104652046,1.717,0.616
17141,6.63669431529975,52.3641117597595,2.212,0.793
17142,6.63670885077479,52.3641130543145,1.764,0.633
17143,6.63672338624983,52.3641143488694,1.772,0.635
17144,6.63673792371776,52.3641155333335,1.712,0.614
17145,6.6367524767353,52.3641158588097,1.828,0.655
17146,6.63676702975285,52.3641161842858,2.013,0.722
17147,6.63678158277039,52.364116509762,1.785,0.64
17148,6.63679613578794,52.3641168352381,1.786,0.64
17149,6.63681068880548,52.3641171607143,1.855,0.665
17150,6.63682524182302,52.3641174861905,1.773,0.636
17151,6.63683979484057,52.3641178116666,1.97,0.706
17152,6.63685434785811,52.3641181371428,1.766,0.633
17153,6.63686890087565,52.3641184626189,1.852,0.664
17154,6.6368834538932,52.3641187880951,2.109,0.756
17155,6.63689800691074,52.3641191135712,1.777,0.637
17156,6.63691255992828,52.3641194390474,2.021,0.725
17157,6.63692711294583,52.3641197645235,1.795,0.643
17158,6.63694166596337,52.3641200899997,2.006,0.719
17159,6.63695621898091,52.3641204154759,2.069,0.742
17160,6.63697077199846,52.364120740952,1.769,0.634
17161,6.63698532846818,52.3641208757239,1.707,0.612
17162,6.63699988504236,52.3641210047249,1.816,0.651
17163,6.63701444161655,52.364121133726,1.882,0.675
17164,6.63702899819073,52.364121262727,1.827,0.655
17165,6.63704355476492,52.364121391728,2.21,0.792
17166,6.6370581113391,52.3641215207291,1.7,0.609
17167,6.63707266791329,52.3641216497301,1.951,0.7
17168,6.63708722448747,52.3641217787311,1.827,0.655
17169,6.63710178106166,52.3641219077321,1.921,0.689
17170,6.63711633763584,52.3641220367332,1.778,0.638
17171,6.63713089449228,52.3641221501422,1.842,0.66
17172,6.6371454531615,52.3641221634099,1.853,0.665
17173,6.63716001183071,52.3641221766777,1.782,0.639
17174,6.63717457049993,52.3641221899454,1.75,0.628
17175,6.63718912916915,52.3641222032131,1.763,0.632
17176,6.63720368783837,52.3641222164808,1.795,0.643
17177,6.63721824650759,52.3641222297485,2.137,0.766
17178,6.63723280517681,52.3641222430162,2.004,0.719
17179,6.63724736384602,52.3641222562839,2.094,0.751
17180,6.63726192251524,52.3641222695516,1.728,0.62
17181,6.63727648118446,52.3641222828193,1.961,0.703
17182,6.63729103985368,52.3641222960871,1.827,0.655
17183,6.6373055985229,52.3641223093548,1.819,0.652
17184,6.63732015719211,52.3641223226225,2.057,0.738
17185,6.63733471586133,52.3641223358902,1.865,0.669
17186,6.63734927453055,52.3641223491579,1.801,0.646
17187,6.63736383319977,52.3641223624256,1.962,0.704
17188,6.63737839186899,52.3641223756933,1.857,0.666
17189,6.63739295347242,52.3641222268698,1.905,0.683
17190,6.63740751544607,52.3641220575951,1.793,0.643
17191,6.63742207741971,52.3641218883204,1.794,0.643
17192,6.63743663939336,52.3641217190457,1.933,0.693
17193,6.63745120136701,52.364121549771,1.873,0.672
17194,6.63746576334065,52.3641213804963,1.7,0.609
17195,6.6374803253143,52.3641212112216,2.133,0.765
17196,6.63749488728794,52.3641210419469,1.94,0.696
17197,6.63750944926159,52.3641208726722,1.932,0.693
17198,6.63752401123524,52.3641207033975,1.864,0.668
17199,6.63753857320888,52.3641205341228,1.931,0.692
17200,6.63755313503985,52.36412037273,1.855,0.665
17201,6.63756769672674,52.3641202192962,1.755,0.629
17202,6.63758225841363,52.3641200658625,1.83,0.656
17203,6.63759682010052,52.3641199124287,1.926,0.69
17204,6.63761138178741,52.364119758995,1.732,0.621
17205,6.6376259434743,52.3641196055612,1.823,0.654
17206,6.63764050516119,52.3641194521274,1.824,0.654
17207,6.63765506684808,52.3641192986937,1.666,0.597
17208,6.63766962853497,52.3641191452599,2.21,0.793
17209,6.63768419022186,52.3641189918261,1.804,0.647
17210,6.63769875190875,52.3641188383924,1.887,0.677
17211,6.63771331359564,52.3641186849586,1.678,0.602
17212,6.63772787528252,52.3641185315248,1.825,0.655
17213,6.63774243733737,52.3641183577646,1.871,0.671
17214,6.63775700306583,52.3641179810674,1.824,0.654
17215,6.63777156879429,52.3641176043702,1.69,0.606
17216,6.63778613452275,52.364117227673,2.066,0.741
17217,6.63780070025121,52.3641168509757,2.125,0.762
17218,6.63781526597967,52.3641164742785,1.768,0.634
17219,6.63782983170813,52.3641160975813,1.692,0.607
17220,6.63784439743659,52.3641157208841,1.818,0.652
17221,6.63785896316505,52.3641153441869,1.953,0.7
17222,6.63787352889351,52.3641149674896,1.835,0.658
17223,6.63788809462197,52.3641145907924,1.76,0.631
17224,6.63790266035043,52.3641142140952,1.993,0.715
17225,6.63791722607889,52.364113837398,1.951,0.7
17226,6.63793179180735,52.3641134607008,1.818,0.652
17227,6.63794635753581,52.3641130840035,1.837,0.659
17228,6.63796092326427,52.3641127073063,1.723,0.618
17229,6.63797548899273,52.3641123306091,1.804,0.647
17230,6.63799005472119,52.3641119539119,1.62,0.581
17231,6.63800462044965,52.3641115772146,2.074,0.744
17232,6.63801918617811,52.3641112005174,1.891,0.678
17233,6.63803375190657,52.3641108238202,1.777,0.637
17234,6.63804832069425,52.3641102781265,1.634,0.586
17235,6.63806288966012,52.3641097225887,1.937,0.694
17236,6.638077458626,52.364109167051,1.733,0.622
17237,6.63809202759187,52.3641086115132,1.676,0.601
17238,6.63810659655775,52.3641080559755,1.828,0.655
17239,6.63812116552362,52.3641075004378,1.787,0.641
17240,6.6381357344895,52.3641069449,1.956,0.701
17241,6.63815030345538,52.3641063893623,1.793,0.643
17242,6.63816487242125,52.3641058338245,1.828,0.656
17243,6.63817944138713,52.3641052782868,2.041,0.732
17244,6.638194010353,52.364104722749,1.749,0.627
17245,6.63820857931888,52.3641041672113,1.744,0.625
17246,6.63822314828475,52.3641036116736,1.768,0.634
17247,6.63823771725063,52.3641030561358,1.732,0.621
17248,6.63825228621651,52.3641025005981,2.011,0.721
17249,6.63826685518238,52.3641019450603,1.836,0.658
17250,6.63828142414826,52.3641013895226,1.712,0.614
17251,6.63829599311413,52.3641008339848,1.874,0.672
17252,6.63831056208001,52.3641002784471,1.793,0.643
17253,6.63832513104588,52.3640997229094,1.645,0.59
17254,6.63833970380106,52.3640989580438,1.688,0.605
17255,6.63835427744732,52.3640981439533,1.777,0.637
17256,6.63836885109358,52.3640973298629,1.861,0.667
17257,6.63838342473985,52.3640965157724,1.77,0.635
17258,6.63839799838611,52.3640957016819,1.627,0.583
17259,6.63841257203237,52.3640948875914,1.752,0.628
17260,6.63842714567863,52.364094073501,1.878,0.673
17261,6.63844171932489,52.3640932594105,1.989,0.713
17262,6.63845629297115,52.36409244532,1.875,0.672
17263,6.63847086661741,52.3640916312296,1.652,0.592
17264,6.63848544026367,52.3640908171391,1.638,0.587
17265,6.63850001390993,52.3640900030486,1.82,0.653
17266,6.6385145875562,52.3640891889582,1.768,0.634
17267,6.63852916120246,52.3640883748677,1.711,0.613
17268,6.63854373484872,52.3640875607772,1.932,0.693
17269,6.63855830849498,52.3640867466867,1.6,0.574
17270,6.63857288214124,52.3640859325963,1.706,0.612
17271,6.6385874557875,52.3640851185058,1.763,0.632
17272,6.63860202943376,52.3640843044153,1.72,0.617
17273,6.63861660308002,52.3640834903249,1.829,0.656
17274,6.63863117672628,52.3640826762344,1.811,0.649
17275,6.63864575037254,52.3640818621439,1.65,0.592
17276,6.63866032401881,52.3640810480534,1.543,0.553
17277,6.63867489766507,52.364080233963,1.768,0.634
17278,6.63868947131133,52.3640794198725,1.729,0.62
17279,6.63870404495759,52.364078605782,1.733,0.621
17280,6.63871861860385,52.3640777916916,1.822,0.653
17281,6.63873319225011,52.3640769776011,1.822,0.653
17282,6.63874776589637,52.3640761635106,1.79,0.642
17283,6.63876233954263,52.3640753494202,1.708,0.612
17284,6.6387769131889,52.3640745353297,1.813,0.65
17285,6.63879148683516,52.3640737212392,1.777,0.637
17286,6.63880606048142,52.3640729071488,1.618,0.58
17287,6.63882063412768,52.3640720930583,1.668,0.598
17288,6.63883520777394,52.3640712789678,1.985,0.712
17289,6.6388497814202,52.3640704648773,1.651,0.592
17290,6.63886435506646,52.3640696507869,1.825,0.654
17291,6.63887892871272,52.3640688366964,1.899,0.681
17292,6.63889350169914,52.3640680590569,1.722,0.617
17293,6.63890807438355,52.3640672981008,1.805,0.647
17294,6.63892264706796,52.3640665371447,1.648,0.591
17295,6.6389372229377,52.3640656002251,1.639,0.588
17296,6.63895180293324,52.3640644353893,1.738,0.623
17297,6.63896638292878,52.3640632705534,1.841,0.66
17298,6.63898096292433,52.3640621057175,1.849,0.663
17299,6.63899554291987,52.3640609408817,1.837,0.659
17300,6.63901012291541,52.3640597760458,1.727,0.619
17301,6.63902470291095,52.3640586112099,1.774,0.636
17302,6.63903928290649,52.3640574463741,1.795,0.644
17303,6.63905386290203,52.3640562815382,1.905,0.683
17304,6.63906843933648,52.3640553134234,1.839,0.659
17305,6.63908301646376,52.3640543070352,1.742,0.625
17306,6.63909759549992,52.3640531951972,1.777,0.637
17307,6.63911217453608,52.3640520833591,1.679,0.602
17308,6.63912675357225,52.3640509715211,1.505,0.539
17309,6.63914133260841,52.364049859683,1.559,0.559
17310,6.63915591164457,52.364048747845,1.803,0.647
17311,6.63917049068073,52.364047636007,1.705,0.611
17312,6.63918506971689,52.3640465241689,1.711,0.613
17313,6.63919964875305,52.3640454123309,1.699,0.609
17314,6.63921422778921,52.3640443004929,1.718,0.616
17315,6.63922880682538,52.3640431886548,1.545,0.554
17316,6.63924338586154,52.3640420768168,1.686,0.604
17317,6.63925796784076,52.3640408023986,1.546,0.554
17318,6.63927255060417,52.364039484661,1.847,0.662
17319,6.63928713336758,52.3640381669235,1.649,0.591
17320,6.63930171613098,52.3640368491859,1.921,0.689
17321,6.63931629889439,52.3640355314483,1.706,0.612
17322,6.63933088165779,52.3640342137107,1.762,0.632
17323,6.6393454644212,52.3640328959732,1.634,0.586
17324,6.6393600471846,52.3640315782356,1.665,0.597
17325,6.63937462994801,52.364030260498,1.816,0.651
17326,6.63938921271142,52.3640289427604,1.717,0.616
17327,6.63940379547482,52.3640276250228,1.707,0.612
17328,6.63941837823823,52.3640263072853,1.609,0.577
17329,6.63943296100163,52.3640249895477,1.657,0.594
17330,6.63944754376504,52.3640236718101,1.467,0.526
17331,6.63946212652845,52.3640223540725,1.713,0.614
17332,6.63947670929185,52.364021036335,1.699,0.609
17333,6.63949129205526,52.3640197185974,1.668,0.598
17334,6.63950587481866,52.3640184008598,1.677,0.601
17335,6.63952046080133,52.3640169052845,1.728,0.619
17336,6.63953504725292,52.3640153838052,1.642,0.589
17337,6.63954963370451,52.3640138623258,1.785,0.64
17338,6.6395642201561,52.3640123408465,1.56,0.559
17339,6.63957880660769,52.3640108193672,1.816,0.651
17340,6.63959339305928,52.3640092978878,1.563,0.56
17341,6.63960797951087,52.3640077764085,1.723,0.618
17342,6.63962256596246,52.3640062549292,1.57,0.563
17343,6.63963715241405,52.3640047334498,1.785,0.64
17344,6.63965173886564,52.3640032119705,1.587,0.569
17345,6.63966632531723,52.3640016904912,1.657,0.594
17346,6.63968091176882,52.3640001690118,1.765,0.633
17347,6.63969549822041,52.3639986475325,1.598,0.573
17348,6.639710084672,52.3639971260531,1.572,0.564
17349,6.63972467112359,52.3639956045738,1.676,0.601
17350,6.63973925757518,52.3639940830945,1.798,0.645
17351,6.63975384402677,52.3639925616151,1.643,0.589
17352,6.63976843047836,52.3639910401358,1.594,0.572
17353,6.63978301692995,52.3639895186565,1.779,0.638
17354,6.63979760495087,52.3639879104846,1.64,0.588
17355,6.63981219396396,52.3639862475034,1.626,0.583
17356,6.63982678297705,52.3639845845221,1.778,0.638
17357,6.63984137199014,52.3639829215409,1.601,0.574
17358,6.63985596100323,52.3639812585597,1.644,0.59
17359,6.63987055001633,52.3639795955785,1.645,0.59
17360,6.63988513902942,52.3639779325972,1.56,0.559
17361,6.63989972804251,52.363976269616,1.716,0.615
17362,6.6399143170556,52.3639746066348,1.463,0.524
17363,6.63992890606869,52.3639729436536,1.541,0.552
17364,6.63994349508179,52.3639712806723,1.591,0.57
17365,6.63995808409488,52.3639696176911,1.644,0.59
17366,6.63997267310797,52.3639679547099,1.591,0.57
17367,6.63998726212106,52.3639662917287,1.632,0.585
17368,6.64000185113415,52.3639646287474,1.61,0.577
17369,6.64001644014725,52.3639629657662,1.657,0.594
17370,6.64003102916034,52.363961302785,1.619,0.581
17371,6.64004561817343,52.3639596398037,1.652,0.592
17372,6.64006020718652,52.3639579768225,1.598,0.573
17373,6.64007479619961,52.3639563138413,1.702,0.61
17374,6.64008938625024,52.3639545935445,1.663,0.596
17375,6.64010397874941,52.3639527379864,1.673,0.6
17376,6.64011857124858,52.3639508824282,1.686,0.605
17377,6.64013316374775,52.36394902687,1.719,0.616
17378,6.64014775624691,52.3639471713119,1.858,0.666
17379,6.64016234874608,52.3639453157537,1.597,0.573
17380,6.64017694124525,52.3639434601955,1.575,0.565
17381,6.64019153374442,52.3639416046373,1.628,0.584
17382,6.64020612624358,52.3639397490792,1.577,0.565
17383,6.64022071874275,52.363937893521,1.771,0.635
17384,6.64023531124192,52.3639360379628,1.504,0.539
17385,6.64024990374109,52.3639341824047,1.668,0.598
17386,6.64026449624026,52.3639323268465,1.68,0.602
17387,6.64027908873942,52.3639304712883,1.437,0.515
17388,6.64029368123859,52.3639286157301,1.66,0.595
17389,6.64030827373776,52.363926760172,1.606,0.576
17390,6.64032286623693,52.3639249046138,1.53,0.549
17391,6.64033745873609,52.3639230490556,1.699,0.609
17392,6.64035205123526,52.3639211934975,1.614,0.579
17393,6.64036664373443,52.3639193379393,1.533,0.55
17394,6.6403812362336,52.3639174823811,1.709,0.613
17395,6.64039582873276,52.3639156268229,1.539,0.552
17396,6.64041042152235,52.3639137552214,1.54,0.552
17397,6.64042501583136,52.3639117996845,1.488,0.534
17398,6.64043961014037,52.3639098441476,1.421,0.51
17399,6.64045420444938,52.3639078886106,1.522,0.546
17400,6.64046879875838,52.3639059330737,1.589,0.57
17401,6.64048339306739,52.3639039775367,1.782,0.639
17402,6.6404979873764,52.3639020219998,1.546,0.554
17403,6.64051258547362,52.3638998571954,1.42,0.509
17404,6.64052718235916,52.3638977593261,1.484,0.532
17405,6.64054177924471,52.3638956614567,1.52,0.545
17406,6.64055637613025,52.3638935635874,1.625,0.583
17407,6.6405709730158,52.3638914657181,1.436,0.515
17408,6.64058556990134,52.3638893678488,1.585,0.568
17409,6.64060016678688,52.3638872699795,1.547,0.555
17410,6.64061476367243,52.3638851721101,1.543,0.553
17411,6.64062936055797,52.3638830742408,1.484,0.532
17412,6.64064395744352,52.3638809763715,1.596,0.572
17413,6.64065855432906,52.3638788785022,1.611,0.578
17414,6.64067315291713,52.3638766865825,1.567,0.562
17415,6.64068775166066,52.3638744860748,1.567,0.562
17416,6.64070235040418,52.3638722855672,1.532,0.549
17417,6.64071694914771,52.3638700850595,1.606,0.576
17418,6.64073154789124,52.3638678845519,1.644,0.589
17419,6.64074614663477,52.3638656840442,1.434,0.514
17420,6.6407607453783,52.3638634835366,1.544,0.554
17421,6.64077534412191,52.3638612830243,1.613,0.578
17422,6.64078994286698,52.3638590824312,1.755,0.629
17423,6.64080454161206,52.3638568818382,1.692,0.607
17424,6.64081914035713,52.3638546812452,1.544,0.553
17425,6.64083373910221,52.3638524806521,1.637,0.587
17426,6.64084833784728,52.3638502800591,1.522,0.546
17427,6.64086293659236,52.3638480794661,1.549,0.556
17428,6.64087753533743,52.363845878873,1.654,0.593
17429,6.64089213608328,52.3638435677535,1.532,0.549
17430,6.64090673686249,52.3638412547911,1.615,0.579
17431,6.64092133764171,52.3638389418287,1.432,0.514
17432,6.64093593842092,52.3638366288662,1.636,0.587
17433,6.64095053920013,52.3638343159038,1.431,0.513
17434,6.64096514009891,52.3638319963364,1.55,0.556
17435,6.64097974148491,52.3638296498543,1.508,0.541
17436,6.6409943428709,52.3638273033721,1.68,0.603
17437,6.64100894425689,52.36382495689,1.498,0.537
17438,6.64102354564289,52.3638226104079,1.591,0.57
17439,6.64103814702888,52.3638202639258,1.627,0.584
17440,6.64105274841488,52.3638179174437,1.706,0.612
17441,6.64106734980087,52.3638155709616,1.548,0.555
17442,6.64108195118687,52.3638132244795,1.553,0.557
17443,6.64109655304452,52.3638108519422,1.56,0.559
17444,6.64111115708785,52.363808358664,1.44,0.516
17445,6.64112576113119,52.3638058653858,1.469,0.527
17446,6.64114036517452,52.3638033721075,1.589,0.57
17447,6.64115496921785,52.3638008788293,1.658,0.595
17448,6.64116957326119,52.363798385551,1.685,0.604
17449,6.64118417730452,52.3637958922728,1.703,0.611
17450,6.64119878134786,52.3637933989946,1.42,0.509
17451,6.64121338539119,52.3637909057163,1.56,0.559
17452,6.64122798943453,52.3637884124381,1.464,0.525
17453,6.64124259347786,52.3637859191598,1.557,0.558
17454,6.64125719940894,52.3637833215995,1.513,0.543
17455,6.64127180569507,52.3637807044249,1.447,0.519
17456,6.64128641198121,52.3637780872502,1.555,0.558
17457,6.64130101826735,52.3637754700756,1.625,0.583
17458,6.64131562455348,52.363772852901,1.593,0.571
17459,6.64133023083962,52.3637702357264,1.503,0.539
17460,6.64134483717092,52.3637676160567,1.522,0.546
17461,6.64135944352064,52.3637649953702,1.387,0.497
17462,6.64137404987035,52.3637623746836,1.415,0.507
17463,6.64138865622006,52.3637597539971,1.469,0.527
17464,6.64140326256977,52.3637571333106,1.442,0.517
17465,6.64141786928607,52.363754492373,1.551,0.556
17466,6.64143247738317,52.3637517751576,1.548,0.555
17467,6.64144708548027,52.3637490579421,1.601,0.574
17468,6.64146169357737,52.3637463407267,1.417,0.508
17469,6.64147630167447,52.3637436235112,1.511,0.542
17470,6.64149090977157,52.3637409062958,1.613,0.578
17471,6.64150551786867,52.3637381890803,1.579,0.566
17472,6.64152012596578,52.3637354718649,1.453,0.521
17473,6.64153473406288,52.3637327546494,1.457,0.523
17474,6.64154934215998,52.363730037434,1.491,0.534
17475,6.64156395025708,52.3637273202185,1.557,0.558
17476,6.64157855835418,52.3637246030031,1.628,0.584
17477,6.64159316681117,52.3637218659066,1.697,0.609
17478,6.64160777531665,52.3637191261318,1.369,0.491
17479,6.64162238382213,52.363716386357,1.46,0.523
17480,6.6416369923276,52.3637136465821,1.664,0.597
17481,6.64165160083308,52.3637109068073,1.49,0.534
17482,6.64166621171437,52.3637080357882,1.463,0.524
17483,6.64168082360217,52.3637051091678,1.425,0.511
17484,6.64169543548998,52.3637021825473,1.352,0.485
17485,6.64171004737778,52.3636992559268,1.485,0.532
17486,6.64172465926558,52.3636963293064,1.514,0.543
17487,6.64173927115338,52.3636934026859,1.358,0.487
17488,6.64175388304119,52.3636904760655,1.649,0.591
17489,6.64176849495843,52.3636875478186,1.36,0.488
17490,6.64178310844101,52.3636845331,1.547,0.555
17491,6.64179772192358,52.3636815183814,1.687,0.605
17492,6.64181233540616,52.3636785036629,1.392,0.499
17493,6.64182694888874,52.3636754889443,1.498,0.537
17494,6.64184156237131,52.3636724742257,1.607,0.576
17495,6.64185617585389,52.3636694595071,1.492,0.535
17496,6.64187078933647,52.3636664447885,1.559,0.559
17497,6.64188540281904,52.36366343007,1.443,0.517
17498,6.64190001630162,52.3636604153514,1.496,0.536
17499,6.6419146297842,52.3636574006328,1.473,0.528
17500,6.64192924326677,52.3636543859142,1.522,0.546
17501,6.64194385674935,52.3636513711956,1.478,0.53
17502,6.64195847023193,52.363648356477,1.588,0.569
17503,6.6419730837145,52.3636453417585,1.308,0.469
17504,6.64198769719708,52.3636423270399,1.406,0.504
17505,6.64200228388734,52.363640792376,1.246,0.447
17506,6.64201687908596,52.3636387876953,1.309,0.469
17507,6.64203148353107,52.3636362722225,1.455,0.522
17508,6.6420460877709,52.3636337680893,1.548,0.555
17509,6.64206069188915,52.3636312706726,1.629,0.584
17510,6.6420752960074,52.3636287732559,1.439,0.516
17511,6.64208990012565,52.3636262758391,1.458,0.523
17512,6.64210450471463,52.3636237524184,1.46,0.523
17513,6.64211912741454,52.363620228518,1.417,0.508
17514,6.64213375011446,52.3636167046175,1.282,0.46
17515,6.64214837281437,52.3636131807171,1.409,0.505
17516,6.64216299551428,52.3636096568166,1.489,0.534
17517,6.6421776182142,52.3636061329161,1.474,0.528
17518,6.64219224091411,52.3636026090157,1.426,0.511
17519,6.64220686361402,52.3635990851152,1.36,0.488
17520,6.64222148631394,52.3635955612147,1.413,0.506
17521,6.64223610901385,52.3635920373143,1.332,0.478
17522,6.64225073171376,52.3635885134138,1.383,0.496
17523,6.64226536256174,52.3635845394001,1.355,0.486
17524,6.64228000824738,52.3635797457275,1.663,0.596
17525,6.64229465393302,52.3635749520549,1.397,0.501
17526,6.64230929961867,52.3635701583823,1.586,0.569
17527,6.64232392197952,52.3635666532122,1.337,0.479
17528,6.64233851911383,52.3635645416006,1.622,0.581
17529,6.64235311624814,52.363562429989,1.36,0.488
17530,6.64236771338245,52.3635603183774,1.385,0.497
17531,6.64238231051676,52.3635582067658,1.481,0.531
17532,6.64239690765107,52.3635560951542,1.397,0.501
17533,6.64241152716387,52.3635527473157,1.417,0.508
17534,6.64242614736091,52.3635493616782,1.368,0.49
17535,6.64244076755795,52.3635459760406,1.538,0.551
17536,6.642455387755,52.363542590403,1.395,0.5
17537,6.64247000795204,52.3635392047655,1.513,0.543
17538,6.64248462814909,52.3635358191279,1.579,0.566
17539,6.64249924834613,52.3635324334904,1.513,0.543
17540,6.64251386854317,52.3635290478528,1.435,0.515
17541,6.64252848874022,52.3635256622153,1.486,0.533
17542,6.64254311229406,52.3635220911421,1.467,0.526
17543,6.64255773673504,52.3635184710623,1.355,0.486
17544,6.64257236117601,52.3635148509826,1.422,0.51
17545,6.64258698561699,52.3635112309029,1.496,0.536
17546,6.64260161008676,52.3635076092321,1.435,0.515
17547,6.64261623516544,52.3635039539242,1.431,0.513
17548,6.64263086024413,52.3635002986163,1.41,0.506
17549,6.64264548532281,52.3634966433083,1.571,0.563
17550,6.6426601104015,52.3634929880004,1.457,0.522
17551,6.64267473548018,52.3634893326925,1.555,0.558
17552,6.64268936055886,52.3634856773846,1.524,0.547
17553,6.64270398563755,52.3634820220766,1.546,0.554
17554,6.64271861071623,52.3634783667687,1.455,0.522
17555,6.64273323579491,52.3634747114608,1.518,0.544
17556,6.6427478608736,52.3634710561529,1.448,0.519
17557,6.64276248608158,52.363467393702,1.319,0.473
17558,6.64277711154213,52.3634637172994,1.506,0.54
17559,6.64279173700267,52.3634600408968,1.241,0.445
17560,6.64280636246322,52.3634563644941,1.625,0.583
17561,6.64282098792376,52.3634526880915,1.468,0.526
17562,6.64283561338431,52.3634490116889,1.383,0.496
17563,6.64285023884485,52.3634453352863,1.395,0.5
17564,6.6428648643054,52.3634416588837,1.384,0.496
17565,6.64287948976594,52.3634379824811,1.563,0.561
17566,6.64289411522649,52.3634343060785,1.405,0.504
17567,6.64290874068703,52.3634306296758,1.468,0.526
17568,6.64292336614758,52.3634269532732,1.358,0.487
17569,6.64293799160812,52.3634232768706,1.496,0.536
17570,6.64295261706867,52.363419600468,1.404,0.503
17571,6.64296724252921,52.3634159240654,1.379,0.495
17572,6.64298186798976,52.3634122476628,1.453,0.521
17573,6.6429964934503,52.3634085712601,1.587,0.569
17574,6.64301113640949,52.3634039282018,1.248,0.448
17575,6.64302578222617,52.3633991272905,1.544,0.554
17576,6.64304042804285,52.3633943263791,1.371,0.492
17577,6.64305507385953,52.3633895254677,1.621,0.581
17578,6.64306971404739,52.3633850355027,1.467,0.526
17579,6.64308434904221,52.3633808324097,1.378,0.494
17580,6.64309898403704,52.3633766293167,1.579,0.566
17581,6.64311361903186,52.3633724262236,1.419,0.509
17582,6.64312825402669,52.3633682231306,1.476,0.529
17583,6.64314287914677,52.3633645655359,1.495,0.536
17584,6.64315749806646,52.3633612504613,1.19,0.427
17585,6.64317211698616,52.3633579353867,1.331,0.477
17586,6.64318673590586,52.363354620312,1.373,0.492
17587,6.64320135482555,52.3633513052374,1.435,0.515
17588,6.64321597374525,52.3633479901628,1.524,0.547
17589,6.64323059516829,52.363344536799,1.233,0.442
17590,6.64324521670706,52.3633410770423,1.55,0.556
17591,6.64325983824582,52.3633376172856,1.389,0.498
17592,6.64327445978459,52.3633341575289,1.381,0.495
17593,6.64328908132336,52.3633306977723,1.607,0.576
17594,6.64330372521036,52.3633260034597,1.206,0.432
17595,6.64331838406601,52.3633204822527,1.368,0.49
17596,6.64333304292166,52.3633149610457,1.445,0.518
17597,6.64334769166721,52.3633099983385,1.314,0.471
17598,6.64336229984202,52.3633072768305,1.324,0.475
17599,6.6433769144078,52.3633042022735,1.38,0.495
17600,6.64339154318334,52.3633003427451,1.38,0.495
17601,6.64340618399816,52.3632958181454,1.318,0.473
17602,6.64342082880316,52.3632910731209,1.431,0.513
17603,6.64343546729668,52.3632866767538,1.375,0.493
17604,6.64345010468439,52.3632823414735,1.299,0.466
17605,6.64346474207211,52.3632780061931,1.157,0.415
17606,6.64347937945982,52.3632736709127,1.503,0.539
17607,6.64349401684753,52.3632693356323,1.349,0.484
17608,6.64350865446186,52.3632649878333,1.52,0.545
17609,6.64352329473104,52.3632604933758,1.261,0.452
17610,6.64353793500022,52.3632559989183,1.411,0.506
17611,6.64355257526939,52.3632515044609,1.255,0.45
17612,6.64356721553857,52.3632470100034,1.324,0.475
17613,6.64358185580775,52.363242515546,1.418,0.509
17614,6.64359649607692,52.3632380210885,1.344,0.482
17615,6.6436111363461,52.3632335266311,1.448,0.519
17616,6.64362577661528,52.3632290321736,1.371,0.491
17617,6.64364041688445,52.3632245377162,1.441,0.517
17618,6.6436550610579,52.3632198275801,1.422,0.51
17619,6.64366973503771,52.3632134708878,1.402,0.503
17620,6.64368440901752,52.3632071141955,1.376,0.493
17621,6.64369908299733,52.3632007575033,1.38,0.495
17622,6.64371375697715,52.363194400811,1.25,0.448
17623,6.64372843095696,52.3631880441187,1.35,0.484
17624,6.64374310493677,52.3631816874264,1.423,0.51
17625,6.64375777891659,52.3631753307341,1.329,0.477
17626,6.64377245435987,52.3631688931971,1.405,0.504
17627,6.64378713021212,52.363162433068,1.343,0.482
17628,6.64380180606438,52.3631559729388,1.461,0.524
17629,6.64381648191663,52.3631495128097,1.34,0.481
17630,6.64383106685715,52.3631480748041,1.34,0.481
17631,6.64384529724109,52.3631662231279,1.416,0.508
17632,6.64385989724522,52.3631639529825,1.397,0.501
17633,6.64387455429202,52.3631585316997,1.442,0.517
17634,6.64388920870157,52.3631532561034,1.558,0.559
17635,6.64390393676432,52.3631439117743,1.293,0.464
17636,6.64391856846689,52.3631398905515,1.409,0.505
17637,6.64393318511636,52.3631367008877,1.315,0.471
17638,6.64394779819696,52.3631337083753,1.472,0.528
17639,6.64396239927964,52.3631313786486,1.363,0.489
17640,6.64397700606364,52.3631287339713,1.39,0.498
17641,6.64399163900878,52.3631246441064,1.425,0.511
17642,6.64400627195392,52.3631205542416,1.35,0.484
17643,6.64402090489906,52.3631164643767,1.363,0.489
17644,6.64403553908279,52.36311230609,1.265,0.453
17645,6.64405017582927,52.3631080062326,1.439,0.516
17646,6.64406481257575,52.3631037063751,1.518,0.544
17647,6.64407944932223,52.3630994065177,1.172,0.42
17648,6.64409408606871,52.3630951066603,1.281,0.459
17649,6.64410872281519,52.3630908068029,1.267,0.454
17650,6.64412335956166,52.3630865069455,1.378,0.494
17651,6.64413799630814,52.363082207088,1.246,0.447
17652,6.64415263305462,52.3630779072306,1.319,0.473
17653,6.64416727980261,52.3630730548722,1.438,0.516
17654,6.64418192805257,52.3630681195423,1.401,0.502
17655,6.64419657630253,52.3630631842124,1.439,0.516
17656,6.64421122155911,52.3630584142419,1.193,0.428
17657,6.64422586548455,52.363053717806,1.368,0.491
17658,6.64424050940999,52.3630490213701,1.27,0.455
17659,6.64425515333543,52.3630443249342,1.263,0.453
17660,6.64426979726087,52.3630396284983,1.42,0.509
17661,6.64428447048501,52.363033313551,1.157,0.415
17662,6.64429914616745,52.3630268628024,1.238,0.444
17663,6.64431381314361,52.3630208930041,1.17,0.42
17664,6.64432846484458,52.3630157670341,1.337,0.479
17665,6.64434311841134,52.3630105379949,1.277,0.458
17666,6.6443577719781,52.3630053089557,1.417,0.508
17667,6.64437242554486,52.3630000799165,1.252,0.449
17668,6.64438707911161,52.3629948508772,1.185,0.425
17669,6.64440173297122,52.3629896056606,1.41,0.506
17670,6.64441638750711,52.3629843230851,1.145,0.41
17671,6.64443104204299,52.3629790405096,1.305,0.468
17672,6.64444569950545,52.362973596265,1.247,0.447
17673,6.6444603583842,52.3629680737821,1.275,0.457
17674,6.64447502117868,52.3629623349868,1.439,0.516
17675,6.64448968951694,52.362956289944,1.326,0.475
17676,6.6445043578552,52.3629502449012,1.318,0.472
17677,6.64451902619346,52.3629441998584,1.332,0.478
17678,6.64453369453171,52.3629381548156,1.343,0.482
17679,6.64454836275597,52.3629321160702,1.281,0.459
17680,6.64456302142907,52.3629266049479,1.294,0.464
17681,6.6445776771459,52.3629212571345,1.392,0.499
17682,6.64459233156539,52.3629159809892,1.345,0.482
17683,6.64460699268025,52.3629103349791,1.471,0.527
17684,6.64462165379512,52.362904688969,1.417,0.508
17685,6.64463631490999,52.3628990429589,1.3,0.466
17686,6.64465097602486,52.3628933969487,1.349,0.484
17687,6.6446656362894,52.362887797912,1.241,0.445
17688,6.6446802961858,52.3628822192126,1.32,0.473
17689,6.64469495608219,52.3628766405132,1.376,0.493
17690,6.64470961597858,52.3628710618137,1.276,0.458
17691,6.64472427587498,52.3628654831143,1.368,0.491
17692,6.64473893577137,52.3628599044149,1.353,0.485
17693,6.64475359566776,52.3628543257155,1.206,0.432
17694,6.64476825556416,52.3628487470161,1.322,0.474
17695,6.64478290408345,52.3628437968076,1.307,0.469
17696,6.64479756077309,52.3628383952548,1.239,0.444
17697,6.64481222128409,52.3628327826038,1.493,0.535
17698,6.64482688179508,52.3628271699529,1.314,0.471
17699,6.64484154230607,52.3628215573019,1.368,0.491
17700,6.64485620276278,52.3628159476495,1.325,0.475
17701,6.64487086316465,52.3628103410266,1.275,0.457
17702,6.64488552356652,52.3628047344038,1.22,0.437
17703,6.64490018396839,52.3627991277809,1.339,0.48
17704,6.64491484437026,52.362793521158,1.225,0.439
17705,6.64492950477214,52.3627879145351,1.399,0.502
17706,6.64494416211691,52.3627824767915,1.381,0.495
17707,6.64495881789707,52.3627771254803,1.396,0.5
17708,6.64497347367722,52.3627717741691,1.352,0.485
17709,6.64498812945738,52.3627664228579,1.253,0.449
17710,6.64500278666273,52.3627609928164,1.303,0.467
17711,6.64501744407421,52.3627555513878,1.334,0.478
17712,6.6450321014857,52.3627501099592,1.354,0.486
17713,6.64504675889718,52.3627446685305,1.295,0.464
17714,6.64506141717048,52.3627391794938,1.357,0.487
17715,6.64507607858909,52.362733516704,1.218,0.437
17716,6.64509074000771,52.3627278539141,1.41,0.505
17717,6.64514039950384,52.3627505021546,1.264,0.453
17718,6.64536841948904,52.3629150838325,1.3,0.466
