channel,longitude,latitude,pgv_4m_mms,pgv_12m_mms
101,6.44559175939828,52.288250790315,16.151,5.791
102,6.44559344739158,52.2882926710386,15.893,5.699
103,6.44561702133105,52.288261337914,15.392,5.519
104,6.44563552933263,52.2882469515919,14.91,5.346
105,6.44565133944256,52.2882415903779,15.599,5.593
106,6.44565492142166,52.2882771352552,16.138,5.786
107,6.44565711016211,52.2883173408569,15.721,5.637
108,6.44567065826036,52.2883195466258,14.542,5.214
109,6.4456842063586,52.2883217523946,15.532,5.569
110,6.44569771862736,52.2883240780219,14.34,5.142
111,6.44571118705573,52.288326550306,15.933,5.713
112,6.4457246554841,52.2883290225901,15.048,5.396
113,6.44573812391246,52.2883314948742,14.731,5.282
114,6.44575159234083,52.2883339671583,15.927,5.711
115,6.44576505440414,52.2883364607351,15.77,5.654
116,6.44577849308806,52.2883390325217,15.572,5.584
117,6.44579188688971,52.2883417544504,16.72,5.995
118,6.44580514002639,52.2883449469379,15.799,5.665
119,6.44581839316308,52.2883481394254,15.042,5.393
120,6.44583164629976,52.2883513319129,15.721,5.637
121,6.4458450955251,52.2883538684359,15.243,5.465
122,6.44585861435169,52.2883561721256,16.151,5.791
123,6.44587213317827,52.2883584758153,15.566,5.581
124,6.44588565200486,52.288360779505,15.619,5.6
125,6.44589917083144,52.2883630831948,14.542,5.214
126,6.44591268965803,52.2883653868845,15.421,5.529
127,6.44592620848462,52.2883676905742,15.347,5.503
128,6.44593967026445,52.2883701850993,14.773,5.297
129,6.44595318364731,52.2883725069996,15.24,5.464
130,6.44596669703017,52.2883748289,15.621,5.601
131,6.44598021041304,52.2883771508003,15.357,5.506
132,6.4459937237959,52.2883794727006,14.524,5.208
133,6.44600723717876,52.2883817946009,15.188,5.446
134,6.44602075056163,52.2883841165012,15.069,5.403
135,6.44603426394449,52.2883864384015,15.452,5.541
136,6.44604777732735,52.2883887603018,15.384,5.516
137,6.44606129071021,52.2883910822022,15.086,5.409
138,6.44607480409308,52.2883934041025,15.058,5.399
139,6.44608831747594,52.2883957260028,15.357,5.506
140,6.4461018308588,52.2883980479031,15.879,5.693
141,6.44611534424167,52.2884003698034,15.471,5.547
142,6.44612885762453,52.2884026917037,16.139,5.787
143,6.44614240882775,52.2884048870857,15.963,5.724
144,6.4461559627728,52.2884070732956,16.172,5.798
145,6.44616951671785,52.2884092595054,16.091,5.77
146,6.4461830706629,52.2884114457153,16.2,5.809
147,6.44619662460795,52.2884136319252,14.597,5.234
148,6.446210178553,52.288415818135,15.651,5.612
149,6.44622373249805,52.2884180043449,15.982,5.73
150,6.44623728644311,52.2884201905548,16.083,5.767
151,6.44625078280556,52.2884225693925,14.802,5.307
152,6.44626426385843,52.2884249994446,15.637,5.607
153,6.4462777449113,52.2884274294966,15.289,5.482
154,6.44629122596417,52.2884298595487,16.326,5.854
155,6.44630470701703,52.2884322896007,14.419,5.17
156,6.4463181880699,52.2884347196528,14.777,5.299
157,6.44633166912277,52.2884371497049,14.16,5.077
158,6.44634515017564,52.2884395797569,15.305,5.488
159,6.44635863122851,52.288442009809,16.547,5.933
160,6.44637211228138,52.2884444398611,15.184,5.445
161,6.44638559333425,52.2884468699131,15.265,5.473
162,6.44639907438712,52.2884492999652,15.525,5.567
163,6.44641255543999,52.2884517300172,15.128,5.424
164,6.44642603682046,52.2884541589734,15.407,5.524
165,6.44643955150667,52.2884564765137,15.418,5.528
166,6.44645306619287,52.288458794054,14.686,5.266
167,6.44646658087908,52.2884611115943,15.124,5.423
168,6.44648009556528,52.2884634291346,15.611,5.597
169,6.44649361025148,52.288465746675,15.717,5.635
170,6.44650712493769,52.2884680642153,15.93,5.712
171,6.44652063962389,52.2884703817556,15.36,5.507
172,6.4465341543101,52.2884726992959,15.368,5.51
173,6.4465476689963,52.2884750168362,15.596,5.592
174,6.4465611836825,52.2884773343766,14.801,5.307
175,6.44657469836871,52.2884796519169,14.774,5.297
176,6.44658821305491,52.2884819694572,15.071,5.404
177,6.44660171918799,52.2884843156098,14.391,5.16
178,6.44661521586491,52.2884866933956,15.377,5.513
179,6.44662871254184,52.2884890711814,15.751,5.648
180,6.44664220921876,52.2884914489671,14.714,5.276
181,6.44665570589569,52.2884938267529,15.384,5.516
182,6.44666920455036,52.2884961979226,14.756,5.291
183,6.44668271187051,52.2884985401042,14.525,5.208
184,6.44669621919066,52.2885008822858,16.329,5.855
185,6.44670972651081,52.2885032244673,14.528,5.209
186,6.44672323383095,52.2885055666489,14.363,5.15
187,6.4467367411511,52.2885079088305,15.24,5.464
188,6.44675024847125,52.2885102510121,15.269,5.475
189,6.4467637557914,52.2885125931937,15.502,5.558
190,6.44677726311155,52.2885149353752,16.285,5.839
191,6.4467907704317,52.2885172775568,14.649,5.252
192,6.44680427775184,52.2885196197384,14.764,5.294
193,6.44681778507199,52.28852196192,16.049,5.755
194,6.44683129239214,52.2885243041016,15.654,5.613
195,6.44684479971229,52.2885266462831,15.571,5.583
196,6.44685830703244,52.2885289884647,14.753,5.29
197,6.44687181435259,52.2885313306463,15.761,5.651
198,6.44688532167274,52.2885336728279,15.571,5.583
199,6.44689882899288,52.2885360150095,15.209,5.453
200,6.44691233631303,52.288538357191,14.754,5.29
201,6.44692584363318,52.2885406993726,15.16,5.436
202,6.44693935095333,52.2885430415542,16.067,5.761
203,6.44695285827348,52.2885453837358,14.454,5.183
204,6.44696636559363,52.2885477259174,14.627,5.245
205,6.44697987291377,52.2885500680989,14.729,5.281
206,6.44699338003476,52.2885524109467,14.857,5.327
207,6.44700688654524,52.2885547558369,15.09,5.411
208,6.44702039305571,52.288557100727,15.664,5.616
209,6.44703389956618,52.2885594456172,15.372,5.512
210,6.44704740607666,52.2885617905073,15.138,5.428
211,6.44706091258713,52.2885641353974,15.266,5.474
212,6.44707441909761,52.2885664802876,15.472,5.548
213,6.44708792560808,52.2885688251777,14.117,5.062
214,6.44710143211855,52.2885711700679,15.738,5.643
215,6.44711493862903,52.288573514958,14.624,5.244
216,6.4471284451395,52.2885758598481,14.851,5.325
217,6.44714195164998,52.2885782047383,15.314,5.491
218,6.44715545743381,52.2885805520592,15.072,5.404
219,6.44716896260435,52.2885829014317,15.405,5.524
220,6.4471824677749,52.2885852508043,15.204,5.452
221,6.44719597294545,52.2885876001768,14.953,5.362
222,6.447209478116,52.2885899495493,16.025,5.746
223,6.44722298328655,52.2885922989218,15.546,5.574
224,6.44723648845709,52.2885946482943,15.31,5.489
225,6.44724999362764,52.2885969976668,15.543,5.573
226,6.44726349879819,52.2885993470394,14.724,5.279
227,6.44727700396874,52.2886016964119,16.421,5.888
228,6.44729050913929,52.2886040457844,14.506,5.201
229,6.44730401430984,52.2886063951569,15.215,5.456
230,6.44731751948038,52.2886087445294,14.984,5.373
231,6.44733102465093,52.288611093902,14.965,5.366
232,6.44734452982148,52.2886134432745,14.893,5.34
233,6.44735803499203,52.288615792647,14.71,5.274
234,6.44737154016258,52.2886181420195,15.867,5.689
235,6.44738504533312,52.288620491392,14.463,5.186
236,6.44739855050367,52.2886228407645,15.755,5.649
237,6.44741205567422,52.2886251901371,15.562,5.58
238,6.44742556084477,52.2886275395096,14.961,5.364
239,6.44743906601532,52.2886298888821,15.502,5.558
240,6.44745257118587,52.2886322382546,15.101,5.414
241,6.44746607635641,52.2886345876271,14.551,5.217
242,6.44747958152696,52.2886369369997,14.562,5.221
243,6.44749308669751,52.2886392863722,15.593,5.591
244,6.44750658821816,52.2886416479545,15.567,5.582
245,6.44752008959952,52.2886440100028,15.359,5.507
246,6.44753359098087,52.2886463720511,14.992,5.375
247,6.44754709236223,52.2886487340994,15.115,5.42
248,6.44756059374358,52.2886510961477,15.04,5.393
249,6.44757409512493,52.288653458196,14.209,5.095
250,6.44758759650629,52.2886558202443,15.278,5.478
251,6.44760109788764,52.2886581822926,15.554,5.577
252,6.44761459578899,52.2886605559824,15.292,5.483
253,6.44762808808874,52.2886629484108,16.298,5.844
254,6.4476415803885,52.2886653408393,14.672,5.261
255,6.44765507268825,52.2886677332678,14.879,5.335
256,6.44766856498801,52.2886701256963,15.351,5.504
257,6.44768205728776,52.2886725181247,15.422,5.53
258,6.44769554958752,52.2886749105532,14.166,5.079
259,6.44770904188727,52.2886773029817,15.643,5.609
260,6.44772253418703,52.2886796954101,15.44,5.536
261,6.44773602648679,52.2886820878386,14.053,5.039
262,6.44774951878654,52.2886844802671,15.236,5.463
263,6.44776301108629,52.2886868726956,14.835,5.319
264,6.44777650338605,52.288689265124,15.049,5.396
265,6.44778999568581,52.2886916575525,14.534,5.211
266,6.44780348798556,52.288694049981,15.571,5.583
267,6.44781698028532,52.2886964424094,16.368,5.869
268,6.44783047258507,52.2886988348379,15.493,5.555
269,6.44784396488483,52.2887012272664,14.073,5.046
270,6.44785745701128,52.2887036202746,15.516,5.564
271,6.44787094808987,52.2887060167882,15.239,5.464
272,6.44788443916847,52.2887084133017,14.712,5.275
273,6.44789793024707,52.2887108098152,15.573,5.584
274,6.44791142132566,52.2887132063288,15.888,5.697
275,6.44792491240426,52.2887156028423,14.982,5.372
276,6.44793840348285,52.2887179993559,14.414,5.168
277,6.4479518926622,52.2887204022229,14.203,5.093
278,6.44796537485062,52.2887228284763,15.0,5.379
279,6.44797885703904,52.2887252547296,15.306,5.488
280,6.44799233922746,52.288727680983,15.099,5.414
281,6.44800582141588,52.2887301072364,15.006,5.381
282,6.44801930360429,52.2887325334897,15.747,5.646
283,6.44803278579271,52.2887349597431,15.691,5.626
284,6.44804626798113,52.2887373859965,15.542,5.573
285,6.44805975016955,52.2887398122498,15.91,5.705
286,6.44807323235797,52.2887422385032,15.049,5.396
287,6.44808673366726,52.2887446007926,14.797,5.305
288,6.44810024533335,52.2887469284359,15.139,5.428
289,6.44811375699944,52.2887492560793,15.103,5.415
290,6.44812726069243,52.2887516103946,14.25,5.11
291,6.44814075608918,52.2887539924628,15.141,5.429
292,6.44815425148593,52.2887563745311,16.117,5.779
293,6.44816774688268,52.2887587565994,15.944,5.717
294,6.44818124227943,52.2887611386676,15.787,5.661
295,6.44819473767618,52.2887635207359,15.561,5.579
296,6.44820823307293,52.2887659028042,16.341,5.859
297,6.44822172792938,52.2887682866799,14.871,5.332
298,6.4482352227797,52.2887706705761,14.932,5.354
299,6.44824871763001,52.2887730544723,16.166,5.797
300,6.44826221248033,52.2887754383685,15.527,5.567
301,6.44827570733065,52.2887778222647,15.121,5.422
302,6.44828920218097,52.2887802061609,15.846,5.682
303,6.44830269703129,52.2887825900571,15.269,5.475
304,6.44831619188161,52.2887849739534,15.04,5.393
305,6.44832968673193,52.2887873578496,15.029,5.389
306,6.44834318158225,52.2887897417458,15.733,5.641
307,6.44835667643257,52.288792125642,15.67,5.619
308,6.44837017128289,52.2887945095382,16.447,5.897
309,6.44838366613321,52.2887968934344,15.39,5.518
310,6.44839716098353,52.2887992773306,15.385,5.517
311,6.44841065583385,52.2888016612268,16.418,5.887
312,6.44842415068417,52.288804045123,16.157,5.793
313,6.44843764553449,52.2888064290192,15.668,5.618
314,6.44845114038481,52.2888088129154,14.671,5.26
315,6.4484646579167,52.2888111209362,15.117,5.42
316,6.4484782759858,52.2888130926355,14.98,5.371
317,6.4484918940549,52.2888150643347,15.628,5.603
318,6.44850551212399,52.2888170360339,15.313,5.491
319,6.44851913019309,52.2888190077332,16.561,5.938
320,6.44853274826219,52.2888209794324,14.7,5.271
321,6.44854635628745,52.2888229847307,14.947,5.359
322,6.44855996059315,52.2888250024719,15.78,5.658
323,6.44857355135935,52.288827065506,15.949,5.719
324,6.44858698789081,52.2888296444931,14.127,5.065
325,6.44860042442226,52.2888322234802,14.634,5.247
326,6.44861386095372,52.2888348024673,15.506,5.56
327,6.44862729748517,52.2888373814543,16.465,5.904
328,6.44864073401663,52.2888399604414,16.784,6.018
329,6.44865417054808,52.2888425394285,15.436,5.535
330,6.44866760707954,52.2888451184156,15.586,5.589
331,6.44868104361099,52.2888476974027,15.201,5.45
332,6.44869448014245,52.2888502763898,16.072,5.763
333,6.4487079166739,52.2888528553769,16.605,5.954
334,6.44872134619794,52.2888554578055,16.452,5.899
335,6.44873477259216,52.2888580707041,15.703,5.63
336,6.44874819898638,52.2888606836027,15.234,5.462
337,6.4487616253806,52.2888632965014,15.738,5.643
338,6.44877505411809,52.2888659015612,16.552,5.935
339,6.44878848880791,52.288868486709,15.512,5.562
340,6.44880192349772,52.2888710718568,14.687,5.266
341,6.44881535818754,52.2888736570047,15.55,5.575
342,6.44882879287735,52.2888762421525,15.604,5.595
343,6.44884222756716,52.2888788273003,14.705,5.272
344,6.44885566739725,52.2888813952527,15.919,5.708
345,6.44886915319582,52.2888838094292,16.088,5.768
346,6.44888263899439,52.2888862236057,16.891,6.057
347,6.44889612479296,52.2888886377823,15.021,5.386
348,6.44890961059153,52.2888910519588,16.242,5.824
349,6.4489230963901,52.2888934661353,16.388,5.876
350,6.44893658218867,52.2888958803118,16.133,5.785
351,6.44895007280492,52.2888982783721,15.243,5.465
352,6.44896357071893,52.2889006520195,15.216,5.456
353,6.44897708233931,52.2889029798157,15.907,5.704
354,6.44899059408065,52.2889053072073,15.911,5.705
355,6.44900410944284,52.2889076224863,15.537,5.571
356,6.4490176172102,52.2889099631718,16.633,5.964
357,6.44903112159891,52.2889123151598,15.645,5.61
358,6.44904462598761,52.2889146671478,14.775,5.298
359,6.44905813037632,52.2889170191358,15.765,5.653
360,6.44907162933916,52.2889193892746,16.187,5.804
361,6.44908512473665,52.2889217713404,16.114,5.778
362,6.44909862013415,52.2889241534061,16.117,5.779
363,6.44911212341298,52.2889265091069,16.807,6.026
364,6.44912563669773,52.2889288313354,15.281,5.479
365,6.44913914998249,52.2889311535639,15.695,5.628
366,6.44915266326724,52.2889334757925,16.861,6.046
367,6.44916617655199,52.288935798021,14.803,5.308
368,6.44917968983674,52.2889381202495,15.937,5.714
369,6.4491931413256,52.2889406492004,16.699,5.988
370,6.44920658268794,52.288943212027,16.698,5.987
371,6.44922002405028,52.2889457748536,16.38,5.873
372,6.44923346541261,52.2889483376802,16.403,5.882
373,6.44924690677495,52.2889509005068,15.396,5.52
374,6.44926034813729,52.2889534633334,16.824,6.032
375,6.44927380677866,52.2889559683574,15.318,5.493
376,6.4492873033764,52.2889583464081,15.361,5.508
377,6.44930079997414,52.2889607244588,16.268,5.833
378,6.44931429558373,52.288963105815,15.758,5.65
379,6.44932778676212,52.2889655019947,16.177,5.801
380,6.44934127794052,52.2889678981744,16.317,5.851
381,6.44935476911892,52.2889702943541,17.117,6.137
382,6.44936826029731,52.2889726905338,16.334,5.857
383,6.44938175147571,52.2889750867135,15.723,5.638
384,6.4493952426541,52.2889774828932,16.492,5.914
385,6.4494087338325,52.2889798790729,15.613,5.598
386,6.44942222501089,52.2889822752526,16.647,5.969
387,6.44943571618929,52.2889846714323,16.155,5.793
388,6.44944920736769,52.288987067612,16.361,5.866
389,6.44946269854608,52.2889894637917,15.085,5.409
390,6.44947618972448,52.2889918599714,14.816,5.312
391,6.44948968090287,52.288994256151,15.264,5.473
392,6.44950317208127,52.2889966523307,17.181,6.16
393,6.44951666325967,52.2889990485104,15.486,5.553
394,6.44953015443806,52.2890014446901,16.599,5.952
395,6.44954364561646,52.2890038408698,15.798,5.665
396,6.44955713679485,52.2890062370495,16.042,5.752
397,6.44957062797325,52.2890086332292,16.163,5.795
398,6.44958411915165,52.2890110294089,17.163,6.154
399,6.44959761033004,52.2890134255886,16.547,5.933
400,6.44961110150844,52.2890158217683,16.436,5.893
401,6.44962459268683,52.289018217948,16.979,6.088
402,6.44963808752164,52.2890206018961,15.85,5.683
403,6.44965159515092,52.2890229430435,16.857,6.044
404,6.44966510278019,52.289025284191,16.765,6.011
405,6.44967861040947,52.2890276253385,16.765,6.011
406,6.44969211803874,52.289029966486,16.156,5.793
407,6.44970562566802,52.2890323076334,15.996,5.736
408,6.44971913329729,52.2890346487809,15.748,5.646
409,6.44973264092657,52.2890369899284,15.79,5.662
410,6.44974614855585,52.2890393310759,15.731,5.641
411,6.44975965158813,52.2890416876014,16.492,5.913
412,6.44977315244562,52.2890440514022,16.147,5.79
413,6.4497866533031,52.2890464152029,16.54,5.931
414,6.44980015416059,52.2890487790037,16.579,5.944
415,6.44981365501808,52.2890511428045,15.674,5.62
416,6.44982715587556,52.2890535066052,15.661,5.615
417,6.44984065673305,52.289055870406,16.172,5.799
418,6.44985415759054,52.2890582342067,15.856,5.685
419,6.44986765844803,52.2890605980075,15.798,5.665
420,6.44988115930551,52.2890629618083,17.318,6.209
421,6.449894660163,52.289065325609,15.423,5.53
422,6.44990816102049,52.2890676894098,17.519,6.282
423,6.44992166187797,52.2890700532106,16.503,5.917
424,6.44993516273546,52.2890724170113,16.917,6.066
425,6.44994866359295,52.2890747808121,16.852,6.042
426,6.44996216445043,52.2890771446129,16.707,5.991
427,6.44997566530792,52.2890795084136,17.326,6.212
428,6.44998916616541,52.2890818722144,15.715,5.635
429,6.4500026670229,52.2890842360152,16.263,5.831
430,6.45001616788038,52.2890865998159,15.857,5.686
431,6.45002966873787,52.2890889636167,15.364,5.509
432,6.45004316959536,52.2890913274174,15.975,5.728
433,6.45005667045284,52.2890936912182,17.468,6.263
434,6.45007017131033,52.289096055019,16.268,5.833
435,6.45008367216782,52.2890984188197,17.539,6.289
436,6.45009720127809,52.289100688108,17.602,6.311
437,6.45011080066859,52.2891027222917,18.139,6.504
438,6.45012443481063,52.289104640223,17.5,6.275
439,6.45013800021503,52.2891067880986,17.768,6.371
440,6.45015144443911,52.2891093413519,16.575,5.943
441,6.45016488866319,52.2891118946053,16.52,5.923
442,6.45017833288726,52.2891144478587,16.561,5.938
443,6.45019177711134,52.2891170011121,16.389,5.876
444,6.45020522133542,52.2891195543655,16.478,5.908
445,6.45021866555949,52.2891221076189,16.834,6.036
446,6.45023210978357,52.2891246608723,16.119,5.78
447,6.45024558940284,52.2891270957201,15.584,5.588
448,6.45025908468114,52.2891294781846,16.609,5.955
449,6.45027257995943,52.2891318606491,15.989,5.733
450,6.45028607621771,52.2891342398354,16.051,5.755
451,6.4502995786521,52.289136598361,16.314,5.85
452,6.45031308108649,52.2891389568866,16.18,5.801
453,6.45032658352088,52.2891413154123,17.052,6.114
454,6.45034008595526,52.2891436739379,16.302,5.845
455,6.45035358838965,52.2891460324636,17.083,6.125
456,6.45036709082404,52.2891483909892,16.522,5.924
457,6.45038059325843,52.2891507495149,16.349,5.862
458,6.45039409569282,52.2891531080405,16.494,5.914
459,6.45040759812721,52.2891554665661,15.642,5.608
460,6.4504211005616,52.2891578250918,16.6,5.952
461,6.45043460299598,52.2891601836174,16.901,6.06
462,6.45044810543037,52.2891625421431,16.984,6.09
463,6.45046160786476,52.2891649006687,15.606,5.596
464,6.45047511029915,52.2891672591943,15.507,5.56
465,6.45048861273354,52.28916961772,16.085,5.767
466,6.45050209723125,52.2891720362482,17.214,6.172
467,6.45051559929896,52.2891743960005,16.53,5.927
468,6.45052910136668,52.2891767557527,15.944,5.717
469,6.45054260343439,52.289179115505,15.544,5.573
470,6.45055610550211,52.2891814752572,15.996,5.735
471,6.45056960756982,52.2891838350095,15.955,5.721
472,6.45058310963753,52.2891861947618,16.947,6.077
473,6.45059661170525,52.289188554514,16.992,6.092
474,6.45061011377296,52.2891909142663,15.778,5.657
475,6.45062361584068,52.2891932740185,16.838,6.037
476,6.45063711790839,52.2891956337708,16.777,6.015
477,6.4506506199761,52.289197993523,15.699,5.629
478,6.45066412204382,52.2892003532753,16.343,5.86
479,6.45067762411153,52.2892027130276,16.592,5.949
480,6.45069111964645,52.2892050946336,16.486,5.911
481,6.45070461319927,52.2892074828703,15.384,5.516
482,6.45071810675209,52.289209871107,16.466,5.904
483,6.45073160030491,52.2892122593436,16.762,6.01
484,6.45074509385773,52.2892146475803,17.316,6.209
485,6.45075858741055,52.2892170358169,15.993,5.734
486,6.45077208096337,52.2892194240536,16.064,5.76
487,6.4507855745162,52.2892218122903,16.261,5.831
488,6.45079906806902,52.2892242005269,16.554,5.936
489,6.45081256162184,52.2892265887636,16.439,5.894
490,6.45082605517466,52.2892289770002,16.737,6.001
491,6.45083954872748,52.2892313652369,15.719,5.636
492,6.4508530422803,52.2892337534735,16.613,5.957
493,6.45086653583312,52.2892361417102,15.942,5.716
494,6.45088002938594,52.2892385299469,16.293,5.842
495,6.45089352293877,52.2892409181835,17.381,6.232
496,6.45090701649159,52.2892433064202,15.554,5.577
497,6.45092051308699,52.2892456844787,16.211,5.812
498,6.45093401088617,52.2892480585102,15.625,5.602
499,6.45094750868536,52.2892504325417,16.463,5.903
500,6.45096100648454,52.2892528065733,16.989,6.092
501,6.45097450428373,52.2892551806048,16.472,5.906
502,6.45098800208291,52.2892575546363,16.303,5.845
503,6.45100149988209,52.2892599286679,17.152,6.15
504,6.45101499768128,52.2892623026994,16.564,5.939
505,6.45102849548046,52.2892646767309,16.851,6.042
506,6.45104199327965,52.2892670507625,16.789,6.02
507,6.45105549107883,52.289269424794,14.676,5.262
508,6.45106898887802,52.2892717988256,16.322,5.852
509,6.4510824866772,52.2892741728571,15.733,5.641
510,6.45109605673915,52.289276305152,15.878,5.693
511,6.45110963329321,52.2892784157292,17.233,6.179
512,6.45112320572156,52.2892805401079,16.145,5.789
513,6.4511367781499,52.2892826644866,17.478,6.267
514,6.45115029089633,52.289284988516,15.536,5.571
515,6.45116373629404,52.2892875378432,15.726,5.639
516,6.45117718169176,52.2892900871705,16.812,6.028
517,6.45119062448514,52.2892926452099,16.162,5.795
518,6.45120406134094,52.289295223112,16.543,5.932
519,6.45121749819673,52.2892978010141,16.296,5.843
520,6.45123093845173,52.289300367545,16.278,5.837
521,6.45124442286947,52.2893027863408,16.183,5.802
522,6.45125790728722,52.2893052051365,16.467,5.904
523,6.45127138628556,52.2893076420614,16.738,6.002
524,6.45128486474738,52.2893100807812,17.31,6.207
525,6.4512983432092,52.2893125195009,16.241,5.823
526,6.45131182167103,52.2893149582207,16.128,5.783
527,6.45132530013285,52.2893173969404,16.052,5.756
528,6.45133877859467,52.2893198356602,17.224,6.176
529,6.45135225705649,52.2893222743799,16.765,6.011
530,6.45136573551831,52.2893247130997,15.242,5.465
531,6.45137921398013,52.2893271518194,15.215,5.456
532,6.45139269244195,52.2893295905392,15.87,5.69
533,6.45140617090377,52.2893320292589,16.493,5.914
534,6.45141964936559,52.2893344679787,16.337,5.858
535,6.45143312782741,52.2893369066984,16.659,5.973
536,6.45144660628923,52.2893393454182,16.253,5.828
537,6.45146008475105,52.2893417841379,17.178,6.159
538,6.45147356321288,52.2893442228577,16.809,6.027
539,6.4514870416747,52.2893466615774,16.4,5.881
540,6.45150052013652,52.2893491002972,17.028,6.105
541,6.45151399859834,52.2893515390169,15.384,5.516
542,6.45152747706016,52.2893539777367,16.303,5.846
543,6.45154095552198,52.2893564164564,16.433,5.892
544,6.45155442040123,52.2893589006132,16.706,5.99
545,6.45156787121964,52.2893614318069,15.342,5.501
546,6.45158132203806,52.2893639630007,16.197,5.807
547,6.45159477285647,52.2893664941944,16.585,5.947
548,6.45160822367488,52.2893690253881,16.629,5.962
549,6.45162167449329,52.2893715565818,17.045,6.111
550,6.4516351253117,52.2893740877756,16.794,6.022
551,6.45164857613011,52.2893766189693,16.309,5.848
552,6.45166202694852,52.289379150163,16.741,6.002
553,6.45167547776693,52.2893816813567,16.224,5.817
554,6.45168892858534,52.2893842125505,16.427,5.89
555,6.45170237940375,52.2893867437442,16.807,6.026
556,6.45171583022216,52.2893892749379,16.311,5.849
557,6.45172928104057,52.2893918061316,16.549,5.934
558,6.45174273185898,52.2893943373254,16.9,6.06
559,6.45175618267739,52.2893968685191,16.752,6.006
560,6.4517696334958,52.2893993997128,17.056,6.116
561,6.45178308431421,52.2894019309065,17.698,6.346
562,6.45179653513263,52.2894044621003,16.74,6.002
563,6.45180998595104,52.289406993294,16.053,5.756
564,6.45182343676945,52.2894095244877,16.623,5.96
565,6.45183688758786,52.2894120556814,16.595,5.95
566,6.45185033840627,52.2894145868752,16.678,5.98
567,6.45186378922468,52.2894171180689,17.194,6.165
568,6.45187724004309,52.2894196492626,15.321,5.494
569,6.45189067390838,52.2894222371687,17.199,6.167
570,6.45190410312365,52.2894248406302,17.394,6.237
571,6.45191753233892,52.2894274440917,16.637,5.965
572,6.45193098004156,52.2894299857084,16.648,5.969
573,6.45194443928541,52.289432488717,16.154,5.792
574,6.45195789852925,52.2894349917256,16.296,5.843
575,6.45197135777309,52.2894374947342,16.7,5.988
576,6.45198481701694,52.2894399977428,16.658,5.973
577,6.45199827626078,52.2894425007514,16.705,5.99
578,6.45201173550463,52.28944500376,16.646,5.969
579,6.45202519474847,52.2894475067686,16.802,6.024
580,6.45203865399231,52.2894500097771,16.732,5.999
581,6.45205211323616,52.2894525127857,15.662,5.616
582,6.45206557248,52.2894550157943,16.75,6.006
583,6.45207903172385,52.2894575188029,17.349,6.221
584,6.45209249096769,52.2894600218115,16.235,5.821
585,6.45210595021153,52.2894625248201,17.128,6.141
586,6.45211940945538,52.2894650278287,15.702,5.63
587,6.45213286869922,52.2894675308373,16.219,5.815
588,6.45214629389902,52.2894701477315,15.854,5.684
589,6.45215967696634,52.2894729055692,17.037,6.109
590,6.45217306003367,52.2894756634069,17.185,6.162
591,6.45218644310099,52.2894784212446,16.156,5.793
592,6.45219982616832,52.2894811790823,16.897,6.059
593,6.45221320923565,52.28948393692,17.173,6.158
594,6.45222659230297,52.2894866947577,16.177,5.8
595,6.4522399753703,52.2894894525954,16.267,5.833
596,6.45225335843762,52.289492210433,16.615,5.958
597,6.45226674150495,52.2894949682707,15.682,5.623
598,6.45228012457228,52.2894977261084,16.236,5.821
599,6.4522935076396,52.2895004839461,17.424,6.248
600,6.45230689070693,52.2895032417838,15.863,5.688
601,6.45232027377425,52.2895059996215,16.653,5.971
602,6.45233365684158,52.2895087574592,16.452,5.899
603,6.45234703990891,52.2895115152969,16.04,5.751
604,6.45236042297623,52.2895142731346,16.259,5.83
605,6.45237380604356,52.2895170309723,17.152,6.15
606,6.45238718911088,52.2895197888099,16.44,5.895
607,6.45240057217821,52.2895225466476,16.524,5.925
608,6.45241395524553,52.2895253044853,17.04,6.11
609,6.45242733831286,52.289528062323,15.921,5.709
610,6.45244072138019,52.2895308201607,15.467,5.546
611,6.45245410444751,52.2895335779984,17.115,6.137
612,6.45246748751484,52.2895363358361,16.147,5.79
613,6.45248087058216,52.2895390936738,16.584,5.946
614,6.45249425364949,52.2895418515115,15.602,5.594
615,6.45250763671682,52.2895446093492,16.27,5.834
616,6.45252101978414,52.2895473671868,15.388,5.517
617,6.45253440285147,52.2895501250245,16.062,5.759
618,6.45254778591879,52.2895528828622,15.634,5.606
619,6.45256116898612,52.2895556406999,15.49,5.554
620,6.45257455205344,52.2895583985376,15.819,5.672
621,6.45258793512077,52.2895611563753,14.64,5.249
622,6.4526013181881,52.289563914213,15.297,5.485
623,6.45261470125542,52.2895666720507,16.43,5.891
624,6.45262808432275,52.2895694298884,16.165,5.796
625,6.45264146739007,52.2895721877261,15.32,5.493
626,6.4526548504574,52.2895749455637,16.264,5.832
627,6.45266823352473,52.2895777034014,15.416,5.528
628,6.45268166253492,52.289580307549,16.347,5.862
629,6.45269532891546,52.2895821176346,15.845,5.681
630,6.45270874644537,52.2895847601865,15.712,5.634
631,6.45272208681531,52.2895876608574,15.84,5.68
632,6.45273542718526,52.2895905615283,17.389,6.235
633,6.4527487675552,52.2895934621992,15.427,5.532
634,6.45276210792515,52.2895963628701,15.997,5.736
635,6.45277544829509,52.289599263541,16.313,5.849
636,6.45278878866503,52.2896021642118,15.277,5.478
637,6.45280212903498,52.2896050648827,14.896,5.341
638,6.45281546940492,52.2896079655536,15.469,5.547
639,6.45282880977486,52.2896108662245,16.259,5.83
640,6.45284215014481,52.2896137668954,15.601,5.594
641,6.45285549051475,52.2896166675663,15.656,5.614
642,6.4528688308847,52.2896195682372,16.317,5.851
643,6.45288217125464,52.2896224689081,15.297,5.485
644,6.45289551162458,52.2896253695789,15.708,5.632
645,6.45290885199453,52.2896282702498,14.859,5.328
646,6.45292219236447,52.2896311709207,15.928,5.711
647,6.45293553273441,52.2896340715916,15.863,5.688
648,6.45294887310436,52.2896369722625,16.186,5.803
649,6.4529622134743,52.2896398729334,15.033,5.39
650,6.45297555384425,52.2896427736043,15.583,5.588
651,6.45298889421419,52.2896456742751,14.934,5.355
652,6.45300223458413,52.289648574946,15.53,5.568
653,6.45301557495408,52.2896514756169,16.535,5.929
654,6.45302891532402,52.2896543762878,15.464,5.545
655,6.45304225569397,52.2896572769587,14.839,5.32
656,6.45305559606391,52.2896601776296,15.231,5.461
657,6.45306893643385,52.2896630783005,14.673,5.261
658,6.45308229430601,52.2896659204222,14.847,5.323
659,6.45309565759451,52.2896687444249,15.993,5.734
660,6.45310902088301,52.2896715684276,14.736,5.284
661,6.4531223841715,52.2896743924303,15.76,5.651
662,6.45313574746,52.289677216433,15.58,5.586
663,6.4531491107485,52.2896800404357,15.241,5.465
664,6.453162474037,52.2896828644384,15.676,5.621
665,6.4531758373255,52.2896856884411,14.98,5.371
666,6.45318897648,52.289689262227,16.015,5.742
667,6.45320202912826,52.2896931253973,15.099,5.414
668,6.45321531264312,52.2896962162624,15.271,5.475
669,6.45322859615798,52.2896993071274,15.19,5.446
670,6.45324187967285,52.2897023979925,15.881,5.694
671,6.45325516318771,52.2897054888575,15.785,5.66
672,6.45326844670258,52.2897085797226,13.911,4.988
673,6.45328173021744,52.2897116705876,15.592,5.591
674,6.45329501373231,52.2897147614527,14.405,5.165
675,6.45330829724717,52.2897178523177,15.219,5.457
676,6.45332158076203,52.2897209431827,15.345,5.502
677,6.4533348642769,52.2897240340478,15.19,5.447
678,6.45334814779176,52.2897271249128,15.68,5.622
679,6.45336143130663,52.2897302157779,15.798,5.665
680,6.45337471482149,52.2897333066429,14.909,5.346
681,6.45338799833636,52.289736397508,14.876,5.334
682,6.45340128185122,52.289739488373,15.32,5.493
683,6.45341456536608,52.2897425792381,14.422,5.171
684,6.45342784888095,52.2897456701031,15.038,5.392
685,6.45344113239581,52.2897487609682,16.1,5.773
686,6.45345441591068,52.2897518518332,14.41,5.167
687,6.45346769942554,52.2897549426983,15.085,5.409
688,6.45348098294041,52.2897580335633,14.925,5.352
689,6.45349426645527,52.2897611244284,16.442,5.895
690,6.45350754997013,52.2897642152934,14.935,5.355
691,6.453520833485,52.2897673061584,14.958,5.363
692,6.45353411699986,52.2897703970235,14.623,5.243
693,6.45354740051473,52.2897734878885,15.224,5.459
694,6.45356068402959,52.2897765787536,15.366,5.51
695,6.45357396754446,52.2897796696186,14.676,5.262
696,6.45358725105932,52.2897827604837,15.768,5.654
697,6.45360053457418,52.2897858513487,15.335,5.498
698,6.45361400022682,52.2897883329183,15.666,5.617
699,6.4536275173137,52.2897906424278,14.962,5.365
700,6.45364077617042,52.2897938157804,15.288,5.482
701,6.45365401528024,52.2897970551912,15.01,5.382
702,6.45366725439006,52.289800294602,15.984,5.731
703,6.45368049349987,52.2898035340128,15.186,5.445
704,6.45369373260969,52.2898067734236,15.114,5.419
705,6.45370697171951,52.2898100128344,14.832,5.318
706,6.45372021082933,52.2898132522452,14.79,5.303
707,6.45373344993915,52.289816491656,15.227,5.46
708,6.45374668904896,52.2898197310668,15.564,5.58
709,6.45375992815878,52.2898229704776,14.674,5.262
710,6.4537731672686,52.2898262098884,15.147,5.431
711,6.45378640637842,52.2898294492992,15.179,5.442
712,6.45379964548824,52.28983268871,15.28,5.479
713,6.45381288459805,52.2898359281208,14.065,5.043
714,6.45382612370787,52.2898391675316,14.528,5.209
715,6.45383936281769,52.2898424069424,14.273,5.118
716,6.45385260192751,52.2898456463532,15.101,5.415
717,6.45386584103733,52.289848885764,14.561,5.221
718,6.45387908014714,52.2898521251747,14.81,5.31
719,6.45389231925696,52.2898553645855,14.414,5.168
720,6.45390555836678,52.2898586039963,14.897,5.342
721,6.4539187974766,52.2898618434071,14.495,5.197
722,6.45393203658642,52.2898650828179,15.627,5.603
723,6.45394527569624,52.2898683222287,15.493,5.555
724,6.45395851480605,52.2898715616395,15.334,5.498
725,6.45397175391587,52.2898748010503,15.107,5.417
726,6.45398499302569,52.2898780404611,14.132,5.067
727,6.45399823213551,52.2898812798719,15.112,5.418
728,6.45401147124533,52.2898845192827,14.991,5.375
729,6.45402471035514,52.2898877586935,15.648,5.611
730,6.45403794946496,52.2898909981043,15.938,5.715
731,6.45405118857478,52.2898942375151,15.844,5.681
732,6.4540644276846,52.2898974769259,16.483,5.91
733,6.45407766679442,52.2899007163367,15.501,5.558
734,6.45409090590423,52.2899039557475,15.581,5.587
735,6.45410414501405,52.2899071951583,16.663,5.975
736,6.45411738412387,52.2899104345691,16.273,5.835
737,6.45413059014683,52.2899137846636,16.162,5.795
738,6.45414378396938,52.2899171755713,17.534,6.287
739,6.45415697779194,52.2899205664791,16.94,6.074
740,6.45417017161449,52.2899239573869,16.65,5.97
741,6.45418336543704,52.2899273482947,16.53,5.927
742,6.4541965592596,52.2899307392025,17.895,6.416
743,6.45420975308215,52.2899341301103,17.427,6.249
744,6.45422294690471,52.289937521018,17.52,6.282
745,6.45423614072726,52.2899409119258,18.113,6.495
746,6.45424933454982,52.2899443028336,18.451,6.616
747,6.45426252837237,52.2899476937414,18.483,6.627
748,6.45427572219493,52.2899510846492,18.912,6.781
749,6.45428891601748,52.2899544755569,18.898,6.776
750,6.45430210984003,52.2899578664647,19.205,6.886
751,6.4543152822695,52.2899613289376,18.698,6.704
752,6.45432844293051,52.2899648307789,20.448,7.332
753,6.45434160359153,52.2899683326201,18.914,6.782
754,6.45435476425254,52.2899718344614,20.08,7.2
755,6.45436792491355,52.2899753363027,19.369,6.945
756,6.45438108557456,52.2899788381439,20.355,7.298
757,6.45439424623557,52.2899823399852,20.33,7.29
758,6.45440740689659,52.2899858418264,20.995,7.528
759,6.4544205675576,52.2899893436677,21.36,7.659
760,6.45443372821861,52.289992845509,20.833,7.47
761,6.45444688887962,52.2899963473502,21.605,7.747
762,6.45446004954063,52.2899998491915,22.659,8.125
763,6.45447321020165,52.2900033510327,21.273,7.628
764,6.45448637086266,52.290006852874,21.734,7.793
765,6.45449953152367,52.2900103547153,22.919,8.218
766,6.45451269218468,52.2900138565565,22.62,8.11
767,6.45452585284569,52.2900173583978,22.806,8.177
768,6.45453901350671,52.290020860239,23.444,8.406
769,6.45455218017089,52.2900243419982,22.481,8.061
770,6.45456537562026,52.2900277274639,22.728,8.149
771,6.45457857106963,52.2900311129296,22.72,8.146
772,6.454591766519,52.2900344983953,22.936,8.224
773,6.45460496196837,52.290037883861,23.949,8.587
774,6.45461815741774,52.2900412693266,22.16,7.946
775,6.45463135286712,52.2900446547923,22.434,8.044
776,6.45464454831649,52.290048040258,22.288,7.991
777,6.45465774376586,52.2900514257237,23.848,8.551
778,6.45467093280462,52.2900548326344,22.573,8.094
779,6.45468411951058,52.2900582473489,22.632,8.115
780,6.45469730621655,52.2900616620634,21.744,7.796
781,6.45471049292252,52.2900650767779,22.389,8.028
782,6.45472367962849,52.2900684914925,22.885,8.205
783,6.45473686633446,52.290071906207,22.338,8.01
784,6.45475005304042,52.2900753209215,21.925,7.861
785,6.45476323974639,52.290078735636,20.851,7.476
786,6.45477642645236,52.2900821503505,21.349,7.655
787,6.45478961315833,52.290085565065,21.387,7.668
788,6.45480279986429,52.2900889797795,20.465,7.338
789,6.45481598657026,52.290092394494,21.173,7.592
790,6.45482917327623,52.2900958092085,21.041,7.544
791,6.4548423599822,52.290099223923,19.935,7.148
792,6.45485554668816,52.2901026386375,20.395,7.313
793,6.45486873339413,52.290106053352,19.623,7.036
794,6.4548819201001,52.2901094680665,20.08,7.2
795,6.45489510680607,52.2901128827811,20.32,7.286
796,6.45490829351203,52.2901162974956,18.199,6.526
797,6.454921480218,52.2901197122101,19.017,6.819
798,6.45493503584107,52.2901218928066,19.058,6.833
799,6.45494860324486,52.2901240339936,17.45,6.257
800,6.45496190904967,52.2901270502933,17.419,6.246
801,6.45497502762851,52.2901306929098,17.156,6.151
802,6.45498814620735,52.2901343355262,17.173,6.158
803,6.45500126478619,52.2901379781426,16.8,6.024
804,6.45501465305089,52.2901407185939,16.661,5.974
805,6.45502811954873,52.290143197336,17.047,6.112
806,6.45504082240375,52.2901482306504,15.225,5.459
807,6.45505362254752,52.2901529385101,15.563,5.58
808,6.45506669625857,52.2901567312203,16.336,5.857
809,6.45507976996962,52.2901605239305,16.082,5.766
810,6.45509284368067,52.2901643166406,14.961,5.364
811,6.45510591739172,52.2901681093508,15.748,5.647
812,6.45511899110276,52.290171902061,16.045,5.753
813,6.45513206481381,52.2901756947712,15.091,5.411
814,6.45514513852486,52.2901794874813,14.391,5.16
815,6.45515821223591,52.2901832801915,15.373,5.512
816,6.45517128594696,52.2901870729017,15.754,5.649
817,6.45518435965801,52.2901908656119,14.11,5.059
818,6.45519743336906,52.290194658322,14.554,5.218
819,6.45521050708011,52.2901984510322,15.079,5.407
820,6.45522358079116,52.2902022437424,14.419,5.17
821,6.45523665450221,52.2902060364526,13.245,4.749
822,6.45524972821325,52.2902098291627,14.461,5.185
823,6.4552628019243,52.2902136218729,13.557,4.861
824,6.45527587563535,52.2902174145831,13.325,4.778
825,6.4552889493464,52.2902212072932,13.0,4.661
826,6.45530202305745,52.2902250000034,14.665,5.258
827,6.4553150967685,52.2902287927136,13.427,4.815
828,6.45532817047955,52.2902325854238,14.072,5.046
829,6.4553412441906,52.2902363781339,14.177,5.083
830,6.45535431790165,52.2902401708441,13.896,4.983
831,6.4553673916127,52.2902439635543,13.943,4.999
832,6.45538046532374,52.2902477562645,13.963,5.006
833,6.45539360315813,52.2902513344664,13.793,4.945
834,6.45540680027489,52.2902547143542,13.239,4.747
835,6.45541999739166,52.290258094242,13.164,4.72
836,6.45543309785113,52.2902617974722,13.58,4.869
837,6.45544619316088,52.2902655179294,13.548,4.858
838,6.45545928847062,52.2902692383867,13.856,4.968
839,6.45547238378037,52.2902729588439,14.234,5.104
840,6.45548547909011,52.2902766793012,13.772,4.938
841,6.45549857439986,52.2902803997584,13.078,4.689
842,6.45551166970961,52.2902841202157,12.257,4.395
843,6.45552476501935,52.2902878406729,13.074,4.688
844,6.4555378603291,52.2902915611302,12.723,4.562
845,6.45555095563884,52.2902952815874,13.071,4.687
846,6.45556405094859,52.2902990020447,13.631,4.887
847,6.45557714625833,52.2903027225019,13.526,4.85
848,6.45559024156808,52.2903064429592,14.558,5.22
849,6.45560333687782,52.2903101634164,13.737,4.926
850,6.45561643218757,52.2903138838737,14.565,5.222
851,6.45562952749731,52.2903176043309,13.852,4.967
852,6.45564262280706,52.2903213247881,14.059,5.041
853,6.4556557181168,52.2903250452454,13.198,4.732
854,6.45566881342655,52.2903287657026,12.767,4.578
855,6.45568190873629,52.2903324861599,13.124,4.706
856,6.45569500404604,52.2903362066171,13.37,4.794
857,6.45570805043235,52.2903400907352,12.997,4.66
858,6.45572108669424,52.290344008722,12.767,4.578
859,6.45573412295613,52.2903479267088,13.59,4.873
860,6.45574715921801,52.2903518446956,12.743,4.569
861,6.4557601954799,52.2903557626824,12.421,4.454
862,6.45577323174179,52.2903596806692,12.652,4.537
863,6.45578626800368,52.290363598656,13.163,4.72
864,6.45579930426557,52.2903675166427,12.707,4.556
865,6.45581234052746,52.2903714346295,13.145,4.713
866,6.45582537678934,52.2903753526163,13.621,4.884
867,6.45583841305123,52.2903792706031,13.594,4.874
868,6.45585144931312,52.2903831885899,12.856,4.61
869,6.45586448557501,52.2903871065767,12.466,4.47
870,6.45587758960534,52.2903907978614,12.883,4.619
871,6.45589075912534,52.2903942700672,13.595,4.875
872,6.45590392864535,52.290397742273,13.721,4.92
873,6.45591709816535,52.2904012144787,13.394,4.802
874,6.45593034941436,52.2904044132809,13.881,4.977
875,6.45594384318874,52.2904068007764,14.179,5.084
876,6.45595733696313,52.2904091882719,12.865,4.613
877,6.45596993817693,52.290414561601,14.012,5.024
878,6.45598223090123,52.2904209669031,12.972,4.651
879,6.45599515274179,52.2904252676572,13.712,4.917
880,6.45600822157846,52.2904290766734,13.516,4.846
881,6.45602129041514,52.2904328856895,11.924,4.275
882,6.45603435925181,52.2904366947057,12.506,4.484
883,6.45604742808848,52.2904405037219,12.343,4.426
884,6.45606049692515,52.290444312738,12.0,4.303
885,6.45607356576182,52.2904481217542,13.552,4.859
886,6.4560866345985,52.2904519307703,14.238,5.105
887,6.45609969992528,52.2904557515279,12.857,4.61
888,6.45611275467363,52.290459607673,13.497,4.839
889,6.45612580942197,52.290463463818,13.854,4.968
890,6.45613886417032,52.2904673199631,13.09,4.694
891,6.45615191891867,52.2904711761081,12.939,4.639
892,6.45616493715655,52.2904751543896,12.796,4.588
893,6.4561779208518,52.2904792482247,13.243,4.748
894,6.45619090454704,52.2904833420598,13.427,4.814
895,6.45620388824229,52.2904874358948,13.17,4.722
896,6.45621687193754,52.2904915297299,13.136,4.71
897,6.45622985563278,52.290495623565,12.84,4.604
898,6.45624283932803,52.2904997174,11.92,4.274
899,6.45625582302328,52.2905038112351,13.37,4.794
900,6.45626880671853,52.2905079050702,12.072,4.329
901,6.45628179041377,52.2905119989053,13.178,4.725
902,6.45629481687268,52.2905159496854,13.244,4.749
903,6.45630806114566,52.2905191718242,12.114,4.344
904,6.45632103581066,52.2905232958676,12.413,4.451
905,6.45633401047566,52.2905274199111,14.004,5.021
906,6.45634698514066,52.2905315439545,12.695,4.552
907,6.45635995980566,52.290535667998,12.009,4.306
908,6.45637293447066,52.2905397920415,13.183,4.727
909,6.45638590913566,52.2905439160849,12.243,4.39
910,6.45639888380066,52.2905480401284,11.554,4.143
911,6.45641185846566,52.2905521641718,12.974,4.652
912,6.45642483313066,52.2905562882153,12.115,4.344
913,6.45643780779566,52.2905604122587,12.828,4.6
914,6.45645078246066,52.2905645363022,12.147,4.355
915,6.45646375712566,52.2905686603456,13.026,4.671
916,6.45647673179066,52.2905727843891,12.704,4.555
917,6.45648970645566,52.2905769084325,11.058,3.965
918,6.45650268112067,52.290581032476,12.791,4.586
919,6.45651565578567,52.2905851565194,12.382,4.44
920,6.45652863045067,52.2905892805629,13.371,4.794
921,6.45654160511567,52.2905934046064,12.755,4.574
922,6.45655457978067,52.2905975286498,12.953,4.645
923,6.45656755444567,52.2906016526933,12.076,4.33
924,6.45658052911067,52.2906057767367,12.015,4.308
925,6.45659350377567,52.2906099007802,12.45,4.464
926,6.45660647844067,52.2906140248236,12.239,4.388
927,6.45661945310567,52.2906181488671,13.224,4.742
928,6.45663242777067,52.2906222729105,12.333,4.422
929,6.45664540243567,52.290626396954,11.688,4.191
930,6.45665837710067,52.2906305209974,11.908,4.27
931,6.45667137939363,52.2906345526186,12.948,4.643
932,6.45668439417701,52.2906385424563,12.269,4.399
933,6.45669740896038,52.2906425322939,12.223,4.383
934,6.45671042374376,52.2906465221316,12.963,4.648
935,6.45672343852714,52.2906505119693,11.788,4.227
936,6.45673645331051,52.2906545018069,10.998,3.943
937,6.45674946809389,52.2906584916446,11.797,4.23
938,6.45676248287727,52.2906624814823,12.428,4.456
939,6.45677549766065,52.2906664713199,12.125,4.348
940,6.45678851244402,52.2906704611576,11.341,4.067
941,6.4568015272274,52.2906744509952,12.844,4.605
942,6.45681454201078,52.2906784408329,12.329,4.421
943,6.45682755679415,52.2906824306706,12.449,4.464
944,6.45684055722907,52.2906864685074,12.454,4.466
945,6.45685349489269,52.2906907163295,11.431,4.099
946,6.45686643255631,52.2906949641516,12.361,4.432
947,6.45687942237541,52.2906990375009,12.704,4.555
948,6.45689247711868,52.2907028936629,12.829,4.6
949,6.45690553186194,52.290706749825,12.57,4.507
950,6.4569185866052,52.2907106059871,12.436,4.459
951,6.45693164134847,52.2907144621491,11.101,3.98
952,6.45694469609173,52.2907183183112,12.102,4.339
953,6.456957750835,52.2907221744732,11.537,4.137
954,6.45697080557826,52.2907260306353,12.842,4.605
955,6.45698377156673,52.2907301837039,12.742,4.569
956,6.456996708774,52.2907344330526,11.507,4.126
957,6.45700964598126,52.2907386824014,12.028,4.313
958,6.45702258318852,52.2907429317501,12.191,4.371
959,6.45703552039578,52.2907471810989,12.564,4.505
960,6.45704845760305,52.2907514304476,11.038,3.958
961,6.45706132322062,52.2907559192814,10.714,3.842
962,6.45707418154739,52.2907604325048,12.026,4.312
963,6.45708703987416,52.2907649457281,10.505,3.767
964,6.45709989820094,52.2907694589514,12.077,4.33
965,6.45711275652771,52.2907739721747,12.323,4.418
966,6.45712561485448,52.290778485398,12.692,4.551
967,6.45713847318126,52.2907829986213,11.59,4.156
968,6.45715133150803,52.2907875118446,12.042,4.318
969,6.4571641898348,52.2907920250679,12.321,4.418
970,6.45717704816158,52.2907965382912,11.238,4.03
971,6.45718990648835,52.2908010515145,12.46,4.468
972,6.45720276481512,52.2908055647378,12.074,4.329
973,6.4572156231419,52.2908100779611,11.549,4.141
974,6.45722848146867,52.2908145911844,11.98,4.296
975,6.45724133979545,52.2908191044077,11.807,4.234
976,6.45725419812222,52.290823617631,12.341,4.425
977,6.45726705644899,52.2908281308543,11.663,4.182
978,6.45727991477577,52.2908326440776,12.001,4.303
979,6.45729277310254,52.2908371573009,11.495,4.122
980,6.45730563142931,52.2908416705243,11.302,4.052
981,6.45731848975609,52.2908461837476,11.948,4.284
982,6.45733134808286,52.2908506969709,11.313,4.056
983,6.45734420640963,52.2908552101942,12.305,4.412
984,6.45735706473641,52.2908597234175,12.177,4.366
985,6.45736992306318,52.2908642366408,11.373,4.078
986,6.45738278138995,52.2908687498641,11.943,4.282
987,6.45739563971673,52.2908732630874,11.359,4.073
988,6.4574084980435,52.2908777763107,10.863,3.895
989,6.45742135637027,52.290882289534,11.45,4.105
990,6.45743421469705,52.2908868027573,11.766,4.219
991,6.45744707302382,52.2908913159806,12.098,4.338
992,6.45745993135059,52.2908958292039,11.874,4.258
993,6.45747278967737,52.2909003424272,12.316,4.416
994,6.45748564800414,52.2909048556505,11.201,4.016
995,6.45749850633092,52.2909093688738,11.552,4.142
996,6.45751136465769,52.2909138820971,12.737,4.567
997,6.45752422298446,52.2909183953205,10.63,3.811
998,6.45753708131124,52.2909229085438,11.496,4.122
999,6.45754993963801,52.2909274217671,11.128,3.99
1000,6.45756279796478,52.2909319349904,11.64,4.174
1001,6.45757565629156,52.2909364482137,11.497,4.122
1002,6.45758851461833,52.290940961437,12.103,4.34
1003,6.4576013729451,52.2909454746603,11.896,4.266
1004,6.45761423127188,52.2909499878836,10.975,3.935
1005,6.45762708959865,52.2909545011069,11.395,4.086
1006,6.45763994792542,52.2909590143302,11.738,4.209
1007,6.4576528062522,52.2909635275535,12.171,4.364
1008,6.45766566457897,52.2909680407768,13.164,4.72
1009,6.45767843365952,52.2909728525506,12.145,4.355
1010,6.45769113339776,52.2909778962914,11.134,3.992
1011,6.457703833136,52.2909829400321,11.672,4.185
1012,6.45771653287424,52.2909879837729,11.832,4.243
1013,6.45772941189944,52.2909924277549,11.419,4.094
1014,6.45774232674712,52.290996751902,11.999,4.302
1015,6.4577552415948,52.291001076049,10.385,3.724
1016,6.45776815644247,52.291005400196,12.045,4.319
1017,6.45778107129015,52.2910097243431,11.439,4.101
1018,6.45779397846868,52.2910140741453,11.653,4.178
1019,6.4578067164206,52.291018990052,12.579,4.51
1020,6.45781953790718,52.2910236265147,10.974,3.935
1021,6.45783239794417,52.2910281340169,11.875,4.258
1022,6.45784525798116,52.2910326415192,12.181,4.368
1023,6.45785811801815,52.2910371490214,11.814,4.236
1024,6.45787097805514,52.2910416565236,10.764,3.859
1025,6.45788383809213,52.2910461640258,12.507,4.484
1026,6.45789669812912,52.291050671528,11.588,4.155
1027,6.45790955816611,52.2910551790302,11.402,4.088
1028,6.4579224182031,52.2910596865324,11.529,4.134
1029,6.45793527824009,52.2910641940347,11.487,4.119
1030,6.45794813827708,52.2910687015369,11.012,3.948
1031,6.45796099831407,52.2910732090391,11.809,4.234
1032,6.45797385835106,52.2910777165413,11.36,4.073
1033,6.45798671838805,52.2910822240435,12.106,4.341
1034,6.45799957842504,52.2910867315457,12.016,4.309
1035,6.45801243846203,52.291091239048,12.668,4.542
1036,6.45802529849902,52.2910957465502,11.588,4.155
1037,6.45803815853601,52.2911002540524,11.24,4.03
1038,6.45805101857299,52.2911047615546,10.849,3.89
1039,6.45806387860998,52.2911092690568,13.004,4.663
1040,6.45807673864697,52.291113776559,12.104,4.34
1041,6.45808959868396,52.2911182840612,11.308,4.054
1042,6.45810245872095,52.2911227915635,12.711,4.558
1043,6.45811531875794,52.2911272990657,12.514,4.487
1044,6.45812817879493,52.2911318065679,10.922,3.916
1045,6.45814103883192,52.2911363140701,11.274,4.043
1046,6.45815389886891,52.2911408215723,11.64,4.174
1047,6.4581667589059,52.2911453290745,11.09,3.976
1048,6.45817961894289,52.2911498365767,11.663,4.182
1049,6.45819247897988,52.291154344079,12.14,4.353
1050,6.45820533901687,52.2911588515812,10.914,3.913
1051,6.45821819905386,52.2911633590834,11.895,4.265
1052,6.45823105909085,52.2911678665856,12.411,4.45
1053,6.45824391912784,52.2911723740878,11.96,4.288
1054,6.45825677916483,52.29117688159,11.682,4.189
1055,6.45826967649026,52.2911812643533,11.334,4.064
1056,6.45828260110534,52.291185555826,12.217,4.381
1057,6.45829552572042,52.2911898472986,11.037,3.958
1058,6.4583084503355,52.2911941387713,11.874,4.257
1059,6.45832137495058,52.291198430244,11.747,4.212
1060,6.45833429956567,52.2912027217167,12.396,4.445
1061,6.45834722418075,52.2912070131894,11.392,4.085
1062,6.45836014879583,52.2912113046621,11.444,4.103
1063,6.45837307341091,52.2912155961348,11.007,3.947
1064,6.45838598814777,52.2912199206525,11.997,4.301
1065,6.45839887462362,52.2912243397103,11.492,4.12
1066,6.45841176109947,52.291228758768,11.235,4.029
1067,6.45842464757532,52.2912331778258,11.293,4.049
1068,6.45843752177854,52.2912376379385,12.062,4.325
1069,6.45845036912324,52.2912421878995,11.099,3.98
1070,6.45846321646793,52.2912467378606,11.153,3.999
1071,6.45847606381263,52.2912512878216,12.278,4.403
1072,6.45848891115733,52.2912558377827,11.655,4.179
1073,6.45850175850202,52.2912603877437,12.317,4.416
1074,6.45851460584672,52.2912649377047,11.546,4.14
1075,6.45852754584984,52.2912691777007,11.758,4.216
1076,6.45854080587041,52.2912723471599,11.853,4.25
1077,6.45855406589098,52.2912755166191,12.579,4.51
1078,6.45856732591154,52.2912786860783,12.533,4.494
1079,6.45858058593211,52.2912818555375,12.446,4.463
1080,6.45859384595268,52.2912850249968,11.4,4.088
1081,6.45860710597325,52.291288194456,11.192,4.013
1082,6.45861998456293,52.2912926398949,12.222,4.382
1083,6.45863258917207,52.2912980018658,12.587,4.513
1084,6.45864516383744,52.291303464006,12.464,4.469
1085,6.45865773850281,52.2913089261461,11.79,4.227
1086,6.4586705346526,52.2913136473666,12.213,4.379
1087,6.45868365106942,52.2913172972155,12.226,4.384
1088,6.45869676748625,52.2913209470644,11.878,4.259
1089,6.45870985049074,52.2913247086858,11.906,4.269
1090,6.45872229590465,52.2913306032037,11.854,4.25
1091,6.4587351215106,52.2913352258862,11.336,4.064
1092,6.45874794711654,52.2913398485687,11.399,4.087
1093,6.45876077272249,52.2913444712512,11.393,4.085
1094,6.45877359832843,52.2913490939336,10.868,3.897
1095,6.45878642393438,52.2913537166161,11.896,4.265
1096,6.45879924954033,52.2913583392986,11.791,4.228
1097,6.45881188269988,52.2913636057614,12.267,4.398
1098,6.45882410701425,52.2913702399114,12.564,4.505
1099,6.45883783951057,52.2913718288236,12.604,4.519
1100,6.45885057801771,52.2913767428729,12.663,4.541
1101,6.45886331652485,52.2913816569222,11.388,4.083
1102,6.45887605503199,52.2913865709715,10.995,3.942
1103,6.45888879353913,52.2913914850208,12.388,4.442
1104,6.45890153204627,52.2913963990701,12.657,4.538
1105,6.4589142705534,52.2914013131195,12.764,4.577
1106,6.45892700906054,52.2914062271688,12.138,4.352
1107,6.45893974756768,52.2914111412181,10.683,3.83
1108,6.45895248607482,52.2914160552674,12.076,4.33
1109,6.45896522458196,52.2914209693167,12.192,4.372
1110,6.4589779630891,52.2914258833661,12.606,4.52
1111,6.45899070159624,52.2914307974154,12.715,4.559
1112,6.45900347832445,52.2914355836058,12.414,4.451
1113,6.45901633319802,52.291440108381,11.538,4.137
1114,6.45902918807159,52.2914446331561,11.283,4.046
1115,6.45904204294516,52.2914491579312,12.207,4.377
1116,6.45905489781872,52.2914536827063,11.432,4.099
1117,6.45906775269229,52.2914582074814,12.771,4.579
1118,6.45908060756586,52.2914627322566,10.906,3.91
1119,6.45909346243943,52.2914672570317,12.247,4.391
1120,6.459106317313,52.2914717818068,12.106,4.341
1121,6.45911917218657,52.2914763065819,11.802,4.232
1122,6.45913202706014,52.291480831357,11.385,4.082
1123,6.45914488193371,52.2914853561322,10.722,3.844
1124,6.45915773680728,52.2914898809073,11.628,4.169
1125,6.45917059168085,52.2914944056824,11.644,4.175
1126,6.45918344655442,52.2914989304575,12.605,4.52
1127,6.45919630142798,52.2915034552326,11.497,4.122
1128,6.45920915630155,52.2915079800078,12.229,4.385
1129,6.45922201117512,52.2915125047829,11.209,4.019
1130,6.45923486604869,52.291517029558,12.257,4.395
1131,6.45924772092226,52.2915215543331,10.665,3.824
1132,6.45926057579583,52.2915260791082,13.219,4.74
1133,6.4592734306694,52.2915306038834,11.91,4.27
1134,6.45928628554297,52.2915351286585,10.356,3.713
1135,6.45929914041654,52.2915396534336,11.583,4.153
1136,6.45931199529011,52.2915441782087,11.497,4.122
1137,6.45932485016368,52.2915487029838,11.632,4.171
1138,6.45933770503724,52.291553227759,11.81,4.235
1139,6.45935055991081,52.2915577525341,11.641,4.174
1140,6.45936341478438,52.2915622773092,11.557,4.144
1141,6.45937626965795,52.2915668020843,11.362,4.074
1142,6.45938912453152,52.2915713268594,12.534,4.494
1143,6.45940197940509,52.2915758516346,12.764,4.576
1144,6.45941483427866,52.2915803764097,11.914,4.272
1145,6.45942768915223,52.2915849011848,12.06,4.324
1146,6.4594405440258,52.2915894259599,11.415,4.093
1147,6.45945339889937,52.291593950735,12.126,4.348
1148,6.45946625377294,52.2915984755102,12.226,4.384
1149,6.45947910898115,52.2916029991658,11.969,4.291
1150,6.45949202861546,52.2916073073004,12.338,4.424
1151,6.45950498801365,52.2916114824151,12.293,4.408
1152,6.45951794741184,52.2916156575297,11.498,4.123
1153,6.45953090681004,52.2916198326444,12.827,4.599
1154,6.45954386620823,52.291624007759,12.01,4.306
1155,6.45955682560643,52.2916281828737,13.125,4.706
1156,6.45956967590155,52.2916327229648,12.393,4.444
1157,6.45958250853586,52.2916373221357,13.312,4.773
1158,6.45959534117017,52.2916419213066,12.851,4.608
1159,6.45960817380449,52.2916465204775,12.301,4.411
1160,6.4596210064388,52.2916511196484,11.749,4.213
1161,6.45963383907311,52.2916557188192,11.769,4.22
1162,6.45964667170742,52.2916603179901,12.502,4.483
1163,6.45965950434173,52.291664917161,12.279,4.403
1164,6.45967233697604,52.2916695163319,11.856,4.251
1165,6.45968516961036,52.2916741155028,12.699,4.553
1166,6.45969800224467,52.2916787146736,12.239,4.388
1167,6.45971083487898,52.2916833138445,12.716,4.56
1168,6.45972366751329,52.2916879130154,11.656,4.179
1169,6.4597365001476,52.2916925121863,12.825,4.598
1170,6.45974933278191,52.2916971113572,12.538,4.496
1171,6.45976216541622,52.2917017105281,12.955,4.645
1172,6.45977499805054,52.2917063096989,12.832,4.601
1173,6.45978782485045,52.2917109283873,12.214,4.379
1174,6.45980067673083,52.2917154631754,12.174,4.365
1175,6.45981354731095,52.2917199354082,13.326,4.778
1176,6.45982641789107,52.2917244076411,12.113,4.343
1177,6.45983928847118,52.291728879874,12.731,4.565
1178,6.4598521590513,52.2917333521068,12.073,4.329
1179,6.45986502963142,52.2917378243397,11.209,4.019
1180,6.45987790021154,52.2917422965726,11.589,4.155
1181,6.45989077079166,52.2917467688055,12.556,4.502
1182,6.45990364137177,52.2917512410383,12.736,4.567
1183,6.45991651195189,52.2917557132712,12.57,4.507
1184,6.45992938253201,52.2917601855041,13.01,4.665
1185,6.45994225311212,52.2917646577369,12.573,4.508
1186,6.45995512369224,52.2917691299698,11.893,4.264
1187,6.45996799427236,52.2917736022027,12.704,4.555
1188,6.45998086485248,52.2917780744355,12.461,4.468
1189,6.4599937354326,52.2917825466684,12.029,4.313
1190,6.46000660601271,52.2917870189013,12.651,4.536
1191,6.46001947659283,52.2917914911342,12.426,4.455
1192,6.46003234392044,52.2917959742475,12.03,4.313
1193,6.4600452108733,52.2918004586144,12.287,4.405
1194,6.46005807782616,52.2918049429813,13.228,4.743
1195,6.46007094477902,52.2918094273483,13.215,4.738
1196,6.46008381173188,52.2918139117152,12.519,4.489
1197,6.46009668090276,52.2918183886623,12.448,4.463
1198,6.46010956242252,52.2918228242994,11.577,4.151
1199,6.46012244394228,52.2918272599365,13.437,4.818
1200,6.46013532546204,52.2918316955736,13.041,4.676
1201,6.4601482069818,52.2918361312107,12.879,4.618
1202,6.46016108850156,52.2918405668478,11.105,3.982
1203,6.46017397002132,52.2918450024848,12.472,4.472
1204,6.46018685154108,52.2918494381219,12.378,4.438
1205,6.46019973780607,52.2918538578851,12.86,4.611
1206,6.46021262664873,52.2918582690253,12.199,4.374
1207,6.46022551549139,52.2918626801655,12.333,4.422
1208,6.46023840433405,52.2918670913056,12.839,4.603
1209,6.46025129317671,52.2918715024458,12.025,4.312
1210,6.46026418310289,52.2918759099614,12.147,4.356
1211,6.46027707460871,52.2918803121927,12.604,4.519
1212,6.46028996611453,52.2918847144239,13.283,4.763
1213,6.46030285762035,52.2918891166552,12.976,4.653
1214,6.46031574912617,52.2918935188865,13.138,4.711
1215,6.46032864063199,52.2918979211178,12.548,4.499
1216,6.46034153213781,52.291902323349,13.395,4.803
1217,6.46035442364363,52.2919067255803,11.497,4.122
1218,6.46036731426584,52.2919111307675,13.715,4.918
1219,6.46038020380686,52.2919155395715,13.797,4.947
1220,6.46039309334787,52.2919199483755,12.805,4.591
1221,6.46040598288889,52.2919243571795,13.031,4.672
1222,6.4604188724299,52.2919287659835,12.524,4.491
1223,6.46043201412691,52.2919323312641,12.428,4.456
1224,6.46044517773031,52.2919358232623,12.197,4.373
1225,6.46045812924536,52.291940024748,12.533,4.494
1226,6.46047098024958,52.291944562467,12.894,4.623
1227,6.46048383125381,52.2919491001861,12.819,4.596
1228,6.46049668225804,52.2919536379051,13.745,4.929
1229,6.46050953326226,52.2919581756241,12.641,4.533
1230,6.46052238426649,52.2919627133431,11.712,4.199
1231,6.46053524702704,52.2919672117343,13.56,4.862
1232,6.46054813660824,52.2919716204039,11.88,4.26
1233,6.46056102618944,52.2919760290735,12.274,4.401
1234,6.46057391577064,52.2919804377431,12.769,4.578
1235,6.46058680535184,52.2919848464127,12.859,4.611
1236,6.46059969493304,52.2919892550823,11.77,4.22
1237,6.46061258451424,52.2919936637519,12.186,4.369
1238,6.46062547409544,52.2919980724215,11.76,4.217
1239,6.46063836367664,52.2920024810911,13.002,4.662
1240,6.46065125325784,52.2920068897607,13.338,4.782
1241,6.4606641201731,52.2920113742534,11.929,4.277
1242,6.46067693256717,52.2920160411329,13.239,4.747
1243,6.46068974496125,52.2920207080123,13.207,4.736
1244,6.46070255735533,52.2920253748917,12.278,4.402
1245,6.46071536974941,52.2920300417711,11.506,4.126
1246,6.46072818214348,52.2920347086505,12.048,4.32
1247,6.46074097633709,52.292039436415,12.334,4.423
1248,6.46075370689062,52.2920443770711,13.597,4.875
1249,6.46076643744416,52.2920493177272,12.628,4.528
1250,6.46077916799769,52.2920542583832,12.111,4.343
1251,6.46079189855122,52.2920591990393,12.797,4.589
1252,6.46080462910476,52.2920641396954,11.955,4.287
1253,6.46081735965829,52.2920690803515,13.026,4.671
1254,6.46083009021182,52.2920740210075,12.156,4.359
1255,6.46084282076536,52.2920789616636,12.248,4.392
1256,6.46085555131889,52.2920839023197,12.966,4.649
1257,6.46086828187242,52.2920888429758,13.782,4.942
1258,6.46088101242596,52.2920937836318,14.052,5.039
1259,6.46089374297949,52.2920987242879,12.156,4.358
1260,6.46090647353302,52.292103664944,12.424,4.455
1261,6.46091920408656,52.2921086056001,13.086,4.692
1262,6.46093193464009,52.2921135462561,13.478,4.833
1263,6.46094466519362,52.2921184869122,11.526,4.133
1264,6.46095739574716,52.2921234275683,12.858,4.61
1265,6.46097012630069,52.2921283682244,12.528,4.492
1266,6.46098285685422,52.2921333088804,11.692,4.192
1267,6.46099558740776,52.2921382495365,12.045,4.319
1268,6.46100831796129,52.2921431901926,12.506,4.484
1269,6.46102104851482,52.2921481308487,12.884,4.62
1270,6.46103377906836,52.2921530715047,13.451,4.823
1271,6.46104650962189,52.2921580121608,13.075,4.688
1272,6.46105924017542,52.2921629528169,13.433,4.817
1273,6.46107212403357,52.2921673806315,12.901,4.626
1274,6.46108514157486,52.2921713612433,12.48,4.475
1275,6.46109815911614,52.2921753418551,12.796,4.588
1276,6.46111117665743,52.2921793224668,13.323,4.777
1277,6.46112419419872,52.2921833030786,13.531,4.852
1278,6.46113721174001,52.2921872836904,12.847,4.606
1279,6.4611502292813,52.2921912643021,12.398,4.445
1280,6.46116324682259,52.2921952449139,13.152,4.716
1281,6.46117626436388,52.2921992255257,13.246,4.75
1282,6.46118928190516,52.2922032061375,13.701,4.913
1283,6.46120229944645,52.2922071867492,12.587,4.513
1284,6.46121531698774,52.292211167361,12.605,4.52
1285,6.46122833452903,52.2922151479728,13.453,4.824
1286,6.46124135207032,52.2922191285846,12.78,4.582
1287,6.46125438173298,52.2922230686474,12.767,4.578
1288,6.46126754898087,52.2922265484539,13.78,4.941
1289,6.46128071622876,52.2922300282604,12.248,4.392
1290,6.46129379078125,52.2922338181558,14.276,5.119
1291,6.46130669902701,52.2922381643879,12.718,4.56
1292,6.46131960727276,52.29224251062,13.601,4.877
1293,6.46133251551852,52.2922468568521,13.039,4.675
1294,6.46134542376427,52.2922512030842,13.276,4.76
1295,6.46135833201003,52.2922555493162,12.974,4.652
1296,6.46137124025579,52.2922598955483,13.646,4.893
1297,6.46138414850154,52.2922642417804,12.951,4.644
1298,6.4613970567473,52.2922685880125,12.832,4.601
1299,6.46140996499305,52.2922729342446,14.249,5.109
1300,6.46142287323881,52.2922772804767,13.214,4.738
1301,6.46143578148456,52.2922816267088,12.813,4.594
1302,6.46144868973032,52.2922859729409,12.349,4.428
1303,6.46146159797607,52.292290319173,14.337,5.141
1304,6.46147450622183,52.2922946654051,12.931,4.636
1305,6.46148739661488,52.2922990713588,14.484,5.193
1306,6.46150024796087,52.2923036079346,13.521,4.848
1307,6.46151309930685,52.2923081445103,13.387,4.8
1308,6.46152595065284,52.2923126810861,13.419,4.812
1309,6.46153880199883,52.2923172176618,14.64,5.249
1310,6.46155165334482,52.2923217542375,12.065,4.326
1311,6.4615645046908,52.2923262908133,13.498,4.84
1312,6.46157735603679,52.292330827389,13.234,4.745
1313,6.46159020738278,52.2923353639648,13.283,4.763
1314,6.46160305872877,52.2923399005405,13.516,4.846
1315,6.46161591007475,52.2923444371163,13.291,4.766
1316,6.46162876142074,52.292348973692,13.579,4.869
1317,6.46164161276673,52.2923535102678,13.476,4.832
1318,6.46165446411271,52.2923580468435,12.739,4.568
1319,6.46166730682264,52.292362612309,13.759,4.933
1320,6.46168013327802,52.2923672321499,13.979,5.012
1321,6.46169295973339,52.2923718519909,13.263,4.756
1322,6.46170578618876,52.2923764718318,14.705,5.273
1323,6.46171861264413,52.2923810916728,14.418,5.17
1324,6.4617314390995,52.2923857115137,14.156,5.076
1325,6.46174426555487,52.2923903313547,14.177,5.083
1326,6.46175709201025,52.2923949511956,13.735,4.925
1327,6.46176991846562,52.2923995710365,14.418,5.17
1328,6.46178274492099,52.2924041908775,14.702,5.272
1329,6.46179561889296,52.2924086517638,14.287,5.123
1330,6.46180854471824,52.292412939188,13.51,4.844
1331,6.46182147054353,52.2924172266123,13.858,4.969
1332,6.46183439636881,52.2924215140366,14.255,5.111
1333,6.4618473221941,52.2924258014608,14.449,5.181
1334,6.46186024801938,52.2924300888851,13.951,5.002
1335,6.46187317384467,52.2924343763093,13.706,4.914
1336,6.46188609966995,52.2924386637336,15.014,5.384
1337,6.46189902549524,52.2924429511579,13.498,4.84
1338,6.46191195132052,52.2924472385821,13.623,4.884
1339,6.46192487714581,52.2924515260064,13.445,4.821
1340,6.46193780297109,52.2924558134306,13.723,4.92
1341,6.46195072879638,52.2924601008549,15.066,5.402
1342,6.46196365462166,52.2924643882792,15.142,5.429
1343,6.46197658044695,52.2924686757034,14.404,5.165
1344,6.46198956866631,52.2924727544042,14.801,5.307
1345,6.46200257608814,52.2924767688681,14.567,5.223
1346,6.46201558350997,52.2924807833319,13.939,4.998
1347,6.4620285909318,52.2924847977957,16.014,5.742
1348,6.46204159835363,52.2924888122596,15.591,5.59
1349,6.46205460577546,52.2924928267234,15.066,5.402
1350,6.46206761319729,52.2924968411873,14.433,5.175
1351,6.46208062061912,52.2925008556511,14.886,5.337
1352,6.46209362804095,52.2925048701149,14.696,5.269
1353,6.46210663546278,52.2925088845788,15.249,5.468
1354,6.46211964288461,52.2925128990426,15.465,5.545
1355,6.46213265030644,52.2925169135065,15.178,5.442
1356,6.46214565772827,52.2925209279703,14.621,5.243
1357,6.4621586651501,52.2925249424341,16.833,6.036
1358,6.46217167257193,52.292528956898,15.824,5.674
1359,6.46218467999376,52.2925329713618,16.063,5.759
1360,6.46219768741559,52.2925369858257,15.659,5.615
1361,6.46221051846905,52.2925415902849,15.106,5.416
1362,6.46222334849078,52.2925461981955,16.096,5.771
1363,6.46223617851252,52.2925508061061,16.079,5.765
1364,6.46224900853425,52.2925554140167,16.815,6.029
1365,6.46226183855599,52.2925600219272,17.063,6.118
1366,6.46227466857772,52.2925646298378,17.116,6.137
1367,6.46228749859946,52.2925692377484,17.387,6.234
1368,6.4623003286212,52.292573845659,18.01,6.457
1369,6.46231315864293,52.2925784535696,17.325,6.212
1370,6.46232598866467,52.2925830614802,17.893,6.416
1371,6.4623388186864,52.2925876693908,17.691,6.343
1372,6.46235164870814,52.2925922773014,16.441,5.895
1373,6.46236447872987,52.2925968852119,17.629,6.321
1374,6.4623773091482,52.2926014917958,17.374,6.23
1375,6.46239014748879,52.2926060718778,18.189,6.522
1376,6.46240298582938,52.2926106519598,17.758,6.367
1377,6.46241582416997,52.2926152320418,18.753,6.724
1378,6.46242866251055,52.2926198121238,19.151,6.867
1379,6.46244150085114,52.2926243922058,19.461,6.978
1380,6.46245433919173,52.2926289722878,19.887,7.131
1381,6.46246717753232,52.2926335523697,18.133,6.502
1382,6.46248001587291,52.2926381324517,18.599,6.669
1383,6.4624928542135,52.2926427125337,21.214,7.606
1384,6.46250569255409,52.2926472926157,20.275,7.27
1385,6.46251853089468,52.2926518726977,20.004,7.173
1386,6.46253136923526,52.2926564527797,20.083,7.201
1387,6.46254420757585,52.2926610328617,20.224,7.251
1388,6.46255704591644,52.2926656129437,19.313,6.925
1389,6.46256988425703,52.2926701930256,20.19,7.239
1390,6.46258272259762,52.2926747731076,20.772,7.448
1391,6.46259556093821,52.2926793531896,20.61,7.39
1392,6.4626083992788,52.2926839332716,20.879,7.486
1393,6.46262123761939,52.2926885133536,22.92,8.218
1394,6.46263407595997,52.2926930934356,21.458,7.694
1395,6.46264691430056,52.2926976735176,21.958,7.873
1396,6.46265975264115,52.2927022535995,22.124,7.933
1397,6.46267259098174,52.2927068336815,22.513,8.072
1398,6.46268542932233,52.2927114137635,22.068,7.913
1399,6.46269826766292,52.2927159938455,23.261,8.34
1400,6.46271110600351,52.2927205739275,22.965,8.234
1401,6.46272394434409,52.2927251540095,22.119,7.931
1402,6.46273678268468,52.2927297340915,22.981,8.24
1403,6.46274962102527,52.2927343141735,23.107,8.285
1404,6.46276243778265,52.2927389664566,23.24,8.333
1405,6.46277525405464,52.2927436203634,23.822,8.542
1406,6.46278807032664,52.2927482742702,24.045,8.622
1407,6.46280088659864,52.292752928177,24.12,8.648
1408,6.46281370287064,52.2927575820839,24.153,8.66
1409,6.46282651914264,52.2927622359907,24.136,8.654
1410,6.46283933541464,52.2927668898975,22.946,8.228
1411,6.46285215168664,52.2927715438043,24.788,8.888
1412,6.46286496795864,52.2927761977111,24.729,8.867
1413,6.46287778423064,52.292780851618,23.967,8.594
1414,6.46289060050264,52.2927855055248,24.809,8.895
1415,6.46290341677464,52.2927901594316,25.115,9.005
1416,6.46291623304663,52.2927948133384,25.504,9.145
1417,6.46292904931863,52.2927994672453,25.189,9.032
1418,6.46294186559063,52.2928041211521,25.144,9.016
1419,6.46295468186263,52.2928087750589,25.57,9.168
1420,6.46296749813463,52.2928134289657,24.882,8.921
1421,6.46298031440663,52.2928180828726,25.345,9.088
1422,6.46299313067863,52.2928227367794,24.769,8.881
1423,6.46300594695063,52.2928273906862,25.811,9.255
1424,6.46301876322263,52.292832044593,24.227,8.687
1425,6.46303157949463,52.2928366984998,25.66,9.201
1426,6.46304443289427,52.2928412282056,25.188,9.031
1427,6.46305729250313,52.29284573714,25.734,9.227
1428,6.46307015211198,52.2928502460744,24.688,8.852
1429,6.46308301172084,52.2928547550089,25.172,9.026
1430,6.4630958713297,52.2928592639433,25.119,9.006
1431,6.46310873093856,52.2928637728777,25.294,9.069
1432,6.46312159054741,52.2928682818121,24.37,8.738
1433,6.46313445015627,52.2928727907466,25.299,9.071
1434,6.46314730976513,52.292877299681,23.771,8.523
1435,6.46316016937399,52.2928818086154,24.388,8.744
1436,6.46317302898284,52.2928863175498,23.778,8.526
1437,6.4631858885917,52.2928908264842,25.093,8.997
1438,6.46319874820056,52.2928953354187,24.744,8.872
1439,6.46321160780942,52.2928998443531,24.672,8.846
1440,6.46322446741827,52.2929043532875,25.159,9.021
1441,6.46323732702713,52.2929088622219,23.99,8.602
1442,6.46325018663599,52.2929133711563,24.411,8.753
1443,6.46326304624485,52.2929178800908,23.963,8.592
1444,6.4632759058537,52.2929223890252,23.739,8.512
1445,6.46328876546256,52.2929268979596,24.42,8.756
1446,6.46330162507142,52.292931406894,24.732,8.868
1447,6.46331448468028,52.2929359158284,23.106,8.285
1448,6.46332734428913,52.2929404247629,23.698,8.497
1449,6.46334022436471,52.2929448652311,23.24,8.333
1450,6.46335311264979,52.2929492782365,23.088,8.278
1451,6.46336600093486,52.292953691242,22.876,8.202
1452,6.46337888921994,52.2929581042474,22.37,8.021
1453,6.46339177750501,52.2929625172529,20.291,7.275
1454,6.46340466579009,52.2929669302584,23.133,8.294
1455,6.46341755407516,52.2929713432638,21.651,7.763
1456,6.46343044236024,52.2929757562693,21.745,7.797
1457,6.46344333064531,52.2929801692747,21.585,7.739
1458,6.46345621893038,52.2929845822802,21.08,7.558
1459,6.46346910721546,52.2929889952856,21.508,7.712
1460,6.46348199550053,52.2929934082911,21.166,7.589
1461,6.46349488378561,52.2929978212965,20.597,7.385
1462,6.46350777207068,52.293002234302,20.933,7.506
1463,6.46352066035576,52.2930066473075,20.653,7.405
1464,6.46353354864083,52.2930110603129,21.046,7.546
1465,6.4635464369259,52.2930154733184,19.541,7.007
1466,6.46355932521098,52.2930198863238,19.687,7.059
1467,6.46357221349605,52.2930242993293,20.42,7.322
1468,6.46358510178113,52.2930287123347,19.452,6.975
1469,6.4635979900662,52.2930331253402,19.134,6.86
1470,6.46361085911022,52.2930376027117,19.157,6.869
1471,6.4636235666754,52.2930426202694,19.286,6.915
1472,6.46363627424058,52.2930476378272,19.133,6.86
1473,6.46364898180575,52.2930526553849,18.914,6.782
1474,6.46366168937093,52.2930576729427,18.283,6.555
1475,6.4636743969361,52.2930626905005,19.195,6.883
1476,6.46368710450128,52.2930677080582,19.377,6.948
1477,6.46369981206646,52.293072725616,17.334,6.215
1478,6.46371251963163,52.2930777431737,17.407,6.241
1479,6.46372522719681,52.2930827607315,18.777,6.733
1480,6.46373793476198,52.2930877782893,18.981,6.806
1481,6.46375064232716,52.293092795847,16.679,5.98
1482,6.46376334989234,52.2930978134048,18.288,6.557
1483,6.46377605745751,52.2931028309625,18.653,6.688
1484,6.46378876502269,52.2931078485203,17.067,6.12
1485,6.46380147258786,52.293112866078,18.392,6.595
1486,6.46381420441596,52.2931178024704,17.251,6.185
1487,6.46382695068908,52.2931226905406,17.436,6.252
1488,6.4638396969622,52.2931275786108,16.728,5.998
1489,6.46385244323532,52.293132466681,17.643,6.326
1490,6.46386518950844,52.2931373547512,17.452,6.257
1491,6.46387793578156,52.2931422428214,17.886,6.413
1492,6.46389068205468,52.2931471308917,17.632,6.322
1493,6.4639034283278,52.2931520189619,16.697,5.987
1494,6.46391617460092,52.2931569070321,18.451,6.616
1495,6.46392892087404,52.2931617951023,17.342,6.218
1496,6.46394166714716,52.2931666831725,16.792,6.021
1497,6.46395441342028,52.2931715712427,15.819,5.672
1498,6.4639671596934,52.2931764593129,15.439,5.536
1499,6.46397990596652,52.2931813473831,15.426,5.531
1500,6.46399265223964,52.2931862354533,15.666,5.617
1501,6.46400539851276,52.2931911235235,16.967,6.084
1502,6.46401814478588,52.2931960115937,16.389,5.876
1503,6.464030891059,52.293200899664,15.69,5.626
1504,6.46404363733212,52.2932057877342,15.921,5.709
1505,6.46405638360524,52.2932106758044,15.802,5.666
1506,6.46406912987836,52.2932155638746,16.38,5.873
1507,6.46408190764993,52.2932203465748,15.35,5.504
1508,6.46409481360777,52.2932247004605,16.032,5.749
1509,6.46410771956561,52.2932290543462,15.965,5.724
1510,6.46412062552346,52.2932334082319,15.253,5.469
1511,6.4641335314813,52.2932377621177,16.652,5.971
1512,6.46414643743914,52.2932421160034,15.512,5.562
1513,6.46415934339698,52.2932464698891,15.072,5.404
1514,6.46417224935482,52.2932508237748,16.128,5.783
1515,6.46418515531266,52.2932551776605,15.632,5.605
1516,6.4641980612705,52.2932595315463,15.814,5.67
1517,6.46421096722835,52.293263885432,14.853,5.326
1518,6.46422387318619,52.2932682393177,16.004,5.738
1519,6.46423677914403,52.2932725932034,16.782,6.017
1520,6.46424968510187,52.2932769470892,14.742,5.286
1521,6.46426259105971,52.2932813009749,15.673,5.62
1522,6.46427549701755,52.2932856548606,14.984,5.373
1523,6.46428840297539,52.2932900087463,17.011,6.099
1524,6.46430130893324,52.2932943626321,16.141,5.788
1525,6.46431421489108,52.2932987165178,15.563,5.58
1526,6.46432712084892,52.2933030704035,14.66,5.256
1527,6.46434002680676,52.2933074242892,14.788,5.302
1528,6.4643529327646,52.2933117781749,15.793,5.663
1529,6.46436683436509,52.2933128013923,14.54,5.213
1530,6.46437978894937,52.2933169926106,14.546,5.216
1531,6.46439274353365,52.293321183829,15.322,5.494
1532,6.46440569811793,52.2933253750474,15.384,5.516
1533,6.4644186527022,52.2933295662658,15.518,5.564
1534,6.46443160728648,52.2933337574842,15.026,5.388
1535,6.46444447788408,52.2933382296586,15.816,5.671
1536,6.46445733121021,52.2933427596103,14.758,5.292
1537,6.46447018453633,52.293347289562,15.624,5.602
1538,6.46448303786246,52.2933518195137,15.372,5.512
1539,6.46449588551404,52.2933563684481,15.59,5.59
1540,6.46450870028673,52.2933610273705,15.923,5.709
1541,6.46452151505942,52.2933656862928,14.952,5.361
1542,6.46453432983211,52.2933703452152,14.822,5.315
1543,6.46454714460481,52.2933750041376,14.21,5.095
1544,6.4645599593775,52.29337966306,14.007,5.022
1545,6.46457277415019,52.2933843219823,15.083,5.408
1546,6.46458551734042,52.2933892203656,15.115,5.42
1547,6.4645981565058,52.2933944667374,14.531,5.21
1548,6.46461079567118,52.2933997131092,14.65,5.253
1549,6.46462351679628,52.2934046853057,16.05,5.755
1550,6.46463632323009,52.2934093721237,15.661,5.615
1551,6.46464912966391,52.2934140589416,14.396,5.162
1552,6.46466193609772,52.2934187457596,14.87,5.332
1553,6.46467474253154,52.2934234325775,15.361,5.508
1554,6.46468754896535,52.2934281193955,14.746,5.287
1555,6.46470035539917,52.2934328062134,14.63,5.246
1556,6.46471316183298,52.2934374930314,14.899,5.342
1557,6.4647259682668,52.2934421798494,15.731,5.641
1558,6.46473877470061,52.2934468666673,15.776,5.657
1559,6.46475161880923,52.2934514274538,14.641,5.25
1560,6.46476447375076,52.2934559520016,15.336,5.499
1561,6.46477732869229,52.2934604765494,15.053,5.397
1562,6.46479018363383,52.2934650010971,14.455,5.183
1563,6.46480303857536,52.2934695256449,14.865,5.33
1564,6.46481589351689,52.2934740501927,14.287,5.123
1565,6.46482874845842,52.2934785747404,15.706,5.631
1566,6.46484160339996,52.2934830992882,15.926,5.71
1567,6.46485445834149,52.293487623836,14.763,5.293
1568,6.46486731328302,52.2934921483837,14.613,5.24
1569,6.46488016822455,52.2934966729315,15.606,5.596
1570,6.46489303712143,52.2935011507952,15.692,5.627
1571,6.46490592326238,52.2935055709733,14.312,5.132
1572,6.46491880940332,52.2935099911514,14.871,5.332
1573,6.46493169554427,52.2935144113295,14.914,5.348
1574,6.46494458168522,52.2935188315076,14.486,5.194
1575,6.46495746782616,52.2935232516856,15.157,5.435
1576,6.46497035396711,52.2935276718637,14.509,5.202
1577,6.46498324010806,52.2935320920418,14.593,5.233
1578,6.46499612624901,52.2935365122199,14.842,5.322
1579,6.46500901238995,52.293540932398,14.016,5.025
1580,6.4650218985309,52.2935453525761,13.672,4.902
1581,6.46503478467185,52.2935497727542,15.412,5.526
1582,6.46504767081279,52.2935541929323,14.426,5.173
1583,6.46506055695374,52.2935586131103,16.107,5.775
1584,6.46507344309469,52.2935630332884,16.001,5.737
1585,6.46508632923563,52.2935674534665,14.534,5.211
1586,6.46509921537658,52.2935718736446,16.197,5.808
1587,6.46511211710115,52.2935762416917,15.363,5.508
1588,6.46512513985292,52.2935802048731,14.422,5.171
1589,6.46513816260469,52.2935841680545,13.273,4.759
1590,6.46515118535647,52.2935881312359,15.185,5.445
1591,6.46516420810824,52.2935920944174,14.789,5.303
1592,6.46517723086002,52.2935960575988,15.014,5.383
1593,6.46519025361179,52.2936000207802,14.615,5.24
1594,6.46520327636356,52.2936039839616,14.067,5.044
1595,6.46521629911534,52.2936079471431,14.478,5.191
1596,6.46522932186711,52.2936119103245,15.134,5.427
1597,6.46524234461889,52.2936158735059,14.5,5.199
1598,6.46525536737066,52.2936198366873,14.486,5.194
1599,6.46526839012243,52.2936237998688,13.794,4.946
1600,6.46528141287421,52.2936277630502,14.731,5.282
1601,6.46529443562598,52.2936317262316,14.013,5.024
1602,6.46530745837776,52.293635689413,15.197,5.449
1603,6.46532029933283,52.2936402607489,14.215,5.097
1604,6.4653330012308,52.2936452972649,14.462,5.185
1605,6.46534570312877,52.2936503337808,15.898,5.7
1606,6.46535840502675,52.2936553702968,14.435,5.176
1607,6.46537110692472,52.2936604068127,14.346,5.144
1608,6.46538380882269,52.2936654433286,14.939,5.357
1609,6.46539651072067,52.2936704798446,13.535,4.853
1610,6.46540921261864,52.2936755163605,15.31,5.49
1611,6.46542191451661,52.2936805528765,15.149,5.432
1612,6.46543461641458,52.2936855893924,14.863,5.329
1613,6.4654474333875,52.2936902409545,12.558,4.503
1614,6.46546026062567,52.2936948581768,14.382,5.157
1615,6.46547308786384,52.2936994753991,13.776,4.939
1616,6.465485915102,52.2937040926214,15.176,5.441
1617,6.46549874234017,52.2937087098437,15.124,5.423
1618,6.46551156957834,52.293713327066,14.723,5.279
1619,6.46552439681651,52.2937179442883,13.778,4.94
1620,6.46553722405467,52.2937225615106,15.354,5.505
1621,6.46555005129284,52.2937271787329,14.312,5.132
1622,6.46556287853101,52.2937317959552,15.518,5.564
1623,6.46557570576917,52.2937364131775,14.603,5.236
1624,6.46558853300734,52.2937410303998,14.736,5.284
1625,6.46560136024551,52.2937456476221,14.158,5.076
1626,6.46561418748368,52.2937502648444,15.247,5.467
1627,6.46562701472184,52.2937548820667,14.768,5.295
1628,6.46563984196001,52.293759499289,15.25,5.468
1629,6.46565266919818,52.2937641165114,14.497,5.198
1630,6.46566549643634,52.2937687337337,14.356,5.147
1631,6.46567832367451,52.293773350956,14.725,5.28
1632,6.46569115091268,52.2937779681783,15.214,5.455
1633,6.46570397815084,52.2937825854006,14.955,5.362
1634,6.46571680538901,52.2937872026229,14.43,5.174
1635,6.46572963262718,52.2937918198452,13.248,4.75
1636,6.46574245986535,52.2937964370675,14.809,5.31
1637,6.46575528710351,52.2938010542898,13.478,4.832
1638,6.46576811434168,52.2938056715121,14.336,5.14
1639,6.46578094157985,52.2938102887344,14.239,5.106
1640,6.46579376881801,52.2938149059567,13.466,4.828
1641,6.46580659605618,52.293819523179,14.511,5.203
1642,6.46581942329435,52.2938241404013,15.551,5.576
1643,6.46583225053251,52.2938287576236,14.092,5.053
1644,6.46584510595293,52.2938332805694,14.719,5.278
1645,6.46585797804304,52.293837747751,15.646,5.61
1646,6.46587085013315,52.2938422149326,14.761,5.293
1647,6.46588372222327,52.2938466821141,13.867,4.972
1648,6.46589659431338,52.2938511492957,14.379,5.156
1649,6.4659094664035,52.2938556164772,14.515,5.204
1650,6.46592233849361,52.2938600836588,15.068,5.403
1651,6.46593521058372,52.2938645508404,14.932,5.354
1652,6.46594808267384,52.2938690180219,12.582,4.512
1653,6.46596095476395,52.2938734852035,13.701,4.913
1654,6.46597382685407,52.2938779523851,14.157,5.076
1655,6.46598669894418,52.2938824195666,13.595,4.874
1656,6.46599957103429,52.2938868867482,12.009,4.306
1657,6.46601244312441,52.2938913539297,13.752,4.931
1658,6.46602531521452,52.2938958211113,14.171,5.081
1659,6.46603818730464,52.2939002882929,13.858,4.969
1660,6.46605109477323,52.2939046371247,13.574,4.867
1661,6.46606419059784,52.2939083558596,14.179,5.084
1662,6.46607728642244,52.2939120745946,14.35,5.145
1663,6.46609038224705,52.2939157933295,13.867,4.972
1664,6.46610347807166,52.2939195120644,14.944,5.358
1665,6.46611657389626,52.2939232307993,14.165,5.079
1666,6.46612966972087,52.2939269495342,13.613,4.881
1667,6.46614276554548,52.2939306682691,13.459,4.826
1668,6.46615586137008,52.293934387004,13.989,5.016
1669,6.46616895719469,52.2939381057389,14.764,5.294
1670,6.46618197970133,52.2939420697404,13.619,4.883
1671,6.46619475345193,52.2939468658917,14.449,5.181
1672,6.46620752720254,52.293951662043,14.149,5.073
1673,6.46622030095314,52.2939564581943,15.26,5.472
1674,6.46623307470375,52.2939612543456,14.313,5.132
1675,6.46624584845435,52.2939660504969,13.667,4.901
1676,6.46625862220496,52.2939708466482,14.506,5.201
1677,6.46627139595556,52.2939756427995,14.521,5.207
1678,6.46628407662044,52.2939807503453,13.83,4.959
1679,6.46629674785494,52.2939858894381,13.374,4.795
1680,6.46630941908944,52.2939910285308,14.368,5.152
1681,6.46632209032394,52.2939961676236,14.086,5.051
1682,6.46633476155844,52.2940013067164,13.152,4.716
1683,6.46634743279293,52.2940064458091,14.188,5.087
1684,6.46636010402743,52.2940115849019,13.659,4.898
1685,6.46637282786428,52.2940165480269,13.138,4.711
1686,6.46638555281514,52.2940215074253,13.817,4.954
1687,6.46639827776601,52.2940264668237,14.774,5.297
1688,6.46641100271687,52.2940314262221,14.725,5.28
1689,6.46642372766773,52.2940363856205,14.566,5.223
1690,6.4664364526186,52.2940413450188,14.163,5.078
1691,6.46644917756946,52.2940463044172,14.35,5.145
1692,6.46646190252032,52.2940512638156,14.053,5.039
1693,6.46647462747119,52.294056223214,13.34,4.783
1694,6.46648735242205,52.2940611826124,13.453,4.824
1695,6.46650009965211,52.2940660674814,13.623,4.885
1696,6.46651298360701,52.2940704949723,14.799,5.306
1697,6.4665258675619,52.2940749224633,14.603,5.236
1698,6.4665387515168,52.2940793499542,13.33,4.78
1699,6.4665516354717,52.2940837774452,13.991,5.017
1700,6.46656465204373,52.2940877612994,13.718,4.919
1701,6.4665776240665,52.2940918941817,13.858,4.969
1702,6.46659059608927,52.2940960270641,13.629,4.887
1703,6.46660356811205,52.2941001599464,14.765,5.294
1704,6.46661654013482,52.2941042928288,13.922,4.992
1705,6.46662956056014,52.2941082637928,14.055,5.039
1706,6.46664261967498,52.2941121053309,14.054,5.039
1707,6.46665569141858,52.2941159046226,13.312,4.773
1708,6.46666880633055,52.2941195595056,13.974,5.011
1709,6.46668197412254,52.294123037492,14.529,5.21
1710,6.46669508412735,52.2941267087907,14.765,5.294
1711,6.46670818183737,52.2941304212184,13.218,4.739
1712,6.46672119496973,52.2941344165791,12.993,4.659
1713,6.46673419346387,52.2941384609083,13.917,4.99
1714,6.46674719195801,52.2941425052374,14.526,5.208
1715,6.46676019045215,52.2941465495666,14.079,5.048
1716,6.46677318894629,52.2941505938957,14.261,5.113
1717,6.46678618744043,52.2941546382249,13.054,4.681
1718,6.46679904821594,52.2941591432565,13.511,4.844
1719,6.46681187218433,52.2941637714171,12.549,4.5
1720,6.46682470053088,52.2941683849315,13.75,4.93
1721,6.46683752887744,52.294172998446,12.554,4.501
1722,6.466850357224,52.2941776119605,14.603,5.236
1723,6.46686318557056,52.2941822254749,14.726,5.28
1724,6.46687601391711,52.2941868389894,13.887,4.979
1725,6.46688884226367,52.2941914525039,12.907,4.628
1726,6.46690167061023,52.2941960660184,14.01,5.023
1727,6.46691449895679,52.2942006795328,14.875,5.333
1728,6.46692732730334,52.2942052930473,14.053,5.039
1729,6.4669401556499,52.2942099065618,14.462,5.186
1730,6.46695298399646,52.2942145200762,13.472,4.83
1731,6.46696581234302,52.2942191335907,13.236,4.746
1732,6.46697864068957,52.2942237471052,13.699,4.912
1733,6.46699146903613,52.2942283606196,12.599,4.517
1734,6.46700429738269,52.2942329741341,15.055,5.398
1735,6.46701712572924,52.2942375876486,13.797,4.947
1736,6.4670299540758,52.294242201163,14.215,5.097
1737,6.46704278242236,52.2942468146775,13.425,4.814
1738,6.46705561076892,52.294251428192,12.78,4.582
1739,6.46706843911547,52.2942560417064,14.517,5.205
1740,6.46708126746203,52.2942606552209,13.008,4.664
1741,6.46709409580859,52.2942652687354,13.865,4.971
1742,6.46710687690753,52.2942700403047,13.91,4.988
1743,6.46711944621298,52.2942755203751,13.684,4.906
1744,6.46713201551842,52.2942810004455,13.169,4.722
1745,6.46714458482387,52.2942864805159,13.533,4.852
1746,6.46715717042874,52.2942919060607,13.052,4.68
1747,6.46716997735194,52.2942965912416,14.076,5.047
1748,6.46718278427514,52.2943012764224,13.926,4.993
1749,6.46719559119834,52.2943059616033,13.567,4.865
1750,6.46720839812155,52.2943106467841,13.236,4.746
1751,6.46722120504475,52.2943153319649,14.799,5.306
1752,6.46723401196795,52.2943200171458,12.783,4.583
1753,6.46724681889116,52.2943247023266,12.63,4.529
1754,6.46725962581436,52.2943293875074,13.479,4.833
1755,6.46727243273756,52.2943340726883,13.365,4.792
1756,6.46728523966077,52.2943387578691,14.152,5.074
1757,6.46729804658397,52.2943434430499,13.875,4.975
1758,6.46731085350717,52.2943481282308,13.502,4.841
1759,6.46732366043037,52.2943528134116,13.768,4.937
1760,6.46733646735358,52.2943574985924,13.746,4.929
1761,6.46734927427678,52.2943621837733,14.689,5.267
1762,6.46736208119998,52.2943668689541,13.589,4.873
1763,6.46737492442185,52.294371432707,13.029,4.672
1764,6.46738777767105,52.2943759629161,13.535,4.853
1765,6.46740063092025,52.2943804931251,11.867,4.255
1766,6.46741348416945,52.2943850233341,13.377,4.796
1767,6.46742633741865,52.2943895535431,14.027,5.03
1768,6.46743919066785,52.2943940837522,13.728,4.922
1769,6.46745204391705,52.2943986139612,13.538,4.854
1770,6.46746489716626,52.2944031441702,13.733,4.924
1771,6.46747775041546,52.2944076743792,13.989,5.016
1772,6.46749061046594,52.2944121818363,14.167,5.08
1773,6.46750349119883,52.2944166201057,13.58,4.869
1774,6.46751637193172,52.294421058375,13.12,4.704
1775,6.46752925266461,52.2944254966444,11.934,4.279
1776,6.4675421333975,52.2944299349138,13.859,4.969
1777,6.46755501413038,52.2944343731831,13.575,4.867
1778,6.46756789486327,52.2944388114525,13.351,4.787
1779,6.46758077559616,52.2944432497219,12.845,4.606
1780,6.46759365632905,52.2944476879912,13.806,4.95
1781,6.46760653706194,52.2944521262606,13.076,4.689
1782,6.46761941779483,52.29445656453,13.196,4.732
1783,6.46763229852772,52.2944610027993,13.172,4.723
1784,6.46764517926061,52.2944654410687,13.459,4.826
1785,6.4676580599935,52.294469879338,12.508,4.485
1786,6.46767094072639,52.2944743176074,13.503,4.842
1787,6.46768382145928,52.2944787558768,12.738,4.567
1788,6.46769670219216,52.2944831941461,12.747,4.571
1789,6.46770959306233,52.2944875985038,13.661,4.898
1790,6.4677224992244,52.2944919517063,12.544,4.498
1791,6.46773540538647,52.2944963049089,13.638,4.89
1792,6.46774831154854,52.2945006581114,13.168,4.721
1793,6.46776121771061,52.2945050113139,12.128,4.349
1794,6.46777412387268,52.2945093645165,13.889,4.98
1795,6.46778703003475,52.294513717719,13.259,4.754
1796,6.46779993619682,52.2945180709215,13.298,4.768
1797,6.46781284235889,52.294522424124,13.648,4.894
1798,6.46782567888599,52.2945270102726,13.928,4.994
1799,6.4678383866494,52.2945320271672,13.154,4.716
1800,6.46785115433017,52.2945368436236,13.389,4.801
1801,6.46786412146869,52.294540992845,13.234,4.745
1802,6.46787708860722,52.2945451420663,12.804,4.591
1803,6.46789005574574,52.2945492912877,12.065,4.326
1804,6.46790302288426,52.2945534405091,13.113,4.702
1805,6.46791599002278,52.2945575897304,13.788,4.944
1806,6.46792895716131,52.2945617389518,13.311,4.773
1807,6.46794192429983,52.2945658881732,12.33,4.421
1808,6.46795489143835,52.2945700373945,13.594,4.874
1809,6.46796785857687,52.2945741866159,12.757,4.574
1810,6.4679808257154,52.2945783358373,11.7,4.195
1811,6.46799377311663,52.2945825510847,13.52,4.848
1812,6.46800651566709,52.2945874516081,12.356,4.43
1813,6.46801925821755,52.2945923521315,13.95,5.002
1814,6.46803200076801,52.294597252655,13.569,4.865
1815,6.46804474331846,52.2946021531784,12.752,4.572
1816,6.46805748586892,52.2946070537018,13.147,4.714
1817,6.46807022841938,52.2946119542252,14.294,5.125
1818,6.46808299651576,52.2946167692913,13.448,4.822
1819,6.46809579964872,52.2946214671514,12.992,4.658
1820,6.46810860278168,52.2946261650115,14.542,5.214
1821,6.46812140591465,52.2946308628716,12.904,4.627
1822,6.46813420904761,52.2946355607317,13.169,4.722
1823,6.46814701218058,52.2946402585919,12.268,4.399
1824,6.46815981531354,52.294644956452,11.826,4.24
1825,6.4681726184465,52.2946496543121,12.634,4.53
1826,6.46818542157947,52.2946543521722,12.818,4.596
1827,6.46819824016256,52.2946589983478,12.981,4.654
1828,6.46821106225319,52.2946636327899,11.944,4.283
1829,6.46822388434382,52.294668267232,13.16,4.719
1830,6.46823670643444,52.2946729016741,12.276,4.402
1831,6.46824952852507,52.2946775361162,13.115,4.702
1832,6.4682623506157,52.2946821705583,13.299,4.769
1833,6.46827522184097,52.2946866406329,12.51,4.485
1834,6.46828812458333,52.2946910052752,12.168,4.363
1835,6.4683010273257,52.2946953699175,13.636,4.889
1836,6.46831393006806,52.2946997345598,13.234,4.745
1837,6.46832683281042,52.2947040992021,12.803,4.591
1838,6.46833973555279,52.2947084638444,13.57,4.866
1839,6.46835263829515,52.2947128284866,12.749,4.571
1840,6.46836554103751,52.2947171931289,12.328,4.42
1841,6.46837844377988,52.2947215577712,12.097,4.337
1842,6.46839133469435,52.2947259619807,12.616,4.523
1843,6.46840417937989,52.2947305208372,13.126,4.707
1844,6.46841702406544,52.2947350796938,13.483,4.834
1845,6.46842986875099,52.2947396385503,12.673,4.544
1846,6.46844271050391,52.2947442072172,13.366,4.793
1847,6.46845554813507,52.2947487896724,12.52,4.489
1848,6.46846838576623,52.2947533721276,12.18,4.367
1849,6.46848122339739,52.2947579545828,11.865,4.254
1850,6.46849406102855,52.294762537038,12.329,4.421
1851,6.46850689865971,52.2947671194932,11.875,4.258
1852,6.46851977150183,52.2947715841592,13.796,4.947
1853,6.46853289209095,52.2947752200507,12.867,4.613
1854,6.46854572125578,52.2947798308278,12.546,4.498
1855,6.4685585504206,52.294784441605,13.609,4.879
1856,6.46857137958543,52.2947890523822,11.824,4.24
1857,6.46858420875026,52.2947936631593,12.503,4.483
1858,6.46859703791508,52.2947982739365,13.754,4.931
1859,6.46860986707991,52.2948028847136,12.487,4.477
1860,6.46862269624473,52.2948074954908,14.005,5.021
1861,6.46863552540956,52.294812106268,13.022,4.669
1862,6.46864835457439,52.2948167170451,13.322,4.777
1863,6.46866120930989,52.2948212422821,13.333,4.781
1864,6.46867410649833,52.2948256255036,12.543,4.497
1865,6.46868700368677,52.2948300087251,12.249,4.392
1866,6.46869989960655,52.2948343961906,12.462,4.469
1867,6.46871279460437,52.2948387867403,11.944,4.283
1868,6.4687256738853,52.2948432298668,12.48,4.475
1869,6.46873849249947,52.2948478759385,12.51,4.486
1870,6.46875131111363,52.2948525220102,13.501,4.841
1871,6.4687641297278,52.2948571680819,12.85,4.608
1872,6.46877694834197,52.2948618141536,13.885,4.979
1873,6.46878976695613,52.2948664602253,11.22,4.023
1874,6.4688025855703,52.294871106297,11.769,4.22
1875,6.46881575524799,52.2948745779753,12.27,4.399
1876,6.4688289990158,52.294877801804,13.351,4.787
1877,6.46884224278362,52.2948810256326,12.403,4.447
1878,6.46885547680272,52.2948842820731,11.599,4.159
1879,6.46886856330952,52.2948880319783,12.312,4.415
1880,6.46888164981632,52.2948917818836,11.747,4.212
1881,6.46889451830967,52.2948962610972,11.626,4.168
1882,6.46890696921137,52.2949021372572,13.615,4.882
1883,6.46891942011306,52.2949080134171,12.227,4.384
1884,6.46893187101475,52.2949138895771,12.53,4.493
1885,6.46894465973958,52.2949186356359,12.368,4.435
1886,6.46895744979191,52.2949233772539,12.269,4.399
1887,6.46897023984424,52.294928118872,11.917,4.273
1888,6.46898302989657,52.29493286049,12.224,4.383
1889,6.46899581994891,52.294937602108,12.599,4.517
1890,6.46900861000124,52.294942343726,13.229,4.744
1891,6.46902140005357,52.2949470853441,12.947,4.642
1892,6.4690341901059,52.2949518269621,11.667,4.183
1893,6.46904698015824,52.2949565685801,12.96,4.647
1894,6.46905977021057,52.2949613101982,12.653,4.537
1895,6.4690725602629,52.2949660518162,12.0,4.303
1896,6.46908535031523,52.2949707934342,12.469,4.471
1897,6.46909814036756,52.2949755350522,12.693,4.551
1898,6.4691109304199,52.2949802766703,12.378,4.438
1899,6.46912372047223,52.2949850182883,12.627,4.528
1900,6.46913651052456,52.2949897599063,11.832,4.242
1901,6.46914930057689,52.2949945015243,13.506,4.843
1902,6.46916212912235,52.2949991143735,11.193,4.013
1903,6.46917497295163,52.2950036760944,12.662,4.54
1904,6.46918781678092,52.2950082378154,12.532,4.494
1905,6.4692006606102,52.2950127995363,12.689,4.55
1906,6.46921350443948,52.2950173612573,11.889,4.263
1907,6.46922634826877,52.2950219229782,12.987,4.657
1908,6.46923919209805,52.2950264846992,12.23,4.385
1909,6.46925203592734,52.2950310464201,11.59,4.156
1910,6.46926487975662,52.2950356081411,11.638,4.173
1911,6.46927772358591,52.2950401698621,12.35,4.428
1912,6.46929056741519,52.295044731583,11.331,4.063
1913,6.46930341124447,52.295049293304,13.323,4.777
1914,6.46931625507376,52.2950538550249,12.876,4.617
1915,6.46932909890304,52.2950584167459,13.327,4.779
1916,6.46934194273233,52.2950629784668,13.259,4.754
1917,6.46935478656161,52.2950675401878,12.034,4.315
1918,6.4693676303909,52.2950721019088,11.723,4.204
1919,6.46938047422018,52.2950766636297,10.654,3.82
1920,6.46939331804947,52.2950812253507,11.984,4.297
1921,6.46940616187875,52.2950857870716,13.255,4.753
1922,6.46941900570803,52.2950903487926,11.723,4.204
1923,6.46943185883361,52.2950948794152,12.081,4.332
1924,6.46944473037509,52.2950993484321,11.872,4.257
1925,6.46945760191657,52.2951038174489,12.412,4.45
1926,6.46947047345805,52.2951082864658,12.942,4.64
1927,6.46948334499953,52.2951127554827,11.274,4.042
1928,6.46949621654101,52.2951172244996,11.38,4.08
1929,6.46950908808249,52.2951216935164,13.04,4.676
1930,6.46952195962397,52.2951261625333,12.591,4.515
1931,6.46953483116545,52.2951306315502,12.001,4.303
1932,6.46954770270693,52.2951351005671,13.151,4.715
1933,6.46956057424841,52.2951395695839,11.337,4.065
1934,6.46957344578989,52.2951440386008,12.681,4.547
1935,6.46958631733137,52.2951485076177,12.087,4.334
1936,6.46959918887285,52.2951529766346,12.477,4.474
1937,6.46961206041433,52.2951574456514,10.709,3.84
1938,6.46962493195581,52.2951619146683,11.953,4.286
1939,6.46963780349729,52.2951663836852,12.533,4.494
1940,6.46965067503877,52.2951708527021,12.056,4.323
1941,6.46966354658025,52.295175321719,12.824,4.598
1942,6.46967641812173,52.2951797907358,12.798,4.589
1943,6.46968928966321,52.2951842597527,11.508,4.126
1944,6.46970216120469,52.2951887287696,12.55,4.5
1945,6.46971537333064,52.295192058448,11.474,4.114
1946,6.46972867141256,52.2951951005827,12.083,4.332
1947,6.46974196949448,52.2951981427174,12.43,4.457
1948,6.46975526757641,52.295201184852,11.546,4.14
1949,6.46976856565833,52.2952042269867,12.493,4.479
1950,6.46978152929596,52.2952083879194,11.725,4.204
1951,6.46979409297583,52.2952138868087,11.674,4.186
1952,6.4698066566557,52.2952193856981,12.424,4.455
1953,6.46981922033557,52.2952248845874,11.509,4.127
1954,6.46983178401543,52.2952303834768,11.472,4.113
1955,6.46984438748517,52.2952357492593,12.599,4.517
1956,6.46985713329424,52.2952406388818,12.043,4.318
1957,6.46986987910331,52.2952455285044,11.117,3.986
1958,6.46988262491239,52.2952504181269,12.468,4.47
1959,6.46989537072146,52.2952553077495,11.718,4.202
1960,6.46990811653054,52.2952601973721,11.125,3.989
1961,6.46992086233961,52.2952650869946,10.468,3.753
1962,6.46993360814869,52.2952699766172,12.466,4.47
1963,6.46994635395776,52.2952748662397,11.422,4.095
1964,6.46995909976683,52.2952797558623,11.189,4.012
1965,6.46997184557591,52.2952846454848,12.289,4.406
1966,6.46998459138498,52.2952895351074,12.38,4.439
1967,6.46999733719406,52.29529442473,11.435,4.1
1968,6.47001008300313,52.2952993143525,12.428,4.456
1969,6.47002282881221,52.2953042039751,13.092,4.694
1970,6.47003559197031,52.2953090355609,12.669,4.542
1971,6.470048464848,52.2953135001078,12.57,4.507
1972,6.4700613377257,52.2953179646547,12.047,4.32
1973,6.4700742106034,52.2953224292016,11.594,4.157
1974,6.47008708348109,52.2953268937485,11.815,4.237
1975,6.47009995635879,52.2953313582954,12.1,4.339
1976,6.47011282923649,52.2953358228423,11.095,3.978
1977,6.47012570211418,52.2953402873892,11.375,4.079
1978,6.47013857499188,52.2953447519361,10.981,3.937
1979,6.47015144786957,52.295349216483,11.952,4.286
1980,6.47016432074727,52.2953536810299,11.856,4.251
1981,6.47017719362497,52.2953581455768,11.417,4.094
1982,6.47019006650266,52.2953626101238,12.277,4.402
1983,6.47020293938036,52.2953670746707,11.173,4.006
1984,6.47021581225806,52.2953715392176,11.376,4.079
1985,6.47022868513575,52.2953760037645,12.234,4.387
1986,6.47024155801345,52.2953804683114,12.315,4.416
1987,6.47025443089114,52.2953849328583,11.295,4.05
1988,6.47026730376884,52.2953893974052,11.894,4.265
1989,6.47028017664654,52.2953938619521,11.293,4.049
1990,6.47029304952423,52.295398326499,11.63,4.17
1991,6.47030592240193,52.2954027910459,11.825,4.24
1992,6.4703188004364,52.2954072383422,12.065,4.326
1993,6.47033172125108,52.2954115425281,11.917,4.273
1994,6.47034464206576,52.2954158467141,11.885,4.262
1995,6.47035756288044,52.2954201509,11.086,3.975
1996,6.47037048369513,52.295424455086,11.943,4.282
1997,6.47038340450981,52.2954287592719,12.034,4.315
1998,6.47039632532449,52.2954330634579,12.111,4.343
1999,6.47040924437875,52.2954373735329,11.278,4.044
2000,6.47042215516698,52.2954417112598,12.236,4.387
2001,6.47043506595521,52.2954460489867,10.919,3.915
2002,6.47044797674343,52.2954503867136,11.436,4.101
2003,6.47046088753166,52.2954547244405,11.524,4.132
2004,6.47047379831989,52.2954590621673,10.94,3.923
2005,6.47048670910812,52.2954633998942,11.509,4.127
2006,6.47049961989635,52.2954677376211,11.807,4.233
2007,6.47051253068458,52.295472075348,10.6,3.801
2008,6.47052544147281,52.2954764130749,11.439,4.102
2009,6.47053835226103,52.2954807508018,10.641,3.815
2010,6.47055126304926,52.2954850885287,12.868,4.614
2011,6.47056417383749,52.2954894262556,11.79,4.227
2012,6.47057708462572,52.2954937639825,11.737,4.208
2013,6.47058999541395,52.2954981017094,11.798,4.23
2014,6.47060290620218,52.2955024394363,12.016,4.308
2015,6.47061619064008,52.2955055272136,12.235,4.387
2016,6.47062960414776,52.2955081832208,10.739,3.851
2017,6.47064295317501,52.2955110549309,12.429,4.456
2018,6.47065616276764,52.2955143930839,12.39,4.443
2019,6.47066916604515,52.2955184214115,11.619,4.166
2020,6.47068158584232,52.2955244016237,11.588,4.155
2021,6.47069400563949,52.2955303818359,9.833,3.526
2022,6.4707067117289,52.2955354043304,10.927,3.918
2023,6.47071951189007,52.2955401121319,11.965,4.29
2024,6.47073231205124,52.2955448199334,12.367,4.434
2025,6.47074511221241,52.2955495277349,12.091,4.335
2026,6.47075791237358,52.2955542355364,11.619,4.166
2027,6.47077071253475,52.2955589433379,12.798,4.589
2028,6.47078351269592,52.2955636511394,12.259,4.396
2029,6.47079631285709,52.2955683589409,11.438,4.101
2030,6.47080911301826,52.2955730667424,12.956,4.645
2031,6.47082191317943,52.2955777745438,11.031,3.955
2032,6.4708347133406,52.2955824823453,10.813,3.877
2033,6.47084751350177,52.2955871901468,11.434,4.1
2034,6.47086031366294,52.2955918979483,11.239,4.03
2035,6.47087311382411,52.2955966057498,11.475,4.114
2036,6.47088591398528,52.2956013135513,12.163,4.361
2037,6.47089871414645,52.2956060213528,11.677,4.187
2038,6.47091151430762,52.2956107291543,11.697,4.194
2039,6.47092431446879,52.2956154369558,11.741,4.21
2040,6.47093711462996,52.2956201447572,10.352,3.712
2041,6.47094991479113,52.2956248525587,10.826,3.882
2042,6.47096280013273,52.2956292754109,11.496,4.122
2043,6.47097568826702,52.2956336889207,11.232,4.027
2044,6.47098857640132,52.2956381024306,11.597,4.158
2045,6.47100146453561,52.2956425159404,12.565,4.505
2046,6.47101435266991,52.2956469294503,11.702,4.196
2047,6.4710272408042,52.2956513429601,10.975,3.935
2048,6.4710401289385,52.29565575647,11.293,4.049
2049,6.47105301707279,52.2956601699798,12.772,4.579
2050,6.47106590520709,52.2956645834897,12.674,4.544
2051,6.47107879334138,52.2956689969995,12.13,4.349
2052,6.47109168147568,52.2956734105094,10.869,3.897
2053,6.47110456960997,52.2956778240192,11.975,4.294
2054,6.47111745774427,52.295682237529,12.028,4.313
2055,6.47113034587856,52.2956866510389,11.826,4.24
2056,6.47114323401285,52.2956910645487,11.484,4.118
2057,6.47115612214715,52.2956954780586,11.614,4.164
2058,6.47116901028144,52.2956998915684,11.459,4.109
2059,6.47118189841574,52.2957043050783,11.17,4.005
2060,6.47119478655003,52.2957087185881,12.656,4.538
2061,6.47120767468433,52.295713132098,12.38,4.439
2062,6.47122056281862,52.2957175456078,11.703,4.196
2063,6.47123345095292,52.2957219591177,12.087,4.334
2064,6.47124633908721,52.2957263726275,12.118,4.345
2065,6.47125922722151,52.2957307861374,13.276,4.76
2066,6.4712721153558,52.2957351996472,12.42,4.453
2067,6.4712850034901,52.2957396131571,12.408,4.449
2068,6.47129789162439,52.2957440266669,11.949,4.284
2069,6.47131077975869,52.2957484401768,11.681,4.188
2070,6.47132366789298,52.2957528536866,12.759,4.575
2071,6.47133655602728,52.2957572671965,12.339,4.424
2072,6.47134944416157,52.2957616807063,11.478,4.115
2073,6.47136233229587,52.2957660942162,12.242,4.39
2074,6.47137522043016,52.295770507726,12.478,4.474
2075,6.47138810856446,52.2957749212359,10.763,3.859
2076,6.47140099669875,52.2957793347457,11.463,4.11
2077,6.47141388483305,52.2957837482556,12.229,4.385
2078,6.47142677296734,52.2957881617654,10.894,3.906
2079,6.47143966110164,52.2957925752753,10.997,3.943
2080,6.47145254923593,52.2957969887851,11.887,4.262
2081,6.47146543737023,52.295801402295,12.346,4.427
2082,6.47147832550452,52.2958058158048,12.383,4.44
2083,6.47149121363882,52.2958102293147,13.008,4.664
2084,6.47150410177311,52.2958146428245,12.136,4.351
2085,6.47151703975154,52.2958188895935,11.878,4.259
2086,6.47153021591737,52.2958223395674,11.339,4.066
2087,6.4715433920832,52.2958257895412,11.892,4.264
2088,6.47155651299897,52.29582942434,12.544,4.498
2089,6.47156932147087,52.2958341043401,12.581,4.511
2090,6.47158212994276,52.2958387843402,12.304,4.412
2091,6.47159493841465,52.2958434643403,12.48,4.475
2092,6.47160774688654,52.2958481443404,12.919,4.632
2093,6.47162055535843,52.2958528243405,12.223,4.383
2094,6.47163336383033,52.2958575043406,12.993,4.659
2095,6.47164617230222,52.2958621843407,11.771,4.221
2096,6.47165898077411,52.2958668643408,12.166,4.362
2097,6.471671789246,52.2958715443408,11.936,4.28
2098,6.4716845977179,52.2958762243409,12.694,4.552
2099,6.47169740618979,52.295880904341,11.641,4.174
2100,6.47171021466168,52.2958855843411,12.058,4.324
2101,6.47172302313357,52.2958902643412,11.164,4.003
2102,6.47173583160547,52.2958949443413,12.616,4.524
2103,6.47174864007736,52.2958996243414,13.009,4.665
2104,6.47176144854925,52.2959043043415,12.821,4.597
2105,6.47177425702114,52.2959089843416,12.773,4.58
2106,6.47178706549304,52.2959136643416,12.798,4.589
2107,6.47179987396493,52.2959183443417,12.725,4.563
2108,6.47181268243682,52.2959230243418,12.684,4.548
2109,6.47182549090871,52.2959277043419,12.731,4.565
2110,6.47183829938061,52.295932384342,11.955,4.286
2111,6.4718511078525,52.2959370643421,12.231,4.386
2112,6.47186391632439,52.2959417443422,12.399,4.446
2113,6.47187672479628,52.2959464243423,12.169,4.363
2114,6.47188953326818,52.2959511043424,11.454,4.107
2115,6.47190234174007,52.2959557843424,11.658,4.18
2116,6.47191515021196,52.2959604643425,12.528,4.492
2117,6.47192795868385,52.2959651443426,12.933,4.637
2118,6.47194076715575,52.2959698243427,12.414,4.451
2119,6.47195357562764,52.2959745043428,14.043,5.035
2120,6.47196638409953,52.2959791843429,11.884,4.261
2121,6.47197919257142,52.295983864343,12.695,4.552
2122,6.47199200104331,52.2959885443431,13.201,4.733
2123,6.47200480951521,52.2959932243431,13.076,4.688
2124,6.4720176179871,52.2959979043432,12.842,4.605
2125,6.47203042645899,52.2960025843433,13.094,4.695
2126,6.47204323493088,52.2960072643434,12.505,4.484
2127,6.47205604340278,52.2960119443435,13.458,4.825
2128,6.47206885187467,52.2960166243436,13.242,4.748
2129,6.47208166034656,52.2960213043437,11.994,4.301
2130,6.47209446881845,52.2960259843438,12.692,4.551
2131,6.47210727729035,52.2960306643439,11.6,4.159
2132,6.47212017586947,52.2960350429132,13.412,4.809
2133,6.47213310628023,52.2960393149979,12.656,4.538
2134,6.47214603669099,52.2960435870826,13.325,4.778
2135,6.47215896710175,52.2960478591674,12.475,4.473
2136,6.47217189751251,52.2960521312521,11.454,4.107
2137,6.47218482792327,52.2960564033368,14.104,5.057
2138,6.47219775833403,52.2960606754215,12.637,4.531
2139,6.47221068874479,52.2960649475062,11.979,4.295
2140,6.47222361915555,52.296069219591,13.248,4.75
2141,6.47223654956631,52.2960734916757,13.778,4.94
2142,6.47224947997708,52.2960777637604,12.469,4.471
2143,6.47226241038784,52.2960820358451,12.536,4.495
2144,6.4722753407986,52.2960863079298,12.741,4.569
2145,6.47228827120936,52.2960905800146,11.955,4.287
2146,6.47230120162012,52.2960948520993,12.209,4.378
2147,6.47231413203088,52.296099124184,13.67,4.901
2148,6.47232706244164,52.2961033962687,12.551,4.5
2149,6.4723399928524,52.2961076683534,12.143,4.354
2150,6.47235292326316,52.2961119404382,12.376,4.438
2151,6.47236585367393,52.2961162125229,13.28,4.762
2152,6.47237878408469,52.2961204846076,11.493,4.121
2153,6.47239171449545,52.2961247566923,12.812,4.594
2154,6.47240464490621,52.296129028777,14.117,5.062
2155,6.47241757531697,52.2961333008618,13.87,4.973
2156,6.4724306842027,52.296136975904,13.019,4.668
2157,6.4724438608437,52.2961404242883,13.463,4.827
2158,6.4724564812638,52.2961457333677,13.464,4.828
2159,6.47246887374768,52.2961518049495,12.628,4.528
2160,6.47248158142402,52.2961568221354,13.253,4.752
2161,6.47249444202344,52.2961613277561,13.767,4.936
2162,6.47250730262286,52.2961658333769,11.979,4.295
2163,6.47252016322227,52.2961703389977,13.068,4.686
2164,6.47253302382169,52.2961748446184,12.948,4.643
2165,6.47254588442111,52.2961793502392,12.803,4.591
2166,6.47255874502052,52.2961838558599,12.757,4.574
2167,6.47257160561994,52.2961883614807,12.892,4.622
2168,6.47258446621936,52.2961928671014,12.948,4.643
2169,6.47259732681877,52.2961973727222,13.427,4.814
2170,6.47261018741819,52.296201878343,13.056,4.681
2171,6.47262304801761,52.2962063839637,12.678,4.546
2172,6.47263590861702,52.2962108895845,12.295,4.409
2173,6.47264876921644,52.2962153952052,12.518,4.488
2174,6.47266162981586,52.296219900826,12.956,4.646
2175,6.47267449041528,52.2962244064467,12.394,4.444
2176,6.47268735101469,52.2962289120675,13.373,4.795
2177,6.47270021161411,52.2962334176883,13.076,4.689
2178,6.47271307221353,52.296237923309,13.502,4.841
2179,6.47272593281294,52.2962424289298,12.461,4.468
2180,6.47273879341236,52.2962469345505,12.355,4.43
2181,6.47275165401178,52.2962514401713,13.518,4.847
2182,6.47276451326093,52.296255950309,12.933,4.637
2183,6.47277737239186,52.2962604608422,12.745,4.57
2184,6.4727902315228,52.2962649713754,13.281,4.762
2185,6.47280309065373,52.2962694819086,13.266,4.757
2186,6.47281594978467,52.2962739924418,12.145,4.355
2187,6.47282880970923,52.2962785003201,13.705,4.914
2188,6.47284166984327,52.2962830074976,12.656,4.538
2189,6.47285452997732,52.2962875146752,13.904,4.985
2190,6.47286739011137,52.2962920218527,12.126,4.348
2191,6.47288025024542,52.2962965290302,13.104,4.699
2192,6.47289311037947,52.2963010362077,12.815,4.595
2193,6.47290597051352,52.2963055433853,11.769,4.22
2194,6.4729188325025,52.2963100443576,13.324,4.777
2195,6.47293169529805,52.2963145426317,11.812,4.235
2196,6.47294455608039,52.2963190476406,12.778,4.582
2197,6.47295741548001,52.2963235572749,13.606,4.878
2198,6.47297027487962,52.2963280669093,12.651,4.536
2199,6.47298313427924,52.2963325765437,12.437,4.46
2200,6.47299599367885,52.2963370861781,13.446,4.821
2201,6.47300885307847,52.2963415958125,12.835,4.602
2202,6.47302171247808,52.2963461054469,12.749,4.571
2203,6.4730345718777,52.2963506150813,13.743,4.928
2204,6.47304743127731,52.2963551247157,12.313,4.415
2205,6.47306029067693,52.2963596343501,12.735,4.566
2206,6.47307315007654,52.2963641439844,13.521,4.848
2207,6.47308600947616,52.2963686536188,12.292,4.407
2208,6.47309886887577,52.2963731632532,14.066,5.044
2209,6.47311172827539,52.2963776728876,12.9,4.626
2210,6.473124587675,52.296382182522,13.548,4.858
2211,6.47313744793173,52.2963866892891,13.552,4.859
2212,6.47315030945961,52.296391191804,12.954,4.645
2213,6.47316317098748,52.2963956943188,12.767,4.578
2214,6.47317603251536,52.2964001968336,13.029,4.672
2215,6.47318889404324,52.2964046993485,13.478,4.833
2216,6.47320175557112,52.2964092018633,12.484,4.476
2217,6.47321461709899,52.2964137043781,12.361,4.432
2218,6.47322747862687,52.2964182068929,13.946,5.001
2219,6.47324034015475,52.2964227094078,12.646,4.534
2220,6.47325320168263,52.2964272119226,13.29,4.765
2221,6.4732660632105,52.2964317144374,12.968,4.65
2222,6.47327892473838,52.2964362169523,12.998,4.66
2223,6.47329178626626,52.2964407194671,13.936,4.997
2224,6.47330464779414,52.2964452219819,13.048,4.679
2225,6.47331798371026,52.2964481375519,12.892,4.623
2226,6.4733313498638,52.2964509519704,12.947,4.642
2227,6.47334460466545,52.2964541388881,12.813,4.594
2228,6.47335736525439,52.2964589790684,12.718,4.56
2229,6.47337012584333,52.2964638192487,12.822,4.597
2230,6.47338288643227,52.296468659429,14.097,5.055
2231,6.47339564702121,52.2964734996093,13.54,4.855
2232,6.47340840761015,52.2964783397896,12.921,4.633
2233,6.47342116819909,52.2964831799699,13.704,4.914
2234,6.47343392878803,52.2964880201502,12.196,4.373
2235,6.47344668937696,52.2964928603305,13.941,4.999
2236,6.4734594499659,52.2964977005107,13.895,4.982
2237,6.47347221055484,52.296502540691,14.451,5.182
2238,6.47348497114378,52.2965073808713,13.733,4.924
2239,6.47349773173272,52.2965122210516,13.397,4.803
2240,6.47351049793714,52.2965170424468,13.9,4.984
2241,6.473523357981,52.296521549926,12.774,4.58
2242,6.47353621802487,52.2965260574052,12.911,4.629
2243,6.47354907806873,52.2965305648844,13.107,4.7
2244,6.47356193811259,52.2965350723636,13.951,5.002
2245,6.47357479815646,52.2965395798429,12.643,4.533
2246,6.47358765820032,52.2965440873221,12.582,4.511
2247,6.47360051824418,52.2965485948013,13.287,4.764
2248,6.47361337828805,52.2965531022805,13.571,4.866
2249,6.47362623744561,52.2965576127246,12.735,4.566
2250,6.47363905060337,52.2965622770493,13.543,4.856
2251,6.47365186376112,52.2965669413741,13.954,5.003
2252,6.47366467691888,52.2965716056988,13.855,4.968
2253,6.47367749007664,52.2965762700235,13.356,4.789
2254,6.47369030323439,52.2965809343482,13.095,4.695
2255,6.47370311639215,52.296585598673,14.169,5.08
2256,6.47371592954991,52.2965902629977,13.156,4.717
2257,6.47372874270766,52.2965949273224,13.7,4.912
2258,6.47374155586542,52.2965995916472,14.297,5.126
2259,6.47375436902318,52.2966042559719,13.636,4.889
2260,6.47376718218093,52.2966089202966,12.557,4.503
2261,6.47377999533869,52.2966135846213,12.414,4.451
2262,6.47379280849644,52.2966182489461,12.966,4.649
2263,6.4738056216542,52.2966229132708,13.557,4.861
2264,6.47381843481196,52.2966275775955,13.4,4.805
2265,6.47383124796971,52.2966322419202,14.435,5.176
2266,6.47384406112747,52.296636906245,13.391,4.801
2267,6.47385687428523,52.2966415705697,12.941,4.64
2268,6.47386968744298,52.2966462348944,12.465,4.469
2269,6.47388250060074,52.2966508992191,13.824,4.957
2270,6.47389531375849,52.2966555635439,13.124,4.706
2271,6.47390812691625,52.2966602278686,12.239,4.389
2272,6.47392094007401,52.2966648921933,13.136,4.71
2273,6.47393375323176,52.296669556518,12.535,4.495
2274,6.47394656638952,52.2966742208428,12.868,4.614
2275,6.47395937954728,52.2966788851675,13.12,4.704
2276,6.47397219270503,52.2966835494922,12.581,4.511
2277,6.47398500586279,52.296688213817,12.824,4.598
2278,6.47399781902055,52.2966928781417,12.671,4.543
2279,6.4740106321783,52.2966975424664,12.684,4.548
2280,6.47402344533606,52.2967022067911,12.51,4.486
2281,6.47403625849381,52.2967068711159,12.817,4.596
2282,6.47404907165157,52.2967115354406,12.572,4.508
2283,6.47406194123011,52.296716011024,13.44,4.819
2284,6.47407481343374,52.2967204778258,13.21,4.737
2285,6.47408768563737,52.2967249446276,13.792,4.945
2286,6.47410055784101,52.2967294114294,14.196,5.09
2287,6.47411343004464,52.2967338782312,13.482,4.834
2288,6.47412630224828,52.296738345033,13.345,4.785
2289,6.47413917445191,52.2967428118349,13.513,4.845
2290,6.47415204665555,52.2967472786367,13.35,4.787
2291,6.47416491885918,52.2967517454385,13.102,4.698
2292,6.47417817420793,52.296754930526,13.052,4.68
2293,6.47419149269315,52.2967579044067,12.466,4.47
2294,6.4742050102656,52.2967602122918,13.557,4.861
2295,6.47421831235345,52.2967632410257,13.042,4.676
2296,6.4742315045514,52.2967666373682,13.91,4.988
2297,6.47424403929967,52.2967722330408,13.593,4.874
2298,6.47425652110027,52.2967780058363,12.684,4.548
2299,6.47426923219739,52.2967830115789,13.783,4.942
2300,6.47428200525929,52.296787810034,11.541,4.138
2301,6.47429477832119,52.2967926084892,14.179,5.084
2302,6.47430756103281,52.2967973746638,12.254,4.394
2303,6.47432036500353,52.2968020697214,13.33,4.779
2304,6.47433316897425,52.296806764779,13.287,4.764
2305,6.47434597294497,52.2968114598366,13.694,4.91
2306,6.4743587769157,52.2968161548942,12.837,4.603
2307,6.47437158088642,52.2968208499518,11.766,4.219
2308,6.47438438485714,52.2968255450094,12.833,4.601
2309,6.47439718882786,52.296830240067,12.894,4.623
2310,6.47440999279858,52.2968349351246,11.816,4.237
2311,6.47442279676931,52.2968396301822,13.045,4.677
2312,6.47443560074003,52.2968443252398,12.384,4.44
2313,6.47444840471075,52.2968490202974,13.396,4.803
2314,6.47446120868147,52.296853715355,12.867,4.614
2315,6.4744740126522,52.2968584104126,14.163,5.078
2316,6.47448684183201,52.2968630211396,12.857,4.61
2317,6.47449971240328,52.2968674934021,13.259,4.754
2318,6.47451258297455,52.2968719656646,12.879,4.618
2319,6.47452545354582,52.296876437927,12.048,4.32
2320,6.47453832411709,52.2968809101895,12.88,4.618
2321,6.47455119468836,52.296885382452,13.442,4.82
2322,6.47456406525962,52.2968898547145,13.352,4.787
2323,6.47457693583089,52.2968943269769,12.824,4.598
2324,6.4745897738086,52.2968989082729,12.138,4.352
2325,6.47460261030968,52.2969034945084,13.372,4.795
2326,6.47461544681076,52.296908080744,13.239,4.747
2327,6.47462828331185,52.2969126669796,13.487,4.836
2328,6.47464111981293,52.2969172532152,12.829,4.6
2329,6.47465395631401,52.2969218394508,11.998,4.302
2330,6.4746667928151,52.2969264256864,13.302,4.769
2331,6.47467962931618,52.2969310119219,12.982,4.655
2332,6.47469246581726,52.2969355981575,13.805,4.95
2333,6.47470530231835,52.2969401843931,13.002,4.662
2334,6.47471813881943,52.2969447706287,12.958,4.646
2335,6.47473097532051,52.2969493568643,13.23,4.744
2336,6.4747438118216,52.2969539430998,12.633,4.53
2337,6.47475664832268,52.2969585293354,12.604,4.519
2338,6.47476948482376,52.296963115571,12.926,4.635
2339,6.47478231244987,52.2969677314955,12.442,4.461
2340,6.47479512690521,52.2969723914795,12.848,4.607
2341,6.47480794136055,52.2969770514635,14.123,5.064
2342,6.47482075581588,52.2969817114476,13.596,4.875
2343,6.47483357027122,52.2969863714316,13.164,4.72
2344,6.47484638472656,52.2969910314156,13.895,4.982
2345,6.4748591991819,52.2969956913996,12.497,4.481
2346,6.47487201363723,52.2970003513836,14.447,5.18
2347,6.47488482809257,52.2970050113676,12.712,4.558
2348,6.47489764254791,52.2970096713516,14.162,5.078
2349,6.47491045700324,52.2970143313356,14.16,5.077
2350,6.47492331460139,52.2970188469963,11.953,4.286
2351,6.47493622060337,52.2970232007344,13.847,4.965
2352,6.47494912660534,52.2970275544725,12.818,4.596
2353,6.47496203260732,52.2970319082106,12.652,4.536
2354,6.47497493860929,52.2970362619486,13.295,4.767
2355,6.47498784461127,52.2970406156867,12.394,4.444
2356,6.47500075061324,52.2970449694248,13.282,4.763
2357,6.47501365661522,52.2970493231629,12.435,4.459
2358,6.47502656261719,52.297053676901,13.093,4.694
2359,6.47503946861917,52.2970580306391,13.774,4.939
2360,6.47505237462114,52.2970623843771,13.217,4.739
2361,6.47506541027571,52.2970663043956,12.779,4.582
2362,6.47507886777816,52.2970688132296,13.309,4.772
2363,6.4750923252806,52.2970713220636,12.165,4.362
2364,6.47510578278304,52.2970738308976,12.499,4.482
2365,6.47511924028549,52.2970763397315,12.74,4.568
2366,6.47513219890497,52.2970805174512,13.456,4.825
2367,6.47514446629166,52.2970870075138,13.233,4.745
2368,6.4751568636507,52.297093062787,13.309,4.772
2369,6.47516967264762,52.2970977410307,12.979,4.654
2370,6.47518248164454,52.2971024192745,12.532,4.493
2371,6.47519529064146,52.2971070975182,13.871,4.974
2372,6.47520809963838,52.2971117757619,12.586,4.513
2373,6.4752209086353,52.2971164540057,13.243,4.748
2374,6.47523371763222,52.2971211322494,12.931,4.636
2375,6.47524652662914,52.2971258104932,13.328,4.779
2376,6.47525933562606,52.2971304887369,12.641,4.533
2377,6.47527214462298,52.2971351669807,13.616,4.882
2378,6.4752849536199,52.2971398452244,13.807,4.951
2379,6.47529776261682,52.2971445234681,13.58,4.869
2380,6.47531057161374,52.2971492017119,13.089,4.693
2381,6.47532338061066,52.2971538799556,12.74,4.568
2382,6.47533618960758,52.2971585581994,14.655,5.255
2383,6.4753489986045,52.2971632364431,12.412,4.45
2384,6.47536180760142,52.2971679146869,13.512,4.845
2385,6.47537461659834,52.2971725929306,13.189,4.729
2386,6.47538742559526,52.2971772711743,12.955,4.645
2387,6.47540023459218,52.2971819494181,13.1,4.697
2388,6.47541309614962,52.297186451834,12.689,4.55
2389,6.47542596616257,52.2971909259642,13.239,4.747
2390,6.47543883617552,52.2971954000944,13.173,4.723
2391,6.47545170618847,52.2971998742246,14.559,5.22
2392,6.47546457620142,52.2972043483548,13.612,4.881
2393,6.47547744621436,52.297208822485,13.284,4.763
2394,6.47549031622731,52.2972132966151,13.316,4.775
2395,6.47550318624026,52.2972177707453,14.057,5.04
2396,6.47551605625321,52.2972222448755,12.402,4.447
2397,6.47552892626616,52.2972267190057,12.862,4.612
2398,6.47554179627911,52.2972311931359,11.845,4.247
2399,6.47555466629206,52.2972356672661,13.291,4.766
2400,6.47556753630501,52.2972401413963,13.458,4.826
2401,6.47558040631796,52.2972446155265,12.37,4.435
2402,6.47559327633091,52.2972490896566,13.795,4.946
2403,6.47560614634386,52.2972535637868,12.524,4.491
2404,6.4756190163568,52.297258037917,12.741,4.568
2405,6.47563188636975,52.2972625120472,13.008,4.664
2406,6.4756447563827,52.2972669861774,13.87,4.973
2407,6.47565762639565,52.2972714603076,12.423,4.454
2408,6.4756704964086,52.2972759344378,13.093,4.695
2409,6.47568336642155,52.297280408568,13.372,4.795
2410,6.4756962364345,52.2972848826981,13.245,4.749
2411,6.47570910644745,52.2972893568283,13.26,4.755
2412,6.4757219764604,52.2972938309585,13.346,4.785
2413,6.47573484647335,52.2972983050887,12.565,4.505
2414,6.4757477164863,52.2973027792189,13.876,4.976
2415,6.47576058649924,52.2973072533491,12.811,4.594
2416,6.47577345651219,52.2973117274793,12.726,4.563
2417,6.47578632652514,52.2973162016095,13.654,4.896
2418,6.47579919653809,52.2973206757396,12.482,4.476
2419,6.47581206628425,52.2973251507623,13.033,4.673
2420,6.47582492895682,52.2973296494479,12.411,4.45
2421,6.47583779162938,52.2973341481334,14.309,5.13
2422,6.47585065430195,52.297338646819,14.176,5.083
2423,6.47586351697451,52.2973431455046,12.744,4.569
2424,6.47587637964708,52.2973476441902,13.104,4.699
2425,6.47588924231964,52.2973521428757,12.792,4.587
2426,6.47590202793214,52.2973568993461,12.573,4.508
2427,6.47591479495591,52.2973617180003,12.838,4.603
2428,6.47592770579487,52.2973660555575,12.733,4.566
2429,6.47594103601653,52.2973689901768,11.852,4.249
2430,6.47595430297165,52.2973721364383,12.889,4.622
2431,6.4759674486059,52.2973756885477,12.698,4.553
2432,6.47598059424016,52.2973792406572,12.895,4.623
2433,6.47599373987441,52.2973827927666,12.653,4.537
2434,6.47600688550867,52.2973863448761,12.475,4.473
2435,6.47601987970756,52.2973904035739,13.188,4.729
2436,6.47603255825058,52.2973955182179,12.975,4.652
2437,6.47604523679359,52.2974006328618,13.469,4.829
2438,6.47605791533661,52.2974057475058,12.925,4.635
2439,6.47607059387963,52.2974108621498,12.505,4.484
2440,6.47608327242265,52.2974159767938,12.97,4.65
2441,6.47609595096567,52.2974210914378,11.428,4.098
2442,6.47610862950869,52.2974262060817,13.816,4.954
2443,6.47612130805171,52.2974313207257,12.725,4.563
2444,6.47613403666213,52.297436267882,13.834,4.96
2445,6.47614679262119,52.2974411235504,12.023,4.311
2446,6.47615954858024,52.2974459792187,11.862,4.253
2447,6.47617240601913,52.2974504954122,12.719,4.56
2448,6.47618530701653,52.2974548658919,12.701,4.554
2449,6.47619820801393,52.2974592363715,12.671,4.543
2450,6.47621110901132,52.2974636068511,12.566,4.506
2451,6.47622401000872,52.2974679773307,12.071,4.328
2452,6.47623687895099,52.2974724550426,11.551,4.142
2453,6.47624974236396,52.2974769512513,12.574,4.509
2454,6.47626260577693,52.2974814474601,11.637,4.172
2455,6.4762754691899,52.2974859436688,11.565,4.147
2456,6.47628833260286,52.2974904398776,12.134,4.351
2457,6.47630119601583,52.2974949360863,12.594,4.516
2458,6.47631405926963,52.2974994328275,13.492,4.838
2459,6.476326920968,52.297503934772,12.882,4.619
2460,6.47633978266636,52.2975084367165,13.132,4.708
2461,6.47635264436472,52.297512938661,12.656,4.538
2462,6.47636550606309,52.2975174406055,12.469,4.471
2463,6.47637836776145,52.2975219425501,13.71,4.916
2464,6.47639122945981,52.2975264444946,11.44,4.102
2465,6.47640409115817,52.2975309464391,11.957,4.287
2466,6.47641695285654,52.2975354483836,11.985,4.297
2467,6.4764298145549,52.2975399503281,12.69,4.55
2468,6.47644267625326,52.2975444522726,11.571,4.149
2469,6.47645553795162,52.2975489542171,12.577,4.51
2470,6.47646839964999,52.2975534561617,12.451,4.465
2471,6.47648125899807,52.2975579659684,12.571,4.507
2472,6.47649410853658,52.2975625085906,12.542,4.497
2473,6.47650695807508,52.2975670512128,12.961,4.647
2474,6.47651980761359,52.2975715938351,12.009,4.306
2475,6.4765326571521,52.2975761364573,12.332,4.422
2476,6.47654550669061,52.2975806790795,11.569,4.148
2477,6.47655835622912,52.2975852217017,11.416,4.093
2478,6.47657121071939,52.297589747759,13.003,4.662
2479,6.47658414704668,52.2975940000515,11.47,4.113
2480,6.47659708337397,52.297598252344,12.307,4.413
2481,6.47661001970126,52.2976025046365,12.224,4.383
2482,6.47662295602855,52.2976067569289,12.585,4.512
2483,6.47663589235584,52.2976110092214,10.901,3.908
2484,6.47664882868312,52.2976152615139,12.382,4.44
2485,6.47666176501041,52.2976195138064,11.806,4.233
2486,6.4766747013377,52.2976237660989,11.47,4.113
2487,6.47668763766499,52.2976280183914,11.658,4.18
2488,6.47670077892998,52.2976315851171,12.398,4.445
2489,6.47671397043978,52.2976349837616,12.201,4.375
2490,6.47672716194958,52.2976383824061,11.678,4.187
2491,6.4767402825308,52.2976420183241,11.067,3.968
2492,6.47675312232965,52.2976465935278,11.091,3.977
2493,6.47676596212851,52.2976511687315,12.146,4.355
2494,6.47677880192736,52.2976557439353,10.935,3.921
2495,6.47679164172622,52.297660319139,11.6,4.159
2496,6.47680448152507,52.2976648943427,13.23,4.744
2497,6.47681732132393,52.2976694695465,11.907,4.269
2498,6.47683010168473,52.297674243585,12.058,4.323
2499,6.47684283441771,52.2976791769503,10.981,3.937
2500,6.47685556807661,52.2976841072182,10.868,3.897
2501,6.4768683217787,52.2976889704367,12.042,4.318
2502,6.47688107548079,52.2976938336552,11.393,4.085
2503,6.47689382918288,52.2976986968736,12.234,4.386
2504,6.47690658288497,52.2977035600921,11.613,4.164
2505,6.47691933658707,52.2977084233106,13.605,4.878
2506,6.47693208710354,52.2977132971857,11.221,4.024
2507,6.47694483468916,52.2977181808653,11.714,4.2
2508,6.47695758227479,52.2977230645449,11.004,3.945
2509,6.47697033531011,52.2977279299939,12.122,4.347
2510,6.47698309304598,52.2977327797184,11.761,4.217
2511,6.47699585078184,52.2977376294429,10.923,3.917
2512,6.47700860851771,52.2977424791674,11.288,4.048
2513,6.47702136625358,52.2977473288919,12.269,4.399
2514,6.47703414865646,52.2977520960992,12.185,4.369
2515,6.47704698708418,52.2977566758897,10.605,3.802
2516,6.47705982551191,52.2977612556802,11.15,3.998
2517,6.47707266393964,52.2977658354707,12.483,4.476
2518,6.47708550236736,52.2977704152612,11.302,4.052
2519,6.47709834079509,52.2977749950517,11.496,4.122
2520,6.47711117922281,52.2977795748422,11.981,4.296
2521,6.47712401765054,52.2977841546327,10.582,3.794
2522,6.47713685607826,52.2977887344232,10.802,3.873
2523,6.47714969450599,52.2977933142137,11.154,3.999
2524,6.47716253293372,52.2977978940042,12.042,4.318
2525,6.47717537136144,52.2978024737946,11.923,4.275
2526,6.47718820978917,52.2978070535851,11.737,4.208
2527,6.47720104821689,52.2978116333756,11.222,4.024
2528,6.47721388664462,52.2978162131661,11.958,4.288
2529,6.47722672507234,52.2978207929566,11.195,4.014
2530,6.47723956350007,52.2978253727471,11.616,4.165
2531,6.4772524019278,52.2978299525376,11.804,4.232
2532,6.47726524035552,52.2978345323281,12.257,4.395
2533,6.47727807878325,52.2978391121186,11.217,4.022
2534,6.47729091721097,52.2978436919091,11.029,3.955
2535,6.4773037556387,52.2978482716996,11.996,4.301
2536,6.47731665403797,52.2978526508705,12.034,4.315
2537,6.47732959408923,52.2978568907055,10.9,3.908
2538,6.47734253414048,52.2978611305404,10.563,3.788
2539,6.47735547419174,52.2978653703753,11.923,4.275
2540,6.47736841424299,52.2978696102102,10.234,3.67
2541,6.47738135429425,52.2978738500451,10.198,3.657
2542,6.4773942943455,52.29787808988,11.03,3.955
2543,6.47740723439676,52.2978823297149,11.183,4.01
2544,6.47742017444801,52.2978865695498,10.494,3.763
2545,6.47743319433356,52.2978905423195,11.243,4.031
2546,6.47744627249885,52.2978943201291,11.264,4.039
2547,6.47745925940291,52.2978984032299,10.82,3.88
2548,6.47747213732345,52.2979028509073,12.294,4.408
2549,6.47748501524399,52.2979072985846,11.346,4.068
2550,6.47749789316453,52.297911746262,11.753,4.214
2551,6.47751077108507,52.2979161939394,10.229,3.668
2552,6.47752364900561,52.2979206416167,10.221,3.665
2553,6.47753655993785,52.2979249788618,11.349,4.069
2554,6.47754951109505,52.2979291815447,12.167,4.362
2555,6.47756246225224,52.2979333842275,10.479,3.757
2556,6.47757541340943,52.2979375869103,11.154,4.0
2557,6.47758836456662,52.2979417895932,10.341,3.708
2558,6.47760131572381,52.297945992276,10.643,3.816
2559,6.477614266881,52.2979501949588,11.177,4.008
2560,6.47762721803819,52.2979543976417,10.772,3.862
2561,6.47764016919538,52.2979586003245,10.292,3.69
2562,6.47765312035258,52.2979628030073,10.278,3.685
2563,6.47766607150977,52.2979670056901,9.949,3.567
2564,6.47767902266696,52.297971208373,11.337,4.065
2565,6.47769197382415,52.2979754110558,11.408,4.09
2566,6.47770485118479,52.2979798606062,11.404,4.089
2567,6.47771769041575,52.2979844377097,10.521,3.772
2568,6.47773052964671,52.2979890148131,11.647,4.176
2569,6.47774336887767,52.2979935919166,11.471,4.113
2570,6.47775620810863,52.2979981690201,11.06,3.966
2571,6.47776902571743,52.298002818455,10.964,3.931
2572,6.47778173310215,52.2980078366164,10.675,3.828
2573,6.47779444048687,52.2980128547778,11.171,4.006
2574,6.4778071478716,52.2980178729392,12.01,4.306
2575,6.47781985525632,52.2980228911007,11.73,4.206
2576,6.47783256264104,52.2980279092621,10.912,3.912
2577,6.47784527002576,52.2980329274235,11.381,4.081
2578,6.47785797741049,52.2980379455849,10.418,3.736
2579,6.47787068479521,52.2980429637463,11.498,4.123
2580,6.47788339217993,52.2980479819078,10.582,3.794
2581,6.47789609956465,52.2980530000692,11.479,4.116
2582,6.47790880694937,52.2980580182306,12.822,4.598
2583,6.4779215143341,52.298063036392,10.744,3.852
2584,6.47793422171882,52.2980680545534,12.801,4.59
2585,6.47794692910354,52.2980730727149,11.374,4.078
2586,6.4779597557908,52.2980776917801,10.648,3.818
2587,6.47797261030276,52.2980822177649,10.625,3.81
2588,6.47798546481472,52.2980867437497,12.488,4.478
2589,6.47799831932668,52.2980912697345,11.391,4.084
2590,6.47801117383865,52.2980957957192,10.772,3.862
2591,6.47802402835061,52.298100321704,10.99,3.941
2592,6.47803688286257,52.2981048476888,11.368,4.076
2593,6.47804973737453,52.2981093736736,11.114,3.985
2594,6.47806259188649,52.2981138996584,11.328,4.062
2595,6.47807544639845,52.2981184256432,12.173,4.365
2596,6.47808830091041,52.298122951628,10.472,3.755
2597,6.47810115542238,52.2981274776127,11.52,4.131
2598,6.47811400993434,52.2981320035975,11.104,3.981
2599,6.4781268644463,52.2981365295823,10.859,3.894
2600,6.47813971895826,52.2981410555671,11.789,4.227
2601,6.47815257347022,52.2981455815519,10.306,3.695
2602,6.47816542798218,52.2981501075367,9.78,3.507
2603,6.47817828249414,52.2981546335215,11.311,4.056
2604,6.47819113700611,52.2981591595062,11.105,3.982
2605,6.47820399151807,52.298163685491,10.397,3.728
2606,6.47821690706123,52.2981680073115,10.194,3.655
2607,6.47822989123506,52.2981720995456,12.344,4.426
2608,6.47824287540889,52.2981761917797,11.488,4.119
2609,6.47825585958273,52.2981802840138,11.235,4.029
2610,6.47826884375656,52.2981843762478,12.523,4.49
2611,6.47828182793039,52.2981884684819,11.842,4.246
2612,6.47829481210423,52.298192560716,12.29,4.407
2613,6.47830779627806,52.2981966529501,10.564,3.788
2614,6.47832078045189,52.2982007451842,10.551,3.783
2615,6.47833376462573,52.2982048374182,11.639,4.173
2616,6.47834674879956,52.2982089296523,11.53,4.134
2617,6.47835973297339,52.2982130218864,12.031,4.314
2618,6.47837271714723,52.2982171141205,10.347,3.71
2619,6.47838570132106,52.2982212063546,11.73,4.206
2620,6.47839868549489,52.2982252985886,11.908,4.27
2621,6.47841166966873,52.2982293908227,11.887,4.262
2622,6.47842465384256,52.2982334830568,11.108,3.983
2623,6.47843763801639,52.2982375752909,11.664,4.182
2624,6.47845062219023,52.298241667525,10.914,3.913
2625,6.47846360636406,52.298245759759,11.209,4.019
2626,6.47847659053789,52.2982498519931,10.78,3.865
2627,6.47848957471173,52.2982539442272,10.959,3.929
2628,6.4785023720842,52.2982586613576,11.276,4.043
2629,6.47851500485988,52.2982639291045,11.141,3.995
2630,6.47852763763557,52.2982691968514,10.996,3.943
2631,6.47854027041125,52.2982744645983,10.691,3.833
2632,6.47855303594933,52.2982792882226,12.622,4.526
2633,6.47856583657394,52.2982839944737,11.188,4.011
2634,6.47857863719854,52.2982887007249,11.69,4.192
2635,6.47859143782315,52.2982934069761,10.475,3.756
2636,6.47860423844776,52.2982981132273,12.322,4.418
2637,6.47861703907236,52.2983028194784,11.637,4.172
2638,6.47862983969697,52.2983075257296,11.292,4.049
2639,6.47864264032158,52.2983122319808,11.312,4.056
2640,6.47865544094619,52.298316938232,12.094,4.337
2641,6.4786682415708,52.2983216444831,9.862,3.536
2642,6.4786810421954,52.2983263507343,11.13,3.991
2643,6.47869384282001,52.2983310569855,11.56,4.145
2644,6.47870664344462,52.2983357632367,11.57,4.148
2645,6.47871944406923,52.2983404694879,13.136,4.71
2646,6.47873224469383,52.298345175739,11.481,4.117
2647,6.47874504531844,52.2983498819902,12.279,4.403
2648,6.47875784594305,52.2983545882414,12.779,4.582
2649,6.47877064656766,52.2983592944926,12.126,4.348
2650,6.47878339876852,52.298364162733,11.353,4.071
2651,6.47879611696435,52.2983691447286,11.012,3.948
2652,6.47880883516019,52.2983741267242,12.224,4.383
2653,6.47882155335603,52.2983791087198,12.772,4.579
2654,6.47883427155186,52.2983840907154,12.144,4.354
2655,6.4788469897477,52.298389072711,12.568,4.506
2656,6.47885970794354,52.2983940547066,13.386,4.8
2657,6.47887242613938,52.2983990367022,12.374,4.437
2658,6.47888525286874,52.2984036556266,11.254,4.035
2659,6.47889811721699,52.2984081487065,11.951,4.285
2660,6.47891098156525,52.2984126417865,12.747,4.571
2661,6.4789238459135,52.2984171348665,11.816,4.237
2662,6.47893671026175,52.2984216279465,12.868,4.614
2663,6.47894957461,52.2984261210265,11.965,4.29
2664,6.47896243895826,52.2984306141065,12.222,4.382
2665,6.47897530330651,52.2984351071865,11.841,4.246
2666,6.47898816765476,52.2984396002664,12.163,4.361
2667,6.47900103200301,52.2984440933464,12.216,4.38
2668,6.47901389635126,52.2984485864264,11.167,4.004
2669,6.47902677282837,52.2984530389324,11.876,4.258
2670,6.47903967288325,52.298457412565,11.433,4.1
2671,6.47905257293813,52.2984617861976,11.942,4.282
2672,6.47906547299301,52.2984661598301,11.737,4.209
2673,6.47907837304788,52.2984705334627,12.824,4.598
2674,6.47909127310276,52.2984749070953,12.854,4.609
2675,6.47910417315764,52.2984792807279,12.606,4.52
2676,6.47911707321252,52.2984836543605,11.555,4.143
2677,6.47912997326739,52.2984880279931,12.267,4.398
2678,6.47914287332227,52.2984924016256,11.557,4.144
2679,6.47915577337715,52.2984967752582,12.287,4.406
2680,6.47916867343202,52.2985011488908,12.779,4.582
2681,6.47918191095141,52.298504393622,13.007,4.664
2682,6.47919524626717,52.2985073112004,12.727,4.563
2683,6.47920858158293,52.2985102287787,13.215,4.738
2684,6.47922183550971,52.2985134186232,12.653,4.537
2685,6.47923503071437,52.2985168049075,12.389,4.442
2686,6.47924822591904,52.2985201911917,13.066,4.685
2687,6.47926115041275,52.2985244830704,13.111,4.701
2688,6.47927371313286,52.2985299851704,12.296,4.409
2689,6.47928631039783,52.2985353717093,12.854,4.609
2690,6.47929905838587,52.2985402540427,12.484,4.476
2691,6.47931180637391,52.2985451363761,11.503,4.124
2692,6.47932455436195,52.2985500187095,12.97,4.65
2693,6.47933730234999,52.2985549010429,11.976,4.294
2694,6.47935005033803,52.2985597833763,12.958,4.646
2695,6.47936279832607,52.2985646657096,11.889,4.263
2696,6.47937554631411,52.298569548043,12.396,4.445
2697,6.47938829430215,52.2985744303764,12.591,4.515
2698,6.47940104229019,52.2985793127098,13.58,4.869
2699,6.47941379027823,52.2985841950432,12.587,4.513
2700,6.47942653826627,52.2985890773766,12.296,4.409
2701,6.47943928625431,52.29859395971,13.17,4.722
2702,6.47945203424235,52.2985988420433,12.856,4.61
2703,6.47946478223039,52.2986037243767,13.476,4.832
2704,6.47947753021843,52.2986086067101,12.444,4.462
2705,6.47949027820647,52.2986134890435,13.191,4.73
2706,6.47950302619451,52.2986183713769,14.547,5.216
2707,6.47951577418254,52.2986232537103,12.981,4.655
2708,6.47952852217058,52.2986281360436,13.26,4.754
2709,6.47954127015862,52.298633018377,12.201,4.375
2710,6.47955401914834,52.2986378973595,12.703,4.555
2711,6.47956687103482,52.2986424321272,13.503,4.842
2712,6.4795797229213,52.2986469668949,13.066,4.685
2713,6.47959257480778,52.2986515016625,13.649,4.894
2714,6.47960542669426,52.2986560364302,13.565,4.864
2715,6.47961827858074,52.2986605711979,12.567,4.506
2716,6.47963113046722,52.2986651059655,13.967,5.008
2717,6.4796439823537,52.2986696407332,12.666,4.542
2718,6.47965683424018,52.2986741755009,12.974,4.652
2719,6.47966968612666,52.2986787102685,13.586,4.871
2720,6.47968253801314,52.2986832450362,14.4,5.163
2721,6.47969538989962,52.2986877798039,12.914,4.631
2722,6.4797082417861,52.2986923145715,13.618,4.883
2723,6.47972109367258,52.2986968493392,13.65,4.894
2724,6.47973394555906,52.2987013841069,13.971,5.009
2725,6.47974679744554,52.2987059188745,14.306,5.13
2726,6.47975967363916,52.2987103723288,13.398,4.804
2727,6.47977257434791,52.2987147437741,14.257,5.112
2728,6.47978547505666,52.2987191152193,14.47,5.188
2729,6.47979837576541,52.2987234866645,14.762,5.293
2730,6.47981127647416,52.2987278581097,14.033,5.032
2731,6.4798241771829,52.298732229555,13.855,4.968
2732,6.47983707789165,52.2987366010002,13.508,4.843
2733,6.47985019972253,52.2987402327377,12.953,4.644
2734,6.47986336022984,52.2987437350932,13.672,4.902
2735,6.47987652073715,52.2987472374486,13.925,4.993
2736,6.47988968124445,52.2987507398041,13.818,4.955
2737,6.47990284175176,52.2987542421595,14.257,5.112
2738,6.4799158292771,52.298758323182,13.073,4.688
2739,6.47992874797647,52.2987626344442,13.844,4.964
2740,6.47994166667584,52.2987669457064,15.147,5.431
2741,6.47995458537521,52.2987712569686,14.581,5.228
2742,6.47996750407458,52.2987755682307,14.379,5.156
2743,6.47998042277395,52.2987798794929,14.268,5.116
2744,6.47999334147332,52.2987841907551,13.844,4.964
2745,6.48000626017269,52.2987885020173,13.048,4.678
2746,6.48001917887206,52.2987928132795,14.368,5.152
2747,6.48003209757143,52.2987971245417,12.679,4.546
2748,6.48004501627079,52.2988014358039,13.947,5.001
2749,6.48005801953497,52.2988054641761,14.155,5.075
2750,6.48007103202751,52.2988094616772,13.912,4.988
2751,6.48008401825019,52.2988135470574,15.47,5.547
2752,6.48009638458196,52.2988197061244,15.283,5.48
2753,6.48010875091374,52.2988258651914,14.835,5.319
2754,6.48012111724551,52.2988320242585,13.7,4.912
2755,6.48013348357728,52.2988381833255,15.39,5.518
2756,6.48014584990906,52.2988443423925,14.64,5.249
2757,6.48015848130598,52.2988496147518,13.737,4.925
2758,6.48017147376755,52.2988536792613,14.325,5.136
2759,6.48018446622913,52.2988577437709,14.883,5.336
2760,6.48019745869071,52.2988618082804,13.981,5.013
2761,6.48021045115228,52.29886587279,14.429,5.173
2762,6.4802234479142,52.2988699229138,14.544,5.215
2763,6.48023644795023,52.2988739620849,13.723,4.92
2764,6.48024955784627,52.2988776337475,14.223,5.1
2765,6.48026275542617,52.298881012086,13.789,4.944
2766,6.48027599400764,52.2988842532643,14.914,5.347
2767,6.48028926259545,52.298887394064,13.878,4.976
2768,6.48030253118326,52.2988905348637,14.593,5.232
2769,6.4803150171348,52.2988962937733,13.612,4.881
2770,6.48032739246049,52.2989024227535,13.771,4.938
2771,6.48033976778618,52.2989085517336,13.75,4.93
2772,6.48035214089688,52.2989141138908,14.281,5.121
2773,6.48036451011326,52.2989186794796,14.564,5.222
2774,6.48037687932963,52.2989232450685,14.678,5.263
2775,6.480389248546,52.2989278106573,13.426,4.814
2776,6.48040161776237,52.2989323762461,14.373,5.154
2777,6.48041398697875,52.298936941835,14.034,5.032
2778,6.48042635619512,52.2989415074238,14.793,5.304
2779,6.48043872541149,52.2989460730127,14.324,5.136
2780,6.48045108933125,52.2989506311134,14.435,5.176
2781,6.48046325044723,52.2989549025016,14.045,5.036
2782,6.48047541156322,52.2989591738898,15.498,5.557
2783,6.48048757267921,52.2989634452779,13.729,4.923
2784,6.4804997337952,52.2989677166661,14.247,5.109
2785,6.48051189491119,52.2989719880543,14.544,5.215
2786,6.48052405602717,52.2989762594425,14.331,5.138
2787,6.48053621714316,52.2989805308306,14.026,5.029
2788,6.48054837825915,52.2989848022188,13.406,4.807
2789,6.48056053937514,52.298989073607,14.061,5.042
2790,6.48057270049112,52.2989933449951,13.898,4.983
2791,6.48058486160711,52.2989976163833,15.444,5.538
2792,6.4805970227231,52.2990018877715,15.782,5.659
2793,6.48060918383909,52.2990061591596,14.413,5.168
2794,6.48062134495508,52.2990104305478,13.609,4.88
2795,6.48063350607106,52.299014701936,14.861,5.328
2796,6.48064566718705,52.2990189733241,13.841,4.963
2797,6.48065782830304,52.2990232447123,14.085,5.05
2798,6.48066998941903,52.2990275161005,14.027,5.03
2799,6.48068215053501,52.2990317874886,14.092,5.053
2800,6.480694311651,52.2990360588768,14.165,5.079
2801,6.48070647276699,52.299040330265,13.589,4.872
2802,6.48071863388298,52.2990446016532,13.935,4.997
2803,6.48073079499897,52.2990488730413,14.934,5.355
2804,6.48074295611495,52.2990531444295,14.3,5.127
2805,6.48075511723094,52.2990574158177,14.378,5.155
2806,6.48076727834693,52.2990616872058,12.975,4.652
2807,6.48077943946292,52.299065958594,14.829,5.317
2808,6.48079162865077,52.2990701435917,13.851,4.966
2809,6.48080392908365,52.2990739862355,14.897,5.341
2810,6.48081622951652,52.2990778288792,14.308,5.13
2811,6.48082852994939,52.299081671523,13.867,4.972
2812,6.48084083038226,52.2990855141668,13.191,4.73
2813,6.48085313081514,52.2990893568106,15.436,5.535
2814,6.48086543124801,52.2990931994544,14.608,5.238
2815,6.48087773168088,52.2990970420982,14.622,5.243
2816,6.48089003211376,52.299100884742,15.161,5.436
2817,6.48090237232678,52.2991046049633,14.2,5.091
2818,6.48091472145678,52.2991082977429,14.84,5.321
2819,6.48092707058677,52.2991119905225,13.738,4.926
2820,6.48093941971677,52.299115683302,14.428,5.173
2821,6.48095176884676,52.2991193760816,13.598,4.876
2822,6.48096411797676,52.2991230688612,13.646,4.893
2823,6.4809763576676,52.2991270984371,13.973,5.01
2824,6.48098833986042,52.299131920457,13.143,4.712
2825,6.48100032205324,52.299136742477,14.053,5.039
2826,6.48101230424606,52.2991415644969,13.647,4.893
2827,6.48102447612013,52.2991458027773,12.633,4.53
2828,6.48103664815755,52.299150040555,13.503,4.841
2829,6.48104882019496,52.2991542783328,13.538,4.854
2830,6.48106099223237,52.2991585161105,14.212,5.096
2831,6.48107316426979,52.2991627538883,13.846,4.965
2832,6.4810853363072,52.299166991666,14.498,5.198
2833,6.48109750834461,52.2991712294438,13.92,4.991
2834,6.48110968038203,52.2991754672215,13.255,4.753
2835,6.48112185241944,52.2991797049992,13.512,4.845
2836,6.48113402445686,52.299183942777,13.308,4.772
2837,6.48114619649427,52.2991881805547,13.765,4.935
2838,6.48115836853168,52.2991924183325,13.478,4.833
2839,6.4811705405691,52.2991966561102,13.037,4.675
2840,6.48118271260651,52.299200893888,13.376,4.796
2841,6.48119488464392,52.2992051316657,13.605,4.878
2842,6.48120705668134,52.2992093694434,12.705,4.555
2843,6.48121922871875,52.2992136072212,13.446,4.821
2844,6.48123140075616,52.2992178449989,12.293,4.408
2845,6.48124357279358,52.2992220827767,13.833,4.96
2846,6.48125574483099,52.2992263205544,13.454,4.824
2847,6.4812679168684,52.2992305583322,14.063,5.042
2848,6.48128008890582,52.2992347961099,12.408,4.449
2849,6.48129226094323,52.2992390338876,13.691,4.909
2850,6.48130443298064,52.2992432716654,13.535,4.853
2851,6.48131660501806,52.2992475094431,12.836,4.603
2852,6.4813287887654,52.2992517111838,12.681,4.547
2853,6.48134097419761,52.2992559077394,12.223,4.383
2854,6.48135315962983,52.299260104295,12.027,4.313
2855,6.48136534506204,52.2992643008505,12.335,4.423
2856,6.48137753049426,52.2992684974061,11.996,4.301
2857,6.48138971592647,52.2992726939617,13.63,4.887
2858,6.48140190135868,52.2992768905172,11.765,4.218
2859,6.4814140867909,52.2992810870728,12.692,4.551
2860,6.48142627222311,52.2992852836284,12.817,4.596
2861,6.48143845765533,52.2992894801839,12.728,4.564
2862,6.48145064308754,52.2992936767395,12.735,4.566
2863,6.48146282851975,52.2992978732951,12.985,4.656
2864,6.48147501395197,52.2993020698506,12.122,4.346
2865,6.48148719938418,52.2993062664062,12.391,4.443
2866,6.48149938481639,52.2993104629618,12.121,4.346
2867,6.48151157024861,52.2993146595173,13.015,4.667
2868,6.48152375568082,52.2993188560729,13.438,4.818
2869,6.48153594111304,52.2993230526285,11.456,4.107
2870,6.48154812654525,52.299327249184,10.917,3.915
2871,6.48156031197746,52.2993314457396,12.401,4.446
2872,6.48157249740968,52.2993356422952,12.649,4.536
2873,6.48158468284189,52.2993398388507,13.125,4.706
2874,6.4815968682741,52.2993440354063,12.361,4.432
2875,6.48160905370632,52.2993482319619,12.702,4.554
2876,6.48162123913853,52.2993524285174,12.811,4.593
2877,6.48163342457075,52.299356625073,12.649,4.536
2878,6.48164561000296,52.2993608216286,12.26,4.396
2879,6.48165779543517,52.2993650181841,10.941,3.923
2880,6.48166998086739,52.2993692147397,11.643,4.175
2881,6.4816821643922,52.2993734171652,11.778,4.223
2882,6.48169434232221,52.2993776368087,11.496,4.122
2883,6.48170652025222,52.2993818564521,11.485,4.118
2884,6.48171869818223,52.2993860760955,12.382,4.44
2885,6.48173087611223,52.2993902957389,10.969,3.933
2886,6.48174305404224,52.2993945153823,11.837,4.244
2887,6.48175523197225,52.2993987350258,11.506,4.126
2888,6.48176740990226,52.2994029546692,10.769,3.861
2889,6.48177958783227,52.2994071743126,10.594,3.798
2890,6.48179176576228,52.299411393956,10.18,3.65
2891,6.48180390712297,52.2994157261407,11.419,4.095
2892,6.48181553193528,52.2994216479905,11.05,3.962
2893,6.48182715674759,52.2994275698404,10.555,3.785
2894,6.4818387815599,52.2994334916903,9.891,3.547
2895,6.48185040637221,52.2994394135402,11.203,4.017
2896,6.48186229482222,52.2994445240514,10.8,3.873
2897,6.48187442765085,52.2994488824932,10.437,3.742
2898,6.48188656047949,52.299453240935,10.244,3.673
2899,6.48189869330812,52.2994575993768,10.625,3.81
2900,6.48191082613676,52.2994619578187,10.996,3.943
2901,6.48192295896539,52.2994663162605,10.481,3.758
2902,6.48193509179403,52.2994706747023,9.931,3.561
2903,6.48194722462266,52.2994750331441,10.551,3.783
2904,6.4819593574513,52.2994793915859,11.155,4.0
2905,6.48197149027993,52.2994837500277,10.519,3.772
2906,6.48198362310857,52.2994881084696,10.492,3.762
2907,6.4819957559372,52.2994924669114,10.216,3.663
2908,6.48200788876584,52.2994968253532,9.84,3.528
2909,6.48202002159448,52.299501183795,9.777,3.506
2910,6.48203215442311,52.2995055422368,9.299,3.334
2911,6.48204428725175,52.2995099006787,10.929,3.919
2912,6.48205642008038,52.2995142591205,10.463,3.752
2913,6.48206855290902,52.2995186175623,10.197,3.656
2914,6.48208068573765,52.2995229760041,10.28,3.686
2915,6.48209281856629,52.2995273344459,10.264,3.68
2916,6.48210495139492,52.2995316928877,9.591,3.439
2917,6.48211708422356,52.2995360513296,9.79,3.51
2918,6.48212921705219,52.2995404097714,9.662,3.464
2919,6.48214134988083,52.2995447682132,11.377,4.079
2920,6.4821534860286,52.2995491164405,10.459,3.75
2921,6.48216568541854,52.2995532700415,9.918,3.556
2922,6.48217788480849,52.2995574236424,10.583,3.795
2923,6.48219008419843,52.2995615772434,10.469,3.754
2924,6.48220228358837,52.2995657308444,8.889,3.187
2925,6.48221448297832,52.2995698844454,9.532,3.418
2926,6.48222668236826,52.2995740380464,9.615,3.447
2927,6.48223888175821,52.2995781916474,9.946,3.566
2928,6.48225108114815,52.2995823452483,9.417,3.377
2929,6.4822632805381,52.2995864988493,9.454,3.39
2930,6.48227547992804,52.2995906524503,9.204,3.3
2931,6.48228767931798,52.2995948060513,10.056,3.606
2932,6.48229987870793,52.2995989596523,8.554,3.067
2933,6.48231207809787,52.2996031132533,9.116,3.269
2934,6.48232427748782,52.2996072668543,8.248,2.957
2935,6.48233647687776,52.2996114204552,8.692,3.117
2936,6.48234867626771,52.2996155740562,9.45,3.388
2937,6.48236087565765,52.2996197276572,9.427,3.38
2938,6.4823730750476,52.2996238812582,9.011,3.231
2939,6.48238527443754,52.2996280348592,9.824,3.522
2940,6.48239747382748,52.2996321884602,9.926,3.559
2941,6.48240967321743,52.2996363420611,9.057,3.248
2942,6.48242187260737,52.2996404956621,9.213,3.304
2943,6.4824340372754,52.299644756119,8.769,3.144
2944,6.48244615443875,52.2996491627704,9.373,3.361
2945,6.48245827160209,52.2996535694217,8.271,2.966
2946,6.48247038876544,52.2996579760731,10.0,3.586
2947,6.48248250592878,52.2996623827245,9.585,3.437
2948,6.48249462309213,52.2996667893758,8.18,2.933
2949,6.48250674025548,52.2996711960272,8.393,3.009
2950,6.48251885741882,52.2996756026786,9.077,3.254
2951,6.48253097458217,52.2996800093299,8.602,3.084
2952,6.48254309174551,52.2996844159813,9.094,3.261
2953,6.48255520890886,52.2996888226327,8.536,3.061
2954,6.4825673260722,52.2996932292841,9.618,3.449
2955,6.48257944323555,52.2996976359354,8.701,3.12
2956,6.4825915603989,52.2997020425868,10.094,3.619
2957,6.48260367756224,52.2997064492382,9.0,3.227
2958,6.48261619325734,52.2997096294176,7.828,2.807
2959,6.48262876261405,52.2997126444548,9.825,3.523
2960,6.48264133197075,52.2997156594919,9.221,3.306
2961,6.48265390132746,52.299718674529,8.776,3.147
2962,6.48266647068417,52.2997216895662,8.91,3.195
2963,6.48267904004088,52.2997247046033,7.809,2.8
2964,6.48269150931695,52.2997280276362,7.426,2.663
2965,6.4827033344659,52.2997333329549,8.441,3.027
2966,6.4827151752264,52.2997385902294,9.257,3.319
2967,6.48272711101226,52.2997435550656,8.659,3.105
2968,6.48273904679813,52.2997485199018,9.412,3.375
2969,6.482750982584,52.299753484738,9.165,3.286
2970,6.48276291836987,52.2997584495742,8.382,3.005
2971,6.48277485415573,52.2997634144105,9.048,3.244
2972,6.48278692473938,52.2997679644097,9.23,3.31
2973,6.48279906247374,52.2997723077543,8.271,2.966
2974,6.4828112002081,52.2997766510989,8.176,2.932
2975,6.48282333794246,52.2997809944435,8.369,3.001
2976,6.48283547567681,52.299785337788,6.852,2.457
2977,6.48284761341117,52.2997896811326,8.421,3.019
2978,6.48285975114553,52.2997940244772,8.665,3.107
2979,6.48287188887989,52.2997983678218,8.313,2.981
2980,6.48288402661425,52.2998027111663,8.417,3.018
2981,6.48289616434861,52.2998070545109,8.176,2.932
2982,6.48290830208296,52.2998113978555,7.015,2.515
2983,6.48292043981732,52.2998157412,9.155,3.283
2984,6.48293257755168,52.2998200845446,7.95,2.851
2985,6.48294471528604,52.2998244278892,7.792,2.794
2986,6.4829568530204,52.2998287712338,8.944,3.207
2987,6.48296899075476,52.2998331145783,8.711,3.123
2988,6.48298112848912,52.2998374579229,8.286,2.971
2989,6.48299326622347,52.2998418012675,8.569,3.073
2990,6.48300540395783,52.2998461446121,7.429,2.664
2991,6.48301754169219,52.2998504879566,8.053,2.887
2992,6.48302967942655,52.2998548313012,8.854,3.175
2993,6.48304181716091,52.2998591746458,7.687,2.756
2994,6.48305395489527,52.2998635179903,7.492,2.686
2995,6.48306609262962,52.2998678613349,8.119,2.911
2996,6.48307823036398,52.2998722046795,8.127,2.914
2997,6.48309036809834,52.2998765480241,8.443,3.027
2998,6.4831025058327,52.2998808913686,7.247,2.598
2999,6.48311464356706,52.2998852347132,6.553,2.35
3000,6.48312678130142,52.2998895780578,8.59,3.08
3001,6.48313891903577,52.2998939214024,7.408,2.656
3002,6.48315105677013,52.2998982647469,7.683,2.755
3003,6.48316319450449,52.2999026080915,6.755,2.422
3004,6.48317533223885,52.2999069514361,8.639,3.097
3005,6.48318746997321,52.2999112947806,8.241,2.955
3006,6.48319960770757,52.2999156381252,8.216,2.946
3007,6.48321175451516,52.2999199535471,8.211,2.944
3008,6.48322395548445,52.2999241022877,6.821,2.446
3009,6.48323615645375,52.2999282510283,7.453,2.672
3010,6.48324835742304,52.2999323997688,7.767,2.785
3011,6.48326055839234,52.2999365485094,7.592,2.722
3012,6.48327275936164,52.29994069725,7.874,2.823
3013,6.48328496033093,52.2999448459905,8.18,2.933
3014,6.48329713274974,52.2999490825945,8.629,3.094
3015,6.4833092412039,52.2999535160482,7.168,2.57
3016,6.48332134965805,52.2999579495019,8.036,2.881
3017,6.48333345811221,52.2999623829556,8.462,3.034
3018,6.48334556656636,52.2999668164093,7.504,2.69
3019,6.48335767502052,52.299971249863,7.937,2.846
3020,6.48336978347467,52.2999756833167,8.329,2.986
3021,6.48338189192883,52.2999801167704,8.065,2.892
3022,6.48339400038298,52.2999845502241,8.459,3.033
3023,6.48340610883714,52.2999889836778,8.123,2.913
3024,6.48341827500951,52.2999932395051,7.889,2.829
3025,6.48343066677457,52.2999968010763,7.388,2.649
3026,6.48344305853964,52.3000003626474,8.229,2.951
3027,6.4834554503047,52.3000039242186,8.148,2.922
3028,6.48346784206976,52.3000074857897,7.512,2.693
3029,6.48348023383482,52.3000110473609,8.445,3.028
3030,6.48349262559989,52.3000146089321,8.855,3.175
3031,6.48350501736495,52.3000181705033,7.728,2.771
3032,6.48351745162988,52.3000216012821,7.695,2.759
3033,6.48353002721832,52.3000245971412,7.681,2.754
3034,6.48354260280677,52.3000275930003,7.151,2.564
3035,6.48355509047423,52.3000308594342,9.326,3.344
3036,6.48356742862261,52.3000345860094,7.891,2.829
3037,6.4835796550415,52.3000386564295,7.659,2.746
3038,6.48359156810808,52.3000436911837,7.509,2.693
3039,6.48360348117467,52.300048725938,7.953,2.852
3040,6.48361539424125,52.3000537606922,7.781,2.79
3041,6.48362730730784,52.3000587954465,9.045,3.243
3042,6.48363922037442,52.3000638302007,7.475,2.68
3043,6.48365113344101,52.300068864955,7.314,2.622
3044,6.4836630465076,52.3000738997093,8.553,3.067
3045,6.48367495957418,52.3000789344635,8.176,2.931
3046,6.48368687264077,52.3000839692178,8.118,2.911
3047,6.48369878570735,52.300089003972,8.588,3.079
3048,6.4837108293159,52.3000936369866,8.35,2.994
3049,6.48372299454577,52.3000978957143,8.253,2.959
3050,6.48373515977564,52.3001021544421,7.465,2.677
3051,6.48374732500551,52.3001064131699,7.321,2.625
3052,6.48375949023538,52.3001106718977,7.902,2.833
3053,6.48377165546525,52.3001149306255,7.687,2.756
3054,6.48378382069513,52.3001191893533,8.494,3.046
3055,6.483795985925,52.3001234480811,7.29,2.614
3056,6.48380815115487,52.3001277068089,8.096,2.903
3057,6.48382031638474,52.3001319655367,8.269,2.965
3058,6.48383248161461,52.3001362242645,8.359,2.997
3059,6.48384464684448,52.3001404829922,8.629,3.094
3060,6.48385681207436,52.30014474172,8.214,2.945
3061,6.48386897730423,52.3001490004478,8.026,2.878
3062,6.4838811425341,52.3001532591756,9.162,3.285
3063,6.48389330776397,52.3001575179034,8.254,2.96
3064,6.48390547299384,52.3001617766312,9.289,3.331
3065,6.48391763822371,52.300166035359,8.276,2.967
3066,6.48392980345358,52.3001702940868,8.47,3.037
3067,6.48394196868346,52.3001745528146,8.41,3.016
3068,6.48395413391333,52.3001788115424,8.64,3.098
3069,6.4839662991432,52.3001830702701,8.27,2.965
3070,6.48397846437307,52.3001873289979,8.586,3.078
3071,6.48399062960294,52.3001915877257,9.442,3.385
3072,6.48400279483281,52.3001958464535,9.171,3.288
3073,6.48401496006269,52.3002001051813,9.188,3.294
3074,6.48402712653359,52.3002043600899,7.79,2.793
3075,6.48403930814901,52.3002085683915,7.898,2.832
3076,6.48405148976442,52.3002127766932,8.733,3.131
3077,6.48406367137984,52.3002169849948,9.07,3.252
3078,6.48407585299526,52.3002211932965,8.324,2.985
3079,6.48408803461068,52.3002254015982,8.232,2.952
3080,6.48410021622609,52.3002296098998,9.475,3.397
3081,6.48411239784151,52.3002338182015,9.071,3.252
3082,6.48412457945693,52.3002380265032,9.302,3.335
3083,6.48413676107235,52.3002422348048,8.433,3.024
3084,6.48414894268777,52.3002464431065,8.4,3.012
3085,6.48416112430318,52.3002506514082,9.276,3.326
3086,6.4841733059186,52.3002548597098,8.576,3.075
3087,6.48418548753402,52.3002590680115,8.384,3.006
3088,6.48419766914944,52.3002632763131,8.219,2.947
3089,6.48420985076485,52.3002674846148,8.468,3.036
3090,6.48422203238027,52.3002716929165,9.295,3.333
3091,6.48423421399569,52.3002759012181,7.905,2.835
3092,6.48424629943954,52.3002804054855,9.176,3.29
3093,6.4842583591798,52.300284988855,8.401,3.012
3094,6.48427041892006,52.3002895722246,8.707,3.122
3095,6.48428247866032,52.3002941555941,8.757,3.14
3096,6.48429453840058,52.3002987389637,8.725,3.129
3097,6.48430659814083,52.3003033223332,8.699,3.119
3098,6.48431865788109,52.3003079057028,8.618,3.09
3099,6.4843309271365,52.3003118442945,8.556,3.068
3100,6.48434331064328,52.3003154312803,9.68,3.471
3101,6.48435569415005,52.3003190182662,8.931,3.202
3102,6.48436807765682,52.300322605252,8.854,3.175
3103,6.48438046116359,52.3003261922379,8.561,3.07
3104,6.48439284467036,52.3003297792238,8.713,3.124
3105,6.48440523181301,52.3003333550203,8.588,3.079
3106,6.48441783298592,52.3003362721438,9.427,3.38
3107,6.48443043415884,52.3003391892673,8.546,3.064
3108,6.48444292248757,52.3003424536661,7.68,2.754
3109,6.48445513431176,52.300346569001,9.047,3.244
3110,6.48446734613595,52.3003506843359,8.861,3.177
3111,6.48447951634827,52.3003549277303,8.692,3.117
3112,6.48449168337042,52.3003591809424,9.585,3.437
3113,6.48450385039257,52.3003634341545,7.453,2.672
3114,6.48451594234904,52.3003679183795,9.999,3.585
3115,6.48452777066247,52.3003732139595,9.705,3.48
3116,6.4845395989759,52.3003785095396,8.727,3.129
3117,6.48455142728933,52.3003838051196,8.843,3.171
3118,6.48456325560277,52.3003891006997,9.417,3.376
3119,6.4845750839162,52.3003943962798,9.444,3.386
3120,6.48458691222963,52.3003996918598,8.771,3.145
3121,6.48459890135595,52.3004044925421,8.205,2.942
3122,6.48461108467358,52.3004086956052,10.41,3.733
3123,6.4846232679912,52.3004128986684,9.741,3.493
3124,6.48463545130883,52.3004171017316,9.283,3.328
3125,6.48464763462645,52.3004213047947,9.306,3.337
3126,6.48465981794407,52.3004255078579,9.58,3.435
3127,6.4846720012617,52.300429710921,9.662,3.464
3128,6.48468418457932,52.3004339139842,8.011,2.872
3129,6.48469636789695,52.3004381170474,9.043,3.243
3130,6.48470855121457,52.3004423201105,8.994,3.225
3131,6.4847207345322,52.3004465231737,9.179,3.291
3132,6.48473291784982,52.3004507262369,9.739,3.492
3133,6.48474510116744,52.3004549293,8.245,2.956
3134,6.48475728448507,52.3004591323632,8.516,3.053
3135,6.48476946780269,52.3004633354264,8.92,3.198
3136,6.48478165112032,52.3004675384895,9.424,3.379
3137,6.48479383443794,52.3004717415527,9.834,3.526
3138,6.48480601775556,52.3004759446159,10.316,3.699
3139,6.48481820107319,52.300480147679,9.201,3.299
3140,6.48483038439081,52.3004843507422,9.87,3.539
3141,6.48484256770844,52.3004885538054,9.811,3.518
3142,6.48485473272555,52.3004928131879,9.724,3.487
3143,6.48486688360719,52.300497116072,9.403,3.372
3144,6.48487903448884,52.3005014189561,9.195,3.297
3145,6.48489118537049,52.3005057218402,8.815,3.161
3146,6.48490333625214,52.3005100247243,8.789,3.151
3147,6.48491548713378,52.3005143276084,9.67,3.467
3148,6.48492763801543,52.3005186304925,9.447,3.387
3149,6.48493978889708,52.3005229333766,9.247,3.315
3150,6.48495193977873,52.3005272362607,9.894,3.548
3151,6.48496409066038,52.3005315391449,9.398,3.37
3152,6.48497624154202,52.300535842029,8.991,3.224
3153,6.48498839242367,52.3005401449131,9.384,3.365
3154,6.48500054330532,52.3005444477972,10.036,3.598
3155,6.48501269418697,52.3005487506813,8.964,3.214
3156,6.48502484506861,52.3005530535654,9.701,3.478
3157,6.48503699595026,52.3005573564495,9.558,3.427
3158,6.48504914683191,52.3005616593336,9.156,3.283
3159,6.48506131308426,52.3005659149147,9.443,3.386
3160,6.48507348696858,52.3005701470087,8.704,3.121
3161,6.4850856608529,52.3005743791026,9.706,3.48
3162,6.48509783473722,52.3005786111965,8.851,3.174
3163,6.48511000862154,52.3005828432905,10.298,3.692
3164,6.48512218250586,52.3005870753844,9.626,3.451
3165,6.48513435639018,52.3005913074783,9.356,3.355
3166,6.4851465302745,52.3005955395723,10.388,3.725
3167,6.48515870415882,52.3005997716662,9.111,3.267
3168,6.48517087804314,52.3006040037601,9.291,3.331
3169,6.48518305192746,52.300608235854,8.668,3.108
3170,6.48519522581178,52.300612467948,10.527,3.774
3171,6.4852073996961,52.3006167000419,10.871,3.898
3172,6.48521957358042,52.3006209321358,8.798,3.155
3173,6.48523174746474,52.3006251642298,9.316,3.34
3174,6.48524392134906,52.3006293963237,9.849,3.532
3175,6.48525609523338,52.3006336284176,9.518,3.413
3176,6.48526828156894,52.3006378221932,9.816,3.52
3177,6.48528075370656,52.3006411364197,9.778,3.506
3178,6.48529322584417,52.3006444506463,10.1,3.621
3179,6.48530569798179,52.3006477648729,9.308,3.337
3180,6.4853181701194,52.3006510790994,9.999,3.585
3181,6.48533064225702,52.300654393326,9.242,3.314
3182,6.48534311439463,52.3006577075526,9.669,3.467
3183,6.48535558653225,52.3006610217791,8.903,3.192
3184,6.48536805866986,52.3006643360057,9.699,3.478
3185,6.48538007766519,52.3006690447668,9.613,3.447
3186,6.48539209458329,52.3006737599205,10.518,3.771
3187,6.48540411150139,52.3006784750742,9.941,3.564
3188,6.4854161284195,52.3006831902279,10.06,3.607
3189,6.4854281453376,52.3006879053816,9.988,3.581
3190,6.4854401622557,52.3006926205353,8.761,3.141
3191,6.48545217917381,52.300697335689,8.852,3.174
3192,6.48546419609191,52.3007020508427,9.851,3.532
3193,6.48547621301001,52.3007067659964,10.215,3.663
3194,6.48548822992812,52.3007114811501,9.925,3.559
3195,6.48550024684622,52.3007161963038,9.568,3.431
3196,6.48551226376432,52.3007209114575,9.947,3.567
3197,6.48552428068243,52.3007256266112,9.908,3.553
3198,6.48553629760053,52.3007303417649,10.571,3.79
3199,6.48554831451863,52.3007350569186,10.55,3.783
3200,6.48556033143674,52.3007397720723,9.811,3.518
3201,6.48557234835484,52.300744487226,10.119,3.628
3202,6.48558440110637,52.3007490921032,10.323,3.701
3203,6.48559652327271,52.300753483358,10.422,3.737
3204,6.48560864543905,52.3007578746128,11.156,4.0
3205,6.48562076760538,52.3007622658676,10.179,3.65
3206,6.48563288977172,52.3007666571224,10.894,3.906
3207,6.48564501193806,52.3007710483771,9.536,3.419
3208,6.4856571341044,52.3007754396319,9.855,3.533
3209,6.48566925627073,52.3007798308867,8.985,3.222
3210,6.48568137843707,52.3007842221415,10.341,3.708
3211,6.48569350060341,52.3007886133963,10.644,3.816
3212,6.48570562276974,52.3007930046511,8.771,3.145
3213,6.48571777709329,52.3007972969428,10.395,3.727
3214,6.48572993339134,52.3008015831581,10.651,3.819
3215,6.48574208968938,52.3008058693733,10.628,3.811
3216,6.48575424598743,52.3008101555886,9.613,3.447
3217,6.48576640228548,52.3008144418039,10.782,3.866
3218,6.48577855858353,52.3008187280191,10.343,3.708
3219,6.48579071488157,52.3008230142344,10.695,3.835
3220,6.48580287205721,52.3008272977489,10.283,3.687
3221,6.48581502967261,52.3008315799101,10.591,3.798
3222,6.485827187288,52.3008358620712,11.029,3.955
3223,6.4858393449034,52.3008401442324,10.267,3.681
3224,6.4858515025188,52.3008444263935,10.563,3.788
3225,6.4858636601342,52.3008487085547,11.141,3.995
3226,6.4858758177496,52.3008529907158,10.337,3.706
3227,6.485887975365,52.300857272877,9.762,3.5
3228,6.4859001329804,52.3008615550381,10.831,3.883
3229,6.48591229059579,52.3008658371993,11.286,4.047
3230,6.48592444821119,52.3008701193604,11.209,4.019
3231,6.48593660582659,52.3008744015215,10.88,3.901
3232,6.48594876344199,52.3008786836827,9.09,3.259
3233,6.48596092105739,52.3008829658438,10.103,3.623
3234,6.48597307867279,52.300887248005,10.142,3.636
3235,6.48598523628818,52.3008915301661,10.52,3.772
3236,6.48599739390358,52.3008958123273,11.495,4.121
3237,6.48600955151898,52.3009000944884,9.874,3.541
3238,6.48602174832631,52.3009042560373,11.836,4.244
3239,6.48603396637097,52.3009083522289,10.301,3.693
3240,6.48604618441563,52.3009124484205,10.082,3.615
3241,6.48605840246029,52.300916544612,11.038,3.958
3242,6.48607062050494,52.3009206408036,11.092,3.977
3243,6.4860828385496,52.3009247369951,10.938,3.922
3244,6.48609505659426,52.3009288331867,10.111,3.625
3245,6.48610727463891,52.3009329293782,10.866,3.896
3246,6.48611949268357,52.3009370255698,9.97,3.575
3247,6.48613171072823,52.3009411217613,10.116,3.627
3248,6.48614392877288,52.3009452179529,10.536,3.778
3249,6.48615614681754,52.3009493141444,10.116,3.627
3250,6.4861683648622,52.300953410336,11.225,4.025
3251,6.48618058290685,52.3009575065275,10.272,3.683
3252,6.48619299046814,52.3009610194862,10.489,3.761
3253,6.4862055375443,52.3009641030912,10.108,3.624
3254,6.48621808462045,52.3009671866962,11.242,4.031
3255,6.4862306316966,52.3009702703012,10.247,3.674
3256,6.48624317877275,52.3009733539062,11.316,4.058
3257,6.4862556013017,52.3009768208023,11.28,4.044
3258,6.48626762493457,52.3009815152914,10.395,3.727
3259,6.48627964856745,52.3009862097806,10.681,3.83
3260,6.48629167220032,52.3009909042698,10.391,3.726
3261,6.48630369583319,52.3009955987589,10.997,3.943
3262,6.48631571946606,52.3010002932481,10.568,3.789
3263,6.48632774309894,52.3010049877373,10.442,3.744
3264,6.48633976673181,52.3010096822264,10.721,3.844
3265,6.48635179036468,52.3010143767156,9.769,3.503
3266,6.48636381399755,52.3010190712047,10.661,3.823
3267,6.48637583763043,52.3010237656939,11.094,3.978
3268,6.4863878612633,52.3010284601831,10.799,3.872
3269,6.48639988489617,52.3010331546722,11.283,4.046
3270,6.48641190852904,52.3010378491614,10.507,3.767
3271,6.48642397292803,52.3010424181938,10.465,3.752
3272,6.48643609025897,52.3010468243294,10.083,3.616
3273,6.48644820758991,52.301051230465,10.508,3.768
3274,6.48646032492085,52.3010556366006,11.908,4.27
3275,6.4864724422518,52.3010600427362,10.92,3.915
3276,6.48648455958274,52.3010644488718,10.419,3.736
3277,6.48649667691368,52.3010688550074,10.177,3.649
3278,6.48650879424462,52.301073261143,9.835,3.526
3279,6.48652095107676,52.3010775457146,10.292,3.69
3280,6.48653313465538,52.3010817479746,11.233,4.028
3281,6.48654531823399,52.3010859502346,10.541,3.779
3282,6.48655750181261,52.3010901524945,10.234,3.67
3283,6.48656968539122,52.3010943547545,10.305,3.695
3284,6.48658186896984,52.3010985570145,11.191,4.013
3285,6.48659405254845,52.3011027592744,10.767,3.861
3286,6.48660623612707,52.3011069615344,10.452,3.748
3287,6.48661841970569,52.3011111637944,10.645,3.817
3288,6.4866306032843,52.3011153660543,12.129,4.349
3289,6.48664278686292,52.3011195683143,11.555,4.143
3290,6.48665495977342,52.3011238034051,11.707,4.198
3291,6.48666712262328,52.3011280694574,9.819,3.521
3292,6.48667928547313,52.3011323355096,10.766,3.86
3293,6.48669144832298,52.3011366015619,10.482,3.758
3294,6.48670361117283,52.3011408676141,11.187,4.011
3295,6.48671577402269,52.3011451336663,11.496,4.122
3296,6.48672793687254,52.3011493997186,11.071,3.969
3297,6.48674009972239,52.3011536657708,10.372,3.719
3298,6.48675226257225,52.3011579318231,10.502,3.766
3299,6.4867644254221,52.3011621978753,11.262,4.038
3300,6.48677658827195,52.3011664639275,11.326,4.061
3301,6.4867887511218,52.3011707299798,10.991,3.941
3302,6.48680095560555,52.3011748679047,10.991,3.941
3303,6.48681316012299,52.3011790057259,10.95,3.926
3304,6.48682536464043,52.3011831435472,11.085,3.975
3305,6.48683756915787,52.3011872813684,11.354,4.071
3306,6.48684977367531,52.3011914191897,11.31,4.055
3307,6.48686197819275,52.3011955570109,10.959,3.929
3308,6.48687418271019,52.3011996948322,10.922,3.916
3309,6.48688638722763,52.3012038326534,10.906,3.91
3310,6.4868985792026,52.3012080090738,10.505,3.767
3311,6.48691075954388,52.3012122212966,10.503,3.766
3312,6.48692293988515,52.3012164335194,11.296,4.05
3313,6.48693512022643,52.3012206457422,10.563,3.787
3314,6.4869473005677,52.301224857965,11.467,4.112
3315,6.48695948090898,52.3012290701878,10.964,3.931
3316,6.48697166125025,52.3012332824106,11.483,4.117
3317,6.48698384159153,52.3012374946334,11.382,4.081
3318,6.4869960219328,52.3012417068562,11.509,4.127
3319,6.48700820227408,52.301245919079,10.74,3.851
3320,6.48702038261535,52.3012501313018,11.266,4.04
3321,6.48703256295663,52.3012543435247,11.466,4.111
3322,6.48704476730639,52.3012584818619,10.126,3.631
3323,6.48705743071192,52.301261207466,12.046,4.319
3324,6.48707009411745,52.3012639330702,12.384,4.44
3325,6.4870825942503,52.3012671611421,11.615,4.164
3326,6.48709480490617,52.3012712800725,11.538,4.137
3327,6.48710701556205,52.3012753990028,11.416,4.093
3328,6.48711922621792,52.3012795179332,10.886,3.903
3329,6.4871314368738,52.3012836368635,11.018,3.95
3330,6.48714357329743,52.3012879842418,11.656,4.179
3331,6.48715536627228,52.3012933885755,10.523,3.773
3332,6.48716715924713,52.3012987929092,10.477,3.757
3333,6.48717895222198,52.3013041972429,10.874,3.899
3334,6.4871907812979,52.3013094904764,11.499,4.123
3335,6.48720264753054,52.301314669361,10.61,3.804
3336,6.48721451376319,52.3013198482456,10.993,3.942
3337,6.48722637999584,52.3013250271302,11.069,3.969
3338,6.48723824622848,52.3013302060148,10.543,3.78
3339,6.48725014906984,52.301335272237,9.709,3.481
3340,6.48726231571992,52.3013395265941,10.546,3.781
3341,6.48727448237,52.3013437809512,11.309,4.055
3342,6.48728664902009,52.3013480353083,11.447,4.105
3343,6.48729881567017,52.3013522896654,11.458,4.108
3344,6.48731098232026,52.3013565440226,11.532,4.135
3345,6.48732314897034,52.3013607983797,10.811,3.876
3346,6.48733531562042,52.3013650527368,10.69,3.833
3347,6.48734743879809,52.3013694408792,11.411,4.091
3348,6.48735954056019,52.3013738949276,11.071,3.97
3349,6.4873716423223,52.3013783489759,11.735,4.208
3350,6.4873837440844,52.3013828030242,11.431,4.099
3351,6.48739589316315,52.3013871114567,11.967,4.291
3352,6.48740812002773,52.3013911805051,10.944,3.924
3353,6.48742034689231,52.3013952495536,11.851,4.249
3354,6.4874325737569,52.301399318602,12.425,4.455
3355,6.48744480062148,52.3014033876505,11.265,4.039
3356,6.48745702748606,52.3014074566989,11.532,4.135
3357,6.48746925435065,52.3014115257473,10.696,3.835
3358,6.48748148121523,52.3014155947958,11.774,4.222
3359,6.48749370807981,52.3014196638442,11.917,4.273
3360,6.4875059349444,52.3014237328927,10.967,3.932
3361,6.48751816180898,52.3014278019411,11.607,4.162
3362,6.48753038867356,52.3014318709896,11.432,4.099
3363,6.48754261553815,52.301435940038,11.501,4.124
3364,6.48755484240273,52.3014400090864,11.753,4.214
3365,6.48756706926731,52.3014440781349,11.585,4.154
3366,6.4875792961319,52.3014481471833,11.202,4.017
3367,6.48759152299648,52.3014522162318,11.778,4.223
3368,6.48760374986106,52.3014562852802,11.946,4.283
3369,6.48761597672565,52.3014603543286,10.97,3.933
3370,6.48762820359023,52.3014644233771,11.299,4.051
3371,6.48764043045481,52.3014684924255,10.263,3.68
3372,6.4876526573194,52.301472561474,11.65,4.177
3373,6.48766488418398,52.3014766305224,12.029,4.313
3374,6.48767711104856,52.3014806995709,11.162,4.002
3375,6.48768933791315,52.3014847686193,11.395,4.086
3376,6.48770156477773,52.3014888376677,11.19,4.012
3377,6.48771379164231,52.3014929067162,11.097,3.979
3378,6.4877260185069,52.3014969757646,11.462,4.11
3379,6.48773824537148,52.3015010448131,10.866,3.896
3380,6.48775047223606,52.3015051138615,11.192,4.013
3381,6.48776269910065,52.3015091829099,10.801,3.873
3382,6.48777492596523,52.3015132519584,11.681,4.188
3383,6.48778715282981,52.3015173210068,11.477,4.115
3384,6.4877993796944,52.3015213900553,11.085,3.975
3385,6.48781160655898,52.3015254591037,11.362,4.074
3386,6.48782383342356,52.3015295281521,11.212,4.02
3387,6.48783606028815,52.3015335972006,12.016,4.309
3388,6.48784828715273,52.301537666249,11.086,3.975
3389,6.48786051401731,52.3015417352975,11.72,4.202
3390,6.4878727408819,52.3015458043459,10.933,3.92
3391,6.48788496774648,52.3015498733944,11.827,4.241
3392,6.48789719461106,52.3015539424428,11.959,4.288
3393,6.48790942147565,52.3015580114912,11.987,4.298
3394,6.48792164834023,52.3015620805397,12.215,4.38
3395,6.48793387520481,52.3015661495881,11.522,4.131
3396,6.4879461020694,52.3015702186366,12.079,4.331
3397,6.48795832893398,52.301574287685,12.306,4.412
3398,6.48797055579856,52.3015783567334,10.691,3.833
3399,6.48798278266315,52.3015824257819,10.995,3.943
3400,6.48799500952773,52.3015864948303,10.47,3.754
3401,6.48800723639231,52.3015905638788,11.973,4.293
3402,6.48801990390179,52.3015932768531,10.461,3.751
3403,6.48803260890373,52.3015958744453,10.301,3.694
3404,6.48804468370414,52.3016004114676,10.702,3.837
3405,6.48805634131458,52.301606232382,10.324,3.702
3406,6.48806799892502,52.3016120532964,11.505,4.125
3407,6.4880798626028,52.3016172400435,10.705,3.839
3408,6.48809201330049,52.3016215434938,10.348,3.71
3409,6.48810416399818,52.301625846944,11.316,4.057
3410,6.48811631469587,52.3016301503942,11.349,4.069
3411,6.48812846539357,52.3016344538445,10.237,3.671
3412,6.48814061609126,52.3016387572947,10.915,3.914
3413,6.48815276678895,52.3016430607449,11.289,4.048
3414,6.48816491748664,52.3016473641952,11.121,3.987
3415,6.48817706818433,52.3016516676454,11.135,3.992
3416,6.48818921888202,52.3016559710956,12.02,4.31
3417,6.48820136957971,52.3016602745458,12.586,4.513
3418,6.4882135202774,52.3016645779961,11.137,3.993
3419,6.48822567097509,52.3016688814463,10.541,3.78
3420,6.48823782167278,52.3016731848965,11.178,4.008
3421,6.48824997237047,52.3016774883468,11.427,4.097
3422,6.48826212306816,52.301681791797,11.279,4.044
3423,6.48827427376585,52.3016860952472,11.666,4.183
3424,6.48828642446354,52.3016903986974,12.605,4.52
3425,6.48829857516123,52.3016947021477,10.294,3.691
3426,6.48831072585892,52.3016990055979,11.0,3.944
3427,6.48832287655661,52.3017033090481,12.201,4.375
3428,6.4883350272543,52.3017076124984,10.985,3.939
3429,6.48834717795199,52.3017119159486,11.753,4.214
3430,6.48835932864968,52.3017162193988,11.657,4.18
3431,6.48837147934737,52.3017205228491,12.01,4.306
3432,6.48838363004506,52.3017248262993,12.405,4.448
3433,6.48839578074275,52.3017291297495,11.472,4.113
3434,6.48840793144044,52.3017334331997,10.246,3.674
3435,6.48842008213814,52.30173773665,10.858,3.893
3436,6.4884322489274,52.3017419905788,12.552,4.501
3437,6.48844441784058,52.3017462379713,10.432,3.74
3438,6.48845658675376,52.3017504853637,11.553,4.142
3439,6.48846875566694,52.3017547327562,9.778,3.506
3440,6.48848092458012,52.3017589801487,10.46,3.75
3441,6.4884930934933,52.3017632275412,11.773,4.221
3442,6.48850526240648,52.3017674749337,11.27,4.041
3443,6.48851743131966,52.3017717223262,11.024,3.953
3444,6.48852960023284,52.3017759697187,10.764,3.859
3445,6.48854176914602,52.3017802171112,10.066,3.609
3446,6.4885539380592,52.3017844645037,11.645,4.176
3447,6.48856610697238,52.3017887118962,11.069,3.969
3448,6.48857827588556,52.3017929592887,10.338,3.707
3449,6.48859044479874,52.3017972066812,11.248,4.033
3450,6.48860261371192,52.3018014540737,11.57,4.149
3451,6.4886147826251,52.3018057014662,11.108,3.983
3452,6.48862695153828,52.3018099488587,11.292,4.049
3453,6.48863912045146,52.3018141962512,11.245,4.032
3454,6.48865124246563,52.3018185879743,10.805,3.874
3455,6.48866333037513,52.3018230846537,11.251,4.034
3456,6.48867541828463,52.301827581333,11.65,4.177
3457,6.48868750619414,52.3018320780124,11.825,4.24
3458,6.48869959410364,52.3018365746918,11.681,4.188
3459,6.48871168201314,52.3018410713711,10.818,3.879
3460,6.48872376992264,52.3018455680505,11.588,4.155
3461,6.48873585783215,52.3018500647299,11.487,4.119
3462,6.48874794574165,52.3018545614093,10.796,3.871
3463,6.48876003365115,52.3018590580886,10.94,3.923
3464,6.48877212156065,52.301863554768,11.613,4.164
3465,6.48878420947015,52.3018680514474,12.023,4.311
3466,6.48879629737966,52.3018725481268,10.148,3.639
3467,6.48880838528916,52.3018770448061,12.178,4.367
3468,6.48882047319866,52.3018815414855,11.899,4.267
3469,6.48883276089542,52.3018854233244,11.333,4.063
3470,6.48884526136521,52.3018886503594,11.075,3.971
3471,6.488857761835,52.3018918773943,11.448,4.105
3472,6.48887026230479,52.3018951044293,10.843,3.888
3473,6.48888276277458,52.3018983314643,11.117,3.986
3474,6.48889526324438,52.3019015584992,10.356,3.713
3475,6.48890776371417,52.3019047855342,10.201,3.658
3476,6.48892026418396,52.3019080125692,12.6,4.518
3477,6.48893258657602,52.3019117876341,11.268,4.04
3478,6.48894439215865,52.3019171531676,11.353,4.071
3479,6.48895623183805,52.3019224137692,11.218,4.022
3480,6.488968318867,52.3019269131585,10.753,3.856
3481,6.48898040589594,52.3019314125478,11.063,3.967
3482,6.48899249292489,52.301935911937,11.3,4.052
3483,6.48900457995383,52.3019404113263,11.135,3.993
3484,6.48901666698278,52.3019449107156,10.812,3.877
3485,6.48902875401172,52.3019494101048,11.541,4.138
3486,6.48904084104066,52.3019539094941,11.374,4.078
3487,6.48905292806961,52.3019584088834,11.499,4.123
3488,6.48906501509855,52.3019629082726,11.688,4.191
3489,6.4890771021275,52.3019674076619,11.178,4.008
3490,6.48908918915644,52.3019719070512,11.184,4.01
3491,6.48910127618539,52.3019764064404,12.16,4.36
3492,6.48911336321433,52.3019809058297,10.739,3.851
3493,6.48912545024328,52.301985405219,10.198,3.657
3494,6.48913753727222,52.3019899046082,11.633,4.171
3495,6.48914962430117,52.3019944039975,10.942,3.923
3496,6.48916171133011,52.3019989033868,10.685,3.831
3497,6.48917379835906,52.302003402776,11.845,4.247
3498,6.489185885388,52.3020079021653,11.246,4.032
3499,6.48919797241695,52.3020124015546,10.595,3.799
3500,6.48921005944589,52.3020169009438,12.483,4.476
3501,6.48922214647484,52.3020214003331,10.405,3.731
3502,6.48923423350378,52.3020258997224,11.308,4.055
3503,6.48924632053272,52.3020303991117,10.255,3.677
3504,6.48925840756167,52.3020348985009,11.533,4.135
3505,6.48927049459061,52.3020393978902,11.004,3.946
3506,6.48928258161956,52.3020438972795,11.871,4.256
3507,6.4892946686485,52.3020483966687,11.386,4.083
3508,6.48930675567745,52.302052896058,12.199,4.374
3509,6.48931884270639,52.3020573954473,11.16,4.001
3510,6.48933092973534,52.3020618948365,10.477,3.756
3511,6.48934364457663,52.3020644621483,11.568,4.148
3512,6.48935613415507,52.3020677227012,11.288,4.047
3513,6.48936856251095,52.302071171665,10.375,3.72
3514,6.48938099086684,52.3020746206288,10.832,3.884
3515,6.48939341922272,52.3020780695926,11.028,3.954
3516,6.48940557554377,52.302082355737,12.384,4.44
3517,6.48941767431933,52.3020868189764,11.894,4.265
3518,6.48942977309489,52.3020912822157,11.282,4.045
3519,6.48944187187045,52.3020957454551,11.772,4.221
3520,6.48945397064601,52.3021002086944,10.304,3.695
3521,6.48946606942157,52.3021046719337,11.18,4.009
3522,6.48947816819714,52.3021091351731,11.756,4.215
3523,6.4894902669727,52.3021135984124,11.626,4.169
3524,6.48950236574826,52.3021180616517,11.22,4.023
3525,6.48951446452382,52.3021225248911,11.523,4.132
3526,6.48952674093784,52.3021264414523,11.753,4.214
3527,6.48953911318272,52.3021300630964,11.557,4.144
3528,6.4895514854276,52.3021336847405,12.078,4.331
3529,6.48956385767248,52.3021373063845,11.767,4.219
3530,6.48957622991736,52.3021409280286,11.889,4.263
3531,6.48958860216224,52.3021445496726,12.604,4.519
3532,6.48960097102609,52.3021481817217,12.091,4.335
3533,6.48961357314096,52.3021510959464,12.637,4.531
3534,6.48962543358222,52.3021562926538,11.226,4.025
3535,6.48963723277324,52.3021616778574,10.692,3.834
3536,6.48964903196427,52.302167063061,11.554,4.143
3537,6.48966083115529,52.3021724482646,11.512,4.128
3538,6.48967286225001,52.3021771197901,12.511,4.486
3539,6.48968519339725,52.3021808679111,10.996,3.943
3540,6.4896975245445,52.3021846160322,11.622,4.167
3541,6.48970985569175,52.3021883641532,11.914,4.272
3542,6.489722186839,52.3021921122742,11.742,4.21
3543,6.48973451798625,52.3021958603953,11.59,4.156
3544,6.4897468491335,52.3021996085163,11.909,4.27
3545,6.48975918028075,52.3022033566373,12.34,4.425
3546,6.489771511428,52.3022071047584,12.616,4.523
3547,6.48978384257525,52.3022108528794,11.739,4.209
3548,6.4897961737225,52.3022146010004,11.247,4.033
3549,6.48980853339951,52.3022182613218,12.636,4.531
3550,6.4898208046204,52.3022221938648,11.106,3.982
3551,6.48983255414822,52.3022277319057,12.8,4.589
3552,6.48984430367604,52.3022332699466,12.544,4.498
3553,6.48985605320386,52.3022388079875,12.635,4.531
3554,6.48986810644584,52.3022434113553,12.169,4.363
3555,6.48988031399268,52.3022475398536,10.529,3.775
3556,6.48989252153952,52.302251668352,11.167,4.004
3557,6.48990466933607,52.3022559807304,11.964,4.29
3558,6.48991665664292,52.302260787012,11.392,4.085
3559,6.48992864394978,52.3022655932936,11.61,4.163
3560,6.48994063125663,52.3022703995752,12.161,4.36
3561,6.48995261856349,52.3022752058568,11.706,4.197
3562,6.48996460587034,52.3022800121384,11.095,3.978
3563,6.4899765931772,52.3022848184201,12.338,4.424
3564,6.48998858048405,52.3022896247017,12.125,4.347
3565,6.49000056779091,52.3022944309833,11.68,4.188
3566,6.49001255509776,52.3022992372649,12.25,4.392
3567,6.49002461900555,52.302303807809,11.892,4.264
3568,6.49003675617379,52.3023081528957,12.624,4.526
3569,6.49004889334204,52.3023124979825,11.934,4.279
3570,6.49006103051028,52.3023168430693,12.628,4.528
3571,6.49007316767853,52.3023211881561,10.752,3.855
3572,6.49008530484677,52.3023255332429,12.128,4.349
3573,6.49009744201501,52.3023298783296,11.628,4.169
3574,6.49010957918326,52.3023342234164,11.361,4.074
3575,6.49012186726104,52.3023381040827,12.552,4.5
3576,6.49013417809218,52.3023419147261,12.397,4.445
3577,6.49014648892332,52.3023457253695,10.698,3.836
3578,6.49015879975445,52.3023495360128,12.302,4.411
3579,6.49017111058559,52.3023533466562,12.234,4.387
3580,6.49018345383993,52.302357057518,11.463,4.11
3581,6.49019603497915,52.3023600362947,11.4,4.088
3582,6.49020861611838,52.3023630150714,10.96,3.93
3583,6.49022119725761,52.3023659938481,11.7,4.195
3584,6.49023350262146,52.302369821317,11.797,4.23
3585,6.49024487201267,52.3023765292192,12.373,4.436
3586,6.49025624140388,52.3023832371214,12.066,4.326
3587,6.49027026896472,52.3023817645702,11.287,4.047
3588,6.49028223594207,52.3023866334154,12.054,4.322
3589,6.49029420291942,52.3023915022605,11.767,4.219
3590,6.49030616989678,52.3023963711057,11.369,4.077
3591,6.49031813687413,52.3024012399509,10.987,3.939
3592,6.49033010385148,52.302406108796,12.292,4.407
3593,6.49034207082884,52.3024109776412,12.19,4.371
3594,6.49035403780619,52.3024158464864,12.257,4.395
3595,6.49036600478354,52.3024207153315,11.504,4.125
3596,6.4903779717609,52.3024255841767,12.036,4.315
3597,6.49038993873825,52.3024304530219,11.129,3.99
3598,6.49040203611967,52.3024349205516,11.36,4.073
3599,6.49041428919069,52.3024389089504,11.962,4.289
3600,6.49042654226171,52.3024428973492,12.099,4.338
3601,6.49043879533272,52.3024468857479,10.99,3.94
3602,6.49045104840374,52.3024508741467,11.328,4.062
3603,6.49046330147476,52.3024548625455,11.737,4.209
3604,6.49047555454577,52.3024588509443,12.519,4.489
3605,6.49048780761679,52.302462839343,11.479,4.116
3606,6.49050006068781,52.3024668277418,12.042,4.318
3607,6.49051231375882,52.3024708161406,12.107,4.341
3608,6.49052456682984,52.3024748045393,11.818,4.237
3609,6.49053676968022,52.3024789474909,12.125,4.347
3610,6.4905489529327,52.3024831507546,11.179,4.008
3611,6.49056113618518,52.3024873540182,11.587,4.155
3612,6.49057331943767,52.3024915572818,12.819,4.596
3613,6.49058550269015,52.3024957605455,12.863,4.612
3614,6.49059768594264,52.3024999638091,12.476,4.473
3615,6.49060988606341,52.302504115161,12.63,4.529
3616,6.49062237511936,52.3025073773217,10.912,3.913
3617,6.49063486417532,52.3025106394825,11.43,4.098
3618,6.49064735323128,52.3025139016433,11.808,4.234
3619,6.49065966457778,52.3025177107007,13.415,4.81
3620,6.49067184112883,52.3025219345878,11.813,4.236
3621,6.4906840267246,52.30252613064,12.438,4.46
3622,6.49069668880241,52.3025288603302,12.225,4.383
3623,6.4907093508802,52.3025315900204,12.215,4.38
3624,6.49072132969774,52.3025364224277,11.995,4.301
3625,6.49073314464474,52.3025417591426,11.306,4.054
3626,6.49074495959174,52.3025470958575,10.427,3.739
3627,6.49075677453873,52.3025524325725,12.772,4.58
3628,6.49076858948573,52.3025577692874,11.659,4.18
3629,6.49078046538924,52.3025629184102,10.927,3.918
3630,6.49079269904978,52.3025669665442,12.286,4.405
3631,6.49080493271032,52.3025710146783,12.278,4.402
3632,6.49081716637086,52.3025750628123,12.487,4.477
3633,6.4908294000314,52.3025791109464,12.695,4.552
3634,6.49084163369194,52.3025831590804,11.502,4.124
3635,6.49085386735247,52.3025872072145,11.532,4.135
3636,6.49086610101301,52.3025912553485,11.863,4.253
3637,6.49087833467355,52.3025953034826,12.537,4.495
3638,6.49089056833409,52.3025993516166,10.821,3.88
3639,6.49090280199463,52.3026033997507,12.137,4.352
3640,6.49091503565516,52.3026074478847,12.614,4.523
3641,6.49092738582086,52.302611137477,12.593,4.515
3642,6.49093979146632,52.3026146563315,12.49,4.479
3643,6.49095219711177,52.3026181751861,12.703,4.555
3644,6.49096460275723,52.3026216940407,10.466,3.753
3645,6.49097700840269,52.3026252128953,13.035,4.674
3646,6.49098941404815,52.3026287317499,12.285,4.405
3647,6.49100166987122,52.3026327116793,12.88,4.618
3648,6.49101385071838,52.3026369223452,11.408,4.091
3649,6.49102603156555,52.3026411330112,11.072,3.97
3650,6.49103819525437,52.3026453964815,13.159,4.718
3651,6.49105028762395,52.3026498794351,11.568,4.148
3652,6.49106237999353,52.3026543623887,11.935,4.279
3653,6.49107447236311,52.3026588453423,12.432,4.458
3654,6.49108656473268,52.3026633282959,12.581,4.511
3655,6.49109865710226,52.3026678112495,12.766,4.577
3656,6.49111074947184,52.3026722942031,12.268,4.399
3657,6.49112285849886,52.3026767258938,11.521,4.131
3658,6.49113502319384,52.3026809862677,12.561,4.504
3659,6.49114718788882,52.3026852466416,12.576,4.509
3660,6.4911593525838,52.3026895070155,11.088,3.976
3661,6.49117151727878,52.3026937673894,12.995,4.659
3662,6.49118368197376,52.3026980277633,10.703,3.838
3663,6.49119584666874,52.3027022881372,12.779,4.582
3664,6.49120801136372,52.3027065485111,11.802,4.232
3665,6.4912201760587,52.3027108088851,12.595,4.516
3666,6.49123234075368,52.302715069259,12.485,4.477
3667,6.49124450544866,52.3027193296329,12.168,4.363
3668,6.49125667014364,52.3027235900068,12.461,4.468
3669,6.49126883483862,52.3027278503807,12.15,4.356
3670,6.4912809995336,52.3027321107546,12.625,4.527
3671,6.49129316422858,52.3027363711285,13.496,4.839
3672,6.49130532892356,52.3027406315024,11.427,4.097
3673,6.49131749361853,52.3027448918763,10.346,3.71
3674,6.49132965831352,52.3027491522502,11.981,4.296
3675,6.4913418230085,52.3027534126241,11.946,4.283
3676,6.49135398770347,52.302757672998,12.014,4.308
3677,6.49136615239845,52.3027619333719,11.696,4.194
3678,6.49137831709343,52.3027661937458,12.759,4.575
3679,6.49139048178841,52.3027704541197,11.438,4.101
3680,6.49140264864057,52.302774707855,12.521,4.489
3681,6.49141481782581,52.3027789544102,12.636,4.531
3682,6.49142698701104,52.3027832009655,12.452,4.465
3683,6.49143915619628,52.3027874475207,12.557,4.502
3684,6.49145132538151,52.302791694076,12.834,4.602
3685,6.49146349456674,52.3027959406313,12.312,4.415
3686,6.49147566375198,52.3028001871865,12.081,4.332
3687,6.49148783293721,52.3028044337418,12.576,4.509
3688,6.49150000212244,52.302808680297,12.648,4.535
3689,6.49151217130768,52.3028129268523,12.823,4.598
3690,6.49152434049291,52.3028171734075,11.297,4.051
3691,6.49153650967815,52.3028214199628,12.201,4.375
3692,6.49154867886338,52.3028256665181,11.687,4.191
3693,6.49156084804862,52.3028299130733,12.648,4.535
3694,6.49157301723385,52.3028341596286,12.75,4.572
3695,6.49158518641908,52.3028384061838,12.166,4.362
3696,6.49159735560432,52.3028426527391,11.903,4.268
3697,6.49160952478955,52.3028468992943,12.688,4.549
3698,6.49162169397478,52.3028511458496,12.263,4.397
3699,6.49163386316002,52.3028553924049,13.184,4.727
3700,6.49164603234525,52.3028596389601,13.393,4.802
3701,6.49165820153049,52.3028638855154,12.943,4.641
3702,6.49167037071572,52.3028681320706,12.495,4.48
3703,6.49168253834202,52.3028723834235,13.436,4.818
3704,6.49169470167735,52.3028766479817,12.509,4.485
3705,6.49170686501267,52.3028809125399,12.089,4.335
3706,6.491719028348,52.3028851770981,11.978,4.295
3707,6.49173119168333,52.3028894416563,11.966,4.29
3708,6.49174335501865,52.3028937062145,12.38,4.439
3709,6.49175551835398,52.3028979707727,12.66,4.539
3710,6.49176768168931,52.3029022353309,11.56,4.145
3711,6.49177984502464,52.3029064998891,12.132,4.35
3712,6.49179200835996,52.3029107644473,12.525,4.491
3713,6.49180417169529,52.3029150290055,12.782,4.583
3714,6.49181633503062,52.3029192935637,12.392,4.443
3715,6.49182849836594,52.3029235581219,12.555,4.502
3716,6.49184066170127,52.3029278226801,11.687,4.191
3717,6.4918528250366,52.3029320872383,11.883,4.261
3718,6.49186498837193,52.3029363517965,12.387,4.442
3719,6.49187715170725,52.3029406163548,12.727,4.564
3720,6.49188931504258,52.302944880913,12.567,4.506
3721,6.49190147837791,52.3029491454712,11.936,4.28
3722,6.49191364171323,52.3029534100294,12.299,4.41
3723,6.49192580504856,52.3029576745876,13.332,4.78
3724,6.49193796838389,52.3029619391458,12.766,4.577
3725,6.49195013171922,52.302966203704,12.354,4.43
3726,6.49196229505454,52.3029704682622,11.851,4.249
3727,6.49197445838987,52.3029747328204,12.038,4.316
3728,6.4919866217252,52.3029789973786,12.465,4.47
3729,6.49199878506052,52.3029832619368,12.628,4.528
3730,6.49201094839585,52.302987526495,12.802,4.59
3731,6.49202311173118,52.3029917910532,12.701,4.554
3732,6.49203527506651,52.3029960556114,12.259,4.396
3733,6.49204743840183,52.3030003201696,12.18,4.367
3734,6.49205960173716,52.3030045847278,13.689,4.908
3735,6.49207176507249,52.303008849286,12.162,4.361
3736,6.49208392840781,52.3030131138442,11.733,4.207
3737,6.49209609174314,52.3030173784024,11.533,4.135
3738,6.49210825507847,52.3030216429607,12.293,4.408
3739,6.49212041841379,52.3030259075189,13.058,4.682
3740,6.49213258174912,52.3030301720771,12.171,4.364
3741,6.49214474508445,52.3030344366353,13.383,4.798
3742,6.49215690841978,52.3030387011935,12.514,4.487
3743,6.4921690717551,52.3030429657517,13.175,4.724
3744,6.49218123509043,52.3030472303099,12.081,4.332
3745,6.49219339842576,52.3030514948681,12.095,4.337
3746,6.49220556176108,52.3030557594263,12.589,4.514
3747,6.49221772509641,52.3030600239845,12.824,4.598
3748,6.49222988843174,52.3030642885427,12.44,4.46
3749,6.49224205176707,52.3030685531009,12.722,4.562
3750,6.49225421510239,52.3030728176591,12.901,4.626
3751,6.49226637843772,52.3030770822173,11.724,4.204
3752,6.49227854177305,52.3030813467755,12.364,4.433
3753,6.49229070510837,52.3030856113337,12.265,4.398
3754,6.4923028684437,52.3030898758919,12.298,4.41
3755,6.49231503177903,52.3030941404501,12.82,4.597
3756,6.49232719511436,52.3030984050083,12.289,4.406
3757,6.49233935844968,52.3031026695665,11.412,4.092
3758,6.49235152178501,52.3031069341247,12.458,4.467
3759,6.49236368512034,52.303111198683,11.977,4.294
3760,6.49237584845566,52.3031154632412,12.9,4.625
3761,6.49238801179099,52.3031197277994,13.088,4.693
3762,6.49240017512632,52.3031239923576,11.341,4.067
3763,6.49241233846164,52.3031282569158,12.171,4.364
3764,6.49242450367584,52.3031325156918,12.841,4.604
3765,6.4924366723251,52.3031367638965,11.811,4.235
3766,6.49244884097435,52.3031410121012,13.106,4.699
3767,6.4924610096236,52.303145260306,13.27,4.758
3768,6.49247317827286,52.3031495085107,12.564,4.505
3769,6.49248534335105,52.3031537677053,12.211,4.378
3770,6.49249750794611,52.3031580283867,11.314,4.057
3771,6.49250967254116,52.3031622890681,13.159,4.718
3772,6.49252183713621,52.3031665497495,13.865,4.972
3773,6.49253400173127,52.303170810431,13.751,4.931
3774,6.49254616632632,52.3031750711124,12.588,4.514
3775,6.49255833092138,52.3031793317938,12.068,4.327
3776,6.49257049551643,52.3031835924752,13.211,4.737
3777,6.49258266011149,52.3031878531567,12.651,4.536
3778,6.49259482470654,52.3031921138381,13.015,4.667
3779,6.4926069893016,52.3031963745195,12.92,4.633
3780,6.49261915389665,52.3032006352009,12.805,4.591
3781,6.49263131849171,52.3032048958824,13.364,4.792
3782,6.49264348241619,52.3032091586274,13.395,4.803
3783,6.49265564514496,52.3032134250523,12.469,4.471
3784,6.49266780787374,52.3032176914772,12.243,4.39
3785,6.49267997060251,52.303221957902,11.325,4.061
3786,6.49269213333129,52.3032262243269,12.6,4.518
3787,6.49270429606006,52.3032304907517,12.17,4.364
3788,6.49271645878883,52.3032347571766,13.069,4.686
3789,6.49272862094732,52.3032390253565,12.634,4.53
3790,6.49274078076333,52.3032433007453,12.708,4.557
3791,6.49275294057933,52.3032475761342,13.329,4.779
3792,6.49276510039533,52.303251851523,13.095,4.695
3793,6.49277726021134,52.3032561269118,12.803,4.591
3794,6.49278942002734,52.3032604023007,13.873,4.974
3795,6.49280157984335,52.3032646776895,13.326,4.778
3796,6.49281373965935,52.3032689530784,12.658,4.539
3797,6.49282589947535,52.3032732284672,12.694,4.552
3798,6.49283805947306,52.3032775032968,13.387,4.8
3799,6.49285022227638,52.3032817694923,13.054,4.68
3800,6.49286238507969,52.3032860356878,12.286,4.405
3801,6.492874547883,52.3032903018832,13.482,4.834
3802,6.49288671068631,52.3032945680787,13.707,4.915
3803,6.49289887348962,52.3032988342742,13.673,4.903
3804,6.49291103629293,52.3033031004697,13.897,4.983
3805,6.49292319909624,52.3033073666651,14.218,5.098
3806,6.49293536189955,52.3033116328606,14.03,5.031
3807,6.49294752470286,52.3033158990561,13.224,4.742
3808,6.49295968750617,52.3033201652515,12.913,4.63
3809,6.49297185030949,52.303324431447,11.971,4.292
3810,6.4929840131128,52.3033286976425,13.066,4.685
3811,6.49299617591611,52.303332963838,13.377,4.796
3812,6.49300833871942,52.3033372300334,13.109,4.7
3813,6.49302050152273,52.3033414962289,11.985,4.297
3814,6.49303266432604,52.3033457624244,12.939,4.639
3815,6.49304483021914,52.3033500191111,13.499,4.84
3816,6.49305700285696,52.3033542550411,12.529,4.492
3817,6.49306917549478,52.3033584909711,13.242,4.748
3818,6.4930813481326,52.3033627269011,13.411,4.809
3819,6.49309352077042,52.3033669628311,13.827,4.958
3820,6.49310569340824,52.3033711987611,14.189,5.088
3821,6.49311786604606,52.3033754346911,12.972,4.651
3822,6.49313003868388,52.3033796706211,13.315,4.774
3823,6.4931422113217,52.3033839065512,13.346,4.785
3824,6.49315438395952,52.3033881424812,13.615,4.882
3825,6.49316655659734,52.3033923784112,13.562,4.863
3826,6.49317872923516,52.3033966143412,14.097,5.054
3827,6.49319090187298,52.3034008502712,11.9,4.267
3828,6.4932030745108,52.3034050862012,13.53,4.851
3829,6.49321524714862,52.3034093221312,13.584,4.871
3830,6.49322741978644,52.3034135580612,13.172,4.723
3831,6.49323959242426,52.3034177939912,11.992,4.3
3832,6.49325176506208,52.3034220299212,13.301,4.769
3833,6.4932639376999,52.3034262658512,12.932,4.637
3834,6.49327611033772,52.3034305017812,14.35,5.145
3835,6.49328828297554,52.3034347377112,13.597,4.875
3836,6.49330045561337,52.3034389736412,12.921,4.633
3837,6.49331262825119,52.3034432095712,12.195,4.373
3838,6.49332480088901,52.3034474455012,13.763,4.935
3839,6.49333697352683,52.3034516814312,13.838,4.962
3840,6.49334914616465,52.3034559173612,13.315,4.774
3841,6.49336131880247,52.3034601532912,13.81,4.952
3842,6.49337349144029,52.3034643892212,13.264,4.756
3843,6.49338566407811,52.3034686251512,14.11,5.059
3844,6.49339783671593,52.3034728610813,14.079,5.048
3845,6.49341000935375,52.3034770970113,12.545,4.498
3846,6.49342218199157,52.3034813329413,12.701,4.554
3847,6.49343435462939,52.3034855688713,14.73,5.282
3848,6.49344652726721,52.3034898048013,14.097,5.055
3849,6.49345869990503,52.3034940407313,12.82,4.597
3850,6.49347087254285,52.3034982766613,12.652,4.536
3851,6.49348304518067,52.3035025125913,13.711,4.916
3852,6.49349521781849,52.3035067485213,12.93,4.636
3853,6.49350739045631,52.3035109844513,13.429,4.815
3854,6.49351956860683,52.3035152034161,13.601,4.877
3855,6.49353175365847,52.3035194011429,13.589,4.872
3856,6.49354393871011,52.3035235988697,14.318,5.134
3857,6.49355612376175,52.3035277965964,14.748,5.288
3858,6.49356830881339,52.3035319943232,13.401,4.805
3859,6.49358049386502,52.30353619205,13.031,4.672
3860,6.49359267891666,52.3035403897768,13.938,4.997
3861,6.4936048639683,52.3035445875035,14.682,5.264
3862,6.49361704901994,52.3035487852303,13.499,4.84
3863,6.49362923407158,52.3035529829571,14.249,5.109
3864,6.49364141912321,52.3035571806839,13.27,4.758
3865,6.49365357900211,52.3035614558792,13.788,4.944
3866,6.49366573774469,52.3035657345714,13.106,4.699
3867,6.49367789648728,52.3035700132637,13.809,4.951
3868,6.49369005522987,52.3035742919559,13.747,4.929
3869,6.49370221397246,52.3035785706482,14.187,5.087
3870,6.49371437271505,52.3035828493404,14.888,5.338
3871,6.49372653145763,52.3035871280327,13.627,4.886
3872,6.49373869020022,52.3035914067249,12.693,4.551
3873,6.49375084894281,52.3035956854172,13.763,4.935
3874,6.4937630076854,52.3035999641094,14.071,5.045
3875,6.49377516642799,52.3036042428017,14.027,5.03
3876,6.49378732517058,52.3036085214939,13.829,4.959
3877,6.49379948391316,52.3036128001862,14.81,5.31
3878,6.49381164265575,52.3036170788784,14.028,5.03
3879,6.49382380139834,52.3036213575707,13.9,4.984
3880,6.49383596014093,52.3036256362629,13.517,4.847
3881,6.49384811888352,52.3036299149552,12.96,4.647
3882,6.49386027762611,52.3036341936474,14.194,5.09
3883,6.49387243636869,52.3036384723397,14.158,5.077
3884,6.49388459511128,52.3036427510319,13.404,4.806
3885,6.49389675385387,52.3036470297242,14.014,5.025
3886,6.49390891259646,52.3036513084164,13.969,5.009
3887,6.49392107133905,52.3036555871087,13.699,4.912
3888,6.49393323008164,52.3036598658009,13.613,4.881
3889,6.49394538882422,52.3036641444932,14.331,5.138
3890,6.49395754756681,52.3036684231854,13.973,5.01
3891,6.4939697063094,52.3036727018777,13.771,4.938
3892,6.49398186505199,52.3036769805699,13.625,4.885
3893,6.49399402379458,52.3036812592621,14.068,5.044
3894,6.49400618253717,52.3036855379544,14.701,5.271
3895,6.49401834127975,52.3036898166466,14.292,5.124
3896,6.49403050002234,52.3036940953389,14.044,5.035
3897,6.49404265876493,52.3036983740311,14.377,5.155
3898,6.49405481750752,52.3037026527234,15.011,5.382
3899,6.49406697625011,52.3037069314156,14.51,5.203
3900,6.4940791349927,52.3037112101079,14.388,5.159
3901,6.49409129373528,52.3037154888001,14.623,5.243
3902,6.49410345247787,52.3037197674924,14.167,5.08
3903,6.49411561122046,52.3037240461846,14.381,5.156
3904,6.49412776996305,52.3037283248769,13.998,5.019
3905,6.49413992870564,52.3037326035691,13.386,4.8
3906,6.49415208744823,52.3037368822614,14.513,5.204
3907,6.49416424619081,52.3037411609536,14.528,5.209
3908,6.4941764049334,52.3037454396459,14.167,5.08
3909,6.49418856367599,52.3037497183381,14.958,5.363
3910,6.49420072241858,52.3037539970304,13.937,4.997
3911,6.49421288116117,52.3037582757226,13.332,4.78
3912,6.49422503990376,52.3037625544149,13.977,5.011
3913,6.49423719864634,52.3037668331071,13.493,4.838
3914,6.49424935738893,52.3037711117994,14.611,5.239
3915,6.49426151311126,52.3037753997864,13.982,5.013
3916,6.49427366787959,52.3037796907093,15.016,5.384
3917,6.49428582264791,52.3037839816323,15.016,5.384
3918,6.49429797741623,52.3037882725553,13.918,4.99
3919,6.49431013218455,52.3037925634782,13.999,5.019
3920,6.49432228695287,52.3037968544012,14.801,5.307
3921,6.49433444172119,52.3038011453242,15.075,5.405
3922,6.49434659648951,52.3038054362471,13.328,4.779
3923,6.49435875125783,52.3038097271701,14.689,5.267
3924,6.49437090602615,52.303814018093,13.244,4.749
3925,6.49438306079447,52.303818309016,14.226,5.101
3926,6.4943952155628,52.303822599939,15.204,5.451
3927,6.49440737033112,52.3038268908619,16.343,5.86
3928,6.49441952509944,52.3038311817849,14.445,5.179
3929,6.49443168102259,52.3038354691539,13.864,4.971
3930,6.49444383723342,52.3038397556375,14.308,5.13
3931,6.49445599344426,52.3038440421212,14.661,5.257
3932,6.49446814965509,52.3038483286049,14.24,5.106
3933,6.49448030586592,52.3038526150885,14.103,5.057
3934,6.49449246207675,52.3038569015722,14.408,5.166
3935,6.49450461828758,52.3038611880559,14.904,5.344
3936,6.49451677449842,52.3038654745395,14.584,5.229
3937,6.49452893070925,52.3038697610232,14.177,5.083
3938,6.49454108692008,52.3038740475069,14.314,5.132
3939,6.49455324313091,52.3038783339905,14.477,5.191
3940,6.49456539934174,52.3038826204742,14.145,5.072
3941,6.49457755555258,52.3038869069579,14.329,5.138
3942,6.49458971176341,52.3038911934416,15.136,5.427
3943,6.49460239834084,52.3038938477347,14.634,5.247
3944,6.49461681498522,52.3038911777883,13.751,4.931
3945,6.49463098327489,52.3038892721476,15.398,5.521
3946,6.49464310931982,52.3038936514661,15.052,5.397
3947,6.49465523536476,52.3038980307845,14.006,5.022
3948,6.4946673614097,52.303902410103,14.617,5.241
3949,6.49467948745463,52.3039067894215,14.379,5.156
3950,6.49469069895658,52.3039139832242,15.256,5.47
3951,6.4946989875918,52.3039301720791,14.652,5.253
3952,6.49471113705637,52.3039344793242,14.84,5.321
3953,6.49472328652094,52.3039387865693,14.784,5.301
3954,6.49473543598551,52.3039430938145,14.038,5.033
3955,6.49474758545008,52.3039474010596,15.748,5.647
3956,6.49475973491464,52.3039517083047,15.324,5.494
3957,6.49477188437921,52.3039560155499,14.508,5.202
3958,6.49478403384378,52.303960322795,15.073,5.405
3959,6.49479618330835,52.3039646300401,15.546,5.574
3960,6.49480833277292,52.3039689372853,15.02,5.385
3961,6.49482048223749,52.3039732445304,15.916,5.707
3962,6.49483263170206,52.3039775517755,16.729,5.998
3963,6.49484478116663,52.3039818590207,14.953,5.361
3964,6.49485693063119,52.3039861662658,14.698,5.27
3965,6.49486908009576,52.3039904735109,14.472,5.189
3966,6.49488122956033,52.3039947807561,13.766,4.936
3967,6.4948933790249,52.3039990880012,15.816,5.671
3968,6.49490552848947,52.3040033952463,14.887,5.338
3969,6.49491767795404,52.3040077024915,15.624,5.602
3970,6.49492982523074,52.3040120164697,15.756,5.65
3971,6.49494196692918,52.3040163476149,14.502,5.2
3972,6.49495410862763,52.3040206787601,14.604,5.237
3973,6.49496625032607,52.3040250099053,16.192,5.806
3974,6.49497839202452,52.3040293410505,15.139,5.428
3975,6.49499053372297,52.3040336721956,14.807,5.309
3976,6.49500267542141,52.3040380033408,14.595,5.233
3977,6.49501481711986,52.304042334486,15.142,5.429
3978,6.4950269588183,52.3040466656312,16.126,5.782
3979,6.49503910051675,52.3040509967764,15.658,5.614
3980,6.4950512422152,52.3040553279216,15.377,5.513
3981,6.49506338391364,52.3040596590668,16.219,5.816
3982,6.49507552561209,52.304063990212,16.121,5.78
3983,6.49508766731053,52.3040683213571,15.512,5.562
3984,6.49509980900898,52.3040726525023,16.964,6.083
3985,6.49511195070743,52.3040769836475,15.202,5.451
3986,6.49512409240587,52.3040813147927,16.009,5.74
3987,6.49513623410432,52.3040856459379,15.148,5.431
3988,6.49514837580276,52.3040899770831,15.926,5.71
3989,6.49516051750121,52.3040943082283,15.265,5.473
3990,6.49517265919966,52.3040986393735,15.699,5.629
3991,6.4951848008981,52.3041029705187,16.85,6.042
3992,6.49519694259655,52.3041073016638,16.02,5.744
3993,6.49520908429499,52.304111632809,15.758,5.65
3994,6.49522122599344,52.3041159639542,15.038,5.392
3995,6.49523336769189,52.3041202950994,15.622,5.601
3996,6.49524550939033,52.3041246262446,14.935,5.355
3997,6.49525765108878,52.3041289573898,16.067,5.761
3998,6.49526979278722,52.304133288535,16.069,5.762
3999,6.49528193448567,52.3041376196802,15.474,5.548
4000,6.49529407618412,52.3041419508253,16.575,5.943
4001,6.49530621788256,52.3041462819705,16.51,5.92
4002,6.49531835958101,52.3041506131157,15.72,5.637
4003,6.49533050127946,52.3041549442609,15.983,5.731
4004,6.4953426429779,52.3041592754061,15.322,5.494
4005,6.49535478467635,52.3041636065513,15.526,5.567
4006,6.49536692637479,52.3041679376965,15.07,5.403
4007,6.49537906807324,52.3041722688417,15.441,5.536
4008,6.49539120977169,52.3041765999868,15.679,5.622
4009,6.49540335147013,52.304180931132,14.782,5.3
4010,6.49541549316858,52.3041852622772,16.116,5.779
4011,6.49542763486702,52.3041895934224,16.396,5.879
4012,6.49543977656547,52.3041939245676,15.809,5.668
4013,6.49545191826392,52.3041982557128,14.246,5.108
4014,6.49546405996236,52.304202586858,15.702,5.63
4015,6.49547620166081,52.3042069180032,15.05,5.396
4016,6.49548834335925,52.3042112491484,15.53,5.568
4017,6.49550048056943,52.3042155941061,16.761,6.01
4018,6.49551261122892,52.3042199592234,14.495,5.197
4019,6.49552474188841,52.3042243243407,15.465,5.545
4020,6.49553687254789,52.304228689458,16.452,5.899
4021,6.49554900320738,52.3042330545754,15.57,5.583
4022,6.49556113386686,52.3042374196927,15.544,5.574
4023,6.49557326452635,52.30424178481,17.217,6.173
4024,6.49558539518583,52.3042461499273,16.263,5.831
4025,6.49559752584532,52.3042505150447,16.609,5.955
4026,6.49560965650481,52.304254880162,16.37,5.869
4027,6.49562178716429,52.3042592452793,16.193,5.806
4028,6.49563391782378,52.3042636103966,16.861,6.045
4029,6.49564604848326,52.304267975514,17.257,6.188
4030,6.49565817914275,52.3042723406313,15.165,5.438
4031,6.49567030980224,52.3042767057486,16.154,5.792
4032,6.49568244046172,52.3042810708659,16.169,5.797
4033,6.49569457112121,52.3042854359832,15.961,5.723
4034,6.49570670178069,52.3042898011006,16.809,6.027
4035,6.49571883244018,52.3042941662179,16.403,5.881
4036,6.49573096309967,52.3042985313352,17.403,6.24
4037,6.49574309375915,52.3043028964525,16.937,6.073
4038,6.49575522441864,52.3043072615699,17.112,6.135
4039,6.49576735507812,52.3043116266872,15.623,5.602
4040,6.49577948573761,52.3043159918045,15.873,5.691
4041,6.49579161639709,52.3043203569218,15.941,5.716
4042,6.49580374705658,52.3043247220392,17.163,6.154
4043,6.49581587771607,52.3043290871565,15.835,5.678
4044,6.49582800837555,52.3043334522738,15.871,5.691
4045,6.49584013903504,52.3043378173911,15.782,5.659
4046,6.49585226969452,52.3043421825085,18.08,6.483
4047,6.49586440035401,52.3043465476258,16.396,5.879
4048,6.4958765310135,52.3043509127431,16.81,6.027
4049,6.49588866167298,52.3043552778604,15.846,5.682
4050,6.49590079233247,52.3043596429777,17.099,6.131
4051,6.49591292299195,52.3043640080951,15.51,5.561
4052,6.49592505365144,52.3043683732124,15.996,5.735
4053,6.49593718431093,52.3043727383297,16.16,5.794
4054,6.49594931497041,52.304377103447,16.737,6.001
4055,6.4959614456299,52.3043814685644,16.16,5.794
4056,6.49597357628938,52.3043858336817,17.541,6.289
4057,6.49598570694887,52.304390198799,16.958,6.081
4058,6.49599783843445,52.304394561374,16.275,5.835
4059,6.49600997481386,52.3043989088885,17.285,6.198
4060,6.49602211119326,52.3044032564029,16.484,5.911
4061,6.49603424757267,52.3044076039173,16.386,5.875
4062,6.49604638395207,52.3044119514317,17.277,6.195
4063,6.49605852033148,52.3044162989461,15.325,5.495
4064,6.49607065671089,52.3044206464605,17.217,6.173
4065,6.49608279309029,52.3044249939749,16.383,5.874
4066,6.4960949294697,52.3044293414893,16.399,5.88
4067,6.4961070658491,52.3044336890037,17.988,6.45
4068,6.49611920222851,52.3044380365181,16.541,5.931
4069,6.49613133860791,52.3044423840325,17.432,6.25
4070,6.49614347498732,52.3044467315469,17.05,6.114
4071,6.49615561136673,52.3044510790613,17.128,6.141
4072,6.49616774774613,52.3044554265757,16.772,6.014
4073,6.49617988412554,52.3044597740902,16.757,6.008
4074,6.49619202050494,52.3044641216046,17.85,6.4
4075,6.49620415688435,52.304468469119,17.514,6.28
4076,6.49621629276969,52.3044728181538,16.689,5.984
4077,6.49622842733567,52.304477171249,16.384,5.874
4078,6.49624056190164,52.3044815243442,16.67,5.977
4079,6.49625269646762,52.3044858774394,17.607,6.313
4080,6.4962648310336,52.3044902305346,17.738,6.36
4081,6.49627696559957,52.3044945836298,17.386,6.234
4082,6.49628910016555,52.304498936725,16.124,5.781
4083,6.49630123473152,52.3045032898202,17.533,6.287
4084,6.4963133692975,52.3045076429154,17.871,6.408
4085,6.49632550386347,52.3045119960106,17.222,6.175
4086,6.49633763842945,52.3045163491058,18.298,6.561
4087,6.49634977299542,52.304520702201,16.371,5.87
4088,6.4963619075614,52.3045250552962,17.565,6.298
4089,6.49637404212737,52.3045294083914,16.577,5.944
4090,6.49638617669335,52.3045337614866,17.813,6.387
4091,6.49639831125933,52.3045381145818,17.565,6.298
4092,6.4964104458253,52.304542467677,18.277,6.554
4093,6.49642258039128,52.3045468207722,17.525,6.284
4094,6.49643471495725,52.3045511738673,17.007,6.098
4095,6.49644684952323,52.3045555269625,16.969,6.085
4096,6.4964589840892,52.3045598800577,17.124,6.14
4097,6.49647111865518,52.3045642331529,16.984,6.09
4098,6.49648325322115,52.3045685862481,18.09,6.486
4099,6.49649538778713,52.3045729393433,18.06,6.476
4100,6.49650752235311,52.3045772924385,16.442,5.896
4101,6.49651965691908,52.3045816455337,17.358,6.224
4102,6.49653179148506,52.3045859986289,17.384,6.233
4103,6.49654392605103,52.3045903517241,16.9,6.06
4104,6.49655606061701,52.3045947048193,17.629,6.321
4105,6.49656819518298,52.3045990579145,18.243,6.541
4106,6.49658032974896,52.3046034110097,17.92,6.425
4107,6.49659246431493,52.3046077641049,18.199,6.525
4108,6.49660459888091,52.3046121172001,16.996,6.094
4109,6.49661673344689,52.3046164702953,17.451,6.257
4110,6.49662886801286,52.3046208233905,16.991,6.092
4111,6.49664100257884,52.3046251764857,17.593,6.308
4112,6.49665313714481,52.3046295295809,17.657,6.331
4113,6.49666527171079,52.3046338826761,18.039,6.468
4114,6.49667740627676,52.3046382357713,18.257,6.546
4115,6.49668954084274,52.3046425888664,17.901,6.418
4116,6.49670167540871,52.3046469419616,17.0,6.096
4117,6.49671380997469,52.3046512950568,16.721,5.996
4118,6.49672594454066,52.304655648152,17.833,6.394
4119,6.49673807910664,52.3046600012472,18.42,6.604
4120,6.49675021367262,52.3046643543424,17.532,6.286
4121,6.49676234823859,52.3046687074376,16.659,5.973
4122,6.49677448280457,52.3046730605328,18.793,6.738
4123,6.49678661737054,52.304677413628,17.864,6.405
4124,6.49679875193652,52.3046817667232,17.687,6.342
4125,6.49681088650249,52.3046861198184,16.909,6.063
4126,6.49682302106847,52.3046904729136,17.615,6.316
4127,6.49683515563444,52.3046948260088,18.018,6.461
4128,6.49684729002217,52.3046991796525,17.919,6.425
4129,6.49685941214118,52.304703571053,17.233,6.179
4130,6.49687153426019,52.3047079624534,17.608,6.314
4131,6.4968836563792,52.3047123538538,17.288,6.199
4132,6.49689577849821,52.3047167452543,18.638,6.683
4133,6.49690790061722,52.3047211366547,18.194,6.524
4134,6.49692002273623,52.3047255280551,17.368,6.228
4135,6.49693214485524,52.3047299194556,16.998,6.095
4136,6.49694426697425,52.304734310856,17.857,6.403
4137,6.49695638909326,52.3047387022564,17.412,6.243
4138,6.49696851121227,52.3047430936569,17.464,6.262
4139,6.49698063333128,52.3047474850573,17.051,6.114
4140,6.49699275545029,52.3047518764577,17.132,6.143
4141,6.4970048775693,52.3047562678582,17.83,6.393
4142,6.49701699968831,52.3047606592586,17.586,6.306
4143,6.49702912180732,52.304765050659,19.219,6.891
4144,6.49704124392634,52.3047694420595,18.108,6.493
4145,6.49705336604535,52.3047738334599,17.089,6.127
4146,6.49706549410827,52.3047782065681,16.871,6.049
4147,6.49707763204811,52.3047825492803,18.016,6.46
4148,6.49708976998795,52.3047868919925,17.556,6.295
4149,6.49710190792778,52.3047912347047,18.58,6.662
4150,6.49711404586762,52.3047955774169,17.97,6.443
4151,6.49712618380746,52.3047999201291,16.645,5.968
4152,6.49713832174729,52.3048042628414,17.219,6.174
4153,6.49715045968713,52.3048086055536,17.429,6.249
4154,6.49716259762697,52.3048129482658,18.093,6.487
4155,6.49717473556681,52.304817290978,17.221,6.175
4156,6.49718687350664,52.3048216336902,17.937,6.431
4157,6.49719901144648,52.3048259764024,17.068,6.12
4158,6.49721114938632,52.3048303191147,17.865,6.406
4159,6.49722328732616,52.3048346618269,18.086,6.485
4160,6.49723542526599,52.3048390045391,18.734,6.717
4161,6.49724756320583,52.3048433472513,18.026,6.463
4162,6.49725970114567,52.3048476899635,17.408,6.242
4163,6.49727183908551,52.3048520326757,18.773,6.731
4164,6.49728397702534,52.304856375388,17.794,6.38
4165,6.49729611496518,52.3048607181002,18.363,6.584
4166,6.49730825290502,52.3048650608124,17.554,6.294
4167,6.49732039084486,52.3048694035246,17.975,6.445
4168,6.49733249405122,52.3048738531283,17.457,6.259
4169,6.49734456677181,52.3048783965511,18.124,6.498
4170,6.4973566394924,52.304882939974,18.413,6.602
4171,6.49736871221299,52.3048874833969,17.656,6.331
4172,6.49738078493358,52.3048920268198,17.629,6.321
4173,6.49739285765418,52.3048965702427,18.169,6.515
4174,6.49740493037477,52.3049011136656,17.48,6.268
4175,6.49741700309536,52.3049056570884,17.079,6.124
4176,6.49742907581595,52.3049102005113,18.186,6.521
4177,6.49744114853654,52.3049147439342,17.921,6.426
4178,6.49745322125713,52.3049192873571,17.914,6.423
4179,6.49746529148302,52.3049238384574,18.302,6.562
4180,6.49747735931011,52.3049283969399,18.39,6.594
4181,6.4974894271372,52.3049329554224,17.913,6.423
4182,6.49750153463791,52.3049373918103,17.353,6.222
4183,6.4975137366433,52.3049415373623,17.644,6.326
4184,6.49752593864869,52.3049456829143,18.369,6.586
4185,6.49753814065409,52.3049498284663,18.111,6.494
4186,6.49755034265948,52.3049539740183,17.713,6.351
4187,6.49756254466487,52.3049581195703,17.581,6.304
4188,6.49757474667026,52.3049622651223,18.411,6.601
4189,6.49758694867565,52.3049664106743,17.923,6.426
4190,6.49759915068104,52.3049705562264,18.501,6.634
4191,6.49761135268644,52.3049747017784,18.581,6.662
4192,6.49762356426713,52.3049788178626,17.885,6.413
4193,6.49763581733444,52.3049828062728,18.633,6.681
4194,6.49764807040176,52.3049867946829,18.161,6.512
4195,6.49766032346907,52.3049907830931,18.243,6.541
4196,6.49767257653639,52.3049947715033,16.803,6.025
4197,6.4976848296037,52.3049987599134,17.524,6.284
4198,6.49769708267102,52.3050027483236,17.561,6.297
4199,6.49770933573833,52.3050067367338,17.918,6.425
4200,6.49772155812687,52.3050108195571,18.178,6.518
4201,6.49773366695592,52.3050152518571,18.207,6.528
4202,6.49774577578497,52.3050196841571,18.288,6.557
4203,6.49775788461402,52.305024116457,17.722,6.354
4204,6.49776999344307,52.305028548757,18.536,6.646
4205,6.49778210227212,52.305032981057,19.199,6.884
4206,6.49779421110117,52.3050374133569,17.931,6.429
4207,6.49780631993022,52.3050418456569,17.753,6.366
4208,6.49781842875927,52.3050462779569,17.745,6.363
4209,6.49783053758832,52.3050507102568,18.203,6.527
4210,6.49784264641737,52.3050551425568,17.848,6.399
4211,6.49785475524642,52.3050595748568,17.144,6.147
4212,6.49786686407547,52.3050640071567,17.309,6.206
4213,6.49787897290452,52.3050684394567,18.77,6.73
4214,6.49789108173357,52.3050728717567,18.928,6.787
4215,6.49790319056262,52.3050773040566,19.119,6.855
4216,6.49791529939167,52.3050817363566,18.315,6.567
4217,6.49792740822072,52.3050861686566,17.603,6.312
4218,6.49793839599049,52.3050940509896,17.932,6.43
4219,6.49795049264828,52.3050985207463,17.317,6.209
4220,6.49796308490042,52.3051014653233,17.298,6.202
4221,6.49797483087159,52.3051070143097,18.352,6.58
4222,6.49798657684277,52.3051125632961,18.522,6.641
4223,6.49799832281395,52.3051181122824,19.36,6.942
4224,6.49801006878513,52.3051236612688,18.163,6.513
4225,6.49802181475631,52.3051292102552,17.417,6.245
4226,6.49803356072748,52.3051347592416,18.147,6.507
4227,6.49804530669866,52.3051403082279,18.056,6.474
4228,6.49805705266984,52.3051458572143,17.937,6.431
4229,6.49806879864102,52.3051514062007,18.431,6.609
4230,6.49808092818705,52.3051557747446,17.518,6.281
4231,6.49809306509751,52.3051601206247,18.312,6.566
4232,6.49810520200798,52.3051644665048,18.622,6.677
4233,6.49811733891845,52.3051688123849,19.077,6.84
4234,6.49812947582892,52.305173158265,18.427,6.607
4235,6.49814161273938,52.305177504145,18.861,6.763
4236,6.49815374964985,52.3051818500251,17.989,6.45
4237,6.49816588656032,52.3051861959052,18.074,6.481
4238,6.49817802347078,52.3051905417853,19.048,6.83
4239,6.49819016038125,52.3051948876654,17.452,6.257
4240,6.49820229729172,52.3051992335454,18.024,6.463
4241,6.49821443420218,52.3052035794255,18.927,6.786
4242,6.49822657111265,52.3052079253056,18.142,6.505
4243,6.49823870802312,52.3052122711857,18.1,6.49
4244,6.49825084493358,52.3052166170657,18.115,6.495
4245,6.49826298184405,52.3052209629458,18.342,6.577
4246,6.49827511875452,52.3052253088259,18.914,6.782
4247,6.49828720005495,52.3052298258445,18.821,6.748
4248,6.49829926988686,52.3052343781573,18.286,6.557
4249,6.49831133971876,52.30523893047,18.924,6.785
4250,6.49832385143922,52.3052421228813,18.485,6.628
4251,6.49833636872232,52.3052452981737,18.791,6.738
4252,6.4983488896617,52.305248462214,17.683,6.34
4253,6.49836141060108,52.3052516262543,19.312,6.924
4254,6.49837393154046,52.3052547902946,18.42,6.605
4255,6.49838645247984,52.3052579543349,16.676,5.979
4256,6.49839893824007,52.3052612266382,19.27,6.909
4257,6.49841110755125,52.3052654728059,18.299,6.561
4258,6.49842327686243,52.3052697189736,18.065,6.477
4259,6.49843544617361,52.3052739651412,17.942,6.433
4260,6.49844761548479,52.3052782113089,18.558,6.654
4261,6.49845978479597,52.3052824574766,17.779,6.375
4262,6.49847195410715,52.3052867036442,17.963,6.441
4263,6.49848412341833,52.3052909498119,17.978,6.446
4264,6.49849629272951,52.3052951959795,18.133,6.502
4265,6.49850846218788,52.3052994416942,18.002,6.455
4266,6.49852064916507,52.3053036334952,18.808,6.744
4267,6.49853283614226,52.3053078252961,18.467,6.621
4268,6.49854502311946,52.305312017097,18.539,6.647
4269,6.49855721009665,52.3053162088979,18.668,6.693
4270,6.49856939707384,52.3053204006989,18.254,6.545
4271,6.49858158405104,52.3053245924998,17.709,6.35
4272,6.49859377102823,52.3053287843007,19.371,6.946
4273,6.49860595800542,52.3053329761017,18.855,6.761
4274,6.49861814498261,52.3053371679026,19.259,6.905
4275,6.49863033195981,52.3053413597035,18.919,6.783
4276,6.498642518937,52.3053455515045,18.039,6.468
4277,6.49865470589409,52.3053497433673,16.929,6.07
4278,6.49866689278585,52.3053539354311,17.587,6.306
4279,6.49867907967761,52.3053581274949,18.683,6.699
4280,6.49869126656937,52.3053623195588,18.249,6.543
4281,6.49870339596309,52.3053666885715,18.061,6.476
4282,6.4987154673025,52.3053712362449,16.84,6.038
4283,6.49872752898458,52.3053758136386,18.299,6.561
4284,6.49873957461752,52.305380440423,17.669,6.335
4285,6.49875162025046,52.3053850672075,17.878,6.41
4286,6.4987636658834,52.305389693992,18.803,6.742
4287,6.49877571151635,52.3053943207765,17.696,6.345
4288,6.49878775714929,52.3053989475609,17.751,6.365
4289,6.49879980278223,52.3054035743454,18.407,6.6
4290,6.49881184841518,52.3054082011299,18.809,6.744
4291,6.49882389404812,52.3054128279143,18.057,6.475
4292,6.49883593968106,52.3054174546988,19.155,6.868
4293,6.498847985314,52.3054220814833,17.538,6.288
4294,6.49886003094695,52.3054267082678,17.432,6.25
4295,6.49887207657989,52.3054313350522,17.379,6.231
4296,6.49888412221283,52.3054359618367,17.31,6.207
4297,6.49889616784577,52.3054405886212,18.477,6.625
4298,6.49890821347872,52.3054452154056,17.7,6.347
4299,6.49892025911166,52.3054498421901,17.443,6.254
4300,6.4989323047446,52.3054544689746,18.492,6.63
4301,6.49894435037755,52.3054590957591,18.749,6.723
4302,6.49895649269703,52.305463424993,18.879,6.769
4303,6.49896870435217,52.3054675408482,18.771,6.731
4304,6.4989809160073,52.3054716567033,17.712,6.351
4305,6.49899312766244,52.3054757725585,18.41,6.601
4306,6.49900533931758,52.3054798884136,18.535,6.646
4307,6.49901755097271,52.3054840042688,17.959,6.439
4308,6.49902976262785,52.3054881201239,18.33,6.572
4309,6.49904197428298,52.3054922359791,17.492,6.272
4310,6.49905418593812,52.3054963518342,17.853,6.401
4311,6.49906639759325,52.3055004676894,18.435,6.61
4312,6.49907860924839,52.3055045835445,19.097,6.847
4313,6.49909082090353,52.3055086993997,18.882,6.77
4314,6.49910303255866,52.3055128152548,18.587,6.664
4315,6.4991152442138,52.30551693111,18.238,6.539
4316,6.49912713770335,52.3055220261121,18.14,6.504
4317,6.49913891277609,52.3055274855391,17.326,6.212
4318,6.49915070109911,52.3055329041887,17.679,6.339
4319,6.49916287948157,52.3055371224397,17.691,6.343
4320,6.49917505786404,52.3055413406907,18.493,6.631
4321,6.49918723624651,52.3055455589417,18.703,6.706
4322,6.49919941462897,52.3055497771927,18.572,6.659
4323,6.49921159301144,52.3055539954437,18.826,6.75
4324,6.49922377139391,52.3055582136947,18.164,6.513
4325,6.49923594977637,52.3055624319457,17.535,6.287
4326,6.49924812815884,52.3055666501967,18.075,6.481
4327,6.49926030654131,52.3055708684477,17.668,6.335
4328,6.49927248492377,52.3055750866987,18.472,6.623
4329,6.49928466330624,52.3055793049497,17.864,6.405
4330,6.49929684168871,52.3055835232006,18.008,6.457
4331,6.49930902007117,52.3055877414516,18.463,6.62
4332,6.49932119845364,52.3055919597026,17.609,6.314
4333,6.49933337683611,52.3055961779536,18.601,6.67
4334,6.49934555521857,52.3056003962046,17.231,6.178
4335,6.49935773360104,52.3056046144556,18.193,6.523
4336,6.4993699119835,52.3056088327066,17.948,6.435
4337,6.49938209036597,52.3056130509576,18.476,6.625
4338,6.49939426874844,52.3056172692086,17.17,6.156
4339,6.4994064471309,52.3056214874596,17.066,6.119
4340,6.49941862551337,52.3056257057106,18.395,6.596
4341,6.49943080389584,52.3056299239616,17.712,6.351
4342,6.4994429822783,52.3056341422126,17.876,6.41
4343,6.49945516066077,52.3056383604636,17.529,6.285
4344,6.49946733904324,52.3056425787146,18.441,6.612
4345,6.4994795174257,52.3056467969656,18.067,6.478
4346,6.49949169580817,52.3056510152165,18.019,6.461
4347,6.49950387419064,52.3056552334675,17.176,6.159
4348,6.4995160525731,52.3056594517185,18.145,6.506
4349,6.49952822539163,52.3056636870924,17.253,6.186
4350,6.49954035804457,52.3056680460749,17.436,6.252
4351,6.49955249069752,52.3056724050574,17.006,6.098
4352,6.49956462335047,52.3056767640399,17.702,6.347
4353,6.49957675600342,52.3056811230224,18.406,6.6
4354,6.49958888865636,52.3056854820049,17.899,6.418
4355,6.49960102130931,52.3056898409874,17.491,6.271
4356,6.49961315396226,52.3056941999699,17.8,6.382
4357,6.49962528661521,52.3056985589524,17.781,6.376
4358,6.49963741926816,52.3057029179349,17.744,6.362
4359,6.4996495519211,52.3057072769174,17.794,6.38
4360,6.49966168457405,52.3057116358998,17.063,6.118
4361,6.499673817227,52.3057159948823,17.721,6.354
4362,6.49968594987995,52.3057203538648,16.611,5.956
4363,6.4996980825329,52.3057247128473,17.966,6.442
4364,6.49971021518584,52.3057290718298,16.963,6.082
4365,6.49972234783879,52.3057334308123,18.288,6.557
4366,6.49973448049174,52.3057377897948,16.141,5.787
4367,6.49974661314469,52.3057421487773,18.547,6.65
4368,6.49975874579764,52.3057465077598,16.582,5.946
4369,6.49977087845058,52.3057508667423,16.824,6.032
4370,6.49978301110353,52.3057552257248,17.689,6.342
4371,6.49979514375648,52.3057595847073,17.86,6.404
4372,6.49980727640943,52.3057639436897,17.313,6.208
4373,6.49981940906238,52.3057683026722,17.987,6.449
4374,6.49983154171532,52.3057726616547,16.977,6.087
4375,6.49984367436827,52.3057770206372,17.193,6.165
4376,6.49985580702122,52.3057813796197,17.234,6.179
4377,6.49986793269995,52.3057857600652,17.077,6.123
4378,6.49988000131446,52.3057903161244,16.239,5.823
4379,6.49989206992897,52.3057948721837,17.345,6.219
4380,6.49990413854349,52.3057994282429,17.274,6.194
4381,6.499916207158,52.3058039843022,17.959,6.439
4382,6.49992827577251,52.3058085403614,16.551,5.934
4383,6.49994034438703,52.3058130964206,16.913,6.064
4384,6.49995241300154,52.3058176524799,17.98,6.447
4385,6.49996448161605,52.3058222085391,17.427,6.248
4386,6.49997655023057,52.3058267645984,17.56,6.296
4387,6.49998861884508,52.3058313206576,17.485,6.27
4388,6.50000068745959,52.3058358767168,17.47,6.264
4389,6.5000127560741,52.3058404327761,18.254,6.545
4390,6.50002482468862,52.3058449888353,17.219,6.174
4391,6.50003696605079,52.3058493210154,16.553,5.935
4392,6.50004917507075,52.3058534449802,17.506,6.277
4393,6.50006138409071,52.3058575689451,16.779,6.016
4394,6.50007359311067,52.3058616929099,17.029,6.106
4395,6.50008580213063,52.3058658168748,17.294,6.201
4396,6.5000979859108,52.3058700185144,16.575,5.943
4397,6.50011013275782,52.305874333815,16.74,6.002
4398,6.50012227960484,52.3058786491156,17.302,6.204
4399,6.50013442645186,52.3058829644162,16.682,5.981
4400,6.50014657329888,52.3058872797168,17.559,6.296
4401,6.50015872014589,52.3058915950173,16.389,5.876
4402,6.50017086699291,52.3058959103179,16.369,5.869
4403,6.50018301383993,52.3059002256185,18.054,6.473
4404,6.50019516068695,52.3059045409191,16.015,5.742
4405,6.50020730753397,52.3059088562197,16.881,6.053
4406,6.50021945438098,52.3059131715202,17.968,6.443
4407,6.500231601228,52.3059174868208,16.845,6.04
4408,6.50024374807502,52.3059218021214,17.636,6.323
4409,6.50025589492204,52.305926117422,17.21,6.171
4410,6.50026804176906,52.3059304327226,16.804,6.025
4411,6.50028018861607,52.3059347480232,16.714,5.993
4412,6.50029233546309,52.3059390633237,15.526,5.567
4413,6.50030448231011,52.3059433786243,16.567,5.94
4414,6.50031662915713,52.3059476939249,16.874,6.05
4415,6.50032877600415,52.3059520092255,16.856,6.044
4416,6.50034092285116,52.3059563245261,18.152,6.509
4417,6.50035306969818,52.3059606398266,16.85,6.042
4418,6.5003652165452,52.3059649551272,17.038,6.109
4419,6.50037736339222,52.3059692704278,17.335,6.216
4420,6.50038951023924,52.3059735857284,16.95,6.078
4421,6.50040165708625,52.305977901029,16.564,5.939
4422,6.50041380393327,52.3059822163295,16.55,5.934
4423,6.50042595078029,52.3059865316301,16.374,5.871
4424,6.50043809762731,52.3059908469307,16.824,6.033
4425,6.50045024447433,52.3059951622313,16.446,5.897
4426,6.50046239132134,52.3059994775319,16.896,6.058
4427,6.50047453816836,52.3060037928324,15.918,5.708
4428,6.50048668501538,52.306008108133,16.581,5.945
4429,6.5004988318624,52.3060124234336,17.391,6.236
4430,6.50051097870942,52.3060167387342,16.329,5.855
4431,6.50052312555643,52.3060210540348,17.528,6.285
4432,6.50053527240345,52.3060253693354,16.524,5.925
4433,6.50054741925047,52.3060296846359,16.378,5.872
4434,6.50055956609749,52.3060339999365,16.463,5.903
4435,6.50057171294451,52.3060383152371,16.195,5.807
4436,6.50058385257723,52.3060426527395,15.197,5.449
4437,6.50059599100321,52.3060469939556,16.863,6.046
4438,6.5006081294292,52.3060513351717,17.618,6.317
4439,6.50062026785519,52.3060556763878,16.595,5.95
4440,6.50063240628118,52.3060600176039,16.615,5.957
4441,6.50064454470716,52.30606435882,16.173,5.799
4442,6.50065668313315,52.3060687000361,16.946,6.076
4443,6.50066882155914,52.3060730412522,16.226,5.818
4444,6.50068095998513,52.3060773824683,16.39,5.877
4445,6.50069309841111,52.3060817236844,15.297,5.485
4446,6.5007052368371,52.3060860649005,15.89,5.698
4447,6.50071737526309,52.3060904061166,16.402,5.881
4448,6.50072951368907,52.3060947473327,16.704,5.989
4449,6.50074165211506,52.3060990885488,16.705,5.99
4450,6.50075379054105,52.3061034297649,15.211,5.454
4451,6.50076592896704,52.306107770981,15.256,5.47
4452,6.50077806739302,52.3061121121971,16.454,5.9
4453,6.50079020581901,52.3061164534132,15.656,5.614
4454,6.500802344245,52.3061207946293,16.606,5.954
4455,6.50081448267098,52.3061251358454,15.107,5.417
4456,6.50082662109697,52.3061294770615,15.993,5.734
4457,6.50083875952296,52.3061338182776,16.016,5.743
4458,6.50085089794895,52.3061381594937,16.305,5.846
4459,6.50086303637493,52.3061425007098,15.401,5.522
4460,6.50087517480092,52.306146841926,14.837,5.32
4461,6.50088731322691,52.306151183142,16.08,5.766
4462,6.5008994516529,52.3061555243582,16.275,5.836
4463,6.50091159007888,52.3061598655743,16.544,5.932
4464,6.50092372850487,52.3061642067904,15.727,5.639
4465,6.50093586693086,52.3061685480065,16.38,5.873
4466,6.50094800535684,52.3061728892226,16.196,5.807
4467,6.50096014378283,52.3061772304387,16.675,5.979
4468,6.50097228220882,52.3061815716548,15.851,5.684
4469,6.50098442063481,52.3061859128709,14.853,5.326
4470,6.50099655906079,52.306190254087,15.818,5.672
4471,6.50100869748678,52.3061945953031,15.897,5.7
4472,6.50102083591277,52.3061989365192,16.136,5.786
4473,6.50103297433875,52.3062032777353,14.917,5.349
4474,6.50104511276474,52.3062076189514,15.623,5.602
4475,6.50105725119073,52.3062119601675,16.304,5.846
4476,6.50106938961672,52.3062163013836,15.72,5.637
4477,6.5010815280427,52.3062206425997,15.589,5.59
4478,6.50109366646869,52.3062249838158,16.878,6.052
4479,6.50110580489468,52.3062293250319,15.115,5.42
4480,6.50111794332066,52.306233666248,16.458,5.901
4481,6.50113008174665,52.3062380074641,16.321,5.852
4482,6.50114222017264,52.3062423486802,15.576,5.585
4483,6.50115435859863,52.3062466898963,15.678,5.621
4484,6.50116648607286,52.3062510648161,15.664,5.616
4485,6.5011786114964,52.306255446047,15.781,5.658
4486,6.50119073691994,52.3062598272778,15.313,5.491
4487,6.50120286234348,52.3062642085086,15.399,5.522
4488,6.50121498776702,52.3062685897394,15.431,5.533
4489,6.50122711319055,52.3062729709703,15.439,5.536
4490,6.50123923861409,52.3062773522011,15.435,5.534
4491,6.50125136403763,52.3062817334319,14.289,5.123
4492,6.50126348946117,52.3062861146627,15.654,5.613
4493,6.50127561488471,52.3062904958936,15.275,5.477
4494,6.50128774030825,52.3062948771244,14.477,5.191
4495,6.50129986573179,52.3062992583552,15.358,5.507
4496,6.50131199115532,52.3063036395861,15.33,5.497
4497,6.50132411657886,52.3063080208169,16.293,5.842
4498,6.5013362420024,52.3063124020477,15.216,5.456
4499,6.50134836742594,52.3063167832785,15.916,5.707
4500,6.50136049284948,52.3063211645094,16.326,5.854
4501,6.50137265187788,52.306325442322,15.133,5.426
4502,6.50138483458111,52.306329647276,15.465,5.545
4503,6.50139701728434,52.3063338522299,16.5,5.916
4504,6.50140919998757,52.3063380571839,15.608,5.596
4505,6.50142113311213,52.3063430302102,15.683,5.623
4506,6.50143315089089,52.3063477427152,15.214,5.455
4507,6.50144529630194,52.306352062435,15.848,5.682
4508,6.501457441713,52.3063563821547,15.411,5.526
4509,6.50146958712405,52.3063607018744,14.348,5.144
4510,6.50148173253511,52.3063650215941,15.207,5.452
4511,6.50149387794616,52.3063693413139,14.71,5.275
4512,6.50150602335722,52.3063736610336,15.463,5.544
4513,6.50151816876827,52.3063779807533,14.848,5.324
4514,6.50153031417933,52.306382300473,15.66,5.615
4515,6.50154245959038,52.3063866201928,15.396,5.52
4516,6.50155460500144,52.3063909399125,14.626,5.244
4517,6.50156673602563,52.3063953039074,15.061,5.4
4518,6.50157886568728,52.3063996720956,15.707,5.632
4519,6.50159099534894,52.3064040402837,16.008,5.74
4520,6.50160312501059,52.3064084084718,14.794,5.304
4521,6.50161525467224,52.3064127766599,14.67,5.26
4522,6.50162738433389,52.3064171448481,16.454,5.9
4523,6.50163951399555,52.3064215130362,15.292,5.483
4524,6.5016516436572,52.3064258812243,15.343,5.501
4525,6.50166377331885,52.3064302494125,14.845,5.323
4526,6.50167590298051,52.3064346176006,15.398,5.521
4527,6.50168803264216,52.3064389857887,16.271,5.834
4528,6.50170016230381,52.3064433539769,15.404,5.523
4529,6.50171229196546,52.306447722165,15.872,5.691
4530,6.50172442034585,52.3064520942962,15.254,5.469
4531,6.50173653897082,52.3064564964495,14.625,5.244
4532,6.50174865759578,52.3064608986027,14.818,5.313
4533,6.50176077622075,52.306465300756,14.553,5.218
4534,6.50177289484571,52.3064697029093,15.33,5.497
4535,6.50178501347068,52.3064741050626,15.913,5.706
4536,6.50179713209564,52.3064785072158,15.28,5.479
4537,6.5018092507206,52.3064829093691,14.995,5.377
4538,6.50182136934557,52.3064873115224,14.703,5.272
4539,6.50183348797053,52.3064917136757,15.368,5.51
4540,6.5018456065955,52.3064961158289,14.423,5.171
4541,6.50185772522046,52.3065005179822,14.475,5.19
4542,6.50186984384543,52.3065049201355,15.663,5.616
4543,6.50188196247039,52.3065093222888,14.962,5.365
4544,6.50189408894673,52.3065137002796,14.942,5.357
4545,6.50190622706908,52.3065180424302,15.009,5.381
4546,6.50191836519143,52.3065223845807,15.526,5.567
4547,6.50193050331378,52.3065267267312,15.188,5.446
4548,6.50194264143613,52.3065310688818,14.645,5.251
4549,6.50195477955848,52.3065354110323,14.658,5.256
4550,6.50196691768083,52.3065397531828,14.951,5.361
4551,6.50197905580318,52.3065440953334,15.235,5.462
4552,6.50199119392553,52.3065484374839,15.027,5.388
4553,6.50200333204788,52.3065527796344,14.966,5.366
4554,6.50201547017023,52.306557121785,15.058,5.399
4555,6.50202760829259,52.3065614639355,15.001,5.379
4556,6.50203974641494,52.3065658060861,14.555,5.219
4557,6.50205188453729,52.3065701482366,15.656,5.614
4558,6.50206402265964,52.3065744903871,14.713,5.276
4559,6.50207616078199,52.3065788325377,15.064,5.401
4560,6.50208829890434,52.3065831746882,13.768,4.937
4561,6.50210043702669,52.3065875168387,14.844,5.323
4562,6.50211257514904,52.3065918589893,14.316,5.133
4563,6.50212471327139,52.3065962011398,14.378,5.155
4564,6.50213685139374,52.3066005432903,16.37,5.869
4565,6.50214898951609,52.3066048854409,15.083,5.408
4566,6.50216112763844,52.3066092275914,15.649,5.611
4567,6.50217326576079,52.3066135697419,15.422,5.53
4568,6.50218540388314,52.3066179118925,15.489,5.554
4569,6.5021975420055,52.306622254043,14.785,5.301
4570,6.50220968012785,52.3066265961936,15.838,5.679
4571,6.5022218182502,52.3066309383441,15.383,5.516
4572,6.50223395637255,52.3066352804946,14.901,5.343
4573,6.5022460944949,52.3066396226452,15.023,5.386
4574,6.50225823261725,52.3066439647957,14.779,5.299
4575,6.5022703707396,52.3066483069462,14.881,5.336
4576,6.50228250886195,52.3066526490968,14.816,5.313
4577,6.5022946469843,52.3066569912473,15.058,5.399
4578,6.50230678510665,52.3066613333978,15.848,5.683
4579,6.502318923229,52.3066656755484,14.108,5.058
4580,6.50233106135135,52.3066700176989,15.48,5.55
4581,6.5023431994737,52.3066743598494,14.583,5.229
4582,6.50235533759605,52.306678702,15.538,5.571
4583,6.50236747571841,52.3066830441505,14.587,5.23
4584,6.50237961384076,52.306687386301,15.017,5.385
4585,6.50239175196311,52.3066917284516,14.673,5.261
4586,6.50240389008546,52.3066960706021,13.74,4.927
4587,6.50241602820781,52.3067004127527,15.772,5.655
4588,6.50242816633016,52.3067047549032,14.187,5.087
4589,6.50244030445251,52.3067090970537,14.782,5.3
4590,6.50245244257486,52.3067134392043,14.106,5.058
4591,6.50246458069721,52.3067177813548,13.931,4.995
4592,6.50247671881956,52.3067221235053,14.588,5.231
4593,6.50248885694191,52.3067264656559,14.352,5.146
4594,6.50250099506426,52.3067308078064,14.005,5.022
4595,6.50251313318661,52.3067351499569,14.664,5.258
4596,6.50252527130896,52.3067394921075,13.805,4.95
4597,6.50253740943132,52.306743834258,14.743,5.286
4598,6.50254954755367,52.3067481764086,14.587,5.23
4599,6.50256168567602,52.3067525185591,13.195,4.731
4600,6.50257382379837,52.3067568607096,14.338,5.141
4601,6.50258596192072,52.3067612028602,14.914,5.348
4602,6.50259810004307,52.3067655450107,14.006,5.022
4603,6.50261023816542,52.3067698871612,14.924,5.351
4604,6.50262237628777,52.3067742293118,14.871,5.332
4605,6.50263451441012,52.3067785714623,14.01,5.023
4606,6.50264664964759,52.306782922491,14.594,5.233
4607,6.50265877475831,52.3067873046845,15.08,5.407
4608,6.50267089986903,52.306791686878,14.072,5.046
4609,6.50268302497975,52.3067960690715,14.459,5.184
4610,6.50269515009047,52.3068004512651,15.25,5.468
4611,6.5027072752012,52.3068048334586,14.062,5.042
4612,6.50271940031192,52.3068092156521,14.829,5.317
4613,6.50273152542264,52.3068135978456,13.918,4.99
4614,6.50274365053336,52.3068179800391,14.451,5.182
4615,6.50275577564408,52.3068223622326,14.802,5.307
4616,6.50276790075481,52.3068267444261,13.119,4.704
4617,6.50278002586553,52.3068311266196,14.212,5.096
4618,6.50279215097625,52.3068355088131,14.772,5.297
4619,6.50280427608697,52.3068398910067,14.646,5.252
4620,6.50281640119769,52.3068442732002,14.2,5.091
4621,6.50282852630841,52.3068486553937,13.851,4.966
4622,6.50284065141914,52.3068530375872,14.864,5.33
4623,6.50285277652986,52.3068574197807,14.299,5.127
4624,6.50286490164058,52.3068618019742,14.803,5.308
4625,6.5028770267513,52.3068661841677,14.7,5.271
4626,6.50288917635774,52.3068704909763,14.208,5.094
4627,6.50290134941522,52.3068747256148,15.096,5.413
4628,6.50291352247269,52.3068789602533,14.11,5.059
4629,6.50292569553017,52.3068831948918,15.154,5.433
4630,6.50293786858764,52.3068874295304,15.225,5.459
4631,6.50295004164512,52.3068916641689,15.06,5.4
4632,6.50296221470259,52.3068958988074,14.331,5.138
4633,6.50297438776007,52.306900133446,15.929,5.712
4634,6.50298656081754,52.3069043680845,14.515,5.205
4635,6.50299873387502,52.306908602723,14.562,5.221
4636,6.50301090632997,52.3069128392158,14.402,5.164
4637,6.50302302716623,52.3069172345639,13.746,4.929
4638,6.50303514800248,52.3069216299119,15.166,5.438
4639,6.50304726883873,52.30692602526,14.063,5.042
4640,6.50305938967498,52.3069304206081,14.935,5.355
4641,6.50307151051123,52.3069348159562,15.071,5.404
4642,6.50308363134749,52.3069392113043,14.739,5.285
4643,6.50309575218374,52.3069436066524,13.972,5.01
4644,6.50310787301999,52.3069480020005,14.174,5.082
4645,6.50311999385624,52.3069523973486,12.795,4.588
4646,6.5031321146925,52.3069567926967,14.296,5.126
4647,6.50314423552875,52.3069611880448,14.831,5.318
4648,6.503156356365,52.3069655833928,14.215,5.097
4649,6.50316847720125,52.3069699787409,14.003,5.021
4650,6.5031805980375,52.306974374089,14.17,5.081
4651,6.50319271887376,52.3069787694371,15.055,5.398
4652,6.50320483971001,52.3069831647852,14.303,5.128
4653,6.50321696054626,52.3069875601333,15.423,5.53
4654,6.50322908138251,52.3069919554814,13.99,5.016
4655,6.50324120221877,52.3069963508295,14.448,5.18
4656,6.50325332305502,52.3070007461776,14.061,5.042
4657,6.50326544389127,52.3070051415257,15.531,5.569
4658,6.50327756472752,52.3070095368737,14.411,5.167
4659,6.50328968556377,52.3070139322218,15.552,5.576
4660,6.50330180640003,52.3070183275699,14.049,5.037
4661,6.50331392723628,52.307022722918,15.189,5.446
4662,6.50332604807253,52.3070271182661,14.355,5.147
4663,6.50333816890878,52.3070315136142,14.773,5.297
4664,6.50335028974504,52.3070359089623,13.559,4.862
4665,6.50336241058129,52.3070403043104,14.476,5.19
4666,6.50337455046527,52.3070446410395,13.637,4.89
4667,6.50338670243741,52.3070489405677,14.412,5.168
4668,6.50339885440956,52.3070532400958,13.363,4.791
4669,6.5034110063817,52.3070575396239,14.195,5.09
4670,6.50342315835385,52.307061839152,14.89,5.339
4671,6.503435310326,52.3070661386801,14.562,5.221
4672,6.50344746229814,52.3070704382083,13.509,4.844
4673,6.50345961427029,52.3070747377364,13.113,4.702
4674,6.50347176624244,52.3070790372645,14.516,5.205
4675,6.50348388734634,52.3070834317889,15.149,5.432
4676,6.50349596348966,52.3070879646784,13.646,4.893
4677,6.50350803963298,52.307092497568,15.441,5.537
4678,6.50352011577629,52.3070970304575,14.199,5.091
4679,6.50353219191961,52.307101563347,13.045,4.677
4680,6.50354426806293,52.3071060962365,13.273,4.759
4681,6.50355634420625,52.3071106291261,14.638,5.249
4682,6.50356842034957,52.3071151620156,14.256,5.112
4683,6.5035805680235,52.3071194747713,15.046,5.395
4684,6.50359274007091,52.3071237125183,13.464,4.828
4685,6.50360491211833,52.3071279502653,14.232,5.103
4686,6.50361708416574,52.3071321880122,14.161,5.077
4687,6.50362925621316,52.3071364257592,14.067,5.044
4688,6.50364142826058,52.3071406635062,13.92,4.991
4689,6.50365360030799,52.3071449012531,13.926,4.993
4690,6.50366577235541,52.3071491390001,14.236,5.104
4691,6.50367793548654,52.3071534041867,14.305,5.129
4692,6.50369007766519,52.3071577338541,14.27,5.117
4693,6.50370221984383,52.3071620635215,14.824,5.315
4694,6.50371436202248,52.3071663931888,13.402,4.806
4695,6.50372650420112,52.3071707228562,13.037,4.675
4696,6.50373864637977,52.3071750525236,14.695,5.269
4697,6.50375078855842,52.307179382191,13.536,4.853
4698,6.50376293073706,52.3071837118584,13.861,4.97
4699,6.50377507291571,52.3071880415258,13.718,4.919
4700,6.50378721509435,52.3071923711932,13.7,4.912
4701,6.503799357273,52.3071967008605,13.208,4.736
4702,6.50381149945164,52.3072010305279,13.725,4.921
4703,6.50382364163029,52.3072053601953,14.435,5.176
4704,6.50383578380893,52.3072096898627,14.045,5.036
4705,6.50384792598758,52.3072140195301,14.338,5.141
4706,6.50386006816622,52.3072183491975,13.743,4.928
4707,6.50387221034487,52.3072226788649,14.56,5.221
4708,6.50388435252351,52.3072270085322,13.724,4.921
4709,6.50389649470216,52.3072313381996,12.776,4.581
4710,6.50390863688081,52.307235667867,14.197,5.09
4711,6.50392077905945,52.3072399975344,14.456,5.183
4712,6.5039329212381,52.3072443272018,13.669,4.901
4713,6.50394506341674,52.3072486568692,14.698,5.27
4714,6.50395720559539,52.3072529865366,13.486,4.836
4715,6.50396934777403,52.3072573162039,14.375,5.154
4716,6.50398148995268,52.3072616458713,15.001,5.379
4717,6.50399363213132,52.3072659755387,13.99,5.016
4718,6.50400577430997,52.3072703052061,13.83,4.959
4719,6.50401791648861,52.3072746348735,13.895,4.982
4720,6.50403005866726,52.3072789645409,14.909,5.346
4721,6.5040422008459,52.3072832942083,14.183,5.085
4722,6.50405434302455,52.3072876238757,15.202,5.451
4723,6.50406648520319,52.307291953543,14.1,5.056
4724,6.50407862738184,52.3072962832104,13.546,4.857
4725,6.50409076956049,52.3073006128778,13.582,4.87
4726,6.50410291173913,52.3073049425452,13.956,5.004
4727,6.50411505391778,52.3073092722126,12.714,4.559
4728,6.50412719609642,52.30731360188,13.63,4.887
4729,6.50413933827507,52.3073179315474,13.639,4.89
4730,6.50415148045371,52.3073222612147,14.041,5.035
4731,6.50416362263236,52.3073265908821,15.038,5.392
4732,6.504175764811,52.3073309205495,13.923,4.992
4733,6.50418790698965,52.3073352502169,12.756,4.574
4734,6.50420004916829,52.3073395798843,13.345,4.785
4735,6.50421219134694,52.3073439095517,14.032,5.031
4736,6.50422433352558,52.3073482392191,13.929,4.994
4737,6.50423645605838,52.3073526293461,14.825,5.316
4738,6.50424857765388,52.3073570223576,14.431,5.174
4739,6.50426069924937,52.3073614153691,14.41,5.167
4740,6.50427282084487,52.3073658083807,13.731,4.923
4741,6.50428494244036,52.3073702013922,14.502,5.2
4742,6.50429706403586,52.3073745944038,13.325,4.778
4743,6.50430918563135,52.3073789874153,14.419,5.17
4744,6.50432130722684,52.3073833804268,13.68,4.905
4745,6.50433342882234,52.3073877734384,12.992,4.658
4746,6.50434555041783,52.3073921664499,14.189,5.088
4747,6.50435767201333,52.3073965594615,14.66,5.256
4748,6.50436979360882,52.307400952473,13.596,4.875
4749,6.50438191520432,52.3074053454845,14.752,5.289
4750,6.50439403679981,52.3074097384961,12.857,4.61
4751,6.50440615839531,52.3074141315076,13.125,4.706
4752,6.5044182799908,52.3074185245192,13.741,4.927
4753,6.50443034813828,52.3074230820157,13.607,4.879
4754,6.5044423912297,52.3074277166216,13.431,4.816
4755,6.50445443432113,52.3074323512276,13.901,4.984
4756,6.50446654005091,52.3074367930654,13.51,4.844
4757,6.504478688546,52.3074411032941,13.608,4.879
4758,6.50449083704108,52.3074454135228,13.982,5.013
4759,6.50450298553617,52.3074497237515,13.425,4.814
4760,6.50451513403125,52.3074540339802,13.755,4.932
4761,6.50452728252634,52.3074583442089,13.437,4.818
4762,6.50453943102142,52.3074626544376,13.107,4.7
4763,6.5045515795165,52.3074669646663,14.265,5.115
4764,6.50456372801159,52.307471274895,14.82,5.314
4765,6.50457587650667,52.3074755851237,14.441,5.178
4766,6.50458802500176,52.3074798953524,14.01,5.024
4767,6.50460017349684,52.3074842055811,13.438,4.818
4768,6.50461232199193,52.3074885158098,13.647,4.893
4769,6.50462447048701,52.3074928260385,14.438,5.177
4770,6.5046366189821,52.3074971362672,12.475,4.473
4771,6.50464876747718,52.3075014464959,13.604,4.878
4772,6.50466091597226,52.3075057567246,14.25,5.11
4773,6.50467306446735,52.3075100669533,13.15,4.715
4774,6.50468521296243,52.307514377182,14.069,5.045
4775,6.50469736145752,52.3075186874107,14.043,5.035
4776,6.5047095099526,52.3075229976394,12.968,4.65
4777,6.50472165568194,52.3075273163796,13.875,4.975
4778,6.50473378156372,52.3075316962002,13.463,4.827
4779,6.5047459074455,52.3075360760208,14.072,5.046
4780,6.50475803332728,52.3075404558414,14.223,5.1
4781,6.50477015920906,52.307544835662,14.065,5.043
4782,6.50478228509084,52.3075492154826,13.875,4.975
4783,6.50479441097262,52.3075535953032,14.005,5.021
4784,6.50480653685439,52.3075579751238,13.145,4.713
4785,6.50481866273617,52.3075623549444,13.821,4.956
4786,6.50483078861795,52.307566734765,13.373,4.795
4787,6.50484291449973,52.3075711145856,14.45,5.181
4788,6.50485504038151,52.3075754944062,14.248,5.109
4789,6.50486717147564,52.3075798581859,14.248,5.109
4790,6.50487931100279,52.3075841960132,14.858,5.328
4791,6.50489145052994,52.3075885338405,13.659,4.898
4792,6.50490359005709,52.3075928716678,13.533,4.852
4793,6.50491572958423,52.3075972094951,13.651,4.895
4794,6.50492786911138,52.3076015473224,12.919,4.632
4795,6.50494000863853,52.3076058851497,12.968,4.65
4796,6.50495214816568,52.307610222977,14.232,5.103
4797,6.50496428769283,52.3076145608044,13.049,4.679
4798,6.50497642721997,52.3076188986317,13.241,4.748
4799,6.50498856674712,52.307623236459,13.816,4.954
4800,6.50500070627427,52.3076275742863,13.636,4.889
4801,6.50501284580142,52.3076319121136,14.403,5.164
4802,6.50502498532857,52.3076362499409,13.921,4.991
4803,6.50503712485571,52.3076405877682,13.419,4.811
4804,6.50504926438286,52.3076449255955,14.463,5.186
4805,6.50506140391001,52.3076492634228,14.323,5.136
4806,6.50507354689658,52.3076535906038,13.068,4.686
4807,6.50508569302095,52.3076579081283,14.049,5.037
4808,6.50509783914532,52.3076622256528,13.483,4.835
4809,6.50510998526969,52.3076665431774,13.471,4.83
4810,6.50512213139406,52.3076708607019,15.01,5.382
4811,6.50513427751843,52.3076751782264,13.987,5.015
4812,6.50514642364279,52.3076794957509,13.789,4.944
4813,6.50515856976716,52.3076838132754,13.97,5.009
4814,6.50517071589153,52.3076881307999,14.437,5.177
4815,6.5051828620159,52.3076924483245,13.514,4.845
4816,6.50519500814027,52.307696765849,13.617,4.883
4817,6.50520715426464,52.3077010833735,14.319,5.134
4818,6.50521930038901,52.307705400898,13.044,4.677
4819,6.50523144651338,52.3077097184225,14.521,5.207
4820,6.50524358344416,52.3077140642401,12.998,4.66
4821,6.50525569231888,52.3077184963995,13.8,4.948
4822,6.50526780119359,52.3077229285589,13.008,4.664
4823,6.50527991006831,52.3077273607184,13.33,4.78
4824,6.50529201894303,52.3077317928778,14.717,5.277
4825,6.50530412781775,52.3077362250372,14.571,5.225
4826,6.50531623669246,52.3077406571966,14.637,5.248
4827,6.50532834556718,52.3077450893561,13.111,4.701
4828,6.5053404544419,52.3077495215155,13.348,4.786
4829,6.50535256331662,52.3077539536749,14.168,5.08
4830,6.50536467219133,52.3077583858343,14.392,5.16
4831,6.50537678106605,52.3077628179938,13.504,4.842
4832,6.50538890329675,52.3077672090505,13.636,4.889
4833,6.5054010359246,52.3077715681102,13.314,4.774
4834,6.50541316855245,52.3077759271699,14.957,5.363
4835,6.5054253011803,52.3077802862297,13.705,4.914
4836,6.50543743380815,52.3077846452894,14.005,5.022
4837,6.50544956643601,52.3077890043491,14.039,5.034
4838,6.50546169906386,52.3077933634088,14.642,5.25
4839,6.50547383169171,52.3077977224686,13.434,4.817
4840,6.50548596431956,52.3078020815283,14.683,5.265
4841,6.50549809694741,52.307806440588,13.247,4.75
4842,6.50551022957526,52.3078107996478,14.686,5.266
4843,6.50552236220311,52.3078151587075,12.994,4.659
4844,6.50553449483096,52.3078195177672,13.943,5.0
4845,6.50554662745881,52.3078238768269,14.963,5.365
4846,6.50555876008666,52.3078282358867,14.419,5.17
4847,6.50557089271451,52.3078325949464,14.259,5.113
4848,6.50558302534236,52.3078369540061,13.396,4.803
4849,6.50559515797022,52.3078413130659,13.582,4.87
4850,6.50560729059807,52.3078456721256,14.807,5.309
4851,6.50561942322592,52.3078500311853,14.296,5.126
4852,6.50563155585377,52.307854390245,14.543,5.215
4853,6.50564368848162,52.3078587493048,14.064,5.043
4854,6.50565582110947,52.3078631083645,13.857,4.968
4855,6.50566795373732,52.3078674674242,14.475,5.19
4856,6.50568008636517,52.3078718264839,14.178,5.084
4857,6.50569221899302,52.3078761855437,13.927,4.994
4858,6.50570435312422,52.3078805399769,13.196,4.732
4859,6.5057164873786,52.307884894031,14.59,5.231
4860,6.50572862163298,52.3078892480851,14.289,5.124
4861,6.50574075588737,52.3078936021392,13.675,4.903
4862,6.50575289014175,52.3078979561934,14.726,5.28
4863,6.50576502439613,52.3079023102475,14.177,5.083
4864,6.50577715865051,52.3079066643016,14.19,5.088
4865,6.50578929290489,52.3079110183557,14.556,5.219
4866,6.50580142715927,52.3079153724098,14.43,5.174
4867,6.50581356141365,52.307919726464,14.211,5.095
4868,6.50582569566803,52.3079240805181,13.928,4.994
4869,6.50583782992242,52.3079284345722,15.206,5.452
4870,6.5058499641768,52.3079327886263,13.609,4.88
4871,6.50586209843118,52.3079371426804,14.481,5.192
4872,6.50587423268556,52.3079414967345,13.993,5.017
4873,6.50588636693994,52.3079458507887,14.311,5.131
4874,6.50589850119432,52.3079502048428,14.77,5.296
4875,6.5059106354487,52.3079545588969,13.863,4.971
4876,6.50592276970308,52.307958912951,14.401,5.164
4877,6.50593490395747,52.3079632670051,14.204,5.093
4878,6.50594703821185,52.3079676210593,13.672,4.902
4879,6.50595917246623,52.3079719751134,14.791,5.303
4880,6.50597130672061,52.3079763291675,14.471,5.189
4881,6.50598344097499,52.3079806832216,13.798,4.948
4882,6.50599557522937,52.3079850372757,14.705,5.273
4883,6.50600771908324,52.3079893617877,13.569,4.865
4884,6.50601986744234,52.3079936724349,14.043,5.035
4885,6.50603201580143,52.3079979830821,13.81,4.952
4886,6.50604416416053,52.3080022937293,14.506,5.201
4887,6.50605631251962,52.3080066043765,13.785,4.943
4888,6.50606846087872,52.3080109150237,14.516,5.205
4889,6.50608060923781,52.3080152256709,14.423,5.172
4890,6.5060927575969,52.3080195363181,13.857,4.968
4891,6.506104905956,52.3080238469653,15.158,5.435
4892,6.5061170543151,52.3080281576125,13.648,4.894
4893,6.50612920267419,52.3080324682597,13.263,4.755
4894,6.50614135103328,52.3080367789069,14.6,5.235
4895,6.50615349165375,52.3080411133695,12.839,4.603
4896,6.50616562290003,52.308045476681,14.987,5.374
4897,6.50617775414631,52.3080498399925,14.177,5.083
4898,6.50618988539259,52.3080542033039,13.286,4.764
4899,6.50620201663887,52.3080585666154,13.576,4.868
4900,6.50621414788515,52.3080629299269,13.183,4.727
4901,6.50622627913143,52.3080672932384,14.38,5.156
4902,6.50623814158787,52.3080724837442,13.386,4.8
4903,6.50625015152465,52.3080772203827,14.475,5.19
4904,6.50626229407168,52.3080815489164,14.014,5.025
4905,6.50627443661871,52.3080858774501,13.929,4.995
4906,6.50628657916574,52.3080902059838,14.525,5.208
4907,6.50629872171277,52.3080945345175,14.611,5.239
4908,6.5063108642598,52.3080988630512,14.938,5.356
4909,6.50632300680683,52.3081031915849,13.913,4.989
4910,6.50633514935385,52.3081075201186,14.291,5.124
4911,6.50634729190088,52.3081118486523,13.96,5.006
4912,6.50635943444791,52.308116177186,14.457,5.184
4913,6.50637157699494,52.3081205057197,13.933,4.996
4914,6.50638371954197,52.3081248342534,14.174,5.082
4915,6.506395862089,52.3081291627871,14.211,5.095
4916,6.50640800463603,52.3081334913207,14.667,5.259
4917,6.50642014718305,52.3081378198544,14.536,5.212
4918,6.50643228973008,52.3081421483881,14.875,5.333
4919,6.50644443227711,52.3081464769218,14.56,5.221
4920,6.50645657482414,52.3081508054555,14.331,5.138
4921,6.50646871737117,52.3081551339892,14.837,5.32
4922,6.5064808599182,52.3081594625229,14.241,5.106
4923,6.50649300246523,52.3081637910566,15.175,5.441
4924,6.50650514501225,52.3081681195903,14.736,5.284
4925,6.50651728755928,52.308172448124,15.092,5.411
4926,6.50652943010631,52.3081767766577,15.173,5.441
4927,6.50654157265334,52.3081811051914,16.063,5.759
4928,6.50655371520037,52.3081854337251,15.426,5.531
4929,6.5065658577474,52.3081897622588,15.331,5.497
4930,6.50657800029443,52.3081940907925,14.972,5.368
4931,6.50659014284146,52.3081984193262,15.947,5.718
4932,6.50660228538848,52.3082027478599,15.417,5.528
4933,6.50661442793551,52.3082070763936,14.786,5.302
4934,6.50662657048254,52.3082114049273,15.68,5.622
4935,6.50663871302957,52.308215733461,16.025,5.746
4936,6.5066508566275,52.3082200587605,15.555,5.577
4937,6.50666300702141,52.3082243631456,16.096,5.772
4938,6.50667515741533,52.3082286675307,16.259,5.83
4939,6.50668730780924,52.3082329719158,16.41,5.884
4940,6.50669945820315,52.3082372763009,17.317,6.209
4941,6.50671160859706,52.308241580686,15.973,5.727
4942,6.50672375899098,52.3082458850711,18.101,6.49
4943,6.50673590938489,52.3082501894562,17.051,6.114
4944,6.5067480597788,52.3082544938413,17.584,6.305
4945,6.50676021017272,52.3082587982264,17.497,6.274
4946,6.50677236056663,52.3082631026115,16.591,5.949
4947,6.50678451096054,52.3082674069966,17.175,6.158
4948,6.50679666135445,52.3082717113817,17.685,6.341
4949,6.50680881174837,52.3082760157668,18.78,6.734
4950,6.50682096214228,52.3082803201519,17.59,6.307
4951,6.50683311253619,52.308284624537,18.114,6.495
4952,6.50684526293011,52.3082889289221,18.933,6.788
4953,6.50685741332402,52.3082932333072,19.338,6.934
4954,6.50686956371793,52.3082975376923,19.548,7.009
4955,6.50688171411184,52.3083018420774,18.942,6.792
4956,6.50689386450576,52.3083061464625,18.818,6.747
4957,6.50690601489967,52.3083104508476,20.316,7.284
4958,6.50691816529358,52.3083147552327,21.086,7.56
4959,6.50693029001713,52.3083191386177,20.287,7.274
4960,6.50694237173093,52.3083236543642,20.066,7.195
4961,6.50695445344474,52.3083281701107,20.739,7.436
4962,6.50696653515855,52.3083326858571,21.477,7.701
4963,6.50697861687236,52.3083372016036,21.363,7.66
4964,6.50699069858617,52.3083417173501,22.582,8.097
4965,6.50700278029998,52.3083462330966,22.554,8.087
4966,6.50701486201379,52.308350748843,22.373,8.022
4967,6.5070269437276,52.3083552645895,21.369,7.662
4968,6.50703902544141,52.308359780336,22.363,8.019
4969,6.50705110715521,52.3083642960824,22.698,8.139
4970,6.50706318886902,52.3083688118289,22.828,8.185
4971,6.50707527058283,52.3083733275754,23.623,8.47
4972,6.50708747796742,52.308377456573,23.874,8.56
4973,6.5070999958466,52.308380630031,22.999,8.247
4974,6.50711251372579,52.308383803489,24.686,8.851
4975,6.5071247934122,52.3083877099795,24.445,8.765
4976,6.50713686117431,52.308392268662,24.862,8.915
4977,6.50714892893641,52.3083968273445,25.299,9.071
4978,6.50716099669851,52.3084013860271,24.611,8.824
4979,6.50717309700016,52.3084058445699,25.995,9.321
4980,6.50718524024844,52.3084101709455,25.355,9.091
4981,6.50719738349673,52.3084144973211,26.502,9.503
4982,6.50720952674502,52.3084188236967,25.251,9.054
4983,6.5072216699933,52.3084231500723,26.776,9.601
4984,6.50723381324159,52.3084274764479,25.541,9.158
4985,6.50724595648988,52.3084318028234,27.702,9.933
4986,6.50725809973817,52.308436129199,25.762,9.237
4987,6.50727024298645,52.3084404555746,27.05,9.699
4988,6.50728238623474,52.3084447819502,26.31,9.434
4989,6.50729452948303,52.3084491083258,27.025,9.69
4990,6.50730667273131,52.3084534347014,26.649,9.555
4991,6.5073188159796,52.308457761077,26.086,9.353
4992,6.50733095922789,52.3084620874526,25.124,9.009
4993,6.50734310247618,52.3084664138282,28.272,10.137
4994,6.50735524572446,52.3084707402037,26.854,9.629
4995,6.50736738897275,52.3084750665793,25.081,8.993
4996,6.50737953222104,52.3084793929549,26.976,9.673
4997,6.50739167546933,52.3084837193305,27.177,9.745
4998,6.50740381871761,52.3084880457061,26.311,9.434
4999,6.5074159619659,52.3084923720817,26.261,9.416
5000,6.50742810521419,52.3084966984573,26.599,9.537
5001,6.50744024404487,52.3085010384279,27.238,9.767
5002,6.50745236798112,52.3085054242359,26.497,9.501
5003,6.50746449191738,52.3085098100438,27.194,9.751
5004,6.50747661585363,52.3085141958517,26.882,9.639
5005,6.50748873978988,52.3085185816596,25.954,9.306
5006,6.50750086372614,52.3085229674675,25.026,8.973
5007,6.50751298766239,52.3085273532754,25.666,9.203
5008,6.50752511159865,52.3085317390833,25.948,9.304
5009,6.5075372355349,52.3085361248912,25.504,9.145
5010,6.50754935947115,52.3085405106991,25.663,9.202
5011,6.50756148340741,52.308544896507,25.609,9.182
5012,6.50757360734366,52.3085492823149,25.218,9.042
5013,6.50758573127992,52.3085536681228,24.541,8.799
5014,6.50759785521617,52.3085580539308,24.798,8.892
5015,6.50760997915242,52.3085624397387,25.591,9.176
5016,6.50762210308868,52.3085668255466,23.178,8.311
5017,6.50763422702493,52.3085712113545,24.113,8.646
5018,6.50764635096118,52.3085755971624,24.673,8.847
5019,6.50765847489744,52.3085799829703,22.669,8.128
5020,6.50767059883369,52.3085843687782,23.711,8.502
5021,6.50768272276995,52.3085887545861,23.548,8.444
5022,6.5076948467062,52.308593140394,21.77,7.806
5023,6.50770697064245,52.3085975262019,22.813,8.18
5024,6.50771909457871,52.3086019120098,21.99,7.885
5025,6.50773121851496,52.3086062978178,21.869,7.841
5026,6.50774334245122,52.3086106836257,21.469,7.698
5027,6.50775546638747,52.3086150694336,22.188,7.956
5028,6.50776759032372,52.3086194552415,21.108,7.568
5029,6.50777971425998,52.3086238410494,20.66,7.408
5030,6.50779183819623,52.3086282268573,20.432,7.326
5031,6.50780396213249,52.3086326126652,20.258,7.264
5032,6.50781608606874,52.3086369984731,19.591,7.025
5033,6.50782821000499,52.308641384281,19.72,7.071
5034,6.50784033394125,52.3086457700889,19.841,7.114
5035,6.5078524578775,52.3086501558968,19.789,7.095
5036,6.50786458181376,52.3086545417047,20.042,7.186
5037,6.50787670575001,52.3086589275127,19.264,6.907
5038,6.50788882968626,52.3086633133206,18.636,6.682
5039,6.50790095362252,52.3086676991285,18.119,6.497
5040,6.50791307755877,52.3086720849364,18.69,6.702
5041,6.50792520149503,52.3086764707443,18.257,6.546
5042,6.50793732543128,52.3086808565522,18.091,6.487
5043,6.50794944936753,52.3086852423601,18.115,6.495
5044,6.5079616854445,52.3086892830577,18.092,6.487
5045,6.50797393282345,52.3086932889736,17.778,6.374
5046,6.5079861802024,52.3086972948896,17.356,6.223
5047,6.50799842758135,52.3087013008056,16.829,6.034
5048,6.50801044430243,52.3087060165656,16.79,6.02
5049,6.50802245149635,52.3087107616453,17.504,6.276
5050,6.50803450713587,52.3087153576347,16.618,5.958
5051,6.50804664546334,52.308719699154,15.942,5.716
5052,6.50805878379082,52.3087240406733,17.289,6.199
5053,6.50807092211829,52.3087283821925,15.931,5.712
5054,6.50808306044577,52.3087327237118,16.39,5.877
5055,6.50809519877325,52.3087370652311,16.547,5.933
5056,6.50810733710072,52.3087414067503,16.155,5.792
5057,6.5081194754282,52.3087457482696,14.595,5.233
5058,6.50813161375567,52.3087500897889,16.187,5.804
5059,6.50814375208315,52.3087544313082,16.647,5.969
5060,6.50815589041062,52.3087587728274,16.243,5.824
5061,6.5081680287381,52.3087631143467,14.45,5.181
5062,6.50818016706557,52.308767455866,16.874,6.05
5063,6.50819230539305,52.3087717973852,14.77,5.296
5064,6.50820444372053,52.3087761389045,14.847,5.324
5065,6.508216582048,52.3087804804238,15.876,5.693
5066,6.50822872037548,52.308784821943,15.622,5.601
5067,6.50824085870295,52.3087891634623,15.345,5.502
5068,6.50825299703043,52.3087935049816,14.909,5.346
5069,6.5082651353579,52.3087978465008,15.976,5.728
5070,6.50827727368538,52.3088021880201,15.122,5.422
5071,6.50828941201285,52.3088065295394,14.18,5.084
5072,6.50830155034033,52.3088108710586,15.783,5.659
5073,6.50831368866781,52.3088152125779,15.148,5.432
5074,6.50832582699528,52.3088195540972,15.638,5.607
5075,6.50833796532276,52.3088238956165,15.285,5.48
5076,6.50835010365023,52.3088282371357,16.322,5.852
5077,6.50836224197771,52.308832578655,14.703,5.272
5078,6.50837438030518,52.3088369201743,14.866,5.33
5079,6.50838651863266,52.3088412616935,15.254,5.469
5080,6.50839865696013,52.3088456032128,14.627,5.245
5081,6.50841079528761,52.3088499447321,15.254,5.47
5082,6.50842293361509,52.3088542862513,13.027,4.671
5083,6.50843507194256,52.3088586277706,14.698,5.27
5084,6.50844721027004,52.3088629692899,14.661,5.257
5085,6.50845934859751,52.3088673108091,14.622,5.243
5086,6.50847148692499,52.3088716523284,14.172,5.081
5087,6.50848362525246,52.3088759938477,15.205,5.452
5088,6.50849576357994,52.308880335367,14.361,5.149
5089,6.50850790190741,52.3088846768862,14.761,5.293
5090,6.50852003712022,52.3088890279908,14.609,5.238
5091,6.5085321548073,52.3088934330304,14.913,5.347
5092,6.50854427249437,52.30889783807,15.449,5.539
5093,6.50855639018145,52.3089022431096,14.712,5.275
5094,6.50856850786852,52.3089066481492,15.082,5.408
5095,6.5085806255556,52.3089110531888,14.663,5.258
5096,6.50859274324268,52.3089154582284,14.272,5.117
5097,6.50860486092975,52.308919863268,14.478,5.191
5098,6.50861697861683,52.3089242683076,14.387,5.158
5099,6.5086290963039,52.3089286733473,14.88,5.335
5100,6.50864121399098,52.3089330783869,14.602,5.236
5101,6.50865333167805,52.3089374834265,14.065,5.043
5102,6.50866544936513,52.3089418884661,14.396,5.162
5103,6.5086775670522,52.3089462935057,13.623,4.885
5104,6.50868968473928,52.3089506985453,14.406,5.166
5105,6.50870180242636,52.3089551035849,14.51,5.203
5106,6.50871392011343,52.3089595086245,15.568,5.582
5107,6.50872603780051,52.3089639136641,15.293,5.483
5108,6.50873827368523,52.3089679549533,13.887,4.979
5109,6.50875060585778,52.308971699919,14.61,5.238
5110,6.50876293803033,52.3089754448847,14.616,5.241
5111,6.50877527020288,52.3089791898504,14.347,5.144
5112,6.50878760237543,52.3089829348161,14.381,5.157
5113,6.50879992715995,52.3089867025182,14.268,5.116
5114,6.50881224775988,52.3089904830984,15.574,5.584
5115,6.50882456835981,52.3089942636786,14.224,5.1
5116,6.50883666369807,52.3089987374961,14.667,5.259
5117,6.50884863164685,52.3090036033517,12.976,4.653
5118,6.50886059959563,52.3090084692074,14.945,5.359
5119,6.50887256754441,52.309013335063,15.154,5.434
5120,6.50888453549318,52.3090182009186,13.837,4.961
5121,6.50889650344196,52.3090230667742,14.152,5.074
5122,6.50890847139074,52.3090279326299,14.716,5.277
5123,6.50892043933952,52.3090327984855,14.46,5.185
5124,6.5089324072883,52.3090376643411,14.721,5.278
5125,6.50894065609084,52.3090539757802,14.276,5.119
5126,6.50894880087162,52.3090706073437,15.539,5.572
5127,6.5089569456524,52.3090872389072,14.047,5.037
5128,6.50896509043318,52.3091038704708,16.022,5.745
5129,6.50897323521396,52.3091205020343,15.168,5.439
5130,6.50898137999473,52.3091371335979,14.926,5.352
5131,6.50898952477551,52.3091537651614,13.823,4.956
5132,6.50899766955629,52.3091703967249,14.969,5.367
5133,6.50900581433707,52.3091870282885,14.788,5.302
5134,6.50902157115307,52.309180233996,13.185,4.728
5135,6.50904106011449,52.3091619541154,13.604,4.878
5136,6.50906054907591,52.3091436742349,14.64,5.249
5137,6.50908003803733,52.3091253943543,14.35,5.145
5138,6.50909952699874,52.3091071144738,14.124,5.064
5139,6.50910894760594,52.3091198197121,15.061,5.4
5140,6.50911203559847,52.3091520134203,13.906,4.986
5141,6.50911512359101,52.3091842071285,14.157,5.076
5142,6.50911821158355,52.3092164008366,14.043,5.035
5143,6.50912590377206,52.309234425242,14.723,5.279
5144,6.50913848287865,52.3092374102741,13.411,4.809
5145,6.50915106198523,52.3092403953063,14.129,5.066
5146,6.50916364518405,52.3092433677447,13.408,4.808
5147,6.50917625080413,52.3092462711821,14.237,5.105
5148,6.50918885642422,52.3092491746196,14.845,5.323
5149,6.50920146204431,52.309252078057,14.855,5.326
5150,6.50921406766439,52.3092549814945,13.991,5.017
5151,6.50922667328448,52.3092578849319,14.732,5.282
5152,6.50923927890457,52.3092607883694,14.309,5.13
5153,6.50925141240721,52.309265144737,15.217,5.456
5154,6.50926341960687,52.3092698897989,14.34,5.142
5155,6.50927551320187,52.3092743689813,12.667,4.542
5156,6.50928767238875,52.3092786463063,14.941,5.357
5157,6.50929983157564,52.3092829236312,14.144,5.072
5158,6.50931199076253,52.3092872009561,14.252,5.11
5159,6.50932414994941,52.3092914782811,14.61,5.239
5160,6.5093363091363,52.309295755606,13.574,4.867
5161,6.50934846832319,52.3093000329309,14.455,5.183
5162,6.50936062751008,52.3093043102558,14.724,5.28
5163,6.50937278669696,52.3093085875808,14.623,5.243
5164,6.50938486000482,52.3093131291964,14.056,5.04
5165,6.5093968667502,52.3093178756564,14.99,5.375
5166,6.50940890997926,52.3093225098388,13.819,4.955
5167,6.50942102316575,52.3093269287288,14.037,5.033
5168,6.50943313635225,52.3093313476188,14.323,5.136
5169,6.50944524953874,52.3093357665089,14.576,5.226
5170,6.50945736272524,52.3093401853989,14.21,5.095
5171,6.50946929601682,52.3093451579112,15.121,5.422
5172,6.50948088854298,52.309351179121,14.571,5.225
5173,6.50949248106913,52.3093572003307,14.44,5.178
5174,6.50950407359528,52.3093632215405,14.547,5.216
5175,6.50951566612144,52.3093692427502,14.823,5.315
5176,6.50952754148514,52.3093743935342,14.531,5.21
5177,6.50953964719475,52.3093788354342,13.323,4.777
5178,6.50955175290436,52.3093832773342,15.026,5.388
5179,6.50956385861397,52.3093877192341,14.453,5.182
5180,6.50957596432358,52.3093921611341,14.783,5.301
5181,6.50958807003318,52.3093966030341,14.139,5.07
5182,6.50960017574279,52.309401044934,13.301,4.769
5183,6.5096122814524,52.309405486834,13.032,4.673
5184,6.50962438716201,52.309409928734,13.814,4.953
5185,6.50963649287162,52.309414370634,14.67,5.26
5186,6.50964859858123,52.3094188125339,15.126,5.424
5187,6.50966070429084,52.3094232544339,14.537,5.212
5188,6.50967281000045,52.3094276963339,13.737,4.926
5189,6.50968491571006,52.3094321382338,13.891,4.981
5190,6.50969702141967,52.3094365801338,15.149,5.432
5191,6.50970908147423,52.3094411625361,13.574,4.867
5192,6.50972109571175,52.3094458859392,15.577,5.585
5193,6.50973313459779,52.3094505334871,15.44,5.536
5194,6.50974525545115,52.3094549287826,15.587,5.589
5195,6.5097573763045,52.309459324078,14.551,5.218
5196,6.50976949715785,52.3094637193735,14.122,5.064
5197,6.5097816180112,52.309468114669,14.528,5.209
5198,6.50979373886455,52.3094725099644,14.848,5.324
5199,6.5098058597179,52.3094769052599,13.925,4.993
5200,6.50981798057126,52.3094813005554,13.655,4.896
5201,6.50983010142461,52.3094856958508,14.131,5.067
5202,6.50984222227796,52.3094900911463,13.838,4.962
5203,6.50985434313131,52.3094944864418,15.016,5.384
5204,6.50986647116889,52.309498859628,13.918,4.991
5205,6.50987862338859,52.3095031583943,14.331,5.139
5206,6.50989077560829,52.3095074571605,14.847,5.324
5207,6.50990292025323,52.3095117792379,15.015,5.384
5208,6.5099150049507,52.3095162858023,14.379,5.156
5209,6.50992708964818,52.3095207923666,14.476,5.19
5210,6.50993917434565,52.3095252989309,13.645,4.893
5211,6.50995125904312,52.3095298054952,14.838,5.32
5212,6.50996798057436,52.3095200423147,14.973,5.369
5213,6.50998803473487,52.3095000230475,13.123,4.705
5214,6.51000778828205,52.3094809289106,15.253,5.469
5215,6.51002754182924,52.3094618347737,13.797,4.947
5216,6.51004755055544,52.3094419553295,14.551,5.217
5217,6.51006191611215,52.3094394426041,14.24,5.106
5218,6.51007413036069,52.3094435504782,14.151,5.074
5219,6.5100863131071,52.3094477552992,14.057,5.04
5220,6.51009849585351,52.3094519601203,13.587,4.872
5221,6.51011067859992,52.3094561649413,14.471,5.189
5222,6.51012286134633,52.3094603697624,13.987,5.015
5223,6.51013504409274,52.3094645745834,13.377,4.797
5224,6.51014722683916,52.3094687794045,13.53,4.851
5225,6.51015940958557,52.3094729842256,13.371,4.794
5226,6.51017159233198,52.3094771890466,13.814,4.953
5227,6.51018377507839,52.3094813938677,14.4,5.163
5228,6.51019595770111,52.3094855990694,13.687,4.908
5229,6.5102081348869,52.3094898210031,14.671,5.26
5230,6.51022031207268,52.3094940429369,14.018,5.026
5231,6.51023248925847,52.3094982648706,13.91,4.987
5232,6.51024466644426,52.3095024868044,14.081,5.049
5233,6.51025684363005,52.3095067087381,14.883,5.336
5234,6.51026902081584,52.3095109306719,13.247,4.75
5235,6.51028119800162,52.3095151526056,15.018,5.385
5236,6.51029335445805,52.3095194383335,14.6,5.235
5237,6.51030551039942,52.3095237256464,14.014,5.025
5238,6.51031766634078,52.3095280129593,14.713,5.275
5239,6.51032982228215,52.3095323002723,13.818,4.955
5240,6.51034197822352,52.3095365875852,14.167,5.08
5241,6.51035413416488,52.3095408748982,13.671,4.902
5242,6.51036629010625,52.3095451622111,14.549,5.217
5243,6.51037844604761,52.3095494495241,13.555,4.86
5244,6.51039064824727,52.3095535944782,13.932,4.995
5245,6.51040286143433,52.3095577056189,14.352,5.146
5246,6.5104150746214,52.3095618167596,14.56,5.22
5247,6.51042728780847,52.3095659279002,13.451,4.823
5248,6.5104395129996,52.3095700020987,14.367,5.152
5249,6.51045174142326,52.3095740663491,13.338,4.782
5250,6.51046396984693,52.3095781305995,12.641,4.533
5251,6.5104761982706,52.3095821948499,13.456,4.825
5252,6.51048842669426,52.3095862591003,14.378,5.155
5253,6.51050065511793,52.3095903233507,13.87,4.973
5254,6.5105128835416,52.3095943876011,13.554,4.86
5255,6.51052511196526,52.3095984518515,13.892,4.981
5256,6.51053734038893,52.3096025161019,13.863,4.971
5257,6.5105495688126,52.3096065803523,14.206,5.094
5258,6.51056179723626,52.3096106446027,12.883,4.619
5259,6.51057402565993,52.3096147088531,13.762,4.934
5260,6.5105862540836,52.3096187731035,13.886,4.979
5261,6.51059848250726,52.3096228373539,13.0,4.661
5262,6.51061071093093,52.3096269016043,12.983,4.655
5263,6.5106229393546,52.3096309658547,13.571,4.866
5264,6.51063519205916,52.3096349553812,13.781,4.941
5265,6.51064745978832,52.3096388986699,13.774,4.939
5266,6.51065972751748,52.3096428419586,13.431,4.816
5267,6.51067199524665,52.3096467852472,13.398,4.804
5268,6.51068426297581,52.3096507285359,13.508,4.843
5269,6.51069653070498,52.3096546718246,13.907,4.986
5270,6.51070879843414,52.3096586151133,14.455,5.183
5271,6.5107210661633,52.3096625584019,12.408,4.449
5272,6.51073333389247,52.3096665016906,14.071,5.045
5273,6.51074560162163,52.3096704449793,13.631,4.888
5274,6.51075786935079,52.309674388268,13.997,5.019
5275,6.51077013707996,52.3096783315566,14.377,5.155
5276,6.51078240480912,52.3096822748453,13.227,4.743
5277,6.51079467253828,52.309686218134,14.218,5.098
5278,6.51080694026745,52.3096901614227,12.917,4.631
5279,6.51081920799661,52.3096941047113,13.721,4.92
5280,6.51083147572577,52.309698048,13.495,4.839
5281,6.51084374345494,52.3097019912887,13.657,4.897
5282,6.5108560111841,52.3097059345774,13.04,4.675
5283,6.51086827891326,52.309709877866,13.87,4.973
5284,6.51088054591129,52.3097138234048,14.538,5.213
5285,6.51089281246819,52.3097177703011,13.026,4.671
5286,6.51090507902509,52.3097217171974,13.701,4.913
5287,6.51091734558199,52.3097256640936,14.085,5.05
5288,6.51092961213889,52.3097296109899,13.4,4.805
5289,6.51094187869579,52.3097335578862,14.367,5.151
5290,6.51095414525269,52.3097375047825,13.306,4.771
5291,6.51096641180959,52.3097414516788,13.483,4.834
5292,6.51097867836648,52.3097453985751,12.96,4.647
5293,6.51099094492338,52.3097493454714,13.611,4.88
5294,6.51100321959693,52.3097532673889,13.531,4.852
5295,6.51101549830042,52.3097571769043,13.896,4.983
5296,6.51102777700391,52.3097610864198,13.141,4.712
5297,6.5110400557074,52.3097649959352,13.107,4.7
5298,6.51105233441088,52.3097689054507,13.773,4.938
5299,6.51106461311437,52.3097728149662,14.316,5.133
5300,6.51107689181786,52.3097767244816,13.857,4.969
5301,6.51108917052134,52.3097806339971,14.567,5.223
5302,6.51110144922483,52.3097845435125,13.8,4.948
5303,6.51111372792832,52.309788453028,13.772,4.938
5304,6.51112600663181,52.3097923625434,13.86,4.97
5305,6.51113829602941,52.309796239148,14.329,5.138
5306,6.51115060755585,52.3098000476516,14.175,5.083
5307,6.51116294313827,52.3098037821235,12.803,4.591
5308,6.51117529751378,52.3098074587601,13.905,4.986
5309,6.51118765188929,52.3098111353968,13.584,4.871
5310,6.5112000062648,52.3098148120334,13.308,4.772
5311,6.51121236064031,52.30981848867,12.373,4.436
5312,6.51122471501581,52.3098221653066,12.504,4.483
5313,6.51123706939132,52.3098258419433,13.189,4.729
5314,6.51124942376683,52.3098295185799,12.536,4.495
5315,6.51126177814234,52.3098331952165,13.189,4.729
5316,6.51127413251785,52.3098368718531,13.806,4.95
5317,6.51128648689336,52.3098405484898,13.038,4.675
5318,6.51129884126886,52.3098442251264,13.423,4.813
5319,6.51131119564437,52.309847901763,12.739,4.568
5320,6.51132355001988,52.3098515783996,13.538,4.854
5321,6.51133590439539,52.3098552550363,13.655,4.896
5322,6.5113482587709,52.3098589316729,12.514,4.487
5323,6.51136062744558,52.3098625643042,12.903,4.627
5324,6.51137301957944,52.3098661247403,12.594,4.516
5325,6.51138541171331,52.3098696851765,13.634,4.888
5326,6.51139780384718,52.3098732456127,13.425,4.814
5327,6.51141019598104,52.3098768060489,13.294,4.767
5328,6.51142252558605,52.3098805589161,13.242,4.748
5329,6.51143480666749,52.3098844611135,13.502,4.841
5330,6.51144708774893,52.3098883633109,13.509,4.844
5331,6.51145950574454,52.3098918441581,13.01,4.665
5332,6.51147194268823,52.3098952666932,12.923,4.634
5333,6.51148437963192,52.3098986892282,13.256,4.753
5334,6.5114968165756,52.3099021117632,13.174,4.724
5335,6.51150925351929,52.3099055342983,14.493,5.196
5336,6.51152169046298,52.3099089568333,13.05,4.679
5337,6.51153412740666,52.3099123793683,13.441,4.819
5338,6.51154656435035,52.3099158019034,13.539,4.855
5339,6.51155900129404,52.3099192244384,14.084,5.05
5340,6.51157143823772,52.3099226469735,12.778,4.582
5341,6.51158387518141,52.3099260695085,14.038,5.033
5342,6.5115963121251,52.3099294920435,13.158,4.718
5343,6.51160874906878,52.3099329145786,14.711,5.275
5344,6.51162118601247,52.3099363371136,13.448,4.822
5345,6.51163362295615,52.3099397596486,12.507,4.484
5346,6.51164605989984,52.3099431821837,13.109,4.7
5347,6.51165849684353,52.3099466047187,14.005,5.022
5348,6.51167093378721,52.3099500272537,13.262,4.755
5349,6.5116833707309,52.3099534497888,13.174,4.724
5350,6.51169580767459,52.3099568723238,13.627,4.886
5351,6.51170824461827,52.3099602948588,12.996,4.66
5352,6.51172068156196,52.3099637173939,13.07,4.687
5353,6.51173311850565,52.3099671399289,12.634,4.53
5354,6.51174555544933,52.309970562464,14.201,5.092
5355,6.51175799239302,52.309973984999,12.46,4.468
5356,6.51177042933671,52.309977407534,13.274,4.759
5357,6.51178286628039,52.3099808300691,13.451,4.823
5358,6.51179530322408,52.3099842526041,13.156,4.717
5359,6.51180774016777,52.3099876751391,12.422,4.454
5360,6.51182017711145,52.3099910976742,12.567,4.506
5361,6.51183261405514,52.3099945202092,13.456,4.825
5362,6.51184505099882,52.3099979427442,12.685,4.548
5363,6.51185748794251,52.3100013652793,11.92,4.274
5364,6.5118699248862,52.3100047878143,13.361,4.791
5365,6.51188236182988,52.3100082103493,12.616,4.523
5366,6.51189479877357,52.3100116328844,13.495,4.839
5367,6.51190723779244,52.3100150490331,13.0,4.661
5368,6.51191968240405,52.3100184479703,12.966,4.649
5369,6.51193212701566,52.3100218469074,13.139,4.711
5370,6.51194458220146,52.3100252133028,12.433,4.458
5371,6.51195703772568,52.3100285786567,12.612,4.522
5372,6.51196962457787,52.3100315398519,12.94,4.64
5373,6.51198230739527,52.3100342057165,12.414,4.451
5374,6.51199484244629,52.3100373263286,13.502,4.841
5375,6.51200737749731,52.3100404469406,12.896,4.624
5376,6.51201991254834,52.3100435675527,12.219,4.381
5377,6.51203244759936,52.3100466881647,12.737,4.567
5378,6.51204498265038,52.3100498087768,13.12,4.704
5379,6.5120575177014,52.3100529293889,12.793,4.587
5380,6.51207005275243,52.3100560500009,13.285,4.763
5381,6.51208258780345,52.310059170613,13.382,4.798
5382,6.51209512285447,52.310062291225,14.451,5.182
5383,6.51210765790549,52.3100654118371,13.71,4.916
5384,6.51212019295652,52.3100685324491,12.065,4.326
5385,6.51213272800754,52.3100716530612,12.81,4.593
5386,6.51214526305856,52.3100747736733,12.859,4.611
5387,6.51215779810958,52.3100778942853,13.349,4.786
5388,6.51217033316061,52.3100810148974,12.456,4.466
5389,6.51218286821163,52.3100841355094,12.687,4.549
5390,6.51219540326265,52.3100872561215,12.261,4.396
5391,6.51220793831367,52.3100903767336,12.633,4.53
5392,6.5122204733647,52.3100934973456,12.649,4.535
5393,6.51223300841572,52.3100966179577,12.791,4.586
5394,6.51224554346674,52.3100997385697,12.272,4.4
5395,6.51225807851776,52.3101028591818,13.541,4.855
5396,6.51227061356879,52.3101059797939,13.235,4.746
5397,6.51228314861981,52.3101091004059,12.099,4.338
5398,6.51229568367083,52.310112221018,12.96,4.647
5399,6.51230821872185,52.31011534163,12.018,4.309
5400,6.51232075377288,52.3101184622421,13.722,4.92
5401,6.5123332888239,52.3101215828542,13.876,4.975
5402,6.51234579072618,52.3101248054807,12.887,4.621
5403,6.51235822374776,52.3101282400859,12.412,4.451
5404,6.51237065676934,52.3101316746911,12.517,4.488
5405,6.51238308979092,52.3101351092963,12.634,4.53
5406,6.5123955228125,52.3101385439016,12.831,4.601
5407,6.51240795583408,52.3101419785068,13.694,4.91
5408,6.51242038885566,52.310145413112,13.443,4.82
5409,6.51243282187723,52.3101488477173,13.445,4.821
5410,6.51244525489881,52.3101522823225,12.968,4.65
5411,6.51245768792039,52.3101557169277,12.182,4.368
5412,6.51247012094197,52.3101591515329,12.401,4.446
5413,6.51248267605984,52.3101622103897,12.883,4.619
5414,6.51249529781241,52.3101650641799,12.133,4.351
5415,6.51250791956498,52.31016791797,13.012,4.665
5416,6.51252054131755,52.3101707717601,13.299,4.769
5417,6.51253316307012,52.3101736255503,13.139,4.711
5418,6.51254578482269,52.3101764793404,13.108,4.7
5419,6.51255840657525,52.3101793331305,11.707,4.197
5420,6.51257102832782,52.3101821869206,13.581,4.87
5421,6.51258365008039,52.3101850407108,11.868,4.255
5422,6.51259626980257,52.3101879007494,12.692,4.551
5423,6.51260885991631,52.3101908519072,13.138,4.711
5424,6.51262145003006,52.3101938030651,12.978,4.653
5425,6.51263404014381,52.3101967542229,12.008,4.306
5426,6.51264663025755,52.3101997053808,12.106,4.341
5427,6.5126592203713,52.3102026565386,12.913,4.63
5428,6.51267181048504,52.3102056076965,13.037,4.675
5429,6.51268440059879,52.3102085588543,12.078,4.331
5430,6.51269699071254,52.3102115100122,12.952,4.644
5431,6.51270958082628,52.31021446117,11.822,4.239
5432,6.51272229683802,52.3102170248798,13.072,4.687
5433,6.51273509387247,52.3102193392442,12.177,4.366
5434,6.51274789090692,52.3102216536085,12.737,4.567
5435,6.51276068794136,52.3102239679728,12.63,4.529
5436,6.51277348497581,52.3102262823372,13.356,4.789
5437,6.51278628201026,52.3102285967015,12.807,4.592
5438,6.51279907904471,52.3102309110659,12.304,4.412
5439,6.51281187607916,52.3102332254302,12.86,4.611
5440,6.51282467311361,52.3102355397946,13.9,4.984
5441,6.51283747014806,52.3102378541589,13.067,4.685
5442,6.51285026718251,52.3102401685232,12.589,4.514
5443,6.51286306421695,52.3102424828876,12.125,4.348
5444,6.5128758612514,52.3102447972519,12.244,4.39
5445,6.51288865828585,52.3102471116163,12.998,4.661
5446,6.5129014553203,52.3102494259806,12.069,4.327
5447,6.51291417772236,52.3102519700243,12.583,4.512
5448,6.51292686812617,52.3102546125419,13.419,4.811
5449,6.51293955852997,52.3102572550595,12.653,4.537
5450,6.51295224893378,52.3102598975771,11.921,4.274
5451,6.51296493933758,52.3102625400947,13.828,4.958
5452,6.51297762974139,52.3102651826123,13.575,4.868
5453,6.51299032014519,52.3102678251299,12.825,4.598
5454,6.513003010549,52.3102704676475,13.272,4.759
5455,6.51301570540983,52.3102730964487,12.356,4.43
5456,6.51302841726203,52.3102756729594,12.93,4.636
5457,6.51304112911423,52.31027824947,12.246,4.391
5458,6.51305384096643,52.3102808259807,11.69,4.191
5459,6.51306655281863,52.3102834024914,14.002,5.021
5460,6.51307926467083,52.3102859790021,11.642,4.174
5461,6.51309197652303,52.3102885555127,12.636,4.531
5462,6.51310468837523,52.3102911320234,12.62,4.525
5463,6.51311740022743,52.3102937085341,12.747,4.57
5464,6.51313011207963,52.3102962850448,12.382,4.44
5465,6.51314282393183,52.3102988615554,12.379,4.439
5466,6.51315553578402,52.3103014380661,12.498,4.481
5467,6.51316824763622,52.3103040145768,12.691,4.55
5468,6.51318095948842,52.3103065910875,12.399,4.446
5469,6.51319367134062,52.3103091675981,12.351,4.428
5470,6.51320638319282,52.3103117441088,11.605,4.161
5471,6.51321908510468,52.3103143512106,13.558,4.861
5472,6.5132317085612,52.3103171997569,12.68,4.547
5473,6.51324433201772,52.3103200483031,12.479,4.475
5474,6.51325695547425,52.3103228968494,11.981,4.296
5475,6.51326957893077,52.3103257453956,11.749,4.213
5476,6.51328220238729,52.3103285939419,12.837,4.603
5477,6.5132948283457,52.3103314347886,12.228,4.385
5478,6.51330755377025,52.3103339695307,12.679,4.546
5479,6.5133202791948,52.3103365042728,11.51,4.127
5480,6.51333300461935,52.3103390390149,13.207,4.735
5481,6.5133458072397,52.3103413361888,12.819,4.596
5482,6.51335861758045,52.3103436096033,12.233,4.386
5483,6.5133714279212,52.3103458830178,12.547,4.499
5484,6.51338423826195,52.3103481564323,12.7,4.554
5485,6.5133970486027,52.3103504298469,11.469,4.112
5486,6.51340985894345,52.3103527032614,13.234,4.745
5487,6.5134226692842,52.3103549766759,12.524,4.49
5488,6.51343547962495,52.3103572500904,11.817,4.237
5489,6.5134482899657,52.3103595235049,11.579,4.152
5490,6.51346108499269,52.3103618440472,12.796,4.588
5491,6.51347382768418,52.3103643256507,12.332,4.422
5492,6.51348657037568,52.3103668072542,12.484,4.476
5493,6.51349931306717,52.3103692888576,12.208,4.377
5494,6.51351205575867,52.3103717704611,11.595,4.157
5495,6.51352479845017,52.3103742520646,12.476,4.473
5496,6.51353754114166,52.3103767336681,12.053,4.322
5497,6.51355028383316,52.3103792152715,12.149,4.356
5498,6.51356302510446,52.3103817012456,13.552,4.859
5499,6.51357576467167,52.310384192464,12.658,4.539
5500,6.51358850423888,52.3103866836824,12.685,4.548
5501,6.51360124380609,52.3103891749008,13.732,4.924
5502,6.5136139833733,52.3103916661192,12.352,4.429
5503,6.51362672294051,52.3103941573376,12.189,4.37
5504,6.51363944413325,52.310396705103,11.712,4.199
5505,6.51365216191247,52.3103992633734,11.838,4.245
5506,6.5136648796917,52.3104018216438,10.894,3.906
5507,6.51367759747093,52.3104043799141,12.556,4.502
5508,6.51369031525016,52.3104069381845,11.339,4.066
5509,6.51370303302939,52.3104094964549,12.609,4.521
5510,6.51371575080862,52.3104120547253,12.046,4.319
5511,6.51372846858785,52.3104146129957,12.14,4.353
5512,6.51374118636708,52.3104171712661,12.034,4.315
5513,6.5137539041463,52.3104197295364,12.867,4.614
5514,6.51376662192553,52.3104222878068,12.757,4.574
5515,6.51377933970476,52.3104248460772,12.023,4.311
5516,6.51379205748399,52.3104274043476,11.505,4.125
5517,6.51380477526322,52.310429962618,12.571,4.508
5518,6.51381749304245,52.3104325208884,11.449,4.105
5519,6.51383021082168,52.3104350791588,11.102,3.981
5520,6.5138429286009,52.3104376374291,12.304,4.412
5521,6.51385568620381,52.3104400731431,12.722,4.562
5522,6.51386846371914,52.3104424475771,11.762,4.217
5523,6.51388124123447,52.310444822011,12.232,4.386
5524,6.5138940187498,52.310447196445,11.745,4.211
5525,6.51390679626512,52.310449570879,12.409,4.449
5526,6.51391957378045,52.3104519453129,12.623,4.526
5527,6.51393235129578,52.3104543197469,11.82,4.238
5528,6.51394512881111,52.3104566941809,11.365,4.075
5529,6.51395790632643,52.3104590686149,11.108,3.983
5530,6.51397068384176,52.3104614430488,12.504,4.483
5531,6.51398346135709,52.3104638174828,11.287,4.047
5532,6.51399623887242,52.3104661919168,12.17,4.363
5533,6.51400901638774,52.3104685663507,12.404,4.447
5534,6.51402179390307,52.3104709407847,11.647,4.176
5535,6.5140345714184,52.3104733152187,11.84,4.245
5536,6.51404734893373,52.3104756896527,12.521,4.49
5537,6.51406012644905,52.3104780640866,11.455,4.107
5538,6.51407290396438,52.3104804385206,11.391,4.084
5539,6.51408568147971,52.3104828129546,11.784,4.225
5540,6.51409845899504,52.3104851873885,12.67,4.543
5541,6.51411123651036,52.3104875618225,12.862,4.612
5542,6.51412401402569,52.3104899362565,11.853,4.25
5543,6.51413679154102,52.3104923106904,11.489,4.12
5544,6.51414956905635,52.3104946851244,12.531,4.493
5545,6.51416234657167,52.3104970595584,10.92,3.916
5546,6.514175124087,52.3104994339924,12.044,4.319
5547,6.51418790160233,52.3105018084263,11.87,4.256
5548,6.51420067911766,52.3105041828603,12.654,4.537
5549,6.51421345663298,52.3105065572943,12.711,4.558
5550,6.51422623414831,52.3105089317282,11.334,4.064
5551,6.51423901166364,52.3105113061622,11.984,4.297
5552,6.51425178917897,52.3105136805962,11.548,4.14
5553,6.51426456669429,52.3105160550302,11.708,4.198
5554,6.51427734420962,52.3105184294641,12.242,4.389
5555,6.51429012172495,52.3105208038981,11.68,4.188
5556,6.51430289924028,52.3105231783321,11.989,4.299
5557,6.5143156767556,52.310525552766,12.436,4.459
5558,6.51432845427093,52.3105279272,12.763,4.576
5559,6.51434123178626,52.310530301634,12.04,4.317
5560,6.51435400930159,52.3105326760679,11.938,4.281
5561,6.51436678681691,52.3105350505019,11.216,4.022
5562,6.51437956433224,52.3105374249359,12.799,4.589
5563,6.51439234184757,52.3105397993699,12.157,4.359
5564,6.5144051193629,52.3105421738038,11.945,4.283
5565,6.51441789687822,52.3105445482378,11.914,4.272
5566,6.51443067439355,52.3105469226718,12.076,4.33
5567,6.51444345190888,52.3105492971057,12.317,4.416
5568,6.51445622942421,52.3105516715397,12.39,4.442
5569,6.51446900693953,52.3105540459737,12.81,4.593
5570,6.51448178445486,52.3105564204077,12.006,4.305
5571,6.51449456197019,52.3105587948416,12.895,4.624
5572,6.51450733948552,52.3105611692756,12.485,4.477
5573,6.51452011700084,52.3105635437096,11.828,4.241
5574,6.51453289451617,52.3105659181435,10.884,3.902
5575,6.5145456720315,52.3105682925775,11.916,4.272
5576,6.51455844954683,52.3105706670115,12.783,4.583
5577,6.51457122706215,52.3105730414454,11.411,4.092
5578,6.51458400457748,52.3105754158794,11.917,4.273
5579,6.51459678209281,52.3105777903134,11.967,4.291
5580,6.51460955960814,52.3105801647474,12.425,4.455
5581,6.51462233712347,52.3105825391813,11.645,4.175
5582,6.51463511463879,52.3105849136153,11.364,4.075
5583,6.51464789215412,52.3105872880493,12.212,4.379
5584,6.51466066966945,52.3105896624832,11.442,4.103
5585,6.51467344718478,52.3105920369172,10.802,3.873
5586,6.5146862247001,52.3105944113512,12.966,4.649
5587,6.51469900221543,52.3105967857852,12.432,4.458
5588,6.51471177973076,52.3105991602191,12.997,4.66
5589,6.51472455724609,52.3106015346531,12.407,4.449
5590,6.51473733476141,52.3106039090871,12.296,4.409
5591,6.51475011227674,52.310606283521,12.117,4.345
5592,6.51476288979207,52.310608657955,11.794,4.229
5593,6.51477564864561,52.3106110898202,12.208,4.377
5594,6.51478838628409,52.3106135869742,11.585,4.154
5595,6.51480112392257,52.3106160841282,11.286,4.047
5596,6.51481386156105,52.3106185812822,11.724,4.204
5597,6.51482659919953,52.3106210784362,12.683,4.548
5598,6.51483933683802,52.3106235755902,11.203,4.017
5599,6.51485232643843,52.3106252973374,11.218,4.022
5600,6.51486724378144,52.310621086503,12.286,4.405
5601,6.51488248517175,52.3106158784207,11.699,4.195
5602,6.51489794904368,52.3106099856566,12.234,4.387
5603,6.5149134129156,52.3106040928925,12.536,4.495
5604,6.51492826737485,52.3106000755814,12.231,4.386
5605,6.51494108331926,52.3106023317507,11.594,4.157
5606,6.51495389926368,52.3106045879201,12.726,4.563
5607,6.51496671520809,52.3106068440895,12.415,4.451
5608,6.51497953115251,52.3106091002589,12.0,4.303
5609,6.51499234709692,52.3106113564282,11.978,4.295
5610,6.51500516304134,52.3106136125976,12.218,4.381
5611,6.51501797898575,52.310615868767,11.821,4.239
5612,6.51503079493017,52.3106181249364,11.053,3.963
5613,6.51504361087459,52.3106203811057,12.46,4.468
5614,6.515056426819,52.3106226372751,12.433,4.458
5615,6.51506924276341,52.3106248934445,10.681,3.83
5616,6.51508205870783,52.3106271496139,12.342,4.425
5617,6.51509487465224,52.3106294057832,13.083,4.691
5618,6.51510769059666,52.3106316619526,11.395,4.086
5619,6.51512050654107,52.310633918122,12.023,4.311
5620,6.51513332248549,52.3106361742914,11.968,4.291
5621,6.5151461384299,52.3106384304607,13.06,4.683
5622,6.51515895437432,52.3106406866301,12.751,4.572
5623,6.51517177031873,52.3106429427995,11.584,4.154
5624,6.51518458626315,52.3106451989688,12.311,4.414
5625,6.51519740220756,52.3106474551382,13.473,4.831
5626,6.51521021815198,52.3106497113076,11.761,4.217
5627,6.51522303409639,52.310651967477,12.131,4.35
5628,6.51523585004081,52.3106542236464,12.449,4.464
5629,6.51525026651713,52.3106515542171,11.798,4.23
5630,6.51526422109813,52.3106503062597,13.204,4.734
5631,6.51527701808706,52.3106526207641,11.899,4.266
5632,6.51528981507599,52.3106549352686,11.37,4.077
5633,6.51530261206492,52.310657249773,11.888,4.263
5634,6.51531540905385,52.3106595642774,12.591,4.515
5635,6.51532820604278,52.3106618787818,11.748,4.212
5636,6.51534035579891,52.3106661851297,12.405,4.448
5637,6.51535135561584,52.3106740303879,12.569,4.507
5638,6.5153641425567,52.310676375815,11.538,4.137
5639,6.51537692949757,52.3106787212421,11.928,4.277
5640,6.51538971643844,52.3106810666692,12.476,4.473
5641,6.51540250337931,52.3106834120963,12.694,4.552
5642,6.51541529032018,52.3106857575234,11.975,4.294
5643,6.51542807726104,52.3106881029505,12.392,4.443
5644,6.51544086420191,52.3106904483776,12.147,4.355
5645,6.51545365114278,52.3106927938047,12.753,4.573
5646,6.51546643808365,52.3106951392318,12.642,4.533
5647,6.51547922502452,52.3106974846588,12.128,4.349
5648,6.51549201196538,52.3106998300859,12.64,4.532
5649,6.51550479890625,52.310702175513,12.127,4.348
5650,6.51551758584712,52.3107045209401,12.65,4.536
5651,6.51553037278799,52.3107068663672,12.67,4.543
5652,6.51554315972886,52.3107092117943,13.798,4.948
5653,6.51555594666972,52.3107115572214,12.218,4.381
5654,6.51556873361059,52.3107139026485,12.344,4.426
5655,6.51558152055146,52.3107162480756,12.058,4.323
5656,6.51559430749233,52.3107185935027,11.842,4.246
5657,6.5156070944332,52.3107209389298,12.193,4.372
5658,6.51561988137407,52.3107232843569,12.864,4.612
5659,6.51563266831493,52.310725629784,12.918,4.632
5660,6.5156454552558,52.3107279752111,12.669,4.543
5661,6.51565824219667,52.3107303206382,12.333,4.422
5662,6.51567102913754,52.3107326660653,12.228,4.384
5663,6.51568381607841,52.3107350114924,11.99,4.299
5664,6.51569659337198,52.3107373866088,12.213,4.379
5665,6.5157093073702,52.3107399565151,11.79,4.228
5666,6.51572202136843,52.3107425264215,13.362,4.791
5667,6.51573473536665,52.3107450963278,13.655,4.896
5668,6.51574754320003,52.3107473774587,11.447,4.105
5669,6.51576046259699,52.3107493152553,12.767,4.578
5670,6.51577338199396,52.310751253052,12.769,4.578
5671,6.51578630139092,52.3107531908486,12.742,4.569
5672,6.51579922078789,52.3107551286452,12.282,4.404
5673,6.51581214018485,52.3107570664418,13.243,4.748
5674,6.51582505958182,52.3107590042385,12.894,4.623
5675,6.51583797897878,52.3107609420351,13.271,4.759
5676,6.51585075827703,52.3107633109822,12.24,4.389
5677,6.5158634973496,52.3107658037228,11.871,4.257
5678,6.51587623642217,52.3107682964634,12.951,4.644
5679,6.51588897549475,52.3107707892041,12.14,4.353
5680,6.51590171456732,52.3107732819447,13.337,4.782
5681,6.51591445363989,52.3107757746853,11.477,4.115
5682,6.51592719271246,52.310778267426,12.463,4.469
5683,6.51593993178503,52.3107807601666,12.386,4.441
5684,6.5159526708576,52.3107832529072,12.563,4.505
5685,6.51596540993017,52.3107857456479,12.923,4.634
5686,6.51598021046757,52.3107818942799,13.013,4.666
5687,6.51599429221677,52.3107802549654,13.166,4.721
5688,6.51600706400131,52.3107826470357,13.244,4.749
5689,6.51601983578584,52.3107850391061,12.709,4.557
5690,6.51603260757038,52.3107874311764,14.06,5.041
5691,6.51604537935492,52.3107898232467,13.646,4.893
5692,6.51605815113945,52.3107922153171,12.657,4.538
5693,6.51606992099027,52.3107976908144,12.77,4.579
5694,6.51608100597926,52.3108052739577,12.664,4.541
5695,6.5160936432693,52.3108080799316,13.083,4.691
5696,6.51610628055934,52.3108108859055,12.308,4.413
5697,6.51611907271741,52.3108132152768,12.425,4.455
5698,6.51613186620076,52.3108155405696,11.624,4.168
5699,6.5161446596841,52.3108178658624,12.674,4.544
5700,6.51615745316744,52.3108201911552,13.544,4.856
5701,6.51617024665078,52.3108225164479,12.838,4.603
5702,6.51618304013413,52.3108248417407,12.88,4.618
5703,6.51619583361747,52.3108271670335,13.11,4.701
5704,6.51620862710081,52.3108294923263,12.367,4.434
5705,6.51622142058415,52.3108318176191,12.98,4.654
5706,6.51623421406749,52.3108341429119,13.498,4.84
5707,6.51624700755084,52.3108364682047,13.164,4.72
5708,6.51625980103418,52.3108387934975,13.569,4.865
5709,6.51627259451752,52.3108411187902,13.746,4.929
5710,6.51628538800086,52.310843444083,13.402,4.805
5711,6.51629818148421,52.3108457693758,12.602,4.519
5712,6.51631097496755,52.3108480946686,12.828,4.6
5713,6.51632376845089,52.3108504199614,14.176,5.083
5714,6.51633656193423,52.3108527452542,13.234,4.745
5715,6.51634935541758,52.310855070547,13.165,4.72
5716,6.51636214890092,52.3108573958398,12.562,4.504
5717,6.51637494238426,52.3108597211325,13.024,4.67
5718,6.5163877358676,52.3108620464253,13.508,4.843
5719,6.51640052502092,52.3108643850437,13.105,4.699
5720,6.51641327855321,52.3108668332849,12.8,4.59
5721,6.5164260320855,52.3108692815261,12.946,4.642
5722,6.51643878561779,52.3108717297672,13.825,4.957
5723,6.51645153915009,52.3108741780084,13.527,4.85
5724,6.51646429268238,52.3108766262496,13.458,4.825
5725,6.51647704621467,52.3108790744908,13.412,4.809
5726,6.51648979974696,52.310881522732,12.467,4.47
5727,6.51650255327926,52.3108839709732,13.333,4.781
5728,6.51651530681155,52.3108864192144,13.81,4.952
5729,6.51652806034384,52.3108888674555,13.039,4.675
5730,6.51654080698443,52.3108913369058,13.777,4.94
5731,6.51655355280254,52.3108938088872,13.532,4.852
5732,6.51656629862064,52.3108962808686,13.708,4.915
5733,6.51657904443874,52.31089875285,13.262,4.755
5734,6.51659179025684,52.3109012248315,13.763,4.935
5735,6.51660453607494,52.3109036968129,12.391,4.443
5736,6.51661728189305,52.3109061687943,13.282,4.762
5737,6.51663002771115,52.3109086407757,13.692,4.909
5738,6.51664277352925,52.3109111127572,13.457,4.825
5739,6.51665551934735,52.3109135847386,13.938,4.998
5740,6.51666826516545,52.31091605672,13.212,4.737
5741,6.51668101098356,52.3109185287014,12.993,4.659
5742,6.51669375680166,52.3109210006828,12.362,4.432
5743,6.51670650261976,52.3109234726643,13.176,4.724
5744,6.51671921986823,52.3109260325681,13.651,4.895
5745,6.51673193231286,52.3109286072555,13.806,4.95
5746,6.5167446447575,52.310931181943,12.547,4.499
5747,6.51675735720214,52.3109337566304,14.072,5.046
5748,6.51677012970265,52.3109361464974,12.819,4.596
5749,6.51678291527588,52.3109384961334,13.332,4.78
5750,6.51679570084911,52.3109408457693,13.081,4.69
5751,6.51680848642235,52.3109431954053,13.672,4.902
5752,6.51682271013161,52.310941119212,13.494,4.838
5753,6.51683626480443,52.3109411019625,13.849,4.966
5754,6.51684897541629,52.3109436822902,14.547,5.216
5755,6.51686168602815,52.310946262618,13.708,4.915
5756,6.51687439664002,52.3109488429458,13.147,4.714
5757,6.51688710725188,52.3109514232736,13.77,4.937
5758,6.51689981786374,52.3109540036014,14.655,5.255
5759,6.5169125284756,52.3109565839292,13.91,4.987
5760,6.51692523908747,52.3109591642569,14.092,5.053
5761,6.51693794969933,52.3109617445847,12.612,4.522
5762,6.51695066031119,52.3109643249125,13.789,4.944
5763,6.51696337092305,52.3109669052403,13.417,4.811
5764,6.51697608153492,52.3109694855681,13.188,4.729
5765,6.51698879214678,52.3109720658958,13.587,4.872
5766,6.51700150275864,52.3109746462236,13.678,4.904
5767,6.5170142133705,52.3109772265514,13.26,4.754
5768,6.51702692398236,52.3109798068792,13.751,4.931
5769,6.51703963459423,52.310982387207,13.552,4.859
5770,6.51705234520609,52.3109849675348,14.08,5.049
5771,6.51706505581795,52.3109875478625,13.815,4.953
5772,6.51707689237988,52.310992818058,13.916,4.99
5773,6.5170880916897,52.3110000493816,14.284,5.122
5774,6.51710072389561,52.3110028710019,14.049,5.037
5775,6.51711335610152,52.3110056926221,13.733,4.924
5776,6.51712598830743,52.3110085142423,12.523,4.49
5777,6.51713862051334,52.3110113358625,14.066,5.044
5778,6.51715125271924,52.3110141574828,13.242,4.748
5779,6.51716388492515,52.311016979103,13.742,4.927
5780,6.51717651713106,52.3110198007232,14.025,5.029
5781,6.51718914933697,52.3110226223435,14.605,5.237
5782,6.51720178154288,52.3110254439637,14.919,5.349
5783,6.51721441374879,52.3110282655839,13.308,4.772
5784,6.51722704595469,52.3110310872041,13.091,4.694
5785,6.5172396781606,52.3110339088244,14.071,5.045
5786,6.51725231036651,52.3110367304446,14.037,5.033
5787,6.51726494257242,52.3110395520648,13.202,4.734
5788,6.51727757477833,52.311042373685,13.914,4.989
5789,6.51729020698424,52.3110451953053,14.29,5.124
5790,6.51730283919014,52.3110480169255,13.23,4.744
5791,6.51731547139605,52.3110508385457,13.383,4.799
5792,6.51732806571841,52.3110537767517,13.604,4.878
5793,6.51734064610112,52.3110567578565,13.873,4.974
5794,6.51735322648383,52.3110597389614,14.421,5.171
5795,6.51736580686655,52.3110627200663,13.836,4.961
5796,6.51737838724926,52.3110657011711,14.075,5.047
5797,6.51739097274974,52.3110686665262,15.379,5.514
5798,6.51740356312282,52.3110716168859,13.51,4.844
5799,6.51741615349591,52.3110745672457,13.704,4.914
5800,6.517428743869,52.3110775176054,14.502,5.2
5801,6.51744133424208,52.3110804679651,14.699,5.27
5802,6.51745392461517,52.3110834183249,14.377,5.155
5803,6.51746651498826,52.3110863686846,15.212,5.454
5804,6.51747910536134,52.3110893190443,14.35,5.145
5805,6.51749166155665,52.3110923745854,13.016,4.667
5806,6.51750418621423,52.311095527183,14.25,5.11
5807,6.5175167108718,52.3110986797806,13.873,4.974
5808,6.51752923552938,52.3111018323783,15.037,5.392
5809,6.51754176018695,52.3111049849759,14.806,5.309
5810,6.51755428484453,52.3111081375736,13.319,4.775
5811,6.5175668095021,52.3111112901712,15.063,5.401
5812,6.51757933415968,52.3111144427689,14.836,5.32
5813,6.51759185881725,52.3111175953665,14.108,5.058
5814,6.51760438347483,52.3111207479642,14.267,5.116
5815,6.5176169081324,52.3111239005618,15.147,5.431
5816,6.51762943278998,52.3111270531595,13.184,4.727
5817,6.51764195744755,52.3111302057571,14.62,5.242
5818,6.51765448210513,52.3111333583547,15.016,5.384
5819,6.5176670067627,52.3111365109524,14.335,5.14
5820,6.51767953142028,52.31113966355,14.783,5.301
5821,6.51769205607785,52.3111428161477,14.478,5.191
5822,6.51770458073543,52.3111459687453,13.971,5.009
5823,6.517717105393,52.311149121343,13.97,5.009
5824,6.51772963005058,52.3111522739406,14.88,5.335
5825,6.51774215470815,52.3111554265383,14.102,5.056
5826,6.51775467832544,52.3111585823374,13.593,4.874
5827,6.51776719429307,52.3111617616781,14.576,5.226
5828,6.5177797102607,52.3111649410189,14.217,5.098
5829,6.51779222622833,52.3111681203596,13.828,4.958
5830,6.51780474219596,52.3111712997003,14.589,5.231
5831,6.51781725816358,52.3111744790411,15.013,5.383
5832,6.51782977413121,52.3111776583818,14.588,5.23
5833,6.51784229009884,52.3111808377226,13.963,5.006
5834,6.51785480606647,52.3111840170633,14.887,5.338
5835,6.5178673220341,52.3111871964041,15.227,5.46
5836,6.51787983800173,52.3111903757448,15.933,5.713
5837,6.51789235396936,52.3111935550856,15.494,5.555
5838,6.51790486993699,52.3111967344263,14.068,5.044
5839,6.51791738590462,52.3111999137671,15.178,5.442
5840,6.51792990187224,52.3112030931078,14.838,5.32
5841,6.51794241783987,52.3112062724486,14.023,5.028
5842,6.5179549338075,52.3112094517893,14.881,5.336
5843,6.51796744977513,52.31121263113,15.856,5.685
5844,6.51797996574276,52.3112158104708,15.444,5.538
5845,6.51799248171039,52.3112189898115,14.158,5.077
5846,6.51800499767802,52.3112221691523,14.776,5.298
5847,6.51801743912537,52.3112255778274,15.07,5.403
5848,6.51802982560571,52.3112291556622,13.777,4.94
5849,6.51804221208604,52.311232733497,13.81,4.952
5850,6.51805459856637,52.3112363113318,14.911,5.347
5851,6.5180669850467,52.3112398891666,14.932,5.354
5852,6.51807937152703,52.3112434670014,13.765,4.935
5853,6.51809175800737,52.3112470448362,15.087,5.41
5854,6.5181041444877,52.311250622671,15.511,5.562
5855,6.51811653096803,52.3112542005058,14.756,5.291
5856,6.51812891744836,52.3112577783406,14.932,5.354
5857,6.51814130392869,52.3112613561754,15.246,5.467
5858,6.51815369040903,52.3112649340102,15.181,5.443
5859,6.51816607688936,52.311268511845,13.954,5.003
5860,6.51817846336969,52.3112720896798,14.415,5.169
5861,6.51819155552378,52.3112734958205,14.727,5.28
5862,6.51820476335054,52.3112745459813,14.466,5.187
5863,6.51821759801195,52.3112767445496,15.847,5.682
5864,6.51823161476636,52.311275305255,15.37,5.511
5865,6.51824563152078,52.3112738659604,14.356,5.147
5866,6.5182596482752,52.3112724266657,14.895,5.341
5867,6.51827327869587,52.3112721763039,15.698,5.629
5868,6.51828603153841,52.3112746266678,14.665,5.258
5869,6.51829878438095,52.3112770770317,15.558,5.578
5870,6.51831153722349,52.3112795273956,15.882,5.695
5871,6.51832429006603,52.3112819777595,15.796,5.664
5872,6.51833704997854,52.3112844063657,15.198,5.45
5873,6.51834981180023,52.3112868290965,15.84,5.68
5874,6.51836257362192,52.3112892518272,14.809,5.31
5875,6.51837533544361,52.311291674558,16.59,5.948
5876,6.5183880972653,52.3112940972887,15.281,5.479
5877,6.518400859087,52.3112965200195,15.825,5.674
5878,6.51841362090869,52.3112989427502,14.949,5.36
5879,6.51842638273038,52.311301365481,15.468,5.546
5880,6.51843917447952,52.3113036961108,15.505,5.559
5881,6.5184519814348,52.311305979944,14.651,5.253
5882,6.51846478839008,52.3113082637772,14.645,5.251
5883,6.51847759534536,52.3113105476104,15.099,5.414
5884,6.51849040230064,52.3113128314436,15.881,5.694
5885,6.51850320925592,52.3113151152768,14.165,5.079
5886,6.51851600901612,52.3113174212528,15.04,5.393
5887,6.51852880816841,52.3113197290995,16.036,5.75
5888,6.51854160732069,52.3113220369463,14.552,5.218
5889,6.51855440647298,52.311324344793,16.025,5.746
5890,6.51856720562527,52.3113266526398,14.636,5.248
5891,6.51858000477755,52.3113289604865,14.771,5.296
5892,6.51859280392984,52.3113312683333,15.235,5.463
5893,6.51860560308212,52.31133357618,16.434,5.893
5894,6.51861840223441,52.3113358840268,14.967,5.367
5895,6.51863135641532,52.3113377147766,14.336,5.14
5896,6.51864435080543,52.3113394217837,14.542,5.214
5897,6.51865734519555,52.3113411287907,15.926,5.71
5898,6.51867033958566,52.3113428357977,14.592,5.232
5899,6.51868316395579,52.3113450660371,16.098,5.772
5900,6.51869572907541,52.3113480941138,15.452,5.54
5901,6.51870829419503,52.3113511221905,15.403,5.523
5902,6.51872085931465,52.3113541502671,15.608,5.596
5903,6.51873342443426,52.3113571783438,14.973,5.369
5904,6.51874598955388,52.3113602064205,15.537,5.571
5905,6.5187585546735,52.3113632344972,14.765,5.294
5906,6.51877113224588,52.3113662242508,16.271,5.834
5907,6.51878371879836,52.3113691863683,14.885,5.337
5908,6.51879630535084,52.3113721484859,15.758,5.65
5909,6.51880878499447,52.3113754396129,14.902,5.343
5910,6.51882271383071,52.3113742708843,15.209,5.453
5911,6.51884123754543,52.3113589615274,15.313,5.491
5912,6.51885536155044,52.3113571921716,17.298,6.202
5913,6.51886948555545,52.3113554228158,15.547,5.574
5914,6.5188772288708,52.3113732898796,15.083,5.408
5915,6.5188886953674,52.3113796989423,15.316,5.492
5916,6.5188848411252,52.3114585357256,14.704,5.272
5917,6.51887010897424,52.3115895104258,15.504,5.559
5918,6.51885537682328,52.3117204851259,16.699,5.988
5919,6.5188829544375,52.3116057677483,15.819,5.672
5920,6.51891053205172,52.3114910503706,16.164,5.796
5921,6.51893810966594,52.311376332993,15.108,5.417
5922,6.5189494689774,52.3114241498639,15.535,5.57
5923,6.51895725622351,52.3115042872945,15.785,5.66
5924,6.51896504346962,52.3115844247252,15.25,5.468
5925,6.51897283071573,52.3116645621559,15.922,5.709
5926,6.51898061796184,52.3117446995866,16.06,5.758
5927,6.51900231209315,52.3115466993135,16.028,5.747
5928,6.51901485165067,52.311531790516,15.63,5.604
5929,6.51902739120819,52.3115168817186,16.371,5.87
5930,6.5190399307657,52.3115019729212,15.589,5.59
5931,6.51905246269427,52.3114872167028,15.546,5.574
5932,6.51906502029552,52.3114719470307,16.609,5.955
5933,6.51907643456492,52.311459775076,15.121,5.422
5934,6.51907282355855,52.3114894554738,14.781,5.3
5935,6.51906921255218,52.3115191358716,15.282,5.479
5936,6.51906560154582,52.3115488162695,16.03,5.748
5937,6.51906199053945,52.3115784966673,16.568,5.94
5938,6.51905837953309,52.3116081770651,15.434,5.534
5939,6.51905476852672,52.3116378574629,16.9,6.06
5940,6.51905115752035,52.3116675378608,15.858,5.686
5941,6.51904754651399,52.3116972182586,15.784,5.66
5942,6.51904393550762,52.3117268986564,15.362,5.508
5943,6.51904032450126,52.3117565790543,17.019,6.102
5944,6.51903738690681,52.3117849900435,15.792,5.662
5945,6.51904788919659,52.3117886887072,15.106,5.416
5946,6.51905839148636,52.3117923873709,17.344,6.219
5947,6.51906889377614,52.3117960860345,16.139,5.787
5948,6.51907939606592,52.3117997846982,16.386,5.875
5949,6.5190898983557,52.3118034833618,16.914,6.065
5950,6.51910040064548,52.3118071820255,16.295,5.843
5951,6.51911082800316,52.3118110102552,16.515,5.922
5952,6.51912070902278,52.3118157831658,15.982,5.73
5953,6.51913110939684,52.3118196580533,16.389,5.876
5954,6.51914211465391,52.3118224870292,15.945,5.717
5955,6.51915295963734,52.3118255931365,15.961,5.723
5956,6.51916347212159,52.3118292741728,16.051,5.755
5957,6.51917396618986,52.3118329870523,15.754,5.649
5958,6.51918445678507,52.3118367059372,16.291,5.841
5959,6.51919494738027,52.3118404248221,16.296,5.843
5960,6.51920543797548,52.311844143707,16.489,5.912
5961,6.51921592857069,52.3118478625919,16.39,5.877
5962,6.51922641916589,52.3118515814768,17.196,6.166
5963,6.5192369097611,52.3118553003617,16.645,5.968
5964,6.5192474003563,52.3118590192466,15.909,5.704
5965,6.51925789095151,52.3118627381315,16.303,5.846
5966,6.51926838154672,52.3118664570164,16.872,6.05
5967,6.51927887214192,52.3118701759013,15.488,5.553
5968,6.51928936273713,52.3118738947862,17.235,6.18
5969,6.51929985377806,52.3118776129004,15.599,5.593
5970,6.51931034507821,52.3118813305664,16.588,5.948
5971,6.51932083637836,52.3118850482323,16.066,5.761
5972,6.51933132767851,52.3118887658983,16.036,5.75
5973,6.51934181897866,52.3118924835643,15.303,5.487
5974,6.51935231027881,52.3118962012303,16.605,5.954
5975,6.51936280157897,52.3118999188962,15.316,5.492
5976,6.51937329287912,52.3119036365622,15.228,5.46
5977,6.51938378417927,52.3119073542282,16.76,6.01
5978,6.51939427547942,52.3119110718941,17.132,6.143
5979,6.51940476677957,52.3119147895601,15.689,5.625
5980,6.51941525807972,52.3119185072261,16.672,5.978
5981,6.51942574937987,52.311922224892,16.551,5.934
5982,6.51943624068002,52.311925942558,16.029,5.747
5983,6.51944672726585,52.3119296683756,16.868,6.048
5984,6.51945718552881,52.3119334431666,15.986,5.732
5985,6.51946764379178,52.3119372179576,16.386,5.875
5986,6.51947810205474,52.3119409927487,15.343,5.502
5987,6.5194885603177,52.3119447675397,15.367,5.51
5988,6.51949901858066,52.3119485423307,16.765,6.011
5989,6.51950947684363,52.3119523171218,16.4,5.88
5990,6.51951993510659,52.3119560919128,15.99,5.733
5991,6.51953039336955,52.3119598667038,17.193,6.165
5992,6.51954085163252,52.3119636414949,17.184,6.161
5993,6.51955130989548,52.3119674162859,16.323,5.853
5994,6.51956176815844,52.3119711910769,15.205,5.452
5995,6.51957222642141,52.311974965868,15.992,5.734
5996,6.51958268468437,52.311978740659,15.563,5.58
5997,6.51959314224829,52.3119825166588,16.101,5.773
5998,6.51960357195814,52.3119863408214,15.493,5.555
5999,6.51961400166798,52.311990164984,15.335,5.499
6000,6.51962443137783,52.3119939891466,14.702,5.272
6001,6.51963486108768,52.3119978133092,16.126,5.782
6002,6.51964529079753,52.3120016374718,14.669,5.26
6003,6.51965572050738,52.3120054616345,15.827,5.675
6004,6.51966615021723,52.3120092857971,16.417,5.886
6005,6.51967657992708,52.3120131099597,15.577,5.585
6006,6.51968700963693,52.3120169341223,15.356,5.506
6007,6.51969743934678,52.3120207582849,15.947,5.718
6008,6.51970786905663,52.3120245824475,15.492,5.555
6009,6.51971829876647,52.3120284066102,16.08,5.766
6010,6.51972872847632,52.3120322307728,15.355,5.506
6011,6.51973915818617,52.3120360549354,15.893,5.698
6012,6.51974958789602,52.312039879098,15.741,5.644
6013,6.51976001760587,52.3120437032606,15.929,5.712
6014,6.51977044731572,52.3120475274233,16.888,6.055
6015,6.51978087702557,52.3120513515859,16.035,5.749
6016,6.51979130673542,52.3120551757485,16.204,5.81
6017,6.51980173644527,52.3120589999111,15.53,5.568
6018,6.51981216615512,52.3120628240737,16.018,5.744
6019,6.51982259586497,52.3120666482363,15.715,5.635
6020,6.51983302557482,52.312070472399,15.884,5.695
6021,6.51984345528466,52.3120742965616,16.237,5.822
6022,6.51985388499451,52.3120781207242,15.55,5.576
6023,6.5198638111369,52.3120828156123,15.599,5.593
6024,6.51987338091923,52.3120881266876,15.536,5.57
6025,6.5198837224052,52.3120921033993,15.513,5.562
6026,6.51989474119056,52.3120949089833,15.9,5.701
6027,6.51990530417977,52.3120985026907,15.572,5.584
6028,6.51991558932619,52.31210257682,16.655,5.972
6029,6.5199258744726,52.3121066509492,17.338,6.217
6030,6.51993615961902,52.3121107250785,15.416,5.527
6031,6.51994644476544,52.3121147992078,15.91,5.705
6032,6.51995672991186,52.312118873337,16.335,5.857
6033,6.51996701505828,52.3121229474663,15.556,5.578
6034,6.5199773002047,52.3121270215955,15.115,5.419
6035,6.51998758535111,52.3121310957248,16.709,5.991
6036,6.51999787049753,52.3121351698541,16.077,5.765
6037,6.52000815564395,52.3121392439833,15.848,5.682
6038,6.52001844079037,52.3121433181126,16.5,5.916
6039,6.52002872593679,52.3121473922418,16.087,5.768
6040,6.52003901108321,52.3121514663711,15.592,5.591
6041,6.52004929622962,52.3121555405003,15.033,5.39
6042,6.52005958137604,52.3121596146296,15.304,5.487
6043,6.52006986652246,52.3121636887589,16.289,5.841
6044,6.52008015166888,52.3121677628881,15.968,5.725
6045,6.5200904368153,52.3121718370174,15.444,5.537
6046,6.52010072196172,52.3121759111466,16.579,5.944
6047,6.52011100710813,52.3121799852759,15.434,5.534
6048,6.52012129225455,52.3121840594052,16.093,5.77
6049,6.52013157740097,52.3121881335344,15.628,5.604
6050,6.52014186254739,52.3121922076637,16.622,5.96
6051,6.52015214769381,52.3121962817929,15.915,5.706
6052,6.52016243284023,52.3122003559222,15.485,5.552
6053,6.52017272076006,52.3122044252559,15.339,5.5
6054,6.52018302750683,52.3122084620357,15.422,5.53
6055,6.52019333231797,52.3122125021624,14.991,5.375
6056,6.52020351941779,52.3122167458254,14.6,5.235
6057,6.52021370651761,52.3122209894884,15.572,5.583
6058,6.52022389361743,52.3122252331514,15.063,5.401
6059,6.52023408071724,52.3122294768144,15.048,5.396
6060,6.52024426781706,52.3122337204774,15.298,5.485
6061,6.52025445491688,52.3122379641404,15.367,5.51
6062,6.5202646420167,52.3122422078034,15.328,5.496
6063,6.52027482911652,52.3122464514664,16.332,5.856
6064,6.52028501621633,52.3122506951294,15.687,5.625
6065,6.52029520331615,52.3122549387924,16.523,5.925
6066,6.52030539041597,52.3122591824554,15.013,5.383
6067,6.52031557751579,52.3122634261184,15.719,5.636
6068,6.52032576461561,52.3122676697814,15.019,5.385
6069,6.52033595171543,52.3122719134444,14.902,5.343
6070,6.52034613881524,52.3122761571074,16.481,5.909
6071,6.52035633143694,52.3122803912225,14.755,5.29
6072,6.52036653373563,52.3122846086049,13.881,4.977
6073,6.52037671499741,52.3122888623625,14.765,5.294
6074,6.52038689603654,52.3122931165051,13.988,5.015
6075,6.52039707707567,52.3122973706478,14.597,5.234
6076,6.52040725811479,52.3123016247904,14.639,5.249
6077,6.52041743915392,52.312305878933,15.153,5.433
6078,6.52042762019305,52.3123101330756,13.915,4.989
6079,6.52043780123218,52.3123143872183,15.811,5.669
6080,6.5204479822713,52.3123186413609,13.993,5.017
6081,6.52045816331043,52.3123228955035,15.009,5.382
6082,6.52046834434956,52.3123271496461,14.882,5.336
6083,6.52047852538869,52.3123314037888,15.546,5.574
6084,6.52048870642781,52.3123356579314,15.256,5.47
6085,6.52049888746694,52.312339912074,15.736,5.642
6086,6.52050906850607,52.3123441662166,14.814,5.312
6087,6.52051924954519,52.3123484203593,14.742,5.286
6088,6.52052943058432,52.3123526745019,15.247,5.467
6089,6.52053961162345,52.3123569286445,15.599,5.593
6090,6.52054979266258,52.3123611827871,15.468,5.546
6091,6.5205599737017,52.3123654369298,15.161,5.436
6092,6.52057015474083,52.3123696910724,15.098,5.413
6093,6.52058029235738,52.3123740202976,14.929,5.353
6094,6.52059032216252,52.312378535941,15.181,5.443
6095,6.52060035196766,52.3123830515844,16.126,5.782
6096,6.5206103817728,52.3123875672279,14.776,5.298
6097,6.52062123445794,52.312390660018,14.694,5.269
6098,6.52063201239042,52.312393882064,14.639,5.249
6099,6.52064238257921,52.3123978091453,15.117,5.42
6100,6.52065247191345,52.3124022218562,13.63,4.887
6101,6.52066256124769,52.312406634567,14.789,5.303
6102,6.52067265058192,52.3124110472778,15.376,5.513
6103,6.52068273991616,52.3124154599886,14.539,5.213
6104,6.5206928292504,52.3124198726995,14.949,5.36
6105,6.52070291858464,52.3124242854103,16.07,5.762
6106,6.52071300791888,52.3124286981211,15.015,5.384
6107,6.52072309725312,52.3124331108319,13.494,4.838
6108,6.52073318658736,52.3124375235428,13.972,5.01
6109,6.5207432759216,52.3124419362536,14.644,5.251
6110,6.52075336525584,52.3124463489644,14.31,5.131
6111,6.52076345459008,52.3124507616752,14.835,5.319
6112,6.52077354392431,52.3124551743861,14.592,5.232
6113,6.52078363325855,52.3124595870969,15.442,5.537
6114,6.52079372259279,52.3124639998077,14.105,5.058
6115,6.52080381192703,52.3124684125185,14.616,5.241
6116,6.52081390126127,52.3124728252294,14.857,5.327
6117,6.52082399059551,52.3124772379402,14.921,5.35
6118,6.52083408348576,52.3124816445023,14.798,5.306
6119,6.52084419622337,52.312486016746,13.285,4.764
6120,6.52085430896098,52.3124903889897,14.744,5.287
6121,6.5208644216986,52.3124947612334,14.598,5.234
6122,6.52087453443621,52.3124991334772,15.186,5.445
6123,6.52088464717383,52.3125035057209,15.095,5.412
6124,6.52089475991144,52.3125078779646,14.803,5.308
6125,6.52090487264906,52.3125122502083,14.838,5.32
6126,6.52091493822326,52.312516704003,15.441,5.536
6127,6.52092492686358,52.312521290825,15.313,5.491
6128,6.5209349155039,52.3125258776471,14.791,5.303
6129,6.52094490206216,52.3125304680693,15.882,5.695
6130,6.5209548861763,52.3125350627177,14.243,5.107
6131,6.52096487029045,52.312539657366,13.908,4.987
6132,6.52097485440459,52.3125442520144,14.59,5.231
6133,6.52098483851874,52.3125488466628,14.369,5.152
6134,6.52099482263288,52.3125534413111,13.131,4.708
6135,6.52100480674703,52.3125580359595,14.189,5.088
6136,6.52101479086117,52.3125626306078,14.767,5.295
6137,6.52102477497532,52.3125672252562,14.523,5.207
6138,6.52103475908946,52.3125718199045,14.093,5.053
6139,6.52104474320361,52.3125764145529,14.566,5.223
6140,6.52105472731775,52.3125810092012,14.606,5.237
6141,6.5210647114319,52.3125856038496,14.946,5.359
6142,6.52107469554604,52.3125901984979,14.141,5.07
6143,6.52108467966019,52.3125947931463,15.024,5.387
6144,6.52109466377433,52.3125993877946,13.861,4.97
6145,6.52110464788848,52.312603982443,14.199,5.091
6146,6.52111463200262,52.3126085770914,15.486,5.553
6147,6.52112461611677,52.3126131717397,13.877,4.976
6148,6.52113460023091,52.3126177663881,14.084,5.05
6149,6.52114458434506,52.3126223610364,13.727,4.922
6150,6.52115456845921,52.3126269556848,13.969,5.009
6151,6.5211645387706,52.3126315741997,14.529,5.21
6152,6.52117450374842,52.3126362019369,14.856,5.327
6153,6.52118446872624,52.3126408296741,14.421,5.171
6154,6.52119443370406,52.3126454574114,14.234,5.104
6155,6.52120439868188,52.3126500851486,13.686,4.907
6156,6.5212143636597,52.3126547128859,13.981,5.013
6157,6.52122432863752,52.3126593406231,13.492,4.838
6158,6.52123429361534,52.3126639683603,14.826,5.316
6159,6.52124425859316,52.3126685960976,14.859,5.328
6160,6.52125422357098,52.3126732238348,14.353,5.146
6161,6.5212641885488,52.312677851572,14.629,5.245
6162,6.52127415352662,52.3126824793093,14.876,5.334
6163,6.52128411850445,52.3126871070465,14.412,5.168
6164,6.52129408348227,52.3126917347838,15.164,5.437
6165,6.52130404846009,52.312696362521,13.734,4.925
6166,6.52131401343791,52.3127009902583,14.123,5.064
6167,6.52132397841573,52.3127056179955,14.045,5.036
6168,6.52133394339355,52.3127102457327,14.693,5.268
6169,6.52134390837137,52.31271487347,13.46,4.826
6170,6.52135387334919,52.3127195012072,15.147,5.431
6171,6.52136383832701,52.3127241289444,14.617,5.241
6172,6.52137380330483,52.3127287566817,15.308,5.489
6173,6.52138376828265,52.3127333844189,14.246,5.108
6174,6.52139373326047,52.3127380121562,13.938,4.997
6175,6.52140367411423,52.3127426816067,14.639,5.249
6176,6.52141359362798,52.3127473879565,14.85,5.325
6177,6.52142351314172,52.3127520943063,13.815,4.954
6178,6.52143343265547,52.3127568006561,13.052,4.68
6179,6.52144335216921,52.3127615070059,13.144,4.713
6180,6.52145327168296,52.3127662133557,14.362,5.15
6181,6.52146319119671,52.3127709197055,15.106,5.416
6182,6.52147308340564,52.3127756732684,13.426,4.814
6183,6.52148292501943,52.3127805143161,14.021,5.027
6184,6.52149276663322,52.3127853553638,13.968,5.008
6185,6.52150260824701,52.3127901964115,15.293,5.483
6186,6.5215124498608,52.3127950374592,15.482,5.551
6187,6.52152229147459,52.3127998785069,14.394,5.161
6188,6.52153213325272,52.3128047192705,14.663,5.258
6189,6.52154197628352,52.312809557868,14.637,5.248
6190,6.52155181931432,52.3128143964655,13.363,4.791
6191,6.52156166234512,52.3128192350631,14.517,5.205
6192,6.52157150537592,52.3128240736606,13.497,4.839
6193,6.52158134840672,52.3128289122581,13.986,5.015
6194,6.52159119143751,52.3128337508557,14.747,5.288
6195,6.52160103446831,52.3128385894532,14.114,5.061
6196,6.52161087749911,52.3128434280507,14.705,5.273
6197,6.52162072052991,52.3128482666483,14.811,5.31
6198,6.52163056356071,52.3128531052458,13.003,4.662
6199,6.52164040659151,52.3128579438433,12.745,4.57
6200,6.52165024962231,52.3128627824409,14.699,5.27
6201,6.5216600926531,52.3128676210384,14.712,5.275
6202,6.5216699356839,52.3128724596359,14.146,5.072
6203,6.52167977267178,52.3128773086824,14.215,5.097
6204,6.52168960345728,52.3128821684534,14.498,5.199
6205,6.52169943424279,52.3128870282244,14.477,5.191
6206,6.52170926502829,52.3128918879955,13.773,4.938
6207,6.52171909581379,52.3128967477665,14.503,5.2
6208,6.5217289265993,52.3129016075376,13.726,4.921
6209,6.52173874899471,52.312906481816,14.062,5.042
6210,6.52174848794451,52.3129115003815,14.025,5.029
6211,6.52175822689432,52.3129165189469,13.39,4.801
6212,6.52176796584412,52.3129215375123,13.448,4.822
6213,6.52177770479393,52.3129265560778,15.187,5.445
6214,6.52178744374373,52.3129315746432,13.337,4.782
6215,6.52179718269354,52.3129365932086,14.068,5.044
6216,6.52180692164334,52.312941611774,14.179,5.084
6217,6.52181666059315,52.3129466303395,13.795,4.946
6218,6.52182639954295,52.3129516489049,14.21,5.095
6219,6.52183613849276,52.3129566674703,13.996,5.018
6220,6.52184587744256,52.3129616860358,13.279,4.761
6221,6.52185561639237,52.3129667046012,14.094,5.054
6222,6.52186535534217,52.3129717231666,13.446,4.821
6223,6.52187509429198,52.312976741732,14.778,5.299
6224,6.52188483614159,52.3129817552834,13.994,5.018
6225,6.52189458025587,52.3129867649188,13.318,4.775
6226,6.52190432437015,52.3129917745543,13.919,4.991
6227,6.52191406848443,52.3129967841897,13.161,4.719
6228,6.52192381259872,52.3130017938252,13.844,4.964
6229,6.521933556713,52.3130068034607,13.547,4.857
6230,6.5219432597999,52.3130118840371,13.181,4.726
6231,6.52195291946945,52.3130170396872,13.161,4.719
6232,6.521962579139,52.3130221953372,15.073,5.405
6233,6.52197223880855,52.3130273509872,13.682,4.906
6234,6.52198189847809,52.3130325066372,13.362,4.791
6235,6.52199155814764,52.3130376622873,13.247,4.75
6236,6.52200126276996,52.3130427402088,13.867,4.972
6237,6.52201113995305,52.3130475197532,13.201,4.733
6238,6.52202101713614,52.3130522992975,12.92,4.633
6239,6.52203089431923,52.3130570788418,13.532,4.852
6240,6.52204075339364,52.3130618896981,13.514,4.846
6241,6.522050395718,52.3130670753399,13.279,4.761
6242,6.52206003804236,52.3130722609818,12.987,4.657
6243,6.52206968036672,52.3130774466236,13.268,4.757
6244,6.52207932269107,52.3130826322655,13.209,4.736
6245,6.52208896501543,52.3130878179073,13.114,4.702
6246,6.52209860733979,52.3130930035491,13.621,4.884
6247,6.52210824966415,52.313098189191,14.754,5.29
6248,6.5221178919885,52.3131033748328,14.215,5.097
6249,6.52212753431286,52.3131085604746,14.56,5.221
6250,6.52213717663722,52.3131137461165,13.071,4.687
6251,6.52214681896157,52.3131189317583,14.376,5.155
6252,6.52215646128593,52.3131241174001,13.512,4.845
6253,6.5221660998584,52.3131293095294,13.945,5.0
6254,6.52217573634226,52.3131345052701,13.621,4.884
6255,6.52218537282611,52.3131397010109,13.136,4.71
6256,6.52219500930997,52.3131448967516,13.748,4.929
6257,6.52220464579382,52.3131500924923,13.597,4.875
6258,6.52221428227767,52.3131552882331,12.258,4.395
6259,6.52222391876153,52.3131604839738,13.212,4.737
6260,6.52223355524538,52.3131656797145,13.785,4.943
6261,6.52224319110116,52.3131708765413,13.421,4.812
6262,6.52225282460578,52.3131760774334,13.521,4.848
6263,6.5222624581104,52.3131812783256,12.79,4.586
6264,6.52227209161502,52.3131864792178,13.369,4.794
6265,6.52228172511964,52.3131916801099,13.149,4.715
6266,6.52229135862426,52.3131968810021,13.072,4.687
6267,6.52230099212888,52.3132020818943,12.78,4.582
6268,6.5223106256335,52.3132072827864,13.704,4.914
6269,6.52232025913812,52.3132124836786,13.356,4.789
6270,6.52232989264274,52.3132176845708,13.284,4.763
6271,6.52233952614736,52.3132228854629,14.333,5.139
6272,6.52234915965199,52.3132280863551,13.392,4.802
6273,6.52235879315661,52.3132332872473,13.807,4.951
6274,6.52236842666123,52.3132384881394,13.249,4.75
6275,6.52237801548557,52.3132437662889,12.867,4.614
6276,6.52238760110274,52.3132490499839,12.439,4.46
6277,6.5223971867199,52.3132543336789,13.192,4.73
6278,6.52240677233707,52.313259617374,11.47,4.113
6279,6.52241635795423,52.313264901069,13.184,4.727
6280,6.52242594357139,52.313270184764,13.197,4.732
6281,6.52243552918856,52.3132754684591,12.871,4.615
6282,6.52244510604887,52.3132807672957,12.932,4.637
6283,6.52245467752266,52.3132860754462,12.238,4.388
6284,6.52246424899646,52.3132913835967,13.776,4.94
6285,6.52247382047026,52.3132966917473,12.751,4.572
6286,6.52248339194406,52.3133019998978,12.365,4.434
6287,6.52249296341786,52.3133073080483,13.245,4.749
6288,6.52250253489166,52.3133126161988,12.977,4.653
6289,6.52251210636546,52.3133179243494,12.689,4.55
6290,6.52252167783926,52.3133232324999,12.615,4.523
6291,6.52253124931306,52.3133285406504,12.872,4.616
6292,6.52254082078686,52.3133338488009,13.655,4.896
6293,6.52255039226065,52.3133391569514,13.128,4.707
6294,6.52255996373445,52.313344465102,12.819,4.597
6295,6.52256953520825,52.3133497732525,13.329,4.779
6296,6.52257910668205,52.313355081403,12.832,4.601
6297,6.52258867815585,52.3133603895535,13.04,4.676
6298,6.52259824962965,52.3133656977041,12.881,4.619
6299,6.52260782110345,52.3133710058546,13.127,4.707
6300,6.52261739257725,52.3133763140051,12.508,4.485
6301,6.52262642058267,52.3133825618744,12.087,4.334
6302,6.52263528344291,52.3133890952984,13.279,4.761
6303,6.52264480927768,52.3133944823641,13.619,4.883
6304,6.52265459061337,52.3133994276395,12.08,4.331
6305,6.5226643699418,52.3134043763856,12.816,4.595
6306,6.52267414927024,52.3134093251318,12.435,4.459
6307,6.52268373692109,52.3134146053104,13.207,4.736
6308,6.52269318171501,52.3134201325048,12.821,4.597
6309,6.52270262650892,52.3134256596993,14.622,5.243
6310,6.52271207130284,52.3134311868938,12.476,4.473
6311,6.52272151609675,52.3134367140883,13.546,4.857
6312,6.52273096089067,52.3134422412827,13.592,4.874
6313,6.52274040568458,52.3134477684772,12.933,4.637
6314,6.5227498504785,52.3134532956717,12.63,4.529
6315,6.52275929527242,52.3134588228662,12.653,4.537
6316,6.52276874006633,52.3134643500606,12.592,4.515
6317,6.52277817960063,52.3134698863496,13.241,4.748
6318,6.5227876185663,52.3134754236218,12.05,4.321
6319,6.52279706636042,52.3134809456285,12.457,4.467
6320,6.52280650347464,52.3134864861021,12.375,4.437
6321,6.52281593433537,52.3134920373886,11.514,4.129
6322,6.52282538802611,52.3134975491995,13.024,4.67
6323,6.52283484171685,52.3135030610103,13.132,4.709
6324,6.52284427280199,52.3135086119088,12.123,4.347
6325,6.52285369428029,52.3135141794186,13.091,4.694
6326,6.52286314106697,52.3135197031674,11.542,4.139
6327,6.5228725993143,52.3135252070994,12.477,4.474
6328,6.52288205756163,52.3135307110314,12.377,4.438
6329,6.52289149838935,52.3135362450838,12.492,4.479
6330,6.52290089426257,52.3135418568678,12.478,4.474
6331,6.5229102867489,52.313547474508,12.373,4.436
6332,6.5229196671527,52.3135531130403,12.179,4.367
6333,6.5229290475565,52.3135587515727,12.332,4.422
6334,6.52293842796029,52.313564390105,13.187,4.728
6335,6.52294783951472,52.3135699747743,12.034,4.315
6336,6.5229572284832,52.3135755984973,13.689,4.908
6337,6.52296661745168,52.3135812222203,11.978,4.295
6338,6.52297600642016,52.3135868459433,12.482,4.475
6339,6.52298539538864,52.3135924696664,12.666,4.541
6340,6.52299478325677,52.313598095292,12.147,4.355
6341,6.52300416792932,52.3136037264432,13.12,4.704
6342,6.52301355260186,52.3136093575944,12.617,4.524
6343,6.5230229372744,52.3136149887455,12.165,4.362
6344,6.52303232194694,52.3136206198967,13.081,4.69
6345,6.52304170661948,52.3136262510479,11.666,4.183
6346,6.52305109129203,52.3136318821991,11.92,4.274
6347,6.52306047596457,52.3136375133502,12.572,4.508
6348,6.52306986063711,52.3136431445014,12.701,4.554
6349,6.52307924530965,52.3136487756526,12.409,4.449
6350,6.52308862998219,52.3136544068038,12.133,4.35
6351,6.52309801465474,52.3136600379549,12.049,4.32
6352,6.52310739932728,52.3136656691061,12.851,4.608
6353,6.52311678399982,52.3136713002573,12.316,4.416
6354,6.52312616867236,52.3136769314085,11.651,4.177
6355,6.52313553532926,52.3136825937108,11.606,4.161
6356,6.52314489629898,52.3136882658468,13.032,4.673
6357,6.52315425726869,52.3136939379829,11.708,4.198
6358,6.52316361823841,52.3136996101189,12.28,4.403
6359,6.52317297920813,52.313705282255,12.903,4.626
6360,6.52318234017785,52.3137109543911,12.416,4.452
6361,6.52319170114756,52.3137166265271,11.641,4.174
6362,6.52320106211728,52.3137222986632,11.478,4.116
6363,6.523210423087,52.3137279707992,13.164,4.72
6364,6.52321978405672,52.3137336429353,11.441,4.102
6365,6.52322914502643,52.3137393150714,11.717,4.201
6366,6.52323850599615,52.3137449872074,12.251,4.393
6367,6.52324786696587,52.3137506593435,11.892,4.264
6368,6.52325722793559,52.3137563314795,12.348,4.427
6369,6.5232665889053,52.3137620036156,11.136,3.993
6370,6.52327591797346,52.3137677309131,11.865,4.254
6371,6.52328523955705,52.3137734711523,12.376,4.438
6372,6.52329468033602,52.313779005289,12.368,4.435
6373,6.52330416092819,52.3137844705842,11.62,4.166
6374,6.52331364152036,52.3137899358794,11.345,4.068
6375,6.52332312211254,52.3137954011747,12.061,4.324
6376,6.523332581577,52.3138009030021,11.153,3.999
6377,6.52334190788515,52.3138066350719,12.669,4.543
6378,6.5233512341933,52.3138123671418,11.996,4.301
6379,6.52336056050146,52.3138180992116,11.483,4.117
6380,6.52336988680961,52.3138238312815,11.262,4.038
6381,6.52337894462021,52.3138300276142,11.499,4.123
6382,6.52338812865755,52.3138360056865,10.943,3.924
6383,6.52339881349405,52.3138393887061,12.142,4.354
6384,6.52340878375265,52.3138440073123,11.369,4.076
6385,6.52341740204357,52.3138509636246,12.065,4.326
6386,6.52342602033449,52.3138579199369,12.136,4.352
6387,6.52343463862541,52.3138648762492,12.378,4.438
6388,6.52344377868749,52.3138709303597,11.948,4.284
6389,6.52345300251589,52.3138768396287,12.452,4.465
6390,6.5234622263443,52.3138827488977,12.595,4.516
6391,6.52347145017271,52.3138886581668,11.922,4.275
6392,6.52348067400112,52.3138945674358,11.947,4.284
6393,6.52348989782953,52.3139004767048,11.422,4.095
6394,6.52349912165793,52.3139063859738,11.159,4.001
6395,6.52350834561172,52.313912295026,12.484,4.476
6396,6.52351757172578,52.3139182003429,12.077,4.33
6397,6.52352679783983,52.3139241056597,12.115,4.344
6398,6.52353602395389,52.3139300109766,11.354,4.071
6399,6.52354525006794,52.3139359162934,12.647,4.535
6400,6.523554476182,52.3139418216103,11.548,4.141
6401,6.52356370229606,52.3139477269272,11.201,4.016
6402,6.52357292841011,52.313953632244,11.326,4.061
6403,6.52358215452417,52.3139595375609,12.578,4.51
6404,6.52359138063822,52.3139654428778,10.992,3.941
6405,6.52360060675228,52.3139713481946,11.194,4.014
6406,6.52360983286634,52.3139772535115,13.331,4.78
6407,6.52361905898039,52.3139831588283,12.171,4.364
6408,6.52362828509445,52.3139890641452,11.178,4.008
6409,6.5236375112085,52.3139949694621,10.964,3.931
6410,6.52364683700591,52.3140007024151,10.607,3.803
6411,6.52365623727646,52.3140063065955,11.639,4.173
6412,6.52366564409818,52.3140118994482,12.001,4.303
6413,6.52367505695218,52.3140174818705,12.458,4.467
6414,6.52368447060897,52.3140230629046,10.442,3.744
6415,6.52369388426576,52.3140286439387,10.768,3.861
6416,6.52370329792255,52.3140342249728,11.469,4.112
6417,6.52371271157934,52.3140398060069,13.17,4.722
6418,6.52372202714651,52.3140455566491,12.043,4.318
6419,6.52373132139105,52.3140513441606,11.733,4.207
6420,6.52374061563558,52.3140571316721,10.785,3.867
6421,6.5237499110856,52.3140629170992,10.251,3.676
6422,6.52375920718806,52.3140687013982,11.512,4.128
6423,6.52376850329052,52.3140744856971,11.423,4.096
6424,6.52377779939298,52.314080269996,11.316,4.057
6425,6.52378709549544,52.314086054295,11.242,4.031
6426,6.5237963915979,52.3140918385939,11.018,3.951
6427,6.52380568770036,52.3140976228929,10.875,3.899
6428,6.52381498380282,52.3141034071918,12.26,4.396
6429,6.5238242801492,52.314109191069,10.913,3.913
6430,6.52383357661638,52.3141149747373,11.265,4.039
6431,6.52384287308357,52.3141207584055,11.397,4.086
6432,6.52385216955076,52.3141265420738,11.828,4.241
6433,6.52386146601795,52.3141323257421,10.904,3.91
6434,6.52387076248514,52.3141381094104,11.973,4.293
6435,6.52388005895233,52.3141438930787,11.05,3.962
6436,6.52388935541952,52.314149676747,11.288,4.047
6437,6.52389865188671,52.3141554604152,12.343,4.426
6438,6.52390787307103,52.3141613742562,10.799,3.872
6439,6.52391706616429,52.3141673366697,11.786,4.226
6440,6.52392625925755,52.3141732990833,11.946,4.283
6441,6.5239354523508,52.3141792614969,11.531,4.135
6442,6.52394464544406,52.3141852239105,11.273,4.042
6443,6.52395383853732,52.3141911863241,12.585,4.513
6444,6.52396303163058,52.3141971487377,11.321,4.059
6445,6.52397222905439,52.3142031036632,11.442,4.103
6446,6.52398144444343,52.3142090275249,11.118,3.986
6447,6.52399065921634,52.3142149524519,11.398,4.087
6448,6.52399985800157,52.3142209050234,11.87,4.256
6449,6.5240090567868,52.3142268575949,11.135,3.992
6450,6.52401825557203,52.3142328101664,10.05,3.604
6451,6.52402745435727,52.3142387627379,11.586,4.154
6452,6.5240366531425,52.3142447153094,10.644,3.817
6453,6.52404583539181,52.3142506964734,11.709,4.198
6454,6.52405504576422,52.3142566290094,11.266,4.039
6455,6.52406432103056,52.3142624493364,11.815,4.236
6456,6.5240735962969,52.3142682696633,10.697,3.836
6457,6.52408287156324,52.3142740899903,10.934,3.921
6458,6.52409214682958,52.3142799103173,11.044,3.96
6459,6.52410142209592,52.3142857306442,10.366,3.717
6460,6.52411067675783,52.3142915865986,11.886,4.262
6461,6.52411992528783,52.3142974531557,10.271,3.683
6462,6.52412917381783,52.3143033197129,11.867,4.255
6463,6.52413842234783,52.31430918627,11.466,4.111
6464,6.52414767087783,52.3143150528271,11.095,3.978
6465,6.52415691940784,52.3143209193843,11.409,4.091
6466,6.52416616793784,52.3143267859414,11.388,4.083
6467,6.52417545515563,52.314332585603,10.961,3.93
6468,6.5241847528865,52.3143383670862,11.367,4.076
6469,6.52419405061737,52.3143441485694,11.617,4.165
6470,6.52420334834823,52.3143499300527,10.627,3.81
6471,6.5242126460791,52.3143557115359,11.381,4.081
6472,6.52422194380997,52.3143614930191,9.629,3.452
6473,6.52423124154083,52.3143672745024,10.034,3.598
6474,6.5242405392717,52.3143730559856,11.496,4.122
6475,6.52424983700257,52.3143788374689,10.914,3.913
6476,6.52425913473343,52.3143846189521,10.654,3.82
6477,6.5242684324643,52.3143904004353,11.12,3.987
6478,6.52427773019517,52.3143961819186,10.915,3.914
6479,6.52428702792603,52.3144019634018,10.562,3.787
6480,6.5242963313652,52.3144077350148,10.176,3.649
6481,6.52430563627627,52.3144135040826,9.978,3.578
6482,6.52431494118735,52.3144192731504,11.566,4.147
6483,6.52432424609843,52.3144250422183,10.88,3.901
6484,6.52433355049684,52.3144308121726,11.695,4.193
6485,6.5243428481758,52.3144365937456,10.867,3.896
6486,6.52435214585475,52.3144423753186,11.326,4.061
6487,6.52436144044465,52.3144481622329,11.041,3.959
6488,6.52437071977319,52.3144539755358,11.137,3.993
6489,6.52437998736937,52.3144598091254,11.162,4.002
6490,6.52438925496555,52.3144656427149,10.842,3.888
6491,6.52439852256173,52.3144714763045,10.378,3.721
6492,6.52440779015791,52.314477309894,11.549,4.141
6493,6.52441705775409,52.3144831434836,12.033,4.314
6494,6.52442632535027,52.3144889770731,12.068,4.327
6495,6.52443559294645,52.3144948106627,10.764,3.86
6496,6.52444486054263,52.3145006442522,10.656,3.821
6497,6.52445412813881,52.3145064778417,10.758,3.858
6498,6.52446339573499,52.3145123114313,10.978,3.936
6499,6.52447266333117,52.3145181450208,11.048,3.961
6500,6.52448193092735,52.3145239786104,10.49,3.761
6501,6.52449119852353,52.3145298121999,10.204,3.659
6502,6.52450046611971,52.3145356457895,11.101,3.98
6503,6.52450973371589,52.314541479379,8.993,3.225
6504,6.52451891699627,52.3145474587602,11.008,3.947
6505,6.52452809049993,52.3145534550464,10.509,3.768
6506,6.52453727067001,52.3145594398056,11.521,4.131
6507,6.52454646918521,52.3145653928441,11.677,4.187
6508,6.5245556677004,52.3145713458825,11.688,4.191
6509,6.5245648662156,52.314577298921,10.852,3.891
6510,6.52457406473079,52.3145832519594,10.387,3.724
6511,6.52458326324599,52.3145892049978,10.573,3.791
6512,6.52459246848706,52.3145951464065,11.219,4.023
6513,6.52460170726225,52.3146010298308,10.08,3.614
6514,6.52461094603745,52.3146069132551,11.866,4.255
6515,6.52462018481265,52.3146127966794,10.85,3.89
6516,6.52462942358784,52.3146186801037,11.336,4.065
6517,6.52463866236304,52.314624563528,9.993,3.583
6518,6.52464790113823,52.3146304469523,10.494,3.763
6519,6.52465713991343,52.3146363303766,9.916,3.555
6520,6.52466637868863,52.3146422138009,11.635,4.172
6521,6.52467561746382,52.3146480972252,10.939,3.922
6522,6.5246847895655,52.3146540959357,11.367,4.076
6523,6.52469401048487,52.3146600102347,11.067,3.968
6524,6.52470326734412,52.3146658623897,11.303,4.053
6525,6.52471252420337,52.3146717145446,10.827,3.882
6526,6.52472178106262,52.3146775666995,10.904,3.91
6527,6.52473103792187,52.3146834188544,10.968,3.933
6528,6.52474043547007,52.3146890277421,11.259,4.037
6529,6.52474984512962,52.3146946156879,11.272,4.042
6530,6.52475925478917,52.3147002036337,12.67,4.543
6531,6.52476866444872,52.3147057915795,12.003,4.304
6532,6.52477801721426,52.3147114779015,9.966,3.573
6533,6.52478735635163,52.3147171877882,10.926,3.918
6534,6.524796695489,52.3147228976749,10.769,3.861
6535,6.52480603462637,52.3147286075615,11.759,4.216
6536,6.52481537376374,52.3147343174482,10.818,3.879
6537,6.52482468181623,52.3147400810842,11.275,4.043
6538,6.52483397645625,52.3147458679118,9.625,3.451
6539,6.52484327109627,52.3147516547395,10.107,3.624
6540,6.52485256573629,52.3147574415672,12.226,4.384
6541,6.5248618603763,52.3147632283949,11.022,3.952
6542,6.52487115501632,52.3147690152225,10.403,3.73
6543,6.52488044965634,52.3147748020502,11.131,3.991
6544,6.52488974429636,52.3147805888779,10.366,3.717
6545,6.52489904406081,52.3147863668448,10.816,3.878
6546,6.52490834399846,52.3147921445123,10.126,3.631
6547,6.52491764070015,52.3147979277751,10.514,3.77
6548,6.52492693740184,52.3148037110379,10.73,3.847
6549,6.52493623410353,52.3148094943006,11.631,4.171
6550,6.5249455305364,52.3148152780283,11.242,4.031
6551,6.52495482600564,52.3148210634221,11.342,4.067
6552,6.52496412330984,52.3148268456431,10.949,3.926
6553,6.52497342146493,52.3148326263928,11.445,4.104
6554,6.52498271962001,52.3148384071426,10.444,3.745
6555,6.52499201777509,52.3148441878923,10.523,3.773
6556,6.52500131580218,52.3148499688633,11.191,4.013
6557,6.52501060377536,52.3148557672187,10.784,3.867
6558,6.52501989174853,52.3148615655741,10.936,3.921
6559,6.52502917934298,52.3148673645844,10.845,3.888
6560,6.52503846543845,52.3148731661865,11.675,4.186
6561,6.52504775153392,52.3148789677887,11.702,4.196
6562,6.52505703762939,52.3148847693909,10.562,3.787
6563,6.52506632372486,52.314890570993,9.892,3.547
6564,6.52507560982033,52.3148963725952,10.504,3.766
6565,6.5250848959158,52.3149021741974,10.392,3.726
6566,6.52509418201127,52.3149079757995,11.404,4.089
6567,6.52510346810674,52.3149137774017,11.453,4.106
6568,6.5251127542022,52.3149195790039,10.301,3.693
6569,6.52512204029767,52.314925380606,10.459,3.75
6570,6.52513132639314,52.3149311822082,10.029,3.596
6571,6.52514061248861,52.3149369838104,10.974,3.935
6572,6.52514989858408,52.3149427854125,10.864,3.895
6573,6.52515918467955,52.3149485870147,11.35,4.07
6574,6.52516847077502,52.3149543886169,11.174,4.006
6575,6.52517775687049,52.314960190219,11.236,4.029
6576,6.52518704296595,52.3149659918212,9.966,3.573
6577,6.52519632906142,52.3149717934234,10.5,3.765
6578,6.52520561515689,52.3149775950255,11.421,4.095
6579,6.52521490125236,52.3149833966277,10.542,3.78
6580,6.52522418734783,52.3149891982299,9.897,3.548
6581,6.5252334734433,52.314994999832,11.324,4.06
6582,6.52524269577425,52.3150009116903,10.505,3.767
6583,6.52525189155804,52.3150068694517,11.464,4.111
6584,6.52526108734184,52.315012827213,10.823,3.881
6585,6.52527028312563,52.3150187849743,10.666,3.824
6586,6.525279478228,52.3150247439139,11.626,4.169
6587,6.52528864737097,52.3150307477403,10.053,3.605
6588,6.52529781651394,52.3150367515667,11.658,4.18
6589,6.52530698565691,52.315042755393,10.433,3.741
6590,6.52531615479988,52.3150487592194,10.899,3.908
6591,6.52532532394285,52.3150547630457,10.9,3.908
6592,6.52533449308583,52.3150607668721,10.542,3.78
6593,6.5253436622288,52.3150667706985,10.34,3.708
6594,6.52535283137177,52.3150727745248,10.566,3.788
6595,6.52536200051474,52.3150787783512,10.181,3.651
6596,6.52537116965771,52.3150847821775,11.927,4.276
6597,6.52538033880068,52.3150907860039,10.485,3.759
6598,6.52538950794365,52.3150967898302,11.444,4.103
6599,6.52539867708662,52.3151027936566,11.361,4.074
6600,6.52540784622959,52.315108797483,10.965,3.932
6601,6.52541701537257,52.3151148013093,10.667,3.825
6602,6.52542615724668,52.3151208522866,10.855,3.892
6603,6.52543545261066,52.3151266378625,11.072,3.97
6604,6.52544482341409,52.3151322929949,10.79,3.869
6605,6.52545419421752,52.3151379481274,9.804,3.515
6606,6.52546356004953,52.315143611856,9.651,3.46
6607,6.52547291863428,52.3151492881159,11.602,4.16
6608,6.52548229531953,52.3151549330781,9.16,3.284
6609,6.52549167200478,52.3151605780402,10.82,3.879
6610,6.52550104869003,52.3151662230023,10.561,3.787
6611,6.52551042537528,52.3151718679644,10.789,3.868
6612,6.52551980206054,52.3151775129265,10.019,3.592
6613,6.52552917874579,52.3151831578886,10.89,3.905
6614,6.52553855543104,52.3151888028507,10.8,3.873
6615,6.52554793211629,52.3151944478128,12.298,4.41
6616,6.52555730880154,52.315200092775,10.746,3.853
6617,6.52556668548679,52.3152057377371,11.457,4.108
6618,6.52557606217204,52.3152113826992,9.778,3.506
6619,6.5255854388573,52.3152170276613,11.254,4.035
6620,6.52559481554255,52.3152226726234,10.783,3.866
6621,6.52560403680576,52.3152285863279,10.804,3.874
6622,6.52561325570004,52.3152345041286,10.807,3.875
6623,6.52562247459432,52.3152404219293,11.639,4.173
6624,6.52563169348861,52.3152463397299,10.781,3.866
6625,6.52564091238289,52.3152522575306,10.166,3.645
6626,6.52565012959204,52.3152581782451,10.26,3.679
6627,6.52565934609226,52.3152641001854,11.098,3.979
6628,6.52566856259248,52.3152700221256,10.877,3.9
6629,6.5256777790927,52.3152759440659,9.709,3.481
6630,6.52568699559292,52.3152818660062,10.908,3.911
6631,6.52569621209314,52.3152877879465,9.965,3.573
6632,6.52570542859335,52.3152937098868,10.855,3.892
6633,6.52571464509357,52.3152996318271,10.119,3.628
6634,6.52572386159379,52.3153055537673,10.424,3.737
6635,6.52573307809401,52.3153114757076,10.265,3.681
6636,6.52574229459423,52.3153173976479,11.475,4.114
6637,6.52575151109445,52.3153233195882,10.814,3.878
6638,6.52576050051562,52.3153290969127,11.316,4.057
6639,6.52576823594562,52.3153340756301,12.274,4.401
6640,6.52577597137563,52.3153390543475,10.595,3.799
6641,6.52578370680564,52.315344033065,11.447,4.105
6642,6.52579144223565,52.3153490117824,10.149,3.639
6643,6.52579917766565,52.3153539904999,11.296,4.05
6644,6.52580691309566,52.3153589692173,10.08,3.614
6645,6.52581464852567,52.3153639479347,10.541,3.779
6646,6.52582238395568,52.3153689266522,10.864,3.895
6647,6.52583011938569,52.3153739053696,10.954,3.928
6648,6.52583785481569,52.3153788840871,9.794,3.512
6649,6.5258455902457,52.3153838628045,10.03,3.596
6650,6.52585332567571,52.3153888415219,10.897,3.907
6651,6.52586106110572,52.3153938202394,10.319,3.7
6652,6.52586879653572,52.3153987989568,9.711,3.482
6653,6.52587653196573,52.3154037776743,10.488,3.761
6654,6.52588426739574,52.3154087563917,10.458,3.75
6655,6.52589200282575,52.3154137351091,10.63,3.811
6656,6.52589973825575,52.3154187138266,10.835,3.885
6657,6.52590747368576,52.315423692544,10.795,3.871
6658,6.52591520911577,52.3154286712615,10.068,3.61
6659,6.52592294454578,52.3154336499789,10.276,3.685
6660,6.52593067997579,52.3154386286963,11.062,3.966
6661,6.52593841540579,52.3154436074138,10.195,3.655
6662,6.5259461508358,52.3154485861312,10.28,3.686
6663,6.52595388626581,52.3154535648487,9.626,3.452
6664,6.52596162169582,52.3154585435661,10.493,3.762
6665,6.52596935712582,52.3154635222835,10.711,3.841
6666,6.52597709255583,52.315468501001,9.345,3.351
6667,6.52598482759798,52.3154734794436,9.876,3.541
6668,6.52599024875258,52.3154768184817,9.668,3.467
6669,6.52599566990718,52.3154801575197,10.967,3.932
6670,6.52600109106177,52.3154834965577,9.378,3.363
6671,6.52600651221637,52.3154868355958,10.455,3.749
6672,6.52601193337097,52.3154901746338,10.923,3.916
6673,6.52601734802777,52.3154935227997,10.61,3.804
6674,6.52602274831494,52.3154968911516,10.24,3.672
6675,6.5260281486021,52.3155002595034,10.702,3.837
6676,6.52603354888926,52.3155036278552,11.108,3.983
6677,6.52603894917643,52.315506996207,10.434,3.741
6678,6.52604434946359,52.3155103645589,9.18,3.292
6679,6.52604974975076,52.3155137329107,11.171,4.006
6680,6.52605515003792,52.3155171012625,10.732,3.848
6681,6.52606055032509,52.3155204696143,10.476,3.756
6682,6.52606595061225,52.3155238379662,9.331,3.346
6683,6.52607135089941,52.315527206318,10.32,3.7
6684,6.52607675118658,52.3155305746698,9.98,3.579
6685,6.52608215147374,52.3155339430216,9.78,3.507
6686,6.52608755176091,52.3155373113735,10.415,3.734
6687,6.52609295204807,52.3155406797253,10.18,3.65
6688,6.52609835233524,52.3155440480771,10.219,3.664
6689,6.5261037526224,52.3155474164289,10.93,3.919
6690,6.52610915290956,52.3155507847808,10.646,3.817
6691,6.52611455319673,52.3155541531326,10.204,3.659
6692,6.52611995348389,52.3155575214844,10.13,3.632
6693,6.52612535377106,52.3155608898362,10.229,3.668
6694,6.52613075405822,52.3155642581881,10.351,3.711
6695,6.5261275389773,52.3155797290808,10.84,3.887
6696,6.52612275861581,52.31559739882,9.884,3.544
6697,6.52611797825432,52.3156150685592,11.356,4.072
6698,6.52611319789283,52.3156327382984,10.842,3.888
6699,6.52610841753134,52.3156504080376,8.889,3.187
6700,6.52610505422986,52.3156660871449,10.55,3.783
6701,6.52611373526079,52.3156648468329,11.112,3.984
6702,6.52614045584637,52.3156382652417,10.729,3.847
6703,6.52616717643195,52.3156116836505,10.259,3.678
6704,6.52618049731023,52.3156039254577,10.466,3.753
6705,6.52617690701662,52.3156199234349,10.608,3.803
6706,6.52617468144664,52.3156340043003,10.956,3.928
6707,6.52618353052127,52.3156325279269,9.672,3.468
6708,6.52620316271148,52.3156159038435,10.149,3.639
6709,6.52617794137843,52.3156622882808,11.47,4.113
6710,6.52618762279386,52.3156596426668,10.526,3.774
6711,6.5261973042093,52.3156569970527,11.406,4.09
6712,6.52620698562474,52.3156543514386,12.265,4.398
6713,6.52621666704018,52.3156517058245,10.22,3.665
6714,6.52622634845561,52.3156490602104,9.807,3.516
6715,6.52623602987105,52.3156464145964,10.356,3.713
6716,6.52624571128649,52.3156437689823,11.159,4.001
6717,6.52625503069754,52.3156416318982,11.243,4.031
6718,6.52626033592033,52.3156451337928,11.851,4.249
6719,6.52626564114313,52.3156486356874,10.495,3.763
6720,6.52627094636592,52.315652137582,10.804,3.874
6721,6.52627625158871,52.3156556394767,10.1,3.621
6722,6.52628155681151,52.3156591413713,9.045,3.243
6723,6.5262868620343,52.3156626432659,10.498,3.764
6724,6.52629216725709,52.3156661451606,9.844,3.53
6725,6.52629747247989,52.3156696470552,10.902,3.909
6726,6.52630277770268,52.3156731489498,9.419,3.377
6727,6.52630808292548,52.3156766508445,10.092,3.618
6728,6.52631338814827,52.3156801527391,10.685,3.831
6729,6.52631869337106,52.3156836546337,10.748,3.854
6730,6.52632399859386,52.3156871565283,10.503,3.766
6731,6.52632930381665,52.315690658423,11.63,4.17
6732,6.52633460903944,52.3156941603176,11.457,4.108
6733,6.52633991426224,52.3156976622122,10.133,3.633
6734,6.52634521948503,52.3157011641069,11.484,4.118
6735,6.52635052470783,52.3157046660015,11.575,4.15
6736,6.52635582993062,52.3157081678961,10.468,3.753
6737,6.52636113515341,52.3157116697908,10.569,3.79
6738,6.52636644037621,52.3157151716854,10.514,3.77
6739,6.526371745599,52.31571867358,10.166,3.645
6740,6.52637705082179,52.3157221754746,10.227,3.667
6741,6.52638235604459,52.3157256773693,11.325,4.061
6742,6.52638766126738,52.3157291792639,10.809,3.876
6743,6.52639296649018,52.3157326811585,10.228,3.667
6744,6.52639827171297,52.3157361830532,10.011,3.589
6745,6.52640357693576,52.3157396849478,10.112,3.626
6746,6.52640888215856,52.3157431868424,10.463,3.752
6747,6.52641418738135,52.3157466887371,11.099,3.98
6748,6.52641949260415,52.3157501906317,10.058,3.606
6749,6.52642479782694,52.3157536925263,11.097,3.979
6750,6.52643010304973,52.3157571944209,10.684,3.831
6751,6.52643540827253,52.3157606963156,10.655,3.82
6752,6.52644071349532,52.3157641982102,11.177,4.008
6753,6.52644601871811,52.3157677001048,11.072,3.97
6754,6.52645132394091,52.3157712019995,9.752,3.497
6755,6.5264566291637,52.3157747038941,9.943,3.565
6756,6.5264619343865,52.3157782057887,10.449,3.746
6757,6.52646723960929,52.3157817076834,10.796,3.871
6758,6.52647254483208,52.315785209578,11.391,4.085
6759,6.52647785005488,52.3157887114726,10.63,3.811
6760,6.52648315527767,52.3157922133672,11.596,4.158
6761,6.52648853823949,52.3157957755186,10.182,3.651
6762,6.5264944251013,52.3157997282506,10.284,3.687
6763,6.5265003119631,52.3158036809826,10.423,3.737
6764,6.5265061988249,52.3158076337146,10.126,3.631
6765,6.5265120856867,52.3158115864466,11.291,4.049
6766,6.52651797254851,52.3158155391786,8.984,3.221
6767,6.52652385941031,52.3158194919106,10.319,3.7
6768,6.52652974627211,52.3158234446426,11.294,4.05
6769,6.52653563313391,52.3158273973746,10.438,3.743
6770,6.52654151999571,52.3158313501066,11.256,4.036
6771,6.52654740685752,52.3158353028387,11.921,4.274
6772,6.52655616483705,52.3158409039061,10.679,3.829
6773,6.52656544436766,52.315846804401,11.323,4.06
6774,6.52657472389826,52.3158527048958,12.062,4.325
6775,6.52658400342887,52.3158586053906,10.879,3.901
6776,6.52659328295947,52.3158645058854,10.618,3.807
6777,6.52660256249008,52.3158704063802,11.181,4.009
6778,6.52661184202068,52.315876306875,11.35,4.07
6779,6.52662112155129,52.3158822073698,10.634,3.813
6780,6.52663038941638,52.315888121711,10.376,3.721
6781,6.52663963995072,52.3158940566228,11.675,4.186
6782,6.52664889048506,52.3158999915345,10.509,3.768
6783,6.52665806953824,52.3159060112905,11.374,4.078
6784,6.5266670010252,52.3159123248939,10.831,3.883
6785,6.52667593251215,52.3159186384973,11.754,4.215
6786,6.52668486399911,52.3159249521007,10.185,3.652
6787,6.52669386524044,52.3159311829095,10.187,3.653
6788,6.52670293055689,52.3159373376647,11.194,4.014
6789,6.52671199587334,52.3159434924199,10.031,3.597
6790,6.52672106118979,52.3159496471751,10.768,3.861
6791,6.52673012650623,52.3159558019303,11.614,4.164
6792,6.52673919182268,52.3159619566855,9.658,3.463
6793,6.52674825713913,52.3159681114407,10.948,3.926
6794,6.52675732245558,52.3159742661959,11.428,4.098
6795,6.52676638777202,52.315980420951,10.705,3.838
6796,6.52677545308847,52.3159865757062,10.179,3.65
6797,6.52678451840492,52.3159927304614,10.573,3.791
6798,6.52679358372137,52.3159988852166,10.239,3.671
6799,6.52680264903782,52.3160050399718,10.777,3.864
6800,6.52681171435426,52.316011194727,10.577,3.793
6801,6.52682077967071,52.3160173494822,10.442,3.744
6802,6.52682984498716,52.3160235042374,11.022,3.952
6803,6.52683891030361,52.3160296589926,11.68,4.188
6804,6.52684797562005,52.3160358137477,10.948,3.926
6805,6.5268570409365,52.3160419685029,11.55,4.141
6806,6.52686610625295,52.3160481232581,11.692,4.192
6807,6.5268751715694,52.3160542780133,10.422,3.737
6808,6.52688467992337,52.3160599069074,10.933,3.92
6809,6.52689430926912,52.316065392191,10.525,3.774
6810,6.52690393861488,52.3160708774745,9.907,3.552
6811,6.52691356796064,52.3160763627581,10.991,3.941
6812,6.52692319730639,52.3160818480416,10.167,3.645
6813,6.52693282665215,52.3160873333252,11.074,3.971
6814,6.5269424559979,52.3160928186087,9.878,3.542
6815,6.52695208534366,52.3160983038923,10.897,3.907
6816,6.52696171468942,52.3161037891759,9.876,3.541
6817,6.52697134403517,52.3161092744594,11.199,4.016
6818,6.52698097338093,52.316114759743,10.575,3.792
6819,6.52699060272668,52.3161202450265,10.522,3.773
6820,6.52700023207244,52.3161257303101,11.475,4.115
6821,6.5270098614182,52.3161312155936,10.627,3.81
6822,6.52701949076395,52.3161367008772,10.884,3.902
6823,6.52702912010971,52.3161421861607,10.705,3.838
6824,6.52703874945546,52.3161476714443,11.123,3.988
6825,6.52704832110689,52.3161532252078,11.44,4.102
6826,6.52705788746829,52.3161587852503,11.321,4.059
6827,6.5270674538297,52.3161643452928,10.558,3.785
6828,6.52707702019111,52.3161699053353,11.545,4.14
6829,6.52708658655251,52.3161754653778,10.298,3.692
6830,6.52709615291392,52.3161810254203,10.402,3.73
6831,6.52710571927532,52.3161865854628,10.766,3.86
6832,6.52711532781954,52.3161920954366,11.458,4.108
6833,6.52712507647942,52.3161974391009,10.156,3.642
6834,6.5271348251393,52.3162027827652,11.37,4.077
6835,6.52714457379919,52.3162081264295,10.816,3.878
6836,6.52715432245907,52.3162134700937,10.594,3.799
6837,6.52716407111895,52.316218813758,11.496,4.122
6838,6.52717381977884,52.3162241574223,10.38,3.722
6839,6.52718356843872,52.3162295010866,12.197,4.373
6840,6.5271933170986,52.3162348447508,10.75,3.854
6841,6.52720306575848,52.3162401884151,10.943,3.924
6842,6.52721271053613,52.3162456553819,11.762,4.218
6843,6.52722233963261,52.3162511409613,10.959,3.929
6844,6.52723196872909,52.3162566265407,11.555,4.143
6845,6.52724159782557,52.3162621121202,9.707,3.481
6846,6.52725122692204,52.3162675976996,10.596,3.799
6847,6.52726085601852,52.316273083279,11.089,3.976
6848,6.527270485115,52.3162785688585,11.492,4.12
6849,6.52728010538531,52.3162840649141,11.308,4.055
6850,6.52728972116387,52.3162895663011,11.252,4.035
6851,6.52729933694242,52.3162950676882,11.478,4.116
6852,6.52730895272097,52.3163005690753,11.133,3.992
6853,6.52731856849953,52.3163060704624,9.592,3.439
6854,6.52732818427808,52.3163115718494,11.699,4.195
6855,6.52733780005663,52.3163170732365,10.357,3.714
6856,6.52734741583519,52.3163225746236,11.033,3.956
6857,6.52735703161374,52.3163280760106,10.953,3.927
6858,6.52736664739229,52.3163335773977,10.873,3.898
6859,6.52737635334128,52.3163389717575,10.192,3.655
6860,6.52738607886553,52.3163443428825,9.701,3.478
6861,6.52739573423235,52.3163497972805,10.249,3.675
6862,6.52740502870611,52.3163556800386,11.322,4.06
6863,6.52741432317988,52.3163615627967,9.983,3.579
6864,6.52742361765364,52.3163674455548,10.313,3.698
6865,6.5274329121274,52.3163733283129,11.073,3.97
6866,6.52744220660117,52.316379211071,10.22,3.665
6867,6.52745150107493,52.3163850938291,10.502,3.766
6868,6.52746079554869,52.3163909765872,10.866,3.896
6869,6.52747009002246,52.3163968593454,10.98,3.937
6870,6.52747938449622,52.3164027421035,10.195,3.655
6871,6.52748867896998,52.3164086248616,10.889,3.905
6872,6.52749797344375,52.3164145076197,11.037,3.957
6873,6.52750726791751,52.3164203903778,10.05,3.603
6874,6.52751656239127,52.3164262731359,10.92,3.916
6875,6.52752585686504,52.316432155894,10.368,3.718
6876,6.5275351513388,52.3164380386521,10.858,3.893
6877,6.52754444581256,52.3164439214102,11.205,4.018
6878,6.52755374028633,52.3164498041684,10.671,3.826
6879,6.52756303476009,52.3164556869265,11.307,4.054
6880,6.52757232923385,52.3164615696846,11.23,4.027
6881,6.52758162370762,52.3164674524427,11.293,4.049
6882,6.52759091818138,52.3164733352008,10.991,3.941
6883,6.52760021265514,52.3164792179589,11.395,4.086
6884,6.52760950712891,52.316485100717,10.969,3.933
6885,6.52761880160267,52.3164909834751,9.756,3.498
6886,6.52762810520612,52.3164968553968,10.264,3.68
6887,6.52763742469549,52.3165027084628,10.6,3.801
6888,6.52764674418485,52.3165085615288,10.666,3.824
6889,6.52765606367422,52.3165144145947,10.921,3.916
6890,6.52766538316358,52.3165202676607,10.23,3.668
6891,6.52767470265295,52.3165261207267,11.879,4.259
6892,6.52768402214231,52.3165319737927,10.63,3.812
6893,6.52769334163168,52.3165378268586,10.679,3.829
6894,6.52770266112104,52.3165436799246,10.282,3.687
6895,6.5277119806104,52.3165495329906,10.079,3.614
6896,6.52772130009977,52.3165553860566,10.588,3.796
6897,6.52773061958913,52.3165612391226,10.671,3.826
6898,6.5277399390785,52.3165670921885,10.596,3.799
6899,6.5277490893385,52.3165731461204,11.613,4.164
6900,6.52775810239804,52.3165793629017,10.557,3.785
6901,6.52776711545758,52.3165855796829,10.573,3.791
6902,6.52777612851712,52.3165917964642,11.095,3.978
6903,6.52778514157667,52.3165980132454,10.507,3.767
6904,6.52779415463621,52.3166042300267,10.917,3.914
6905,6.52780316769575,52.3166104468079,9.839,3.528
6906,6.5278121807553,52.3166166635892,9.835,3.526
6907,6.52782119381484,52.3166228803704,10.646,3.817
6908,6.52783020687438,52.3166290971517,10.43,3.74
6909,6.52783921993392,52.3166353139329,10.081,3.615
6910,6.52784778250297,52.3166420654215,10.62,3.808
6911,6.52785630337246,52.3166488664051,10.663,3.823
6912,6.52786482424195,52.3166556673888,10.113,3.626
6913,6.52787334511145,52.3166624683724,10.217,3.663
6914,6.52788186598094,52.3166692693561,10.64,3.815
6915,6.52789038685044,52.3166760703397,9.903,3.551
6916,6.52789890771993,52.3166828713234,10.139,3.636
6917,6.52790742858943,52.316689672307,10.799,3.872
6918,6.52791594945892,52.3166964732907,10.462,3.751
6919,6.52792447032841,52.3167032742743,10.186,3.652
6920,6.52793299119791,52.316710075258,9.926,3.559
6921,6.5279415120674,52.3167168762416,9.852,3.532
6922,6.5279500329369,52.3167236772253,10.361,3.715
6923,6.52795962860654,52.3167292024805,11.62,4.166
6924,6.52796936991618,52.3167345548692,10.752,3.855
6925,6.52797911122582,52.3167399072578,9.625,3.451
6926,6.52798885253546,52.3167452596464,10.816,3.878
6927,6.5279985938451,52.316750612035,9.944,3.565
6928,6.52800833515474,52.3167559644236,10.377,3.721
6929,6.52801807646438,52.3167613168122,10.024,3.594
6930,6.52802781777402,52.3167666692008,11.55,4.141
6931,6.52803755908366,52.3167720215894,9.684,3.472
6932,6.5280473003933,52.316777373978,10.525,3.774
6933,6.52805704170294,52.3167827263666,9.928,3.56
6934,6.52806678301258,52.3167880787552,10.755,3.856
6935,6.52807652432222,52.3167934311438,10.483,3.759
6936,6.52808626563186,52.3167987835324,11.038,3.958
6937,6.5280960069415,52.316804135921,10.713,3.841
6938,6.52810574825114,52.3168094883096,9.873,3.54
6939,6.52811548956078,52.3168148406982,11.985,4.297
6940,6.52812523087043,52.3168201930869,10.587,3.796
6941,6.52813488216034,52.3168256523239,9.926,3.559
6942,6.52814424655844,52.3168314520857,10.361,3.715
6943,6.52815361095655,52.3168372518475,10.601,3.801
6944,6.52816297535465,52.3168430516093,10.568,3.789
6945,6.52817233975275,52.316848851371,10.501,3.765
6946,6.52818170415086,52.3168546511328,10.768,3.861
6947,6.52819106854896,52.3168604508946,10.7,3.837
6948,6.52820043294707,52.3168662506564,9.681,3.471
6949,6.52820979734517,52.3168720504182,11.409,4.091
6950,6.52821916174327,52.3168778501799,11.317,4.058
6951,6.52822852614138,52.3168836499417,10.62,3.808
6952,6.52823789053948,52.3168894497035,10.162,3.643
6953,6.52824723666247,52.3168952711568,10.162,3.644
6954,6.52825657625783,52.3169011003581,9.928,3.56
6955,6.5282659158532,52.3169069295594,9.994,3.584
6956,6.52827525544856,52.3169127587606,8.813,3.16
6957,6.52828459504393,52.3169185879619,10.989,3.94
6958,6.52829393463929,52.3169244171632,10.771,3.862
6959,6.52830327423466,52.3169302463644,9.083,3.257
6960,6.52831261383002,52.3169360755657,10.582,3.794
6961,6.52832195342538,52.316941904767,10.044,3.602
6962,6.52833125277752,52.3169477817347,9.922,3.558
6963,6.5283404728885,52.3169537527573,10.319,3.7
6964,6.52834969299948,52.31695972378,8.995,3.225
6965,6.52835887531094,52.3169657396685,10.003,3.587
6966,6.52836803737084,52.3169717795946,10.047,3.602
6967,6.52837719943075,52.3169778195206,10.038,3.599
6968,6.52838636149066,52.3169838594467,9.177,3.29
6969,6.52839552355056,52.3169898993727,10.234,3.67
6970,6.52840468561047,52.3169959392988,10.585,3.795
6971,6.52841384767037,52.3170019792248,10.192,3.654
6972,6.52842300973028,52.3170080191509,9.808,3.517
6973,6.52843217179018,52.3170140590769,11.515,4.129
6974,6.52844133385009,52.317020099003,9.381,3.364
6975,6.52845049590999,52.317026138929,10.37,3.718
6976,6.5284596579699,52.3170321788551,10.049,3.603
6977,6.5284688200298,52.3170382187811,11.08,3.973
6978,6.52847798208971,52.3170442587072,10.115,3.627
6979,6.52848714414961,52.3170502986332,10.232,3.669
6980,6.52849630620952,52.3170563385593,10.167,3.646
6981,6.52850546826942,52.3170623784853,9.238,3.313
6982,6.52851482869193,52.3170681829659,9.341,3.349
6983,6.52852423485275,52.3170739331577,9.681,3.471
6984,6.52853364101358,52.3170796833494,10.398,3.728
6985,6.5285430471744,52.3170854335411,9.963,3.572
6986,6.52855245333522,52.3170911837329,9.696,3.477
6987,6.52856185949605,52.3170969339246,10.616,3.806
6988,6.52857126565687,52.3171026841164,8.635,3.096
6989,6.5285806718177,52.3171084343081,9.03,3.238
6990,6.52859007797852,52.3171141844998,8.315,2.982
6991,6.52859948413934,52.3171199346916,10.486,3.76
6992,6.52860889030017,52.3171256848833,9.71,3.482
6993,6.52861829646099,52.3171314350751,10.327,3.703
6994,6.52862770262182,52.3171371852668,9.687,3.473
6995,6.52863710878264,52.3171429354585,10.345,3.709
6996,6.52864651494346,52.3171486856503,9.66,3.464
6997,6.52865592110429,52.317154435842,9.968,3.574
6998,6.52866532726511,52.3171601860338,9.874,3.54
6999,6.52867473342593,52.3171659362255,9.91,3.553
7000,6.52868413958676,52.3171716864172,10.694,3.835
7001,6.52869354574758,52.317177436609,8.74,3.134
7002,6.5287018808538,52.3171844580834,9.648,3.459
7003,6.52871111647904,52.3171904106914,9.797,3.513
7004,6.52872213705941,52.3171942446563,9.701,3.478
7005,6.52873299878103,52.3171982671778,9.431,3.382
7006,6.52874234299016,52.3172040909028,9.343,3.35
7007,6.52875168719929,52.3172099146278,10.55,3.783
7008,6.52876103140842,52.3172157383528,9.601,3.443
7009,6.52877037561756,52.3172215620777,11.069,3.969
7010,6.52877971982669,52.3172273858027,9.939,3.564
7011,6.52878906403582,52.3172332095277,9.451,3.389
7012,6.52879840824495,52.3172390332527,9.939,3.564
7013,6.52880775245408,52.3172448569776,9.67,3.467
7014,6.52881709666321,52.3172506807026,10.388,3.725
7015,6.52882644087234,52.3172565044276,8.905,3.193
7016,6.52883578508148,52.3172623281526,8.525,3.057
7017,6.52884512929061,52.3172681518775,9.79,3.51
7018,6.52885447349974,52.3172739756025,10.062,3.608
7019,6.52886381770887,52.3172797993275,9.731,3.489
7020,6.52887315870236,52.3172856268693,9.951,3.568
7021,6.52888249123682,52.3172914644514,9.858,3.535
7022,6.52889181823505,52.3172973086048,8.671,3.109
7023,6.52890111752681,52.3173031856442,9.7,3.478
7024,6.52891041681856,52.3173090626837,10.301,3.694
7025,6.52891971611031,52.3173149397231,9.621,3.45
7026,6.52892901540206,52.3173208167625,8.742,3.135
7027,6.52893830960946,52.3173266998368,9.309,3.338
7028,6.52894759681031,52.3173325912274,9.826,3.523
7029,6.52895690337584,52.3173384596333,10.547,3.782
7030,6.52896621010105,52.3173443278496,8.333,2.988
7031,6.52897551682626,52.3173501960659,9.689,3.474
7032,6.52898482355147,52.3173560642823,8.921,3.199
7033,6.52899413027669,52.3173619324986,9.76,3.5
7034,6.5290034370019,52.3173678007149,9.8,3.514
7035,6.52901273084945,52.3173736842163,9.31,3.338
7036,6.52902201199684,52.3173795827921,9.811,3.518
7037,6.52903131386218,52.3173854567768,10.102,3.622
7038,6.52904064302426,52.3173912983618,9.327,3.344
7039,6.52904997218634,52.3173971399468,8.63,3.094
7040,6.52905930134843,52.3174029815318,10.247,3.674
7041,6.52906863051051,52.3174088231168,9.889,3.546
7042,6.52907795967259,52.3174146647018,9.725,3.487
7043,6.52908728567114,52.3174205100417,8.979,3.22
7044,6.52909660908699,52.3174263584471,9.957,3.57
7045,6.52910593510061,52.3174322037692,10.571,3.79
7046,6.52911526322502,52.3174380465858,9.291,3.331
7047,6.52912459134942,52.3174438894025,9.41,3.374
7048,6.52913391947383,52.3174497322192,8.72,3.126
7049,6.52914324759823,52.3174555750358,8.915,3.196
7050,6.52915257572264,52.3174614178525,8.698,3.119
7051,6.52916190384704,52.3174672606691,9.398,3.37
7052,6.52917123197145,52.3174731034858,9.113,3.268
7053,6.52918056009585,52.3174789463025,9.524,3.415
7054,6.52918988822026,52.3174847891191,8.772,3.145
7055,6.52919921634466,52.3174906319358,9.19,3.295
7056,6.52920854446907,52.3174964747524,8.719,3.126
7057,6.52921787259348,52.3175023175691,9.382,3.364
7058,6.52922720071788,52.3175081603857,8.303,2.977
7059,6.5292364688934,52.3175140743584,9.343,3.35
7060,6.52924572564716,52.3175200018881,9.081,3.256
7061,6.52925498240092,52.3175259294178,9.343,3.35
7062,6.52926423915468,52.3175318569474,8.256,2.96
7063,6.52927349590844,52.3175377844771,9.604,3.444
7064,6.52928275266219,52.3175437120068,9.035,3.239
7065,6.52929200696278,52.3175496424482,9.329,3.345
7066,6.52930125393918,52.3175555815831,8.093,2.902
7067,6.52931050091557,52.317561520718,8.453,3.031
7068,6.52931974789197,52.3175674598528,8.945,3.207
7069,6.52932899486836,52.3175733989877,9.974,3.576
7070,6.52933824184475,52.3175793381226,9.466,3.394
7071,6.52934748882115,52.3175852772574,9.224,3.307
7072,6.52935673579754,52.3175912163923,8.595,3.082
7073,6.52936598277394,52.3175971555272,8.478,3.04
7074,6.52937522975033,52.317603094662,9.283,3.328
7075,6.52938447672672,52.3176090337969,9.523,3.414
7076,6.52939372370312,52.3176149729318,9.224,3.307
7077,6.52940297067951,52.3176209120666,10.098,3.621
7078,6.52940948407602,52.3176300958098,8.682,3.113
7079,6.52941898132204,52.3176357378885,9.179,3.291
7080,6.52942894606073,52.3176408250792,8.069,2.893
7081,6.52944042496133,52.3176441150433,9.179,3.291
7082,6.52944981718596,52.3176498817765,9.91,3.553
7083,6.5294592094106,52.3176556485097,8.424,3.021
7084,6.52946860163524,52.3176614152429,9.523,3.414
7085,6.52947799385988,52.3176671819762,9.866,3.537
7086,6.52948738608451,52.3176729487094,8.603,3.085
7087,6.52949677830915,52.3176787154426,9.274,3.325
7088,6.52950617053379,52.3176844821758,9.92,3.557
7089,6.52951556275843,52.3176902489091,9.117,3.269
7090,6.52952495498306,52.3176960156423,9.435,3.383
7091,6.5295343472077,52.3177017823755,7.92,2.84
7092,6.52954373943234,52.3177075491087,9.305,3.336
7093,6.52955313165698,52.317713315842,9.249,3.316
7094,6.52956252388161,52.3177190825752,8.156,2.924
7095,6.52957191610625,52.3177248493084,8.36,2.997
7096,6.52958130833089,52.3177306160416,9.273,3.325
7097,6.52959070055553,52.3177363827749,8.731,3.13
7098,6.52960009278016,52.3177421495081,9.554,3.426
7099,6.5296094850048,52.3177479162413,9.073,3.253
7100,6.52961887722944,52.3177536829745,8.915,3.197
7101,6.52962826945408,52.3177594497077,8.773,3.145
7102,6.52963766167871,52.317765216441,9.036,3.24
7103,6.52964705390335,52.3177709831742,9.327,3.344
7104,6.52965637240176,52.3177768374164,9.16,3.285
7105,6.52966559492272,52.3177828055785,8.589,3.08
7106,6.52967481744368,52.3177887737406,9.558,3.427
7107,6.52968403996463,52.3177947419027,9.207,3.301
7108,6.52969307979642,52.3178009269068,9.038,3.241
7109,6.52970208155564,52.3178071571009,8.857,3.176
7110,6.52971108331487,52.317813387295,9.088,3.259
7111,6.5297200850741,52.3178196174891,7.709,2.764
7112,6.52972908683332,52.3178258476832,8.919,3.198
7113,6.52973808859255,52.3178320778773,9.733,3.49
7114,6.52974709035178,52.3178383080714,8.89,3.187
7115,6.529756092111,52.3178445382655,8.801,3.156
7116,6.52976509387023,52.3178507684596,8.393,3.009
7117,6.52977409562946,52.3178569986537,9.025,3.236
7118,6.5297832474881,52.3178630506881,8.612,3.088
7119,6.52979243143053,52.3178690646408,9.489,3.402
7120,6.52980161537297,52.3178750785935,8.202,2.941
7121,6.5298107993154,52.3178810925462,8.436,3.025
7122,6.52981998622452,52.3178871029776,8.34,2.991
7123,6.52982920691904,52.3178930733076,9.764,3.501
7124,6.52983842761356,52.3178990436376,8.566,3.071
7125,6.52984764830808,52.3179050139676,8.347,2.993
7126,6.5298568690026,52.3179109842976,7.431,2.665
7127,6.52986608969712,52.3179169546276,8.117,2.91
7128,6.52987531039164,52.3179229249576,8.955,3.211
7129,6.52988453108616,52.3179288952876,8.945,3.207
7130,6.52989375178068,52.3179348656176,8.245,2.956
7131,6.5299029724752,52.3179408359476,8.27,2.965
7132,6.52991219316972,52.3179468062776,9.706,3.48
7133,6.52992141386424,52.3179527766076,10.19,3.654
7134,6.52993063455876,52.3179587469376,9.272,3.324
7135,6.52993985525328,52.3179647172676,9.504,3.408
7136,6.5299490759478,52.3179706875976,9.621,3.45
7137,6.52995829664232,52.3179766579276,9.873,3.54
7138,6.52996752131466,52.3179826235361,8.385,3.007
7139,6.52997675129661,52.3179885828424,8.038,2.882
7140,6.52998598127856,52.3179945421488,9.625,3.451
7141,6.52999521126051,52.3180005014551,7.971,2.858
7142,6.53000444124245,52.3180064607615,7.925,2.842
7143,6.5300136712244,52.3180124200678,7.93,2.843
7144,6.53002290120635,52.3180183793741,8.436,3.025
7145,6.5300321311883,52.3180243386805,7.338,2.631
7146,6.53004136117024,52.3180302979868,7.654,2.744
7147,6.53005059115219,52.3180362572931,8.122,2.912
7148,6.53005982113414,52.3180422165995,7.776,2.788
7149,6.53006892540088,52.3180483251228,9.096,3.261
7150,6.53007800690971,52.3180544606585,8.466,3.036
7151,6.53008708900145,52.3180605955024,8.793,3.153
7152,6.53009618018754,52.3180667195517,8.72,3.127
7153,6.53010527137362,52.3180728436011,8.315,2.981
7154,6.53011436255971,52.3180789676505,9.009,3.23
7155,6.53012345374579,52.3180850916998,8.685,3.114
7156,6.53013254493188,52.3180912157492,8.223,2.949
7157,6.53014163611797,52.3180973397985,7.411,2.657
7158,6.53015061495906,52.3181035971952,8.699,3.119
7159,6.53015955032031,52.3181099062,7.642,2.74
7160,6.53016848568157,52.3181162152048,8.599,3.083
7161,6.53017772781666,52.3181221600861,8.413,3.016
7162,6.5301869765021,52.3181280971924,7.557,2.71
7163,6.53019622518754,52.3181340342987,8.5,3.048
7164,6.53020547387298,52.318139971405,8.452,3.03
7165,6.53021472255842,52.3181459085113,8.445,3.028
7166,6.53022397124386,52.3181518456177,8.407,3.014
7167,6.53023321992931,52.318157782724,7.928,2.843
7168,6.53024246861475,52.3181637198303,8.65,3.102
7169,6.53025171730019,52.3181696569366,7.889,2.829
7170,6.530261468236,52.3181749978995,7.652,2.744
7171,6.53028502013003,52.3181639578873,8.671,3.109
7172,6.53031577508772,52.3181443682363,8.816,3.161
7173,6.53034653004541,52.3181247785853,8.612,3.088
7174,6.53037655055478,52.3181060606839,8.124,2.913
7175,6.53039833408034,52.3180971196274,7.096,2.544
7176,6.53040761317113,52.3181030206442,9.099,3.262
7177,6.53041689226191,52.3181089216611,7.068,2.534
7178,6.5304261713527,52.3181148226779,8.553,3.067
7179,6.53043545044349,52.3181207236948,9.44,3.385
7180,6.53044472953428,52.3181266247117,8.277,2.968
7181,6.53045400862507,52.3181325257285,8.351,2.994
7182,6.53046328771586,52.3181384267454,8.393,3.009
7183,6.53047258501515,52.3181443061497,8.277,2.968
7184,6.53048192363226,52.3181501365121,9.533,3.418
7185,6.53049126224938,52.3181559668745,7.646,2.741
7186,6.5305006008665,52.3181617972369,7.562,2.711
7187,6.53050993948362,52.3181676275993,7.93,2.843
7188,6.53051927810073,52.3181734579617,9.136,3.276
7189,6.53052861671785,52.3181792883241,7.764,2.784
7190,6.53053795533497,52.3181851186865,8.346,2.993
7191,6.53054729395208,52.3181909490488,8.714,3.124
7192,6.5305566325692,52.3181967794112,8.532,3.059
7193,6.53056597118632,52.3182026097736,8.663,3.106
7194,6.53057530980343,52.318208440136,8.889,3.187
7195,6.53058464842055,52.3182142704984,8.227,2.95
7196,6.53059398703767,52.3182201008608,7.767,2.785
7197,6.53060332565479,52.3182259312232,8.113,2.909
7198,6.5306126642719,52.3182317615856,7.818,2.803
7199,6.53062200288902,52.318237591948,9.491,3.403
7200,6.53063134150614,52.3182434223104,7.685,2.756
7201,6.53064068012325,52.3182492526727,8.273,2.966
7202,6.53064999833729,52.3182551072525,7.097,2.545
7203,6.53065924691937,52.3182610444815,8.048,2.886
7204,6.53066849550145,52.3182669817105,7.792,2.794
7205,6.53067781205256,52.318272838264,8.349,2.994
7206,6.53068717699848,52.3182786373755,8.355,2.996
7207,6.5306965419444,52.3182844364871,8.766,3.143
7208,6.53070590689032,52.3182902355987,8.711,3.123
7209,6.53071527183624,52.3182960347102,7.876,2.824
7210,6.53072463678216,52.3183018338218,7.35,2.635
7211,6.53073400172809,52.3183076329333,7.41,2.657
7212,6.53074336667401,52.3183134320449,8.066,2.892
7213,6.53075273161993,52.3183192311564,7.971,2.858
7214,6.53076209656585,52.318325030268,8.021,2.876
7215,6.53077146151177,52.3183308293795,7.546,2.706
7216,6.53078082645769,52.3183366284911,8.697,3.118
7217,6.53079019140361,52.3183424276026,6.977,2.502
7218,6.53079955634953,52.3183482267142,7.487,2.685
7219,6.53080892129545,52.3183540258258,7.192,2.579
7220,6.53081828624137,52.3183598249373,7.694,2.759
7221,6.53082780009504,52.3183654473036,8.541,3.063
7222,6.53083734136245,52.3183710371313,7.63,2.736
7223,6.53084688262986,52.318376626959,7.851,2.815
7224,6.53085642389726,52.3183822167867,8.173,2.931
7225,6.53086596516467,52.3183878066143,7.577,2.717
7226,6.53087550643208,52.318393396442,7.991,2.865
7227,6.53088504769949,52.3183989862697,7.905,2.834
7228,6.53089304948741,52.3184064033745,7.084,2.54
7229,6.5308974948731,52.3184180417323,7.468,2.678
7230,6.53090158064873,52.3184301069274,7.941,2.847
7231,6.53090976471308,52.3184373076802,8.478,3.04
7232,6.5309174891125,52.3184450540298,8.47,3.037
7233,6.53092491938394,52.3184531494931,8.94,3.206
7234,6.53093421848088,52.3184590267638,7.985,2.863
7235,6.53094351757783,52.3184649040344,7.449,2.671
7236,6.53095281667477,52.3184707813051,7.646,2.742
7237,6.53096211577171,52.3184766585757,7.609,2.728
7238,6.53097141486866,52.3184825358464,7.428,2.663
7239,6.5309807139656,52.3184884131171,7.885,2.827
7240,6.53099001306254,52.3184942903877,7.904,2.834
7241,6.53099931215948,52.3185001676584,6.954,2.493
7242,6.53100861125643,52.318506044929,8.276,2.967
7243,6.53101791035337,52.3185119221997,6.548,2.348
7244,6.53102720945031,52.3185177994703,7.49,2.685
7245,6.53103650854726,52.318523676741,8.289,2.972
7246,6.5310458076442,52.3185295540116,7.962,2.855
7247,6.53105510674114,52.3185354312823,7.387,2.649
7248,6.53106440583808,52.3185413085529,8.748,3.137
7249,6.53107370493503,52.3185471858236,7.323,2.626
7250,6.53108300403197,52.3185530630942,6.397,2.294
7251,6.53109230312891,52.3185589403649,7.833,2.809
7252,6.53110160222586,52.3185648176356,6.513,2.335
7253,6.5311109013228,52.3185706949062,7.063,2.532
7254,6.53112020041974,52.3185765721769,7.911,2.836
7255,6.53112949951668,52.3185824494475,7.266,2.605
7256,6.53113879861363,52.3185883267182,7.871,2.822
7257,6.53114809771057,52.3185942039888,6.841,2.453
7258,6.53115739680751,52.3186000812595,8.02,2.875
7259,6.53116669590446,52.3186059585301,6.513,2.335
7260,6.5311759950014,52.3186118358008,8.275,2.967
7261,6.53118529409834,52.3186177130714,7.213,2.586
7262,6.53119459319529,52.3186235903421,8.386,3.007
7263,6.53120389229223,52.3186294676127,6.984,2.504
7264,6.53121319138917,52.3186353448834,8.603,3.085
7265,6.53122249048611,52.318641222154,6.901,2.474
7266,6.53123178958306,52.3186470994247,6.402,2.295
7267,6.53124108868,52.3186529766954,7.475,2.68
7268,6.53125038777694,52.318658853966,8.169,2.929
7269,6.53125968687389,52.3186647312367,7.901,2.833
7270,6.53126898597083,52.3186706085073,8.113,2.909
7271,6.53127828506777,52.318676485778,7.899,2.832
7272,6.53128758416471,52.3186823630486,6.933,2.486
7273,6.53129688326166,52.3186882403193,7.859,2.818
7274,6.5313061823586,52.3186941175899,7.456,2.674
7275,6.53131548145554,52.3186999948606,6.978,2.502
7276,6.53132478055249,52.3187058721312,7.494,2.687
7277,6.53133407964943,52.3187117494019,7.349,2.635
7278,6.53134337874637,52.3187176266725,8.208,2.943
7279,6.53135267784331,52.3187235039432,7.066,2.534
7280,6.53136197694026,52.3187293812138,7.033,2.522
7281,6.5313712760372,52.3187352584845,6.946,2.49
7282,6.53138057513414,52.3187411357552,8.466,3.036
7283,6.53138987423109,52.3187470130258,6.966,2.498
7284,6.53139917332803,52.3187528902965,8.101,2.905
7285,6.53140847242497,52.3187587675671,6.726,2.412
7286,6.53141777152192,52.3187646448378,7.625,2.734
7287,6.53142707061886,52.3187705221084,7.475,2.68
7288,6.5314363697158,52.3187763993791,8.041,2.883
7289,6.53144566881274,52.3187822766497,7.95,2.85
7290,6.53145496790969,52.3187881539204,7.352,2.636
7291,6.53146426700663,52.318794031191,6.983,2.504
7292,6.53147356610357,52.3187999084617,8.249,2.958
7293,6.53148286520052,52.3188057857324,6.914,2.479
7294,6.53149216429746,52.318811663003,5.95,2.133
7295,6.5315014633944,52.3188175402737,6.186,2.218
7296,6.53151195072359,52.3188220071783,6.324,2.268
7297,6.53152251245816,52.3188263857678,7.619,2.732
7298,6.5315330213159,52.3188308271192,8.567,3.072
7299,6.53154352935093,52.3188352694471,6.06,2.173
7300,6.53155403738597,52.318839711775,6.796,2.437
7301,6.53156454542101,52.3188441541029,7.304,2.619
7302,6.53157505345604,52.3188485964308,8.157,2.925
7303,6.53158556149108,52.3188530387588,6.78,2.431
7304,6.53158982809827,52.3188648893168,7.587,2.721
7305,6.53159232505939,52.3188788403469,7.089,2.542
7306,6.53159482202051,52.3188927913771,8.766,3.143
7307,6.53159731898164,52.3189067424073,7.314,2.623
7308,6.53159981594276,52.3189206934374,7.435,2.666
7309,6.53160231290388,52.3189346444676,7.273,2.608
7310,6.531604809865,52.3189485954978,6.976,2.501
7311,6.53160730682612,52.3189625465279,7.776,2.788
7312,6.53160980378725,52.3189764975581,6.533,2.343
7313,6.53161230074837,52.3189904485883,6.035,2.164
7314,6.53161479770949,52.3190043996184,7.122,2.554
7315,6.53161729467061,52.3190183506486,7.688,2.756
7316,6.53162568846918,52.3190253024584,6.864,2.461
7317,6.53165799460059,52.3190038716499,7.314,2.622
7318,6.531690300732,52.3189824408414,6.485,2.325
7319,6.53172260686341,52.318961010033,7.826,2.806
7320,6.5317410934702,52.3189559822369,7.583,2.719
7321,6.53173833111379,52.3189761757865,7.21,2.585
7322,6.53173556875739,52.318996369336,7.297,2.616
7323,6.53173280640098,52.3190165628856,6.377,2.286
7324,6.53173004404458,52.3190367564352,6.402,2.296
7325,6.53172728168818,52.3190569499848,7.123,2.554
7326,6.53172451933177,52.3190771435343,7.497,2.688
7327,6.53172175697537,52.3190973370839,7.526,2.699
7328,6.53173084328712,52.3191034669188,6.981,2.503
7329,6.53173997336819,52.319109544802,7.633,2.737
7330,6.53174910344925,52.3191156226852,8.03,2.879
7331,6.53175823353032,52.3191217005683,7.143,2.561
7332,6.53176736361139,52.3191277784515,7.378,2.645
7333,6.53177649369245,52.3191338563347,7.074,2.536
7334,6.5317856233974,52.3191399346643,7.123,2.554
7335,6.53179475281896,52.3191460133302,7.298,2.617
7336,6.53180388224052,52.3191520919962,8.201,2.94
7337,6.53181301166208,52.3191581706621,7.739,2.775
7338,6.53182214108364,52.3191642493281,7.687,2.756
7339,6.5318312705052,52.3191703279941,6.937,2.487
7340,6.53184039992676,52.31917640666,6.677,2.394
7341,6.53184952934832,52.319182485326,7.436,2.666
7342,6.53185865876988,52.3191885639919,7.94,2.847
7343,6.53186778819144,52.3191946426579,8.224,2.949
7344,6.531876917613,52.3192007213239,5.771,2.069
7345,6.53188604703456,52.3192067999898,8.654,3.103
7346,6.53189517645612,52.3192128786558,7.463,2.676
7347,6.53190430587768,52.3192189573218,7.755,2.781
7348,6.53191343396193,52.319225037575,6.2,2.223
7349,6.53192255624515,52.3192311247138,7.087,2.541
7350,6.53193167852837,52.3192372118526,7.713,2.766
7351,6.53194080081159,52.3192432989914,6.541,2.345
7352,6.53194992309482,52.3192493861301,5.537,1.985
7353,6.53195904537804,52.3192554732689,7.436,2.666
7354,6.53196816766126,52.3192615604077,7.213,2.586
7355,6.53197728994448,52.3192676475465,8.093,2.902
7356,6.5319864122277,52.3192737346852,7.155,2.566
7357,6.53199553451092,52.319279821824,7.202,2.582
7358,6.53200465679414,52.3192859089628,7.667,2.749
7359,6.53201377907736,52.3192919961016,7.868,2.821
7360,6.53202290136058,52.3192980832403,6.848,2.455
7361,6.53203202364381,52.3193041703791,7.824,2.805
7362,6.53204114592703,52.3193102575179,6.966,2.498
7363,6.53205026821025,52.3193163446567,7.287,2.613
7364,6.53205939049347,52.3193224317954,7.676,2.752
7365,6.53206851277669,52.3193285189342,7.783,2.791
7366,6.53207763505991,52.319334606073,7.477,2.681
7367,6.53208653193204,52.3193409607623,6.659,2.388
7368,6.53209495624431,52.319347876354,6.199,2.223
7369,6.53210362810092,52.3193544981243,7.193,2.579
7370,6.53211454038153,52.319358460635,7.88,2.825
7371,6.53212545266214,52.3193624231458,7.578,2.717
7372,6.53213636494275,52.3193663856565,7.461,2.675
7373,6.53214614626022,52.3193716905581,7.319,2.624
7374,6.53215502615313,52.3193780654007,7.51,2.693
7375,6.53216390604604,52.3193844402434,6.748,2.42
7376,6.53217278593896,52.3193908150861,7.797,2.796
7377,6.53218166583187,52.3193971899288,7.841,2.811
7378,6.53219054572478,52.3194035647715,7.139,2.56
7379,6.5321994256177,52.3194099396141,7.611,2.729
7380,6.53220830551061,52.3194163144568,6.349,2.277
7381,6.53221718540352,52.3194226892995,7.47,2.678
7382,6.53222606529643,52.3194290641422,7.291,2.614
7383,6.53223494518935,52.3194354389849,8.115,2.91
7384,6.53224382508226,52.3194418138276,7.263,2.604
7385,6.53225270497517,52.3194481886703,7.896,2.831
7386,6.53226158486808,52.3194545635129,7.161,2.568
7387,6.532270464761,52.3194609383556,6.052,2.17
7388,6.53227934465391,52.3194673131983,7.269,2.606
7389,6.53228822454682,52.319473688041,7.523,2.697
7390,6.53229709184991,52.3194800778271,7.502,2.69
7391,6.53230595186258,52.3194864762665,7.516,2.695
7392,6.53231481187524,52.319492874706,7.126,2.555
7393,6.5323236718879,52.3194992731454,7.239,2.596
7394,6.53233253190056,52.3195056715849,6.773,2.428
7395,6.53234139191322,52.3195120700243,6.267,2.247
7396,6.53235025192588,52.3195184684637,7.384,2.648
7397,6.5323591899962,52.3195247742531,7.014,2.515
7398,6.53236821429478,52.3195309776942,8.093,2.902
7399,6.53237723859335,52.3195371811353,6.181,2.216
7400,6.53238626289192,52.3195433845765,7.641,2.74
7401,6.5323952871905,52.3195495880176,8.723,3.128
7402,6.53240431148907,52.3195557914588,7.374,2.644
7403,6.53241333578765,52.3195619948999,7.485,2.684
7404,6.53242236008622,52.319568198341,7.743,2.776
7405,6.53243138438479,52.3195744017822,7.795,2.795
7406,6.53244040831613,52.3195806056592,7.264,2.605
7407,6.53244943183747,52.3195868100229,6.917,2.48
7408,6.53245845535882,52.3195930143865,7.9,2.833
7409,6.53246747888016,52.3195992187502,6.4,2.295
7410,6.53247650240151,52.3196054231139,8.017,2.875
7411,6.53248552592285,52.3196116274775,7.303,2.619
7412,6.5324945494442,52.3196178318412,7.542,2.704
7413,6.53250357192205,52.3196240374435,7.237,2.595
7414,6.53251257097563,52.319630270849,8.393,3.009
7415,6.53252157002921,52.3196365042546,7.704,2.762
7416,6.53253056908279,52.3196427376601,7.374,2.644
7417,6.53253956813637,52.3196489710657,7.364,2.64
7418,6.53254856718995,52.3196552044712,7.489,2.685
7419,6.53255756624353,52.3196614378768,8.991,3.224
7420,6.53256656529711,52.3196676712823,6.813,2.443
7421,6.53257556435069,52.3196739046879,8.231,2.951
7422,6.53258456340427,52.3196801380934,7.934,2.845
7423,6.53259356245785,52.319686371499,8.512,3.052
7424,6.53260252399402,52.3196926494356,7.982,2.862
7425,6.53261139993745,52.3196990289661,7.621,2.732
7426,6.53262027588086,52.3197054084966,8.225,2.949
7427,6.53262915182428,52.3197117880272,7.766,2.785
7428,6.5326380277677,52.3197181675577,8.081,2.898
7429,6.53264690566439,52.3197245447698,8.484,3.042
7430,6.53265583757779,52.319730857867,7.705,2.763
7431,6.53266476949118,52.3197371709642,7.407,2.656
7432,6.53267368244144,52.3197435065697,7.284,2.612
7433,6.53268247937087,52.3197499798855,7.934,2.845
7434,6.53269127630029,52.3197564532012,7.16,2.567
7435,6.53270007322971,52.319762926517,7.477,2.681
7436,6.53270887015913,52.3197693998327,7.12,2.553
7437,6.53271766708856,52.3197758731485,7.995,2.867
7438,6.53272646401798,52.3197823464643,7.26,2.603
7439,6.5327352609474,52.31978881978,6.953,2.493
7440,6.53274355184021,52.3197958937333,7.063,2.532
7441,6.53275170023417,52.3198031368248,7.387,2.649
7442,6.53276065865766,52.3198094184561,7.447,2.67
7443,6.53276967033754,52.3198156368749,7.885,2.827
7444,6.53277868201742,52.3198218552937,7.649,2.743
7445,6.5327876936973,52.3198280737126,7.969,2.857
7446,6.53279670537718,52.3198342921314,8.023,2.877
7447,6.53280571705706,52.3198405105502,8.201,2.94
7448,6.53281472873693,52.3198467289691,6.651,2.385
7449,6.53282374041681,52.3198529473879,7.117,2.552
7450,6.53283275209669,52.3198591658067,8.114,2.909
7451,6.53284176377657,52.3198653842256,7.919,2.84
7452,6.53285077545645,52.3198716026444,8.377,3.004
7453,6.53285978713633,52.3198778210632,6.902,2.475
7454,6.53286879881621,52.3198840394821,7.539,2.703
7455,6.53287747698068,52.3198906537653,7.652,2.744
7456,6.53288599853274,52.3198974539387,7.932,2.844
7457,6.53289452008481,52.3199042541122,7.863,2.819
7458,6.53290304163688,52.3199110542857,8.126,2.914
7459,6.53291156318895,52.3199178544592,7.791,2.793
7460,6.53292008474102,52.3199246546326,8.674,3.11
7461,6.53292860629309,52.3199314548061,8.869,3.18
7462,6.53293712784515,52.3199382549796,7.226,2.591
7463,6.53294564939722,52.3199450551531,7.919,2.839
7464,6.53295417094929,52.3199518553265,8.37,3.001
7465,6.53296269250136,52.3199586555,8.254,2.959
7466,6.53297121405343,52.3199654556735,7.679,2.753
7467,6.5329797356055,52.3199722558469,8.077,2.896
7468,6.53298825715756,52.3199790560204,7.005,2.512
7469,6.53299677870963,52.3199858561939,7.935,2.845
7470,6.5330053002617,52.3199926563674,7.097,2.545
7471,6.53301382181377,52.3199994565408,8.264,2.963
7472,6.53302307239345,52.3200053913988,7.318,2.624
7473,6.53303349895507,52.3200099304312,8.08,2.897
7474,6.53304392551668,52.3200144694635,8.182,2.934
7475,6.53305429712429,52.3200190737233,8.049,2.886
7476,6.53306318677774,52.3200254369807,7.643,2.74
7477,6.53307207643118,52.3200318002382,7.901,2.833
7478,6.53308096608463,52.3200381634957,8.73,3.13
7479,6.53308956672417,52.3200448697967,7.796,2.795
7480,6.53309773799678,52.3200520857325,8.069,2.893
7481,6.53310590926939,52.3200593016684,7.74,2.775
7482,6.53311408054199,52.3200665176042,8.678,3.112
7483,6.5331222518146,52.3200737335401,8.135,2.917
7484,6.5331304288633,52.32008094262,7.651,2.743
7485,6.53313917856801,52.3200874719889,8.116,2.91
7486,6.53314792827272,52.3200940013578,7.982,2.862
7487,6.53315667797743,52.3201005307267,8.954,3.211
7488,6.53316542768214,52.3201070600956,8.121,2.912
7489,6.53317417738685,52.3201135894644,7.346,2.634
7490,6.53318292709156,52.3201201188333,8.464,3.035
7491,6.53319167679627,52.3201266482022,9.233,3.311
7492,6.53320042650099,52.3201331775711,8.899,3.191
7493,6.5332091762057,52.32013970694,7.559,2.71
7494,6.53321925720563,52.320144656135,8.062,2.891
7495,6.53322919296229,52.3201497777257,8.215,2.946
7496,6.53323850599618,52.320155638454,8.235,2.953
7497,6.53324781903008,52.3201614991822,8.483,3.042
7498,6.53325645768704,52.3201681603587,8.07,2.894
7499,6.53326483411757,52.3201751327834,7.747,2.778
7500,6.5332732105481,52.3201821052081,8.859,3.176
7501,6.53328158697863,52.3201890776328,7.652,2.744
7502,6.53328996340916,52.3201960500576,7.855,2.816
7503,6.53329833983969,52.3202030224823,7.676,2.752
7504,6.53330671627022,52.320209994907,8.714,3.125
7505,6.53331509270075,52.3202169673317,8.431,3.023
7506,6.53332346913129,52.3202239397565,8.902,3.192
7507,6.53333184556182,52.3202309121812,7.935,2.845
7508,6.53334022199235,52.3202378846059,7.674,2.752
7509,6.53334859842288,52.3202448570306,8.165,2.928
7510,6.53335697485341,52.3202518294554,8.333,2.988
7511,6.53336535128394,52.3202588018801,8.578,3.076
7512,6.53337416785589,52.3202652518812,7.481,2.682
7513,6.53338298453156,52.3202717017593,8.767,3.143
7514,6.53339180120723,52.3202781516374,7.975,2.859
7515,6.5334006178829,52.3202846015154,8.135,2.917
7516,6.53340943455858,52.3202910513935,9.222,3.306
7517,6.53341825123425,52.3202975012715,7.263,2.604
7518,6.53342706790992,52.3203039511496,8.752,3.138
7519,6.53343588458559,52.3203104010276,8.766,3.143
7520,6.53344470126126,52.3203168509057,8.113,2.909
7521,6.53345351793694,52.3203233007837,8.347,2.993
7522,6.53346233461261,52.3203297506618,9.344,3.35
7523,6.53347115128828,52.3203362005399,9.797,3.513
7524,6.53347981919496,52.3203428269985,9.285,3.329
7525,6.53348839615574,52.3203495614049,9.784,3.508
7526,6.53349697311653,52.3203562958113,8.285,2.971
7527,6.53350555007731,52.3203630302177,7.778,2.789
7528,6.5335141270381,52.320369764624,8.693,3.117
7529,6.53352272419201,52.3203764750623,9.214,3.304
7530,6.53353132745355,52.3203831782511,7.667,2.749
7531,6.5335399307151,52.32038988144,8.23,2.951
7532,6.53354853397664,52.3203965846288,8.312,2.98
7533,6.53355713723818,52.3204032878177,9.018,3.234
7534,6.53356574049973,52.3204099910065,8.959,3.213
7535,6.53357434376127,52.3204166941953,8.387,3.007
7536,6.53358294702282,52.3204233973842,8.966,3.215
7537,6.53359155028436,52.320430100573,8.204,2.942
7538,6.53360015354591,52.3204368037618,8.644,3.099
7539,6.53360875680745,52.3204435069507,8.168,2.929
7540,6.533617360069,52.3204502101395,8.841,3.17
7541,6.53362596333054,52.3204569133284,8.477,3.039
7542,6.53363456659209,52.3204636165172,9.371,3.36
7543,6.53364316985363,52.320470319706,8.967,3.215
7544,6.53365177311518,52.3204770228949,8.867,3.179
7545,6.53366037637672,52.3204837260837,10.058,3.606
7546,6.53366897963827,52.3204904292725,9.262,3.321
7547,6.53367758289981,52.3204971324614,8.838,3.169
7548,6.53368618616136,52.3205038356502,8.729,3.13
7549,6.53369475218618,52.320510583037,8.396,3.01
7550,6.5337033052197,52.3205173458437,9.07,3.252
7551,6.53371185825322,52.3205241086504,9.308,3.337
7552,6.53372041128675,52.3205308714572,8.02,2.875
7553,6.53372896432027,52.3205376342639,8.362,2.998
7554,6.53373751735379,52.3205443970706,8.879,3.184
7555,6.53374607038732,52.3205511598773,8.555,3.067
7556,6.53375462342084,52.3205579226841,9.245,3.315
7557,6.53376317645437,52.3205646854908,9.345,3.351
7558,6.53377172948789,52.3205714482975,9.185,3.293
7559,6.53378021682815,52.3205782890785,9.599,3.442
7560,6.53378857743382,52.3205852802865,8.95,3.209
7561,6.53379693803949,52.3205922714944,9.286,3.33
7562,6.53380529864516,52.3205992627024,8.742,3.135
7563,6.53381365925084,52.3206062539103,9.519,3.413
7564,6.53382201985651,52.3206132451183,9.415,3.376
7565,6.53383038046218,52.3206202363262,8.685,3.114
7566,6.53383874106785,52.3206272275342,9.318,3.341
7567,6.53384710167352,52.3206342187422,9.406,3.373
7568,6.5338554622792,52.3206412099501,9.613,3.447
7569,6.53386382288487,52.3206482011581,9.654,3.462
7570,6.53387218349054,52.320655192366,9.063,3.249
7571,6.53388054409621,52.320662183574,9.956,3.57
7572,6.53388890470188,52.3206691747819,9.834,3.526
7573,6.53389726530755,52.3206761659899,9.12,3.27
7574,6.53390562591323,52.3206831571979,8.894,3.189
7575,6.5339139865189,52.3206901484058,9.205,3.3
7576,6.53392234712457,52.3206971396138,8.74,3.134
7577,6.53393070773024,52.3207041308217,9.748,3.495
7578,6.53393906833591,52.3207111220297,10.342,3.708
7579,6.53394742894158,52.3207181132376,10.502,3.766
7580,6.53395578954726,52.3207251044456,9.046,3.244
7581,6.53396415015293,52.3207320956535,10.17,3.646
7582,6.5339725107586,52.3207390868615,9.777,3.506
7583,6.53398087136427,52.3207460780695,8.339,2.99
7584,6.53398923196994,52.3207530692774,9.573,3.433
7585,6.53399759257561,52.3207600604854,9.529,3.417
7586,6.53400169378938,52.3207721073563,10.522,3.773
7587,6.53400929202061,52.3207800034606,9.319,3.341
7588,6.5340182111842,52.3207863316911,10.183,3.651
7589,6.53402711089903,52.3207926830063,9.81,3.518
7590,6.53403570420591,52.3207993980108,9.044,3.243
7591,6.5340442975128,52.3208061130152,9.591,3.439
7592,6.53405289081969,52.3208128280197,10.838,3.886
7593,6.53406148412657,52.3208195430242,9.856,3.534
7594,6.53407007743346,52.3208262580286,10.513,3.769
7595,6.53407867074035,52.3208329730331,10.502,3.766
7596,6.53408716569585,52.3208398047752,9.759,3.499
7597,6.534095651034,52.3208466479326,9.29,3.331
7598,6.53410413637216,52.32085349109,9.389,3.367
7599,6.53411262171031,52.3208603342474,10.942,3.923
7600,6.53412110704847,52.3208671774048,10.2,3.657
7601,6.53412959238663,52.3208740205622,9.113,3.267
7602,6.53413807772478,52.3208808637196,10.645,3.817
7603,6.53414656306294,52.3208877068769,9.126,3.272
7604,6.53415504840109,52.3208945500343,9.713,3.483
7605,6.53416353373925,52.3209013931917,10.269,3.682
7606,6.53417201907741,52.3209082363491,11.725,4.204
7607,6.53418050441556,52.3209150795065,10.745,3.853
7608,6.53418898975372,52.3209219226639,10.004,3.587
7609,6.53419747509187,52.3209287658213,10.327,3.703
7610,6.53420596043003,52.3209356089786,10.874,3.899
7611,6.53421444576819,52.320942452136,11.191,4.013
7612,6.53422293110634,52.3209492952934,10.232,3.669
7613,6.5342314164445,52.3209561384508,10.272,3.683
7614,6.53423990178266,52.3209629816082,9.935,3.562
7615,6.53424838712081,52.3209698247656,10.837,3.886
7616,6.53425687245897,52.320976667923,11.072,3.97
7617,6.53426535779712,52.3209835110803,9.351,3.353
7618,6.53427384313528,52.3209903542377,10.281,3.686
7619,6.53428232847344,52.3209971973951,9.823,3.522
7620,6.53429081381159,52.3210040405525,10.648,3.818
7621,6.53429929914975,52.3210108837099,9.854,3.533
7622,6.53430780695677,52.321017700198,9.829,3.524
7623,6.53431631773467,52.3210245131598,11.289,4.048
7624,6.53432482851258,52.3210313261216,10.553,3.784
7625,6.53433333929048,52.3210381390834,10.638,3.814
7626,6.53434185006838,52.3210449520452,10.95,3.926
7627,6.53435036084628,52.321051765007,11.29,4.048
7628,6.53435887162418,52.3210585779689,10.495,3.763
7629,6.53436738240208,52.3210653909307,10.531,3.776
7630,6.53437589317998,52.3210722038925,10.556,3.785
7631,6.53438440395788,52.3210790168543,11.446,4.104
7632,6.53439291473578,52.3210858298161,10.792,3.87
7633,6.53440142551368,52.3210926427779,10.683,3.831
7634,6.53440993629159,52.3210994557397,11.107,3.983
7635,6.53441844706949,52.3211062687016,11.977,4.294
7636,6.53442695784739,52.3211130816634,10.966,3.932
7637,6.53443483828068,52.3211206428094,10.786,3.867
7638,6.53444269656859,52.3211282302408,12.109,4.342
7639,6.53445055485651,52.3211358176722,11.771,4.221
7640,6.53445841314442,52.3211434051036,11.708,4.198
7641,6.53446627143233,52.321150992535,10.739,3.85
7642,6.53447412972025,52.3211585799664,10.702,3.837
7643,6.53448198800816,52.3211661673978,9.998,3.585
7644,6.53448984629608,52.3211737548292,11.666,4.183
7645,6.53449770458399,52.3211813422605,11.166,4.004
7646,6.53450556287191,52.3211889296919,10.083,3.615
7647,6.53451342115982,52.3211965171233,11.87,4.256
7648,6.53452127944774,52.3212041045547,10.987,3.939
7649,6.53452913773565,52.3212116919861,11.08,3.973
7650,6.53453699602357,52.3212192794175,10.338,3.707
7651,6.53454485431148,52.3212268668489,11.538,4.137
7652,6.5345527125994,52.3212344542803,11.565,4.147
7653,6.53456057088731,52.3212420417117,11.262,4.038
7654,6.53456842917522,52.321249629143,11.065,3.968
7655,6.53457628746314,52.3212572165744,12.876,4.617
7656,6.53458389398077,52.3212651028432,10.645,3.817
7657,6.53458619112616,52.3212792910436,10.948,3.926
7658,6.53459286638071,52.3212882826703,11.809,4.234
7659,6.53460345575979,52.3212926284473,10.816,3.878
7660,6.53461340371566,52.3212977355583,10.793,3.87
7661,6.53462169435117,52.3213048098169,12.118,4.345
7662,6.53462998498669,52.3213118840756,11.828,4.241
7663,6.53463827562221,52.3213189583343,11.777,4.223
7664,6.53464656625773,52.3213260325929,11.618,4.166
7665,6.53465485689324,52.3213331068516,11.124,3.988
7666,6.53466314752876,52.3213401811103,11.401,4.088
7667,6.53467143816428,52.3213472553689,11.522,4.131
7668,6.5346797287998,52.3213543296276,12.085,4.333
7669,6.53468801943531,52.3213614038863,11.857,4.251
7670,6.53469631007083,52.3213684781449,11.079,3.973
7671,6.53470460070635,52.3213755524036,12.107,4.341
7672,6.53471289134187,52.3213826266622,10.674,3.827
7673,6.53472131618956,52.3213895416185,11.491,4.12
7674,6.53472974354267,52.3213964536009,11.026,3.953
7675,6.53473817089578,52.3214033655833,11.211,4.02
7676,6.53474659824889,52.3214102775658,12.866,4.613
7677,6.53475502560199,52.3214171895482,10.885,3.903
7678,6.5347634529551,52.3214241015306,11.286,4.047
7679,6.53477188030821,52.3214310135131,12.085,4.333
7680,6.53478030766132,52.3214379254955,11.525,4.132
7681,6.53478873501442,52.321444837478,11.91,4.27
7682,6.53479716236753,52.3214517494604,12.676,4.545
7683,6.53480558972064,52.3214586614428,12.237,4.388
7684,6.53481401707375,52.3214655734253,11.593,4.157
7685,6.53482244442685,52.3214724854077,11.806,4.233
7686,6.53483087177996,52.3214793973901,12.213,4.379
7687,6.53483918285641,52.3214864473865,12.29,4.407
7688,6.53484713810356,52.3214939197327,11.945,4.283
7689,6.53485509335071,52.3215013920788,12.16,4.36
7690,6.53486304859785,52.3215088644249,12.176,4.366
7691,6.534871003845,52.3215163367711,11.925,4.276
7692,6.53487895909215,52.3215238091172,11.638,4.173
7693,6.5348869143393,52.3215312814634,12.446,4.463
7694,6.53489486958644,52.3215387538095,12.196,4.373
7695,6.53490282483359,52.3215462261556,10.815,3.878
7696,6.53491078008074,52.3215536985018,11.568,4.148
7697,6.53491873532788,52.3215611708479,11.786,4.226
7698,6.53492669057503,52.321568643194,11.965,4.29
7699,6.53493464582218,52.3215761155402,12.805,4.591
7700,6.53494260106933,52.3215835878863,13.995,5.018
7701,6.53495055631647,52.3215910602324,10.68,3.829
7702,6.53495851156362,52.3215985325786,12.319,4.417
7703,6.53496646681077,52.3216060049247,12.194,4.372
7704,6.53497442205791,52.3216134772708,12.061,4.325
7705,6.53498237730506,52.321620949617,12.5,4.482
7706,6.53499033255221,52.3216284219631,12.282,4.404
7707,6.53499828779936,52.3216358943092,11.995,4.301
7708,6.5350062430465,52.3216433666554,12.238,4.388
7709,6.53501419829365,52.3216508390015,12.562,4.504
7710,6.5350221535408,52.3216583113477,12.519,4.489
7711,6.53503010878795,52.3216657836938,12.371,4.436
7712,6.53503806403509,52.3216732560399,11.93,4.278
7713,6.53504601928224,52.3216807283861,13.944,5.0
7714,6.53505397452939,52.3216882007322,12.51,4.486
7715,6.53506192977653,52.3216956730783,12.76,4.575
7716,6.53506988502368,52.3217031454245,12.025,4.312
7717,6.53507784027083,52.3217106177706,12.448,4.463
7718,6.53508579551798,52.3217180901167,12.456,4.466
7719,6.53509375076512,52.3217255624629,11.237,4.029
7720,6.53510170601227,52.321733034809,11.952,4.285
7721,6.53510959459586,52.3217405862811,11.953,4.286
7722,6.5351173223653,52.3217483286307,12.045,4.319
7723,6.53512505013473,52.3217560709803,11.781,4.224
7724,6.53513277790416,52.32176381333,12.448,4.463
7725,6.5351405056736,52.3217715556796,13.255,4.753
7726,6.53514823344303,52.3217792980292,12.522,4.49
7727,6.53515537821933,52.3217877323595,11.763,4.218
7728,6.53516231692436,52.3217964112849,11.863,4.253
7729,6.53516925562938,52.3218050902104,12.259,4.396
7730,6.53517696844082,52.3218128503144,11.66,4.181
7731,6.53518708222672,52.3218177605942,12.683,4.548
7732,6.5351959221152,52.3218241829199,13.311,4.773
7733,6.53520400549595,52.3218315031786,12.188,4.37
7734,6.53521208887669,52.3218388234372,12.583,4.512
7735,6.53522017225744,52.3218461436958,12.297,4.409
7736,6.53522825563819,52.3218534639545,12.191,4.371
7737,6.53523633901893,52.3218607842131,12.684,4.548
7738,6.53524442239968,52.3218681044717,12.194,4.372
7739,6.53525250578042,52.3218754247304,12.119,4.346
7740,6.53526058916117,52.321882744989,11.654,4.179
7741,6.53526867254191,52.3218900652476,12.655,4.538
7742,6.53527675592266,52.3218973855063,13.256,4.753
7743,6.5352848393034,52.3219047057649,13.056,4.681
7744,6.53529292268415,52.3219120260235,13.528,4.851
7745,6.53530125175897,52.3219190546569,12.265,4.398
7746,6.53530958277689,52.3219260809838,13.173,4.723
7747,6.53531791379481,52.3219331073108,12.035,4.315
7748,6.53532611971117,52.3219402821264,13.112,4.701
7749,6.53533423856884,52.3219475602759,13.673,4.902
7750,6.53534235742652,52.3219548384254,13.01,4.665
7751,6.53535047628419,52.3219621165749,13.705,4.914
7752,6.53535859474632,52.3219693951938,12.386,4.441
7753,6.53536671271855,52.3219766743943,12.671,4.543
7754,6.53537483069077,52.3219839535948,12.222,4.382
7755,6.53538294866299,52.3219912327952,12.792,4.587
7756,6.53539106663522,52.3219985119957,12.941,4.64
7757,6.53539918460744,52.3220057911961,12.808,4.593
7758,6.53540730257966,52.3220130703966,12.525,4.491
7759,6.53541542055189,52.322020349597,12.526,4.491
7760,6.53542353852411,52.3220276287975,13.029,4.671
7761,6.53543165764535,52.3220349066342,12.743,4.569
7762,6.53543977677538,52.3220421844604,12.17,4.364
7763,6.5354478959054,52.3220494622866,11.742,4.21
7764,6.53545601503543,52.3220567401128,12.518,4.489
7765,6.53546413416546,52.322064017939,12.067,4.327
7766,6.53547225329549,52.3220712957652,12.399,4.446
7767,6.53548037242552,52.3220785735914,12.652,4.536
7768,6.53548849155555,52.3220858514176,12.826,4.599
7769,6.53549661068558,52.3220931292438,12.531,4.493
7770,6.53550472981561,52.32210040707,14.222,5.099
7771,6.53551284894564,52.3221076848962,12.202,4.375
7772,6.53552096807567,52.3221149627224,13.666,4.9
7773,6.5355290872057,52.3221222405486,12.87,4.615
7774,6.53553720633573,52.3221295183748,12.589,4.514
7775,6.53554532546576,52.322136796201,13.332,4.78
7776,6.53555344459579,52.3221440740272,12.731,4.565
7777,6.53556156372582,52.3221513518534,12.534,4.494
7778,6.53556968285585,52.3221586296796,14.072,5.045
7779,6.53557780198588,52.3221659075059,11.739,4.209
7780,6.53558592574056,52.3221731798429,12.896,4.624
7781,6.5355935138573,52.3221810879525,13.163,4.72
7782,6.53560047393984,52.3221897415041,13.89,4.98
7783,6.53560804812636,52.3221976661481,12.838,4.603
7784,6.5356162265405,52.3222048736074,14.648,5.252
7785,6.53562440495464,52.3222120810666,13.54,4.855
7786,6.53563258336878,52.3222192885258,11.712,4.2
7787,6.53564076178291,52.3222264959851,12.26,4.396
7788,6.53564894019705,52.3222337034443,13.265,4.756
7789,6.53565711861119,52.3222409109036,12.464,4.469
7790,6.53566529702533,52.3222481183628,13.469,4.83
7791,6.53567347543947,52.3222553258221,12.891,4.622
7792,6.53568165385361,52.3222625332813,12.465,4.469
7793,6.53568983226775,52.3222697407405,12.612,4.522
7794,6.53569801186661,52.3222769467936,13.691,4.909
7795,6.53570622793138,52.3222841095636,12.011,4.306
7796,6.53571444399615,52.3222912723336,13.826,4.957
7797,6.53572266006091,52.3222984351037,13.853,4.967
7798,6.53573087612568,52.3223055978737,13.037,4.675
7799,6.53573826315837,52.322313744659,12.417,4.452
7800,6.53574213598573,52.3223260626119,13.58,4.869
7801,6.53575008567128,52.3223335415594,12.978,4.653
7802,6.53576005308361,52.3223386255766,12.383,4.44
7803,6.535770346538,52.3223433225999,14.408,5.166
7804,6.53577855013582,52.3223505001675,12.776,4.581
7805,6.53578669615421,52.3223577460787,12.44,4.461
7806,6.53579484217261,52.3223649919899,13.484,4.835
7807,6.535802988191,52.3223722379011,13.288,4.764
7808,6.5358111342094,52.3223794838123,14.212,5.096
7809,6.53581928022779,52.3223867297235,13.125,4.706
7810,6.53582742624618,52.3223939756347,13.142,4.712
7811,6.53583557226458,52.3224012215459,13.567,4.864
7812,6.53584371828297,52.3224084674571,13.498,4.84
7813,6.53585185184319,52.3224157281555,13.526,4.85
7814,6.53586001670739,52.3224229516977,13.561,4.862
7815,6.53586818759833,52.3224301680866,13.509,4.844
7816,6.53587634060733,52.3224374057003,13.177,4.725
7817,6.53588449361632,52.3224446433141,13.923,4.992
7818,6.53589264662532,52.3224518809278,13.232,4.744
7819,6.53590079963432,52.3224591185416,13.927,4.994
7820,6.53590895264332,52.3224663561553,14.281,5.12
7821,6.53591710565231,52.322473593769,13.076,4.689
7822,6.53592525392532,52.3224808370041,14.9,5.342
7823,6.53593336337428,52.3224881263212,13.077,4.689
7824,6.53594147282323,52.3224954156384,13.092,4.694
7825,6.53594958227218,52.3225027049555,13.835,4.96
7826,6.53595769172114,52.3225099942726,13.787,4.943
7827,6.53596580117009,52.3225172835897,13.58,4.869
7828,6.53597391061904,52.3225245729068,14.03,5.03
7829,6.535982020068,52.3225318622239,13.708,4.915
7830,6.53599012951695,52.322539151541,14.784,5.301
7831,6.53599819251198,52.3225464959964,13.549,4.858
7832,6.53600619194272,52.322553915899,13.088,4.693
7833,6.53601419137345,52.3225613358017,13.276,4.76
7834,6.53602219080419,52.3225687557043,13.889,4.98
7835,6.53603019023493,52.322576175607,13.908,4.987
7836,6.53603818973138,52.3225835954316,13.754,4.932
7837,6.53604618934972,52.3225910151116,13.143,4.713
7838,6.53605418896806,52.3225984347916,14.305,5.129
7839,6.53606222206687,52.3226058147321,14.803,5.308
7840,6.53607026950521,52.3226131776524,13.691,4.909
7841,6.53607831694356,52.3226205405727,14.75,5.289
7842,6.53608636438191,52.3226279034929,14.205,5.093
7843,6.53609441182025,52.3226352664132,15.01,5.382
7844,6.5361024592586,52.3226426293335,13.994,5.018
7845,6.53611050669695,52.3226499922538,13.807,4.951
7846,6.53611855413529,52.322657355174,14.232,5.103
7847,6.53612660157364,52.3226647180943,13.492,4.838
7848,6.53613464901199,52.3226720810146,13.997,5.019
7849,6.53614269428812,52.3226794465013,14.551,5.217
7850,6.53615073833287,52.3226868134496,14.261,5.113
7851,6.53615878237762,52.3226941803978,13.771,4.938
7852,6.53616682642237,52.3227015473461,13.917,4.99
7853,6.53617487046713,52.3227089142944,14.255,5.111
7854,6.53618291451188,52.3227162812427,14.246,5.108
7855,6.53619095306578,52.3227236547083,14.271,5.117
7856,6.53619897510303,52.3227310477783,14.04,5.034
7857,6.53620699714029,52.3227384408482,13.366,4.792
7858,6.53621501917755,52.3227458339182,13.47,4.83
7859,6.53622304121481,52.3227532269882,14.143,5.071
7860,6.53623106325206,52.3227606200581,14.371,5.153
7861,6.53623908528932,52.3227680131281,14.305,5.129
7862,6.53624710732658,52.3227754061981,13.505,4.842
7863,6.53625512936384,52.322782799268,13.823,4.956
7864,6.5362631514011,52.322790192338,13.232,4.744
7865,6.53627117343835,52.3227975854079,13.114,4.702
7866,6.53627919547561,52.3228049784779,13.99,5.016
7867,6.53628721751287,52.3228123715479,14.751,5.289
7868,6.53629516841283,52.3228198490539,14.021,5.027
7869,6.53630290499309,52.3228275809455,15.094,5.412
7870,6.53631060685519,52.3228353540457,13.885,4.979
7871,6.53631906364156,52.3228422310925,14.01,5.023
7872,6.53632761630912,52.3228489943336,13.419,4.811
7873,6.53633616897669,52.3228557575747,13.807,4.951
7874,6.53634472164426,52.3228625208158,13.321,4.776
7875,6.53635268187187,52.3228699872504,13.122,4.705
7876,6.53636037008538,52.3228777765507,13.35,4.787
7877,6.53636805829889,52.322885565851,14.1,5.056
7878,6.5363757465124,52.3228933551513,13.626,4.886
7879,6.5363834347259,52.3229011444516,13.775,4.939
7880,6.53639112293941,52.322908933752,14.319,5.134
7881,6.53639881115292,52.3229167230523,13.176,4.724
7882,6.53640692742893,52.322924004266,14.144,5.071
7883,6.53641513339232,52.3229311790258,14.604,5.236
7884,6.53642333935572,52.3229383537856,14.664,5.258
7885,6.53643154531912,52.3229455285454,14.427,5.173
7886,6.53643975128252,52.3229527033052,14.101,5.056
7887,6.53644795724592,52.322959878065,13.774,4.939
7888,6.53645616320932,52.3229670528248,14.101,5.056
7889,6.53646436917271,52.3229742275846,15.131,5.425
7890,6.53647257513611,52.3229814023444,14.327,5.137
7891,6.53648078109951,52.3229885771042,14.112,5.06
7892,6.53648898706291,52.322995751864,14.515,5.204
7893,6.53649719302631,52.3230029266238,14.221,5.099
7894,6.53650539898971,52.3230101013836,14.332,5.139
7895,6.5365136049531,52.3230172761434,14.062,5.042
7896,6.5365218109165,52.3230244509032,13.971,5.01
7897,6.5365300168799,52.3230316256629,14.809,5.31
7898,6.5365382228433,52.3230388004227,13.084,4.691
7899,6.5365464288067,52.3230459751825,14.52,5.206
7900,6.5365546347701,52.3230531499423,13.965,5.007
7901,6.53656284073349,52.3230603247021,13.132,4.709
7902,6.53657104669689,52.3230674994619,13.687,4.908
7903,6.53657925266029,52.3230746742217,14.246,5.108
7904,6.53658742173976,52.3230818927607,14.334,5.139
7905,6.536595444593,52.3230892848621,14.716,5.276
7906,6.53660346744623,52.3230966769636,14.762,5.293
7907,6.53661149029947,52.323104069065,13.384,4.799
7908,6.5366195131527,52.3231114611665,14.522,5.207
7909,6.53662753600594,52.3231188532679,14.735,5.283
7910,6.53663555885917,52.3231262453693,14.441,5.178
7911,6.53664358171241,52.3231336374708,14.614,5.24
7912,6.53665160456564,52.3231410295722,13.187,4.728
7913,6.53665962741888,52.3231484216737,13.747,4.929
7914,6.53666765027211,52.3231558137751,15.138,5.428
7915,6.53667567312535,52.3231632058766,14.176,5.083
7916,6.53668369597858,52.323170597978,15.653,5.612
7917,6.53669171883182,52.3231779900795,13.598,4.876
7918,6.53669974168505,52.3231853821809,15.275,5.477
7919,6.53670776453829,52.3231927742823,14.001,5.02
7920,6.53671578739152,52.3232001663838,14.871,5.332
7921,6.53672381024476,52.3232075584852,14.195,5.09
7922,6.53673183309799,52.3232149505867,14.441,5.178
7923,6.53673985595123,52.3232223426881,14.727,5.281
7924,6.53674787880446,52.3232297347895,14.02,5.027
7925,6.5367559016577,52.323237126891,14.856,5.327
7926,6.53676392451093,52.3232445189924,14.232,5.103
7927,6.53677194736417,52.3232519110939,14.496,5.198
7928,6.5367799702174,52.3232593031953,12.839,4.604
7929,6.53678799307064,52.3232666952968,14.199,5.091
7930,6.53679601592387,52.3232740873982,15.144,5.43
7931,6.53680398853814,52.3232815391305,14.812,5.311
7932,6.53681194469615,52.3232890103955,14.928,5.352
7933,6.53681990085415,52.3232964816605,14.44,5.178
7934,6.53682785701215,52.3233039529255,15.397,5.521
7935,6.53683581317016,52.3233114241905,14.583,5.229
7936,6.53684376932816,52.3233188954555,14.027,5.029
7937,6.53685172548616,52.3233263667205,14.92,5.35
7938,6.53685968164417,52.3233338379855,14.961,5.364
7939,6.53686763780217,52.3233413092505,14.79,5.303
7940,6.53687561903364,52.3233487507547,14.185,5.086
7941,6.53688284356545,52.3233570904196,14.588,5.231
7942,6.5368900012102,52.3233655094757,15.244,5.466
7943,6.53689814948282,52.3233727527113,14.706,5.273
7944,6.53690812663311,52.3233778251701,13.557,4.861
7945,6.53691738315864,52.3233837529706,14.057,5.04
7946,6.53692547661526,52.3233910612697,14.03,5.031
7947,6.53693357007188,52.3233983695689,13.984,5.014
7948,6.5369416635285,52.323405677868,13.187,4.728
7949,6.53694975698513,52.3234129861671,15.54,5.572
7950,6.53695785044175,52.3234202944662,13.913,4.989
7951,6.53696594389837,52.3234276027654,13.956,5.004
7952,6.53697403735499,52.3234349110645,13.287,4.764
7953,6.53698213081161,52.3234422193636,14.938,5.356
7954,6.53699022426824,52.3234495276627,14.375,5.154
7955,6.53699831772486,52.3234568359618,14.221,5.099
7956,6.53700641118148,52.323464144261,14.252,5.11
7957,6.5370145046381,52.3234714525601,14.772,5.297
7958,6.53702259809472,52.3234787608592,14.144,5.071
7959,6.53703069155135,52.3234860691583,13.256,4.753
7960,6.53703878500797,52.3234933774575,13.665,4.9
7961,6.53704687846459,52.3235006857566,13.633,4.888
7962,6.53705497192121,52.3235079940557,14.585,5.229
7963,6.53706306537783,52.3235153023548,14.969,5.367
7964,6.53707115883446,52.323522610654,15.283,5.48
7965,6.53707925229108,52.3235299189531,13.458,4.825
7966,6.5370873457477,52.3235372272522,14.783,5.301
7967,6.53709543920432,52.3235445355513,14.055,5.04
7968,6.53710353266095,52.3235518438504,16.135,5.785
7969,6.53711176225631,52.3235589905604,15.228,5.46
7970,6.53712000549298,52.3235661210789,15.414,5.527
7971,6.53712824872965,52.3235732515974,14.884,5.337
7972,6.53713649196631,52.3235803821158,14.635,5.247
7973,6.53714473520298,52.3235875126343,14.172,5.081
7974,6.53715297843965,52.3235946431528,14.055,5.039
7975,6.53716122167631,52.3236017736713,13.935,4.997
7976,6.53716946491298,52.3236089041898,14.768,5.295
7977,6.53717770814964,52.3236160347083,15.321,5.493
7978,6.53718595138631,52.3236231652267,14.192,5.089
7979,6.53719419462298,52.3236302957452,13.975,5.011
7980,6.53720243785964,52.3236374262637,13.526,4.85
7981,6.53721068109631,52.3236445567822,14.541,5.214
7982,6.53721892433297,52.3236516873007,15.119,5.421
7983,6.53722716756964,52.3236588178192,15.147,5.431
7984,6.53723541080631,52.3236659483376,15.204,5.451
7985,6.53724365404297,52.3236730788561,14.636,5.248
7986,6.53725189727964,52.3236802093746,14.444,5.179
7987,6.53726014051631,52.3236873398931,15.143,5.43
7988,6.53726838375297,52.3236944704116,13.735,4.925
7989,6.53727662698964,52.3237016009301,14.128,5.066
7990,6.53728471791566,52.3237089122329,15.392,5.519
7991,6.53729237413028,52.3237167395141,13.753,4.931
7992,6.53730003034489,52.3237245667953,14.364,5.15
7993,6.53730768655951,52.3237323940766,14.754,5.29
7994,6.53731534277413,52.3237402213578,14.431,5.174
7995,6.53732299898875,52.323748048639,15.057,5.399
7996,6.53733065520337,52.3237558759202,15.278,5.478
7997,6.53733831141798,52.3237637032015,14.662,5.257
7998,6.53734596901952,52.3237715288365,15.197,5.449
7999,6.53735362784478,52.323779353019,13.833,4.96
8000,6.53736128667005,52.3237871772016,14.286,5.122
8001,6.53736894549531,52.3237950013841,15.792,5.663
8002,6.53737660432057,52.3238028255667,15.52,5.565
8003,6.53738426314584,52.3238106497492,13.626,4.886
8004,6.53739192197111,52.3238184739317,14.37,5.152
8005,6.53739958079637,52.3238262981143,14.457,5.184
8006,6.53740723962163,52.3238341222968,14.622,5.243
8007,6.5374148984469,52.3238419464793,15.127,5.424
8008,6.53742255727216,52.3238497706619,15.459,5.543
8009,6.53743021609743,52.3238575948444,14.4,5.163
8010,6.53744020197654,52.3238626569426,15.038,5.392
8011,6.53744945373056,52.3238685904067,14.76,5.292
8012,6.53745763095997,52.3238757992721,14.367,5.151
8013,6.53746580818938,52.3238830081376,13.382,4.798
8014,6.53747398541879,52.323890217003,14.98,5.371
8015,6.5374821626482,52.3238974258685,14.738,5.284
8016,6.53749033987761,52.3239046347339,14.612,5.239
8017,6.53749851710702,52.3239118435994,13.807,4.951
8018,6.53750669433643,52.3239190524648,15.538,5.571
8019,6.53751487156584,52.3239262613303,14.476,5.191
8020,6.53752304879525,52.3239334701957,13.717,4.918
8021,6.53753122602466,52.3239406790612,13.624,4.885
8022,6.53753940325407,52.3239478879266,14.789,5.303
8023,6.53754760399855,52.323955068881,14.809,5.31
8024,6.53755583070703,52.3239622190175,14.122,5.064
8025,6.53756405741551,52.323969369154,14.668,5.259
8026,6.53757228412399,52.3239765192906,14.791,5.303
8027,6.53758051083246,52.3239836694271,14.482,5.193
8028,6.53758873754094,52.3239908195636,13.99,5.016
8029,6.53759696424942,52.3239979697002,14.97,5.368
8030,6.5376051909579,52.3240051198367,14.899,5.342
8031,6.53761341766638,52.3240122699732,14.743,5.286
8032,6.53762164437486,52.3240194201097,13.921,4.991
8033,6.53762987108334,52.3240265702463,13.631,4.888
8034,6.53763809779182,52.3240337203828,14.461,5.185
8035,6.53764632450029,52.3240408705193,14.966,5.366
8036,6.53765455120877,52.3240480206559,15.034,5.39
8037,6.53766277791725,52.3240551707924,14.768,5.295
8038,6.53767100462573,52.3240623209289,14.162,5.078
8039,6.53767923133421,52.3240694710654,13.957,5.005
8040,6.53768745804269,52.324076621202,14.423,5.172
8041,6.53769568475117,52.3240837713385,14.432,5.175
8042,6.53770391145965,52.324090921475,15.091,5.411
8043,6.53771213816812,52.3240980716115,14.161,5.077
8044,6.53772022858312,52.3241053835209,14.213,5.096
8045,6.5377281756212,52.3241128656108,15.658,5.614
8046,6.53773612265927,52.3241203477006,15.365,5.509
8047,6.53774406969735,52.3241278297905,13.937,4.997
8048,6.53775201673542,52.3241353118803,15.323,5.494
8049,6.5377599637735,52.3241427939702,13.803,4.949
8050,6.53776791081158,52.32415027606,14.211,5.095
8051,6.53777585784965,52.3241577581499,14.282,5.121
8052,6.53778380488773,52.3241652402397,14.428,5.173
8053,6.5377917519258,52.3241727223296,14.842,5.322
8054,6.53779969896388,52.3241802044194,14.543,5.215
8055,6.53780764600195,52.3241876865093,14.846,5.323
8056,6.53781559304003,52.3241951685991,14.252,5.11
8057,6.53782354007811,52.324202650689,14.712,5.275
8058,6.53783148711618,52.3242101327788,14.542,5.214
8059,6.53783943415426,52.3242176148687,13.683,4.906
8060,6.53784738119233,52.3242250969585,14.788,5.302
8061,6.53785532823041,52.3242325790484,14.564,5.222
8062,6.53786327526848,52.3242400611382,14.091,5.053
8063,6.53787122230656,52.3242475432281,14.265,5.115
8064,6.53787916934464,52.3242550253179,14.284,5.122
8065,6.53788715974392,52.3242624559404,14.379,5.156
8066,6.53789521032395,52.3242698151317,15.562,5.58
8067,6.53790326090398,52.3242771743229,15.76,5.651
8068,6.53791131148401,52.3242845335142,12.932,4.637
8069,6.53791721781313,52.3242944378129,14.826,5.316
8070,6.53792305276624,52.3243044268309,15.105,5.416
8071,6.53793224544668,52.3243104304121,14.42,5.17
8072,6.53794143812713,52.3243164339932,15.097,5.413
8073,6.53795063080757,52.3243224375744,15.528,5.568
8074,6.53795982348802,52.3243284411556,13.752,4.931
8075,6.53796888434809,52.3243346012002,14.642,5.25
8076,6.53797752596722,52.3243412588607,15.718,5.636
8077,6.53798616758635,52.3243479165212,13.844,4.964
8078,6.53799480920548,52.3243545741817,14.508,5.202
8079,6.53800345082461,52.3243612318422,14.316,5.133
8080,6.53801209244374,52.3243678895027,15.202,5.451
8081,6.53802073406286,52.3243745471632,15.288,5.482
8082,6.53802845901785,52.3243822928534,14.687,5.266
8083,6.53803595830904,52.3243903063941,14.615,5.24
8084,6.53804345760023,52.3243983199348,13.589,4.872
8085,6.53805095689142,52.3244063334755,15.441,5.537
8086,6.53805881524308,52.3244139208312,14.401,5.163
8087,6.53806741556578,52.3244206275083,14.529,5.209
8088,6.53807601588848,52.3244273341854,15.188,5.446
8089,6.53808413451173,52.3244346126131,14.737,5.284
8090,6.53809197362448,52.3244422228043,15.215,5.456
8091,6.53809981273723,52.3244498329956,14.984,5.373
8092,6.53810765184999,52.3244574431868,14.753,5.29
8093,6.53811549096274,52.3244650533781,14.82,5.314
8094,6.53812333007549,52.3244726635693,13.981,5.013
8095,6.53813116918824,52.3244802737606,14.558,5.22
8096,6.53813900830099,52.3244878839518,15.287,5.481
8097,6.53814684741374,52.3244954941431,14.125,5.065
8098,6.53815468652649,52.3245031043343,14.237,5.105
8099,6.53816252563925,52.3245107145256,14.144,5.072
8100,6.538170364752,52.3245183247168,14.756,5.291
8101,6.53817820386475,52.3245259349081,15.495,5.556
8102,6.5381860429775,52.3245335450993,14.996,5.377
8103,6.53819397914636,52.3245410400903,13.398,4.804
8104,6.53820202034428,52.3245484104176,15.064,5.401
8105,6.53821006154219,52.324555780745,14.426,5.173
8106,6.5382181027401,52.3245631510723,14.99,5.375
8107,6.53822614393801,52.3245705213996,14.607,5.237
8108,6.53823418513592,52.3245778917269,14.193,5.089
8109,6.53824222633384,52.3245852620543,14.661,5.257
8110,6.53825026753175,52.3245926323816,14.447,5.18
8111,6.53825830872966,52.3246000027089,14.892,5.34
8112,6.53826639119509,52.324607324054,14.194,5.089
8113,6.53827447383505,52.3246146451919,14.058,5.04
8114,6.53828255647501,52.3246219663298,15.154,5.433
8115,6.53829063911498,52.3246292874677,15.379,5.514
8116,6.53829872190542,52.324636608427,15.072,5.404
8117,6.5383068147401,52.3246439174643,14.354,5.147
8118,6.53831490191745,52.3246512332166,14.304,5.129
8119,6.53832295879005,52.3246585849389,14.342,5.142
8120,6.53833100998416,52.3246659434013,15.271,5.476
8121,6.53833888423138,52.3246735118899,14.266,5.115
8122,6.53834657490467,52.3246812982706,15.275,5.477
8123,6.53835426557795,52.3246890846513,15.134,5.426
8124,6.53836195625124,52.324696871032,15.491,5.554
8125,6.53836964692453,52.3247046574126,15.392,5.519
8126,6.53837733759781,52.3247124437933,15.09,5.411
8127,6.5383850282711,52.324720230174,13.911,4.988
8128,6.53839271894438,52.3247280165547,15.137,5.428
8129,6.53840045995742,52.3247357431849,14.85,5.325
8130,6.5384078790283,52.3247438519427,14.567,5.223
8131,6.53841541478125,52.3247518222053,15.591,5.59
8132,6.53842419949174,52.3247583100242,14.705,5.273
8133,6.53843298420222,52.3247647978432,14.486,5.194
8134,6.53844152348608,52.32477157697,15.462,5.544
8135,6.53844978000991,52.3247786917174,14.567,5.223
8136,6.53845803653373,52.3247858064647,14.468,5.187
8137,6.53846629305755,52.3247929212121,14.149,5.073
8138,6.53847454958137,52.3248000359594,14.333,5.139
8139,6.5384828061052,52.3248071507068,14.387,5.159
8140,6.53849106262902,52.3248142654542,15.188,5.446
8141,6.53849931915284,52.3248213802015,14.227,5.101
8142,6.53850757567666,52.3248284949489,13.737,4.925
8143,6.53851583220048,52.3248356096963,15.011,5.382
8144,6.53852408872431,52.3248427244436,14.463,5.186
8145,6.53853234524813,52.324849839191,14.829,5.317
8146,6.53854060177195,52.3248569539384,15.596,5.592
8147,6.53854885829577,52.3248640686857,14.887,5.338
8148,6.53855711481959,52.3248711834331,15.736,5.642
8149,6.53856527026985,52.3248784181492,14.811,5.311
8150,6.53857337544649,52.3248857125373,15.446,5.538
8151,6.53858148062313,52.3248930069254,14.535,5.212
8152,6.53858958579977,52.3249003013135,14.923,5.351
8153,6.53859769097641,52.3249075957016,14.314,5.132
8154,6.53860579615305,52.3249148900897,14.386,5.158
8155,6.53861390132969,52.3249221844778,14.735,5.283
8156,6.53862200650633,52.3249294788659,14.089,5.052
8157,6.53863024615715,52.3249366136406,14.966,5.366
8158,6.53863851366816,52.3249437153468,14.697,5.27
8159,6.53864678117918,52.324950817053,15.015,5.384
8160,6.53865500775759,52.3249579673439,14.107,5.058
8161,6.53866306915737,52.3249653136927,15.294,5.484
8162,6.53867113055716,52.3249726600415,15.881,5.694
8163,6.53867919195694,52.3249800063903,15.759,5.651
8164,6.53868725335673,52.3249873527392,16.006,5.739
8165,6.53869531475652,52.324994699088,14.913,5.347
8166,6.5387033761563,52.3250020454368,14.683,5.265
8167,6.53871143755609,52.3250093917856,15.178,5.442
8168,6.53871949895587,52.3250167381344,14.753,5.29
8169,6.53872756035566,52.3250240844832,13.871,4.973
8170,6.53873562175545,52.325031430832,15.377,5.514
8171,6.53874368315523,52.3250387771809,14.759,5.292
8172,6.53875174455502,52.3250461235297,14.035,5.032
8173,6.5387598059548,52.3250534698785,14.6,5.235
8174,6.53876786168639,52.3250608229552,14.775,5.298
8175,6.53877575579794,52.3250683678659,14.907,5.345
8176,6.53878364990949,52.3250759127766,14.915,5.348
8177,6.53879162978864,52.3250833558859,15.707,5.632
8178,6.53879967807497,52.3250907177997,14.144,5.072
8179,6.53880772636129,52.3250980797134,14.813,5.311
8180,6.53881577464761,52.3251054416272,14.386,5.158
8181,6.53882382293394,52.325112803541,15.642,5.609
8182,6.53883187122026,52.3251201654547,14.573,5.225
8183,6.53883991950658,52.3251275273685,14.701,5.271
8184,6.53884796779291,52.3251348892823,15.521,5.565
8185,6.53885601607923,52.3251422511961,15.682,5.623
8186,6.53886406436555,52.3251496131098,15.769,5.654
8187,6.53887211265188,52.3251569750236,13.936,4.997
8188,6.5388801609382,52.3251643369374,15.186,5.445
8189,6.53888820922452,52.3251716988511,15.061,5.4
8190,6.53889625751085,52.3251790607649,14.871,5.332
8191,6.53890430579717,52.3251864226787,14.94,5.357
8192,6.53891235408349,52.3251937845925,15.656,5.614
8193,6.53892029333533,52.3252012759242,15.51,5.561
8194,6.53892747470789,52.3252096668167,15.426,5.531
8195,6.53893465608046,52.3252180577092,15.019,5.385
8196,6.53894183745302,52.3252264486017,16.232,5.82
8197,6.53894955269069,52.3252342058259,14.66,5.256
8198,6.53895782239457,52.3252413049292,13.944,5.0
8199,6.5389661438156,52.3252483426472,14.737,5.284
8200,6.53897446523662,52.3252553803651,14.926,5.352
8201,6.53898278665765,52.3252624180831,15.657,5.614
8202,6.53899132153701,52.3252692024378,14.589,5.231
8203,6.5389998631186,52.3252759788373,15.177,5.442
8204,6.5390084047002,52.3252827552369,14.018,5.026
8205,6.53901694628179,52.3252895316364,15.521,5.565
8206,6.53902548786338,52.3252963080359,14.924,5.351
8207,6.53903402944498,52.3253030844355,14.717,5.277
8208,6.53904257102657,52.325309860835,16.134,5.785
8209,6.53905111260817,52.3253166372345,15.508,5.561
8210,6.53905965418976,52.3253234136341,14.266,5.115
8211,6.53906819577135,52.3253301900336,14.811,5.311
8212,6.53907673735295,52.3253369664331,16.483,5.91
8213,6.53908527893454,52.3253437428327,16.036,5.75
8214,6.53909356056449,52.3253508277804,15.413,5.527
8215,6.53910161524469,52.325358182105,13.782,4.942
8216,6.53910966992489,52.3253655364296,15.65,5.612
8217,6.53911772460509,52.3253728907542,14.492,5.196
8218,6.53912577928529,52.3253802450788,15.642,5.608
8219,6.53913383396549,52.3253875994034,14.437,5.176
8220,6.53914188864569,52.325394953728,15.147,5.431
8221,6.53914993910987,52.3254023130568,14.482,5.192
8222,6.53915798566913,52.3254096770205,14.643,5.25
8223,6.53916603222839,52.3254170409842,15.221,5.457
8224,6.53917407878765,52.3254244049479,14.077,5.048
8225,6.53918212534691,52.3254317689116,16.247,5.825
8226,6.53919017190617,52.3254391328753,14.246,5.108
8227,6.53919821846543,52.325446496839,14.211,5.095
8228,6.53920625356835,52.3254538744007,15.214,5.455
8229,6.53921427415467,52.3254612691929,15.605,5.595
8230,6.53922227443868,52.3254686880828,14.653,5.254
8231,6.5392302738977,52.3254761079518,14.212,5.096
8232,6.53923827335672,52.3254835278209,14.298,5.127
8233,6.53924627281574,52.32549094769,14.233,5.103
8234,6.53925497019397,52.3254975391675,15.019,5.385
8235,6.53926401325592,52.3255037203376,14.795,5.305
8236,6.53927305631788,52.3255099015076,15.086,5.409
8237,6.53928209937983,52.3255160826777,15.049,5.396
8238,6.53929114244179,52.3255222638477,15.318,5.492
8239,6.53930018550374,52.3255284450178,14.591,5.232
8240,6.53930797908009,52.3255361092582,14.397,5.162
8241,6.53931417747976,52.3255456668853,14.922,5.35
8242,6.53932037587942,52.3255552245123,14.797,5.306
8243,6.5393270799355,52.3255641819531,14.977,5.37
8244,6.53933512401764,52.325571548857,14.409,5.167
8245,6.53934316809979,52.3255789157609,15.205,5.452
8246,6.53935121218193,52.3255862826648,14.134,5.068
8247,6.53935925626408,52.3255936495687,14.567,5.223
8248,6.53936730034622,52.3256010164726,15.49,5.554
8249,6.53937534442837,52.3256083833765,14.16,5.077
8250,6.53938338851051,52.3256157502804,15.443,5.537
8251,6.53939143259265,52.3256231171843,13.997,5.019
8252,6.5393994766748,52.3256304840882,13.893,4.982
8253,6.53940752075694,52.3256378509921,13.947,5.001
8254,6.53941556483909,52.325645217896,14.895,5.341
8255,6.53942360892123,52.3256525847999,15.255,5.47
8256,6.53943165300338,52.3256599517038,15.587,5.589
8257,6.53943969708552,52.3256673186077,15.541,5.572
8258,6.53944774116766,52.3256746855116,15.335,5.499
8259,6.53945578524981,52.3256820524155,14.34,5.142
8260,6.53946382933195,52.3256894193194,14.336,5.14
8261,6.5394718734141,52.3256967862233,15.294,5.484
8262,6.53947994828052,52.325704116588,15.668,5.618
8263,6.53948803386631,52.3257114342294,14.227,5.101
8264,6.53949611945209,52.3257187518707,15.596,5.592
8265,6.53950420503788,52.3257260695121,13.707,4.915
8266,6.53951229062366,52.3257333871535,15.067,5.402
8267,6.53951960232565,52.3257416233522,14.779,5.299
8268,6.53952634523545,52.3257505346758,14.722,5.279
8269,6.53953504732025,52.3257571205669,14.862,5.329
8270,6.53954432339625,52.3257630251621,14.344,5.143
8271,6.53955295661206,52.3257696927969,15.11,5.418
8272,6.5395610034106,52.3257770564766,14.886,5.338
8273,6.53956905020913,52.3257844201563,15.403,5.523
8274,6.53957709700767,52.325791783836,15.791,5.662
8275,6.5395851438062,52.3257991475157,14.933,5.354
8276,6.53959319060474,52.3258065111954,14.38,5.156
8277,6.53960123740328,52.3258138748751,14.196,5.09
8278,6.53960928420181,52.3258212385548,15.867,5.689
8279,6.53961733100035,52.3258286022345,15.795,5.663
8280,6.53962537779888,52.3258359659141,15.397,5.521
8281,6.53963342459742,52.3258433295938,14.914,5.348
8282,6.53964147139595,52.3258506932735,15.362,5.508
8283,6.53964951819449,52.3258580569532,15.654,5.613
8284,6.53965756499302,52.3258654206329,14.527,5.209
8285,6.53966561179156,52.3258727843126,14.913,5.347
8286,6.5396736585901,52.3258801479923,14.249,5.109
8287,6.53968170538863,52.325887511672,14.828,5.317
8288,6.53968975218717,52.3258948753517,15.817,5.671
8289,6.5396977989857,52.3259022390314,15.548,5.575
8290,6.53970584578424,52.3259096027111,14.998,5.378
8291,6.53971389258277,52.3259169663908,13.34,4.783
8292,6.53972193938131,52.3259243300705,14.544,5.215
8293,6.53972998617985,52.3259316937502,14.995,5.377
8294,6.53973803297838,52.3259390574299,14.814,5.312
8295,6.53974607977692,52.3259464211096,14.966,5.366
8296,6.53975412657545,52.3259537847892,15.095,5.412
8297,6.53976217337399,52.3259611484689,14.645,5.251
8298,6.53977018769643,52.325968550696,14.96,5.364
8299,6.53977819649602,52.3259759594783,14.883,5.336
8300,6.53978620529561,52.3259833682607,14.564,5.222
8301,6.5397942140952,52.325990777043,16.07,5.762
8302,6.53980222289479,52.3259981858253,14.711,5.275
8303,6.53981023169438,52.3260055946077,13.672,4.902
8304,6.53981824049397,52.32601300339,16.054,5.756
8305,6.53982624929356,52.3260204121724,14.515,5.204
8306,6.53983425809315,52.3260278209547,15.549,5.575
8307,6.53984226689274,52.3260352297371,14.627,5.245
8308,6.53985027569233,52.3260426385194,15.37,5.511
8309,6.53985828449192,52.3260500473017,15.014,5.384
8310,6.53986629329151,52.3260574560841,15.639,5.607
8311,6.5398743020911,52.3260648648664,14.933,5.354
8312,6.53988231089069,52.3260722736488,14.682,5.264
8313,6.53989031969028,52.3260796824311,15.226,5.46
8314,6.53989832848987,52.3260870912135,14.859,5.328
8315,6.53990633728946,52.3260944999958,13.958,5.005
8316,6.53991434608905,52.3261019087781,14.747,5.288
8317,6.53992238671108,52.326109279789,16.797,6.023
8318,6.53993042755822,52.3261166505327,14.048,5.037
8319,6.53993846840536,52.3261240212764,15.27,5.475
8320,6.5399465092525,52.32613139202,14.994,5.376
8321,6.53995455009963,52.3261387627637,16.226,5.818
8322,6.53996259094677,52.3261461335074,14.502,5.2
8323,6.53997063179391,52.3261535042511,15.225,5.459
8324,6.53997867264104,52.3261608749947,15.578,5.586
8325,6.53998671348818,52.3261682457384,15.079,5.407
8326,6.53999475433532,52.3261756164821,14.743,5.286
8327,6.54000279518246,52.3261829872258,15.191,5.447
8328,6.54001083602959,52.3261903579694,15.032,5.39
8329,6.54001887687673,52.3261977287131,15.04,5.393
8330,6.54002691772387,52.3262050994568,15.781,5.659
8331,6.54003495857101,52.3262124702005,15.481,5.551
8332,6.54004299941814,52.3262198409441,15.579,5.586
8333,6.54005102151474,52.3262272339437,15.459,5.543
8334,6.54005902799571,52.3262346454781,15.84,5.68
8335,6.54006703447669,52.3262420570125,16.053,5.756
8336,6.54007504095766,52.3262494685469,15.128,5.424
8337,6.54008300937898,52.326256925256,15.789,5.661
8338,6.54009097282063,52.3262643878757,14.556,5.219
8339,6.54009884818472,52.3262719550387,14.004,5.021
8340,6.54010663089275,52.3262796321792,16.414,5.885
8341,6.54011441360079,52.3262873093197,15.154,5.434
8342,6.5401224182171,52.3262947230674,15.51,5.561
8343,6.54013063859065,52.3263018807231,14.652,5.253
8344,6.54013885896419,52.3263090383789,14.635,5.248
8345,6.54014707933774,52.3263161960346,14.975,5.369
8346,6.54015529971129,52.3263233536903,15.783,5.659
8347,6.54016352008484,52.3263305113461,15.112,5.419
8348,6.54017174045839,52.3263376690018,15.23,5.461
8349,6.54017996083194,52.3263448266576,15.001,5.379
8350,6.54018818120549,52.3263519843133,16.135,5.785
8351,6.54019640157904,52.326359141969,15.972,5.727
8352,6.54020462214846,52.3263662993923,15.187,5.446
8353,6.54021284449248,52.3263734547092,15.886,5.696
8354,6.54022106683649,52.3263806100261,15.35,5.504
8355,6.54022928918051,52.326387765343,15.307,5.488
8356,6.54023751152452,52.3263949206599,15.488,5.553
8357,6.54024570517976,52.3264021100288,15.906,5.703
8358,6.54025384627275,52.3264093617862,15.014,5.384
8359,6.54026198736573,52.3264166135436,15.846,5.682
8360,6.54027012845871,52.326423865301,17.03,6.106
8361,6.5402782695517,52.3264311170584,15.68,5.622
8362,6.54028641064468,52.3264383688158,15.605,5.595
8363,6.54029455173766,52.3264456205732,15.545,5.574
8364,6.54030269283065,52.3264528723306,15.887,5.697
8365,6.54031083392363,52.326460124088,14.67,5.26
8366,6.54031897501661,52.3264673758454,16.629,5.962
8367,6.5403271161096,52.3264746276027,16.216,5.814
8368,6.54033525720258,52.3264818793601,15.271,5.476
8369,6.54034339829556,52.3264891311175,15.68,5.622
8370,6.54035153938854,52.3264963828749,15.344,5.502
8371,6.54035968048153,52.3265036346323,15.859,5.686
8372,6.54036782157451,52.3265108863897,15.73,5.64
8373,6.54037596266749,52.3265181381471,15.839,5.679
8374,6.54038410376048,52.3265253899045,15.111,5.418
8375,6.54039224485346,52.3265326416619,15.443,5.537
8376,6.54040038594644,52.3265398934193,16.411,5.884
8377,6.54040853206548,52.326547139211,15.434,5.534
8378,6.54041687928984,52.3265541463019,14.204,5.093
8379,6.54042522651421,52.3265611533927,15.681,5.622
8380,6.54043357373857,52.3265681604835,17.198,6.166
8381,6.54044192096293,52.3265751675743,16.289,5.841
8382,6.5404502681873,52.3265821746652,15.457,5.542
8383,6.54045861541166,52.326589181756,15.781,5.659
8384,6.54046696263603,52.3265961888468,16.221,5.816
8385,6.54047530986039,52.3266031959377,14.799,5.306
8386,6.54048365708476,52.3266102030285,15.339,5.5
8387,6.54049200430912,52.3266172101193,16.087,5.768
8388,6.54050035153349,52.3266242172101,16.801,6.024
8389,6.54050870657776,52.3266312150192,15.615,5.599
8390,6.54051707383552,52.3266381983315,16.805,6.026
8391,6.54052544109328,52.3266451816438,15.45,5.54
8392,6.54053380835105,52.3266521649561,13.913,4.988
8393,6.54054217560881,52.3266591482683,16.351,5.863
8394,6.54055054286657,52.3266661315806,16.242,5.824
8395,6.54055891012434,52.3266731148929,16.367,5.868
8396,6.5405672773821,52.3266800982052,16.354,5.864
8397,6.54057564463986,52.3266870815175,16.067,5.761
8398,6.54058323611778,52.3266949856376,15.812,5.669
8399,6.54059041807432,52.326703375837,15.844,5.681
8400,6.54059760003087,52.3267117660364,15.713,5.634
8401,6.54060478198741,52.3267201562357,15.758,5.65
8402,6.54061196394395,52.3267285464351,14.938,5.356
8403,6.54061914590049,52.3267369366345,15.299,5.486
8404,6.54062632785704,52.3267453268339,15.927,5.711
8405,6.54063371331149,52.3267534754924,14.715,5.276
8406,6.54064157084864,52.3267610638149,14.862,5.329
8407,6.54064942838579,52.3267686521375,15.856,5.685
8408,6.54065728592294,52.32677624046,15.987,5.732
8409,6.54066447157986,52.3267846262672,15.888,5.697
8410,6.54066959573879,52.3267954589587,14.682,5.264
8411,6.54067795202279,52.3268024552962,17.005,6.097
8412,6.5406874794369,52.326808061567,15.257,5.47
8413,6.54069572735294,52.3268151865313,15.63,5.604
8414,6.54070392412401,52.3268223722019,15.379,5.514
8415,6.54071212089508,52.3268295578725,16.895,6.058
8416,6.54072031766615,52.3268367435431,16.389,5.876
8417,6.54072851443722,52.3268439292136,15.872,5.691
8418,6.54073671120829,52.3268511148842,15.841,5.68
8419,6.54074490797936,52.3268583005548,16.276,5.836
8420,6.54075310475043,52.3268654862254,15.447,5.539
8421,6.5407613015215,52.3268726718959,16.414,5.885
8422,6.54076949829257,52.3268798575665,15.878,5.693
8423,6.54077769506364,52.3268870432371,16.516,5.922
8424,6.54078589183471,52.3268942289077,16.506,5.918
8425,6.54079408994582,52.3269014129877,15.881,5.694
8426,6.54080229025042,52.3269085944642,15.033,5.39
8427,6.54081049055503,52.3269157759406,16.106,5.775
8428,6.54081869085964,52.3269229574171,15.409,5.525
8429,6.54082689116425,52.3269301388936,16.318,5.851
8430,6.54083509146886,52.32693732037,16.131,5.784
8431,6.54084329177347,52.3269445018465,15.946,5.718
8432,6.5408519010877,52.3269511978511,15.541,5.572
8433,6.5408606682875,52.3269577064543,17.011,6.1
8434,6.5408694354873,52.3269642150575,16.057,5.757
8435,6.5408782026871,52.3269707236607,17.719,6.353
8436,6.5408869698869,52.3269772322639,16.366,5.868
8437,6.5408957370867,52.3269837408671,16.563,5.939
8438,6.54090450428649,52.3269902494702,16.39,5.877
8439,6.54091327148629,52.3269967580734,16.579,5.944
8440,6.54092127296369,52.3270041755468,17.032,6.107
8441,6.54092901678146,52.3270118988479,17.05,6.113
8442,6.54093676059923,52.3270196221491,15.372,5.512
8443,6.54094450441699,52.3270273454502,16.926,6.069
8444,6.54095224823476,52.3270350687513,16.726,5.997
8445,6.54095999205253,52.3270427920525,16.466,5.904
8446,6.54096773587029,52.3270505153536,17.464,6.262
8447,6.54097547968806,52.3270582386547,17.499,6.274
8448,6.54098322350583,52.3270659619559,17.012,6.1
8449,6.5409909673236,52.327073685257,16.172,5.799
8450,6.54099889771282,52.3270811871081,15.802,5.666
8451,6.54100706556316,52.327088407106,16.959,6.081
8452,6.5410152334135,52.3270956271039,17.327,6.213
8453,6.54102340126384,52.3271028471018,15.347,5.503
8454,6.54103156911418,52.3271100670997,17.191,6.164
8455,6.54103973696452,52.3271172870976,16.414,5.886
8456,6.54104790481486,52.3271245070954,15.513,5.562
8457,6.5410560726652,52.3271317270933,16.865,6.047
8458,6.54106413365122,52.3271390739333,17.136,6.144
8459,6.54107216001938,52.3271464618627,16.408,5.883
8460,6.54108018552139,52.3271538508202,16.005,5.739
8461,6.54108819687867,52.3271612565667,17.647,6.327
8462,6.54109620823595,52.3271686623132,16.259,5.83
8463,6.54110421959323,52.3271760680597,17.347,6.22
8464,6.54111223095051,52.3271834738062,15.789,5.661
8465,6.54112024848039,52.3271908722262,16.936,6.073
8466,6.5411282717746,52.3271982638042,16.933,6.071
8467,6.5411363300748,52.3272056138321,17.232,6.179
8468,6.54114439545979,52.3272129554507,17.609,6.314
8469,6.54115246084478,52.3272202970693,16.266,5.832
8470,6.54116052622977,52.3272276386879,17.064,6.119
8471,6.54116859161476,52.3272349803065,15.968,5.725
8472,6.54117665699975,52.327242321925,15.975,5.728
8473,6.54118472238475,52.3272496635436,16.459,5.901
8474,6.54119278776974,52.3272570051622,17.053,6.115
8475,6.54120085315473,52.3272643467808,17.812,6.387
8476,6.54120891853972,52.3272716883994,17.933,6.43
8477,6.54121698392471,52.327279030018,16.645,5.968
8478,6.5412250493097,52.3272863716366,17.047,6.112
8479,6.54123311469469,52.3272937132552,17.436,6.252
8480,6.54124118007968,52.3273010548738,17.345,6.219
8481,6.54124924546467,52.3273083964924,16.809,6.027
8482,6.54125731084966,52.327315738111,16.968,6.084
8483,6.54126537623466,52.3273230797296,16.872,6.05
8484,6.54127344161965,52.3273304213482,16.828,6.034
8485,6.54128150700464,52.3273377629668,16.764,6.011
8486,6.54128966158619,52.327344998714,16.909,6.063
8487,6.54129811537855,52.3273518793145,16.754,6.007
8488,6.54130656917091,52.327358759915,16.339,5.859
8489,6.54131502296326,52.3273656405155,17.528,6.285
8490,6.54132347675562,52.3273725211161,17.339,6.217
8491,6.54133193054798,52.3273794017166,18.153,6.509
8492,6.54134038434033,52.3273862823171,17.28,6.196
8493,6.54134883813269,52.3273931629176,16.832,6.035
8494,6.54135729192504,52.3274000435181,16.722,5.996
8495,6.5413657457174,52.3274069241186,17.132,6.143
8496,6.54137419950976,52.3274138047191,17.444,6.255
8497,6.54138265330211,52.3274206853196,16.988,6.091
8498,6.54139110709447,52.3274275659201,16.281,5.838
8499,6.54139866582923,52.3274355089046,16.725,5.997
8500,6.54140549151602,52.3274443219765,17.184,6.161
8501,6.54141231720281,52.3274531350483,17.622,6.319
8502,6.5414191428896,52.3274619481202,16.327,5.854
8503,6.54142597070652,52.3274707586638,17.37,6.228
8504,6.54143401158558,52.3274781293696,17.357,6.224
8505,6.54144205246464,52.3274855000753,16.975,6.086
8506,6.54145009334369,52.3274928707811,16.909,6.063
8507,6.54145813422275,52.3275002414869,16.834,6.036
8508,6.54146617510181,52.3275076121927,17.363,6.226
8509,6.54147421598087,52.3275149828985,17.956,6.438
8510,6.54148225685992,52.3275223536043,18.01,6.458
8511,6.54149029773898,52.3275297243101,16.657,5.973
8512,6.54149833861804,52.3275370950159,17.221,6.175
8513,6.5415063794971,52.3275444657217,16.054,5.756
8514,6.54151442037615,52.3275518364274,17.42,6.246
8515,6.54152246125521,52.3275592071332,17.72,6.354
8516,6.54153050213427,52.327566577839,18.304,6.563
8517,6.54153854301332,52.3275739485448,16.342,5.86
8518,6.54154658389238,52.3275813192506,16.765,6.011
8519,6.54155462477144,52.3275886899564,17.501,6.275
8520,6.5415626656505,52.3275960606622,16.476,5.908
8521,6.54157070652955,52.327603431368,17.541,6.289
8522,6.54157874740861,52.3276108020737,17.817,6.389
8523,6.54158678828767,52.3276181727795,16.709,5.991
8524,6.54159491303997,52.3276254439324,17.551,6.293
8525,6.54160307358292,52.3276326726038,16.771,6.014
8526,6.54161123412587,52.3276399012751,18.304,6.563
8527,6.54161939466882,52.3276471299465,17.627,6.32
8528,6.54162755521177,52.3276543586178,17.14,6.146
8529,6.54163571575472,52.3276615872892,16.799,6.023
8530,6.54164387629767,52.3276688159605,17.766,6.37
8531,6.54165202288244,52.3276760611995,18.346,6.578
8532,6.54166015360539,52.3276833252655,17.103,6.133
8533,6.54166828432834,52.3276905893316,17.308,6.206
8534,6.54167641505129,52.3276978533976,17.134,6.144
8535,6.54168454577424,52.3277051174637,18.501,6.634
8536,6.54169268247143,52.3277123744386,16.473,5.906
8537,6.54170084251305,52.327719603705,18.36,6.583
8538,6.54170900255468,52.3277268329715,17.391,6.236
8539,6.54171716259631,52.3277340622378,17.58,6.303
8540,6.54172532263794,52.3277412915042,17.43,6.25
8541,6.54173348267956,52.3277485207706,17.78,6.375
8542,6.54174164272119,52.327755750037,17.218,6.174
8543,6.54174980276282,52.3277629793034,18.278,6.554
8544,6.54175796280445,52.3277702085698,18.31,6.565
8545,6.54176612284607,52.3277774378362,17.093,6.129
8546,6.5417742828877,52.3277846671026,18.072,6.48
8547,6.54178244292933,52.327791896369,17.477,6.267
8548,6.54179060297096,52.3277991256354,17.725,6.355
8549,6.54179876301258,52.3278063549018,18.599,6.669
8550,6.54180692305421,52.3278135841682,17.312,6.208
8551,6.54181492973178,52.3278209954693,18.261,6.548
8552,6.54182109249287,52.3278305953974,17.991,6.451
8553,6.54182725525396,52.3278401953255,17.615,6.316
8554,6.54183690141521,52.3278456606499,17.952,6.437
8555,6.54184719573241,52.3278503566491,17.888,6.414
8556,6.54185531455047,52.3278576348456,17.067,6.12
8557,6.54186336165612,52.3278649981608,17.398,6.238
8558,6.54187140876177,52.327872361476,17.146,6.148
8559,6.54187945586742,52.3278797247911,17.603,6.312
8560,6.54188750297307,52.3278870881063,18.563,6.656
8561,6.54189555007872,52.3278944514215,18.119,6.497
8562,6.54190359718437,52.3279018147366,16.94,6.074
8563,6.54191164429002,52.3279091780518,17.627,6.32
8564,6.54191969139567,52.327916541367,17.931,6.429
8565,6.54192773850131,52.3279239046821,18.236,6.539
8566,6.54193578560696,52.3279312679973,17.42,6.246
8567,6.54194383271261,52.3279386313125,17.08,6.124
8568,6.54195187981826,52.3279459946276,17.779,6.375
8569,6.54195992692391,52.3279533579428,18.152,6.508
8570,6.54196797402956,52.327960721258,17.959,6.439
8571,6.54197602113521,52.3279680845731,17.305,6.205
8572,6.54198406824086,52.3279754478883,18.862,6.763
8573,6.54199211534651,52.3279828112035,17.776,6.374
8574,6.54200016245216,52.3279901745186,17.952,6.437
8575,6.54200820955781,52.3279975378338,17.452,6.258
8576,6.54201625666346,52.328004901149,18.496,6.632
8577,6.54202430376911,52.3280122644641,18.185,6.52
8578,6.54203235087476,52.3280196277793,18.038,6.468
8579,6.54204039798041,52.3280269910945,17.179,6.16
8580,6.54204844508606,52.3280343544096,18.503,6.634
8581,6.54205649219171,52.3280417177248,18.308,6.564
8582,6.54206453929736,52.32804908104,18.462,6.62
8583,6.54207258640301,52.3280564443551,17.89,6.415
8584,6.54208063350866,52.3280638076703,17.828,6.392
8585,6.54208868061431,52.3280711709855,17.767,6.371
8586,6.54209672771996,52.3280785343006,19.217,6.891
8587,6.54210477482561,52.3280858976158,17.561,6.297
8588,6.54211282193126,52.328093260931,17.185,6.162
8589,6.54212086903691,52.3281006242461,17.665,6.334
8590,6.54212891614256,52.3281079875613,17.574,6.301
8591,6.54213696324821,52.3281153508765,18.63,6.68
8592,6.54214501035386,52.3281227141916,17.094,6.129
8593,6.54215305745951,52.3281300775068,17.564,6.298
8594,6.54216110456516,52.328137440822,18.008,6.457
8595,6.54216915167081,52.3281448041371,18.644,6.685
8596,6.54217719877645,52.3281521674523,18.319,6.568
8597,6.5421852458821,52.3281595307675,18.854,6.76
8598,6.54219329298775,52.3281668940826,18.107,6.492
8599,6.5422013400934,52.3281742573978,17.785,6.377
8600,6.54220938719905,52.328181620713,18.41,6.601
8601,6.5422174343047,52.3281889840281,17.104,6.133
8602,6.54222548141035,52.3281963473433,16.904,6.061
8603,6.542233528516,52.3282037106584,18.485,6.628
8604,6.54224157562165,52.3282110739736,18.035,6.467
8605,6.5422496227273,52.3282184372888,18.48,6.626
8606,6.54225766983295,52.328225800604,17.412,6.243
8607,6.5422657169386,52.3282331639191,18.67,6.694
8608,6.54227376404425,52.3282405272343,18.31,6.565
8609,6.5422818111499,52.3282478905494,17.898,6.417
8610,6.54228985825555,52.3282552538646,18.039,6.468
8611,6.5422979053612,52.3282626171798,18.122,6.498
8612,6.54230595246685,52.328269980495,17.414,6.244
8613,6.5423139995725,52.3282773438101,17.692,6.344
8614,6.54232204667815,52.3282847071253,18.113,6.495
8615,6.5423300937838,52.3282920704404,17.669,6.335
8616,6.54233814088945,52.3282994337556,17.055,6.115
8617,6.5423461879951,52.3283067970708,18.093,6.487
8618,6.54235423510075,52.328314160386,18.411,6.601
8619,6.5423622822064,52.3283215237011,18.547,6.65
8620,6.54237032931205,52.3283288870163,18.232,6.537
8621,6.5423783764177,52.3283362503314,18.4,6.597
8622,6.54238581725902,52.3283443332489,18.499,6.633
8623,6.5423918563407,52.3283540799776,17.964,6.441
8624,6.54240017428982,52.3283611218165,16.671,5.977
8625,6.54240915367791,52.3283673785639,18.598,6.669
8626,6.54241823406713,52.3283735154286,17.39,6.235
8627,6.54242656972122,52.3283805362527,17.25,6.185
8628,6.54243490537532,52.3283875570768,17.265,6.19
8629,6.54244324102941,52.3283945779009,19.374,6.947
8630,6.54245157668351,52.328401598725,18.17,6.515
8631,6.54245991233761,52.3284086195491,17.298,6.202
8632,6.5424682479917,52.3284156403732,17.507,6.277
8633,6.5424765836458,52.3284226611973,17.907,6.421
8634,6.54248491929989,52.3284296820214,18.225,6.535
8635,6.54249325495399,52.3284367028455,18.068,6.479
8636,6.54250159060808,52.3284437236696,17.356,6.223
8637,6.54250992626218,52.3284507444937,18.087,6.485
8638,6.54251826191627,52.3284577653178,17.539,6.289
8639,6.54252659757037,52.3284647861419,18.512,6.638
8640,6.54253493322447,52.328471806966,17.928,6.428
8641,6.54254326887856,52.3284788277901,17.446,6.255
8642,6.54255160453266,52.3284858486142,18.295,6.56
8643,6.54255994018675,52.3284928694383,18.113,6.495
8644,6.54256827584085,52.3284998902623,17.606,6.313
8645,6.54257661149494,52.3285069110864,18.312,6.566
8646,6.54258494714904,52.3285139319105,18.25,6.544
8647,6.54259328280313,52.3285209527346,18.584,6.664
8648,6.54260161845723,52.3285279735587,18.293,6.559
8649,6.54260995411133,52.3285349943828,17.746,6.363
8650,6.54261828976542,52.3285420152069,16.875,6.051
8651,6.54262632330245,52.3285493946273,17.976,6.445
8652,6.54263395541663,52.3285572505144,18.064,6.477
8653,6.5426415875308,52.3285651064016,17.89,6.415
8654,6.54264921964498,52.3285729622887,16.086,5.768
8655,6.54265685175916,52.3285808181758,18.253,6.545
8656,6.54266448387334,52.3285886740629,17.314,6.208
8657,6.54267211598752,52.32859652995,18.25,6.544
8658,6.5426797481017,52.3286043858372,18.843,6.756
8659,6.54268738021588,52.3286122417243,17.691,6.343
8660,6.5426965037501,52.3286183273782,18.094,6.488
8661,6.54270559367803,52.3286244529209,17.852,6.401
8662,6.54271251683587,52.3286331503,18.138,6.503
8663,6.54271943999371,52.3286418476792,17.886,6.413
8664,6.54272636315155,52.3286505450583,17.517,6.281
8665,6.54273328630939,52.3286592424375,17.285,6.198
8666,6.54274053972505,52.3286675478188,18.748,6.722
8667,6.5427490165993,52.3286744010224,18.067,6.478
8668,6.54275749347355,52.3286812542259,18.294,6.559
8669,6.5427659703478,52.3286881074295,18.036,6.467
8670,6.54277438674772,52.3286950324128,18.371,6.587
8671,6.54278267680595,52.3287021073567,17.266,6.191
8672,6.54279096686418,52.3287091823005,17.838,6.396
8673,6.54279925692241,52.3287162572444,18.082,6.483
8674,6.54280610659398,52.3287250418477,18.54,6.648
8675,6.54281233177896,52.3287345676821,19.348,6.937
8676,6.54281979212001,52.3287426274544,18.011,6.458
8677,6.54282836501071,52.3287493666917,17.378,6.231
8678,6.54283693790141,52.3287561059291,17.06,6.117
8679,6.54284551079211,52.3287628451665,17.226,6.177
8680,6.54285402684718,52.3287696518646,17.299,6.203
8681,6.54286227652495,52.3287767747378,16.044,5.753
8682,6.54287045810809,52.3287839784356,17.348,6.22
8683,6.54287863969123,52.3287911821334,18.162,6.512
8684,6.54288682127437,52.3287983858312,17.781,6.375
8685,6.54289500285751,52.3288055895291,17.58,6.303
8686,6.54290318444065,52.3288127932269,16.774,6.014
8687,6.54291136602378,52.3288199969247,18.341,6.576
8688,6.54291954760692,52.3288272006225,18.019,6.461
8689,6.54292772919006,52.3288344043203,17.706,6.349
8690,6.54293588903891,52.3288416338155,16.414,5.885
8691,6.54294372909168,52.328849242891,17.416,6.245
8692,6.54295156914444,52.3288568519665,17.955,6.438
8693,6.54295940919721,52.328864461042,17.679,6.339
8694,6.54296724924998,52.3288720701175,17.804,6.384
8695,6.54297508930275,52.328879679193,18.09,6.486
8696,6.54298292935552,52.3288872882685,17.773,6.373
8697,6.54299088889695,52.3288947555176,18.06,6.475
8698,6.54299897616206,52.3289020711657,17.177,6.159
8699,6.54300706342716,52.3289093868138,16.949,6.077
8700,6.54301515069226,52.3289167024619,17.945,6.434
8701,6.54302323795737,52.3289240181101,18.061,6.476
8702,6.54303132522247,52.3289313337582,17.96,6.44
8703,6.54303941248757,52.3289386494063,17.728,6.356
8704,6.54304749975268,52.3289459650544,17.455,6.259
8705,6.54305558701778,52.3289532807025,17.765,6.37
8706,6.54306372117518,52.3289605406921,17.86,6.404
8707,6.54307198823509,52.3289676429337,17.891,6.415
8708,6.54308025529499,52.3289747451753,19.161,6.87
8709,6.54308852235489,52.3289818474169,17.082,6.125
8710,6.5430967894148,52.3289889496585,19.516,6.998
8711,6.5431050564747,52.3289960519001,16.875,6.051
8712,6.5431133235346,52.3290031541417,17.836,6.395
8713,6.54312159059451,52.3290102563834,16.902,6.06
8714,6.54312985765441,52.329017358625,17.78,6.375
8715,6.54313812471431,52.3290244608666,18.173,6.516
8716,6.54314639177422,52.3290315631082,17.61,6.314
8717,6.54315465883412,52.3290386653498,18.159,6.511
8718,6.54316269634884,52.3290460400489,17.333,6.215
8719,6.54317058429255,52.3290535922805,16.372,5.87
8720,6.54317847223626,52.3290611445121,17.941,6.433
8721,6.54318636017997,52.3290686967437,17.586,6.306
8722,6.54319424812368,52.3290762489753,17.281,6.196
8723,6.54320213606739,52.3290838012069,17.317,6.209
8724,6.5432100240111,52.3290913534385,17.793,6.38
8725,6.5432179119548,52.3290989056701,17.07,6.121
8726,6.54322579989851,52.3291064579017,17.765,6.37
8727,6.54323368784222,52.3291140101333,18.239,6.54
8728,6.54324157578593,52.3291215623649,18.746,6.722
8729,6.54324946372964,52.3291291145965,18.356,6.582
8730,6.54325735167335,52.3291366668281,17.62,6.318
8731,6.54326523961705,52.3291442190597,17.672,6.336
8732,6.54327312756076,52.3291517712913,17.28,6.196
8733,6.54328101550447,52.3291593235229,17.236,6.18
8734,6.54328890344818,52.3291668757545,18.018,6.461
8735,6.54329674858631,52.3291744787939,17.319,6.21
8736,6.54330456834387,52.3291821119587,17.71,6.35
8737,6.54331238810143,52.3291897451235,16.924,6.068
8738,6.54332020785899,52.3291973782883,18.291,6.558
8739,6.54332802761655,52.3292050114531,17.29,6.199
8740,6.54333584737411,52.3292126446179,18.114,6.495
8741,6.54334366713166,52.3292202777827,17.055,6.115
8742,6.54335150912324,52.3292278845569,17.019,6.102
8743,6.54335960867977,52.3292351856158,18.239,6.54
8744,6.5433677082363,52.3292424866747,17.085,6.126
8745,6.54337580779282,52.3292497877336,16.525,5.925
8746,6.54338390734935,52.3292570887924,16.83,6.035
8747,6.54339200690588,52.3292643898513,17.94,6.433
8748,6.5434001064624,52.3292716909102,17.878,6.41
8749,6.54340820601893,52.329278991969,16.977,6.087
8750,6.54341630557546,52.3292862930279,17.048,6.113
8751,6.54342440513198,52.3292935940868,17.809,6.386
8752,6.54343250468851,52.3293008951457,18.182,6.519
8753,6.54344060424504,52.3293081962045,17.361,6.225
8754,6.54344870380157,52.3293154972634,17.722,6.354
8755,6.54345680335809,52.3293227983223,17.903,6.419
8756,6.5434649129176,52.3293300875082,18.65,6.687
8757,6.54347304350063,52.3293373517403,16.698,5.987
8758,6.54348117408365,52.3293446159724,16.978,6.088
8759,6.54348930466667,52.3293518802046,17.067,6.12
8760,6.5434974373847,52.3293591419026,17.845,6.399
8761,6.54350570103219,52.3293662481945,17.204,6.169
8762,6.54351396467968,52.3293733544865,17.529,6.285
8763,6.54352222832717,52.3293804607785,17.411,6.243
8764,6.54353049197466,52.3293875670704,17.334,6.215
8765,6.54353875562215,52.3293946733624,17.389,6.235
8766,6.54354701926964,52.3294017796543,17.925,6.427
8767,6.54355504867052,52.3294091639841,16.742,6.003
8768,6.54356304758144,52.3294165845037,17.218,6.174
8769,6.54357104649236,52.3294240050234,16.584,5.946
8770,6.54357936336931,52.3294310481349,17.425,6.248
8771,6.54358772806677,52.3294380344862,17.169,6.156
8772,6.54359609276422,52.3294450208374,17.906,6.42
8773,6.54360445746168,52.3294520071886,17.267,6.191
8774,6.54361282215913,52.3294589935399,17.002,6.096
8775,6.54362118685659,52.3294659798911,17.11,6.135
8776,6.54362955155404,52.3294729662423,18.261,6.548
8777,6.54363791625149,52.3294799525936,16.317,5.851
8778,6.54364628094895,52.3294869389448,16.863,6.047
8779,6.5436546456464,52.329493925296,17.246,6.184
8780,6.54366301034386,52.3295009116473,16.843,6.039
8781,6.54367137504131,52.3295078979985,17.498,6.274
8782,6.54367973973876,52.3295148843498,17.168,6.156
8783,6.54368810443622,52.329521870701,17.344,6.219
8784,6.54369646913367,52.3295288570522,17.254,6.187
8785,6.54370483383113,52.3295358434035,17.116,6.137
8786,6.54371319852858,52.3295428297547,16.41,5.884
8787,6.54372156322604,52.3295498161059,17.264,6.19
8788,6.54372992792349,52.3295568024572,16.115,5.778
8789,6.54373829262094,52.3295637888084,16.749,6.005
8790,6.5437466573184,52.3295707751597,17.423,6.247
8791,6.54375502201585,52.3295777615109,17.826,6.392
8792,6.54376338671331,52.3295847478621,18.5,6.633
8793,6.54377175141076,52.3295917342134,16.857,6.044
8794,6.54378011610821,52.3295987205646,16.592,5.949
8795,6.54378848080567,52.3296057069158,17.399,6.238
8796,6.54379684550312,52.3296126932671,18.182,6.519
8797,6.54380521020058,52.3296196796183,17.975,6.445
8798,6.54381340436873,52.3296268683784,16.456,5.9
8799,6.54382100043239,52.3296347670555,16.973,6.086
8800,6.54382859649605,52.3296426657326,17.546,6.291
8801,6.54383619255971,52.3296505644097,17.578,6.303
8802,6.54384378862337,52.3296584630868,17.375,6.23
8803,6.54385138468703,52.3296663617639,16.754,6.007
8804,6.54385898075069,52.329674260441,17.351,6.221
8805,6.54386658316406,52.3296821515813,17.545,6.291
8806,6.54387451866832,52.3296896473612,16.441,5.895
8807,6.54388245417258,52.329697143141,17.762,6.369
8808,6.54389038967684,52.3297046389209,17.553,6.294
8809,6.5438983251811,52.3297121347007,16.523,5.925
8810,6.54390626068536,52.3297196304806,17.494,6.273
8811,6.54391419618962,52.3297271262604,17.418,6.245
8812,6.54392213169388,52.3297346220403,17.43,6.25
8813,6.54393006719814,52.3297421178201,17.846,6.399
8814,6.54393800270241,52.3297496136,16.903,6.061
8815,6.54394593820667,52.3297571093798,17.094,6.129
8816,6.54395387371093,52.3297646051597,15.337,5.499
8817,6.54396180921519,52.3297721009395,17.535,6.287
8818,6.54396974471945,52.3297795967194,17.467,6.263
8819,6.54397768022371,52.3297870924992,17.655,6.33
8820,6.54398561572797,52.3297945882791,16.296,5.843
8821,6.54399355123223,52.3298020840589,17.402,6.24
8822,6.54400148673649,52.3298095798388,17.424,6.248
8823,6.54400946042337,52.329817030298,16.432,5.892
8824,6.54401792366536,52.3298238996823,17.425,6.248
8825,6.54402638690735,52.3298307690666,17.065,6.119
8826,6.54403485014934,52.3298376384509,15.783,5.659
8827,6.54404331339133,52.3298445078352,17.115,6.137
8828,6.54405177663332,52.3298513772196,16.308,5.848
8829,6.5440602398753,52.3298582466039,15.763,5.652
8830,6.54406870311729,52.3298651159882,16.953,6.079
8831,6.54407713805975,52.3298720189625,16.688,5.983
8832,6.54408525682461,52.3298792972221,17.54,6.289
8833,6.54409337558947,52.3298865754818,16.81,6.027
8834,6.54410158200324,52.329893749707,17.15,6.149
8835,6.54410985600179,52.3299008437128,16.98,6.088
8836,6.54411813000035,52.3299079377186,17.269,6.192
8837,6.54412603730189,52.3299154669736,16.136,5.786
8838,6.54413389347172,52.329923056919,16.762,6.01
8839,6.54414220625254,52.3299301048924,16.551,5.934
8840,6.54415072929188,52.3299369033006,17.006,6.098
8841,6.5441592523312,52.3299437017088,16.76,6.01
8842,6.54416777537053,52.3299505001169,16.237,5.822
8843,6.5441762318735,52.3299573775001,16.387,5.876
8844,6.54418465144821,52.3299642987151,17.544,6.29
8845,6.54419307102292,52.32997121993,15.565,5.581
8846,6.54420149059763,52.329978141145,16.967,6.084
8847,6.54420991017234,52.32998506236,17.268,6.191
8848,6.54421832974705,52.3299919835749,16.866,6.047
8849,6.54422663477572,52.3299990407497,17.672,6.336
8850,6.54423450800927,52.3300066104415,17.053,6.114
8851,6.54424238124282,52.3300141801332,16.714,5.993
8852,6.54425025447637,52.330021749825,16.201,5.809
8853,6.54425812770992,52.3300293195167,16.7,5.988
8854,6.54426600094347,52.3300368892084,16.851,6.042
8855,6.54427387417701,52.3300444589002,16.44,5.895
8856,6.54428174741056,52.3300520285919,15.988,5.733
8857,6.54428962064411,52.3300595982837,15.704,5.631
8858,6.54429749387766,52.3300671679754,16.508,5.919
8859,6.54430536711121,52.3300747376672,15.516,5.563
8860,6.54431324034476,52.3300823073589,16.096,5.771
8861,6.54432111357831,52.3300898770507,14.93,5.353
8862,6.54432898681186,52.3300974467424,16.837,6.037
8863,6.54433686004541,52.3301050164342,17.013,6.1
8864,6.54434473327895,52.3301125861259,16.367,5.869
8865,6.54435267548869,52.3301200739467,17.385,6.233
8866,6.54436070072467,52.33012746322,17.087,6.127
8867,6.54436872596065,52.3301348524933,16.563,5.939
8868,6.54437675119663,52.3301422417665,16.201,5.809
8869,6.54438477643261,52.3301496310398,16.049,5.754
8870,6.54439280166859,52.330157020313,16.571,5.942
8871,6.54440082690457,52.3301644095863,16.144,5.789
8872,6.54440885214055,52.3301717988595,16.536,5.929
8873,6.54441687737653,52.3301791881328,16.566,5.94
8874,6.54442490261251,52.330186577406,16.051,5.755
8875,6.54443292784849,52.3301939666793,16.816,6.03
8876,6.54444095308447,52.3302013559526,16.024,5.745
8877,6.54444897832045,52.3302087452258,16.157,5.793
8878,6.54445700355643,52.3302161344991,15.555,5.577
8879,6.54446502879241,52.3302235237723,15.957,5.721
8880,6.5444730540284,52.3302309130456,17.371,6.228
8881,6.54448107926438,52.3302383023188,15.558,5.578
8882,6.54448910450036,52.3302456915921,16.331,5.855
8883,6.54449712973634,52.3302530808653,15.791,5.662
8884,6.54450515497232,52.3302604701386,14.742,5.286
8885,6.5445131802083,52.3302678594119,16.359,5.866
8886,6.54452120544428,52.3302752486851,15.688,5.625
8887,6.54452923068026,52.3302826379584,16.188,5.804
8888,6.54453725591624,52.3302900272316,16.568,5.941
8889,6.54454528115222,52.3302974165049,16.109,5.776
8890,6.5445533063882,52.3303048057781,16.15,5.791
8891,6.54456133162418,52.3303121950514,15.431,5.533
8892,6.54456935686016,52.3303195843246,16.343,5.86
8893,6.54457738209614,52.3303269735979,15.8,5.665
8894,6.54458540733212,52.3303343628712,14.722,5.279
8895,6.5445934325681,52.3303417521444,16.369,5.869
8896,6.54460145780408,52.3303491414177,16.533,5.928
8897,6.54460948304006,52.3303565306909,16.723,5.996
8898,6.54461750827604,52.3303639199642,17.113,6.136
8899,6.54462553351202,52.3303713092374,16.276,5.836
8900,6.544633558748,52.3303786985107,16.108,5.776
8901,6.54464158398398,52.3303860877839,16.433,5.892
8902,6.54464960921996,52.3303934770572,15.254,5.469
8903,6.54465763445594,52.3304008663305,14.777,5.298
8904,6.54466565969193,52.3304082556037,15.464,5.545
8905,6.54467368492791,52.330415644877,16.48,5.909
8906,6.54468168274996,52.3304230666891,15.325,5.495
8907,6.54468965610425,52.330430517543,15.972,5.727
8908,6.54469762945855,52.330437968397,16.019,5.744
8909,6.54470566901322,52.3304453406747,15.81,5.669
8910,6.54471377699739,52.3304526317304,14.9,5.342
8911,6.54472188498156,52.3304599227862,15.837,5.678
8912,6.54472999296573,52.3304672138419,15.372,5.512
8913,6.54473810094991,52.3304745048976,16.605,5.954
8914,6.54474620893408,52.3304817959533,16.256,5.829
8915,6.54475431691825,52.330489087009,15.345,5.502
8916,6.54476242490243,52.3304963780648,16.595,5.95
8917,6.5447705328866,52.3305036691205,15.742,5.645
8918,6.54477864087077,52.3305109601762,14.541,5.214
8919,6.5447866701916,52.330518344601,15.462,5.544
8920,6.54479459860787,52.3305258487939,16.454,5.9
8921,6.54480252702415,52.3305333529868,14.994,5.376
8922,6.54481045544042,52.3305408571797,15.42,5.529
8923,6.54481857498689,52.3305481345116,14.645,5.251
8924,6.54482681239393,52.3305552719495,14.722,5.279
8925,6.54483504980098,52.3305624093874,14.922,5.35
8926,6.54484328720802,52.3305695468254,14.674,5.262
8927,6.54485152461507,52.3305766842633,15.017,5.384
8928,6.54485976202212,52.3305838217012,16.386,5.875
8929,6.54486799942916,52.3305909591391,15.327,5.496
8930,6.54487623683621,52.330598096577,15.794,5.663
8931,6.54488447424325,52.330605234015,15.958,5.722
8932,6.54489267971273,52.330612409361,14.648,5.252
8933,6.54490075490856,52.3306197393347,14.794,5.305
8934,6.5449088301044,52.3306270693083,15.718,5.636
8935,6.54491690530024,52.330634399282,14.878,5.335
8936,6.54492498049608,52.3306417292557,15.646,5.61
8937,6.54493305569192,52.3306490592293,16.205,5.811
8938,6.54494113088776,52.330656389203,14.347,5.144
8939,6.5449492060836,52.3306637191767,14.977,5.37
8940,6.54495764349324,52.3306706192226,15.054,5.398
8941,6.54496621416519,52.3306773610934,14.845,5.323
8942,6.54497478483714,52.3306841029643,14.781,5.3
8943,6.54498335550909,52.3306908448352,14.833,5.318
8944,6.54499192618104,52.3306975867061,15.097,5.413
8945,6.54500039631619,52.3307044479086,15.187,5.445
8946,6.54500842989488,52.3307118272795,15.634,5.606
8947,6.54501646347357,52.3307192066504,15.043,5.394
8948,6.54502449705226,52.3307265860214,15.699,5.629
8949,6.54503253063095,52.3307339653923,14.677,5.263
8950,6.54504056420963,52.3307413447632,14.302,5.128
8951,6.54504859778832,52.3307487241341,14.813,5.311
8952,6.54505663136701,52.3307561035051,15.249,5.467
8953,6.5450646649457,52.330763482876,15.466,5.546
8954,6.54507269852439,52.3307708622469,15.803,5.666
8955,6.54508073210307,52.3307782416178,15.099,5.414
8956,6.54508876568176,52.3307856209888,15.355,5.506
8957,6.54509679926045,52.3307930003597,15.701,5.63
8958,6.54510483283914,52.3308003797306,14.421,5.171
8959,6.54511286641783,52.3308077591015,14.74,5.285
8960,6.54512089999651,52.3308151384725,16.477,5.908
8961,6.5451289335752,52.3308225178434,15.335,5.498
8962,6.54513707142034,52.3308297734558,15.115,5.42
8963,6.54514523231184,52.3308370017134,15.324,5.495
8964,6.54515338375889,52.3308442411811,13.997,5.019
8965,6.54516152962696,52.3308514872707,14.386,5.158
8966,6.54516967549502,52.3308587333604,14.155,5.075
8967,6.54517782136309,52.33086597945,14.98,5.371
8968,6.54518596723116,52.3308732255396,14.501,5.199
8969,6.54519411309922,52.3308804716293,14.757,5.291
8970,6.54520225896729,52.3308877177189,14.502,5.2
8971,6.54520997800867,52.3308954704282,13.712,4.917
8972,6.54521747606449,52.3309034854352,15.173,5.44
8973,6.54522497412031,52.3309115004422,13.6,4.876
8974,6.54523265699405,52.3309192960805,14.192,5.089
8975,6.54524058520258,52.33092680052,13.83,4.959
8976,6.54524851588473,52.3309343020235,14.07,5.045
8977,6.5452565887219,52.3309416347967,14.689,5.267
8978,6.54526466155908,52.33094896757,15.281,5.479
8979,6.54527273439625,52.3309563003433,13.62,4.883
8980,6.54528080723343,52.3309636331165,14.194,5.089
8981,6.54528907045363,52.3309707399157,13.476,4.832
8982,6.54529737559046,52.3309777969621,14.132,5.067
8983,6.54530566940719,52.3309848674448,14.514,5.204
8984,6.54531396203934,52.3309919393336,14.906,5.345
8985,6.5453222546715,52.3309990112223,13.193,4.73
8986,6.54533039190395,52.331006267562,14.746,5.287
8987,6.54533843053328,52.3310136409381,13.834,4.96
8988,6.54534646916262,52.3310210143141,13.674,4.903
8989,6.54535450779195,52.3310283876902,14.412,5.168
8990,6.54536254642129,52.3310357610663,14.724,5.28
8991,6.54537059328061,52.3310431246739,14.28,5.12
8992,6.5453788442479,52.3310502460165,13.679,4.905
8993,6.54538709521518,52.3310573673592,14.246,5.108
8994,6.54539534618246,52.3310644887019,13.862,4.97
8995,6.54540359714975,52.3310716100445,14.627,5.245
8996,6.54541184811703,52.3310787313872,14.887,5.338
8997,6.54542009908431,52.3310858527299,14.833,5.319
8998,6.5454283500516,52.3310929740725,14.21,5.095
8999,6.54543660101888,52.3311000954152,14.865,5.33
9000,6.54544485198616,52.3311072167579,13.587,4.872
9001,6.54545310295345,52.3311143381005,15.219,5.457
9002,6.54546135392073,52.3311214594432,13.55,4.859
9003,6.54546960488801,52.3311285807859,12.943,4.641
9004,6.5454777790011,52.3311357933502,14.923,5.351
9005,6.54548588923256,52.3311430817385,13.686,4.907
9006,6.54549399946401,52.3311503701269,14.155,5.075
9007,6.54550210969546,52.3311576585152,13.463,4.827
9008,6.54551021992691,52.3311649469035,15.442,5.537
9009,6.54551833015836,52.3311722352918,15.107,5.417
9010,6.54552644038982,52.3311795236802,14.928,5.353
9011,6.54553455062127,52.3311868120685,14.054,5.039
9012,6.54554266085272,52.3311941004568,14.562,5.221
9013,6.54555025569474,52.3312020005839,13.937,4.997
9014,6.54555787015067,52.3312098774304,14.611,5.239
9015,6.54556593254221,52.3312172226021,13.693,4.91
9016,6.54557399493376,52.3312245677737,14.849,5.324
9017,6.5455820573253,52.3312319129454,13.629,4.887
9018,6.54559011971684,52.331239258117,13.679,4.905
9019,6.54559818210839,52.3312466032887,13.593,4.874
9020,6.54560624449993,52.3312539484603,13.963,5.007
9021,6.54561430689147,52.331261293632,13.605,4.878
9022,6.54562236928302,52.3312686388037,14.104,5.057
9023,6.54563043167456,52.3312759839753,13.518,4.847
9024,6.5456384940661,52.331283329147,14.249,5.109
9025,6.54564655645765,52.3312906743186,14.66,5.257
9026,6.54565461884919,52.3312980194903,13.797,4.947
9027,6.54566268124074,52.3313053646619,15.039,5.392
9028,6.54567074363228,52.3313127098336,14.381,5.157
9029,6.54567880602382,52.3313200550052,14.96,5.364
9030,6.54568686841537,52.3313274001769,13.65,4.894
9031,6.54569493080691,52.3313347453485,12.693,4.551
9032,6.54570299319845,52.3313420905202,13.239,4.747
9033,6.54571105559,52.3313494356919,13.283,4.763
9034,6.54571911798154,52.3313567808635,13.062,4.683
9035,6.54572718037308,52.3313641260352,12.315,4.416
9036,6.54573524276463,52.3313714712068,14.194,5.089
9037,6.54574330515617,52.3313788163785,12.482,4.475
9038,6.54575136754771,52.3313861615501,14.107,5.058
9039,6.54575942993926,52.3313935067218,14.83,5.318
9040,6.5457674923308,52.3314008518934,13.072,4.687
9041,6.54577555472235,52.3314081970651,13.743,4.928
9042,6.54578361711389,52.3314155422368,13.266,4.757
9043,6.54579167950543,52.3314228874084,13.972,5.01
9044,6.54579974189698,52.3314302325801,12.768,4.578
9045,6.54580780428852,52.3314375777517,13.379,4.797
9046,6.54581586668006,52.3314449229234,14.101,5.056
9047,6.54582392907161,52.331452268095,13.399,4.804
9048,6.54583199146315,52.3314596132667,12.456,4.466
9049,6.54584005385469,52.3314669584383,14.13,5.066
9050,6.54584645957559,52.3314762699865,12.624,4.526
9051,6.54585317413022,52.3314852149662,13.419,4.811
9052,6.54586137814004,52.3314923920448,13.702,4.913
9053,6.54586958214987,52.3314995691233,13.416,4.811
9054,6.5458777861597,52.3315067462019,14.825,5.316
9055,6.54588599016953,52.3315139232805,13.752,4.931
9056,6.54589419417935,52.331521100359,13.188,4.729
9057,6.54590239818918,52.3315282774376,13.649,4.894
9058,6.54591060219901,52.3315354545162,13.406,4.807
9059,6.54591880620883,52.3315426315948,13.296,4.767
9060,6.54592701021866,52.3315498086733,13.402,4.805
9061,6.54593521422849,52.3315569857519,12.991,4.658
9062,6.54594341823832,52.3315641628305,13.36,4.79
9063,6.54595162224814,52.3315713399091,12.926,4.635
9064,6.54595982625797,52.3315785169876,12.097,4.337
9065,6.5459680302678,52.3315856940662,13.872,4.974
9066,6.54597623427763,52.3315928711448,12.858,4.61
9067,6.54598443828745,52.3316000482234,13.263,4.755
9068,6.54599264229728,52.3316072253019,12.722,4.561
9069,6.54600084630711,52.3316144023805,12.729,4.564
9070,6.54600905031693,52.3316215794591,12.537,4.495
9071,6.54601725432676,52.3316287565377,13.696,4.911
9072,6.54602545833659,52.3316359336162,13.828,4.958
9073,6.54603366234642,52.3316431106948,13.134,4.709
9074,6.54604186635624,52.3316502877734,12.794,4.587
9075,6.54605007036607,52.331657464852,12.105,4.34
9076,6.5460582743759,52.3316646419305,13.559,4.862
9077,6.54606647838573,52.3316718190091,12.685,4.548
9078,6.54607468239555,52.3316789960877,12.417,4.452
9079,6.54608288640538,52.3316861731662,13.083,4.691
9080,6.54609097515784,52.3316934870489,12.861,4.611
9081,6.54609903655283,52.3317008334035,12.156,4.359
9082,6.54610709794781,52.331708179758,12.229,4.385
9083,6.54611515934279,52.3317155261125,13.231,4.744
9084,6.54612322073778,52.331722872467,12.64,4.532
9085,6.54613128213276,52.3317302188215,13.318,4.775
9086,6.5461394979711,52.3317373818603,13.097,4.696
9087,6.54614785384761,52.3317443786815,13.619,4.883
9088,6.54615620972413,52.3317513755027,12.507,4.484
9089,6.54616456560064,52.3317583723239,13.126,4.706
9090,6.54617292147716,52.3317653691451,13.358,4.79
9091,6.54618127735367,52.3317723659663,12.608,4.521
9092,6.54618942337652,52.3317796118723,13.632,4.888
9093,6.54619719249267,52.3317873051456,11.983,4.297
9094,6.54620522397585,52.3317946870038,12.467,4.47
9095,6.54621336039935,52.3318019443036,11.948,4.284
9096,6.54622149682286,52.3318092016034,12.511,4.486
9097,6.54622960615262,52.331816491062,12.847,4.606
9098,6.54623769916155,52.3318237998925,13.421,4.812
9099,6.54624579217047,52.331831108723,12.835,4.602
9100,6.5462538851794,52.3318384175535,12.57,4.507
9101,6.54626197818832,52.331845726384,12.004,4.304
9102,6.54627007119725,52.3318530352145,12.195,4.373
9103,6.54627816420617,52.3318603440451,13.086,4.692
9104,6.5462862572151,52.3318676528756,13.417,4.811
9105,6.54629435022403,52.3318749617061,12.646,4.534
9106,6.54630244323295,52.3318822705366,13.6,4.876
9107,6.54631053624188,52.3318895793671,12.323,4.419
9108,6.5463186292508,52.3318968881976,12.647,4.535
9109,6.54632672225973,52.3319041970281,12.691,4.551
9110,6.54633481526865,52.3319115058586,13.765,4.936
9111,6.54634290827758,52.3319188146892,12.939,4.639
9112,6.54635100128651,52.3319261235197,11.798,4.23
9113,6.54635909429543,52.3319334323502,13.41,4.808
9114,6.54636718730436,52.3319407411807,13.931,4.995
9115,6.54637528031328,52.3319480500112,12.693,4.551
9116,6.54638336529325,52.3319553683717,12.307,4.413
9117,6.54639118386591,52.3319630029429,13.337,4.782
9118,6.54639900243857,52.3319706375141,13.979,5.012
9119,6.54640682101122,52.3319782720853,13.317,4.775
9120,6.54641463958388,52.3319859066565,11.858,4.252
9121,6.54642214666531,52.3319939109506,13.251,4.751
9122,6.54642925013481,52.3320023943097,13.04,4.675
9123,6.54643750854189,52.3320095068218,12.235,4.387
9124,6.54644576694898,52.3320166193338,13.549,4.858
9125,6.54645402535607,52.3320237318458,13.043,4.677
9126,6.54646225327339,52.3320308805475,13.553,4.859
9127,6.54647035834886,52.3320381750557,12.149,4.356
9128,6.54647846342433,52.3320454695639,13.002,4.662
9129,6.5464865684998,52.3320527640721,12.235,4.387
9130,6.54649467357528,52.3320600585803,12.902,4.626
9131,6.54650277865075,52.3320673530885,13.619,4.883
9132,6.54651088372622,52.3320746475967,11.905,4.269
9133,6.54651898880169,52.3320819421048,11.932,4.278
9134,6.54652709387716,52.332089236613,13.293,4.766
9135,6.54653519895263,52.3320965311212,12.716,4.56
9136,6.5465433040281,52.3321038256294,13.407,4.807
9137,6.54655140910357,52.3321111201376,12.237,4.388
9138,6.54655951417904,52.3321184146458,12.735,4.566
9139,6.54656761925451,52.332125709154,13.103,4.698
9140,6.54657572432998,52.3321330036622,12.815,4.595
9141,6.54658382940546,52.3321402981704,11.633,4.171
9142,6.54659193448093,52.3321475926786,14.338,5.141
9143,6.5466000395564,52.3321548871868,12.795,4.588
9144,6.54660814463187,52.3321621816949,11.875,4.258
9145,6.54661624970734,52.3321694762031,12.841,4.604
9146,6.54662435478281,52.3321767707113,12.901,4.626
9147,6.54663245985828,52.3321840652195,13.226,4.742
9148,6.54664056493375,52.3321913597277,13.179,4.726
9149,6.54664867000922,52.3321986542359,12.501,4.482
9150,6.54665677508469,52.3322059487441,11.606,4.161
9151,6.54666488016016,52.3322132432523,12.883,4.619
9152,6.54667298523564,52.3322205377605,11.637,4.173
9153,6.54668106227112,52.3322278655506,13.31,4.773
9154,6.5466891116606,52.332235226155,12.157,4.359
9155,6.54669716105007,52.3322425867594,12.953,4.644
9156,6.54670521043955,52.3322499473637,12.186,4.369
9157,6.54671325982902,52.3322573079681,12.274,4.401
9158,6.5467213092185,52.3322646685725,12.085,4.333
9159,6.54672935860797,52.3322720291769,12.969,4.65
9160,6.54673740799745,52.3322793897813,12.174,4.365
9161,6.54674545738692,52.3322867503857,12.983,4.655
9162,6.5467535067764,52.3322941109901,12.173,4.365
9163,6.54676155616587,52.3323014715945,12.379,4.439
9164,6.54676960555535,52.3323088321989,12.528,4.492
9165,6.54677765494482,52.3323161928033,12.589,4.514
9166,6.5467857043343,52.3323235534077,11.947,4.284
9167,6.54679373909407,52.3323309313767,12.896,4.624
9168,6.54680167122705,52.3323384311581,12.315,4.415
9169,6.54680960336004,52.3323459309394,12.786,4.584
9170,6.54681753549303,52.3323534307208,12.448,4.463
9171,6.54682546762602,52.3323609305022,12.795,4.588
9172,6.546833399759,52.3323684302835,12.2,4.374
9173,6.54684133189199,52.3323759300649,11.969,4.292
9174,6.54684926402498,52.3323834298463,12.677,4.545
9175,6.54685719615797,52.3323909296276,12.128,4.348
9176,6.54686512829096,52.332398429409,13.268,4.757
9177,6.54687306042395,52.3324059291904,12.442,4.461
9178,6.54688099255693,52.3324134289717,11.587,4.155
9179,6.54688892468992,52.3324209287531,12.043,4.318
9180,6.54689685682291,52.3324284285345,11.792,4.228
9181,6.5469047889559,52.3324359283158,13.003,4.662
9182,6.54691272108889,52.3324434280972,12.82,4.597
9183,6.54692065322187,52.3324509278786,12.322,4.418
9184,6.54692858535486,52.3324584276599,12.521,4.49
9185,6.54693651748785,52.3324659274413,12.292,4.408
9186,6.54694444962084,52.3324734272227,12.843,4.605
9187,6.54695238175383,52.332480927004,12.636,4.531
9188,6.54696031388681,52.3324884267854,12.735,4.566
9189,6.5469682460198,52.3324959265668,12.205,4.376
9190,6.54697587727334,52.3325037834754,11.94,4.281
9191,6.54698205754036,52.3325133626249,12.696,4.552
9192,6.54698877144122,52.3325223083805,13.212,4.737
9193,6.54699614889038,52.332530466541,12.944,4.641
9194,6.54700523850563,52.3325365924548,13.218,4.739
9195,6.54701431355842,52.3325427356535,12.378,4.438
9196,6.54702203254862,52.3325504884236,11.707,4.197
9197,6.54702990491052,52.3325580591499,11.754,4.214
9198,6.54703816120422,52.3325651741704,13.078,4.689
9199,6.54704570756311,52.3325731318443,11.167,4.004
9200,6.54705259013116,52.3325818774013,13.143,4.712
9201,6.54706064764688,52.3325892283603,11.79,4.227
9202,6.54706870516261,52.3325965793193,13.38,4.798
9203,6.54707676267833,52.3326039302783,12.204,4.376
9204,6.54708481799718,52.3326112838448,12.666,4.542
9205,6.54709263291515,52.332618922754,13.641,4.891
9206,6.54710044783312,52.3326265616631,12.04,4.317
9207,6.5471082627511,52.3326342005722,12.027,4.313
9208,6.54711607766907,52.3326418394813,11.82,4.238
9209,6.54712389258704,52.3326494783904,11.637,4.172
9210,6.54713170750502,52.3326571172995,12.029,4.313
9211,6.54713952242299,52.3326647562086,11.894,4.265
9212,6.54714733734096,52.3326723951177,11.483,4.117
9213,6.54715515225894,52.3326800340269,12.093,4.336
9214,6.54716296717691,52.332687672936,12.479,4.475
9215,6.54717078568686,52.3326953075816,11.686,4.19
9216,6.54717867896368,52.3327028534831,12.116,4.344
9217,6.5471865722405,52.3327103993846,13.038,4.675
9218,6.54719446551732,52.3327179452861,11.375,4.079
9219,6.54720235879414,52.3327254911876,13.345,4.785
9220,6.54721025207096,52.3327330370891,11.812,4.235
9221,6.54721814534778,52.3327405829906,12.326,4.42
9222,6.5472260386246,52.332748128892,12.96,4.647
9223,6.54723393190142,52.3327556747935,13.139,4.711
9224,6.54724180985236,52.332763238886,12.484,4.476
9225,6.54724968376428,52.3327708077726,11.799,4.231
9226,6.5472575576762,52.3327783766591,11.748,4.212
9227,6.54726543158812,52.3327859455457,11.871,4.256
9228,6.54727330550005,52.3327935144322,13.321,4.776
9229,6.54728117941197,52.3328010833188,11.986,4.298
9230,6.54728905332389,52.3328086522053,12.402,4.447
9231,6.54729692723581,52.3328162210919,11.599,4.159
9232,6.54730480114773,52.3328237899784,11.535,4.136
9233,6.54731267505966,52.332831358865,12.232,4.386
9234,6.54732054897158,52.3328389277516,12.027,4.312
9235,6.5473284228835,52.3328464966381,12.072,4.328
9236,6.54733629679542,52.3328540655247,11.352,4.07
9237,6.54734417070734,52.3328616344112,12.181,4.367
9238,6.54735204461926,52.3328692032978,13.137,4.71
9239,6.54735991853119,52.3328767721843,11.727,4.205
9240,6.54736779244311,52.3328843410709,12.759,4.575
9241,6.54737566635503,52.3328919099574,10.196,3.656
9242,6.54738354026695,52.332899478844,11.764,4.218
9243,6.54739136861669,52.3329071018103,11.116,3.986
9244,6.54739915547797,52.3329147740212,12.969,4.65
9245,6.54740694233925,52.3329224462321,12.762,4.576
9246,6.54741475048682,52.3329300931773,11.64,4.173
9247,6.54742256406968,52.3329377336711,12.421,4.454
9248,6.54743037765255,52.3329453741649,12.961,4.647
9249,6.54743819123541,52.3329530146587,13.056,4.681
9250,6.54744600481828,52.3329606551525,12.022,4.311
9251,6.54745381840114,52.3329682956463,10.965,3.932
9252,6.54746163198401,52.3329759361402,11.739,4.209
9253,6.54746944556687,52.332983576634,12.722,4.562
9254,6.54747725914974,52.3329912171278,13.509,4.844
9255,6.5474850727326,52.3329988576216,12.246,4.391
9256,6.54749288631547,52.3330064981154,11.925,4.276
9257,6.54750069989833,52.3330141386092,13.697,4.911
9258,6.5475085134812,52.333021779103,12.528,4.492
9259,6.54751632706406,52.3330294195969,11.571,4.149
9260,6.54752414064693,52.3330370600907,12.227,4.384
9261,6.54753194055647,52.333044716814,12.889,4.621
9262,6.54753876001626,52.333053537277,12.263,4.397
9263,6.54754656837843,52.3330611839674,12.775,4.581
9264,6.54755448618021,52.3330687007592,11.368,4.076
9265,6.54756240398198,52.3330762175509,11.472,4.113
9266,6.54757032178376,52.3330837343426,11.887,4.262
9267,6.54757823958554,52.3330912511343,12.157,4.359
9268,6.54758615738731,52.3330987679261,12.523,4.49
9269,6.54759407518909,52.3331062847178,12.705,4.556
9270,6.54760199299086,52.3331138015095,13.785,4.943
9271,6.54760991079264,52.3331213183012,11.904,4.268
9272,6.54761782859441,52.3331288350929,12.157,4.359
9273,6.5476256530128,52.3331364627256,11.928,4.277
9274,6.54763342454215,52.3331441531346,12.984,4.656
9275,6.54764119607151,52.3331518435436,13.02,4.668
9276,6.54764896760087,52.3331595339526,12.094,4.336
9277,6.54765673913023,52.3331672243616,13.575,4.868
9278,6.54766451065958,52.3331749147706,11.947,4.284
9279,6.54767228218894,52.3331826051796,12.973,4.652
9280,6.5476800537183,52.3331902955886,13.227,4.742
9281,6.54768783291426,52.3331979768978,11.574,4.15
9282,6.54769562557129,52.3332056422294,12.718,4.56
9283,6.54770341822832,52.3332133075611,10.779,3.865
9284,6.54771121088535,52.3332209728927,12.87,4.615
9285,6.54771900354238,52.3332286382243,11.741,4.21
9286,6.54772679619941,52.3332363035559,12.725,4.563
9287,6.54773458885644,52.3332439688876,12.839,4.604
9288,6.54774238151347,52.3332516342192,13.057,4.682
9289,6.5477501741705,52.3332592995508,12.925,4.634
9290,6.54775796682752,52.3332669648824,12.438,4.46
9291,6.54776575948455,52.333274630214,12.184,4.369
9292,6.54777355214158,52.3332822955457,12.367,4.434
9293,6.54778134479861,52.3332899608773,11.758,4.216
9294,6.54778913745564,52.3332976262089,12.293,4.408
9295,6.54779693011267,52.3333052915405,12.249,4.392
9296,6.5478047227697,52.3333129568722,11.96,4.288
9297,6.54781251542673,52.3333206222038,11.402,4.088
9298,6.54782030808376,52.3333282875354,11.678,4.187
9299,6.54782810074079,52.333335952867,10.579,3.793
9300,6.54783589339782,52.3333436181987,12.254,4.394
9301,6.54784368605485,52.3333512835303,12.649,4.536
9302,6.54785147871188,52.3333589488619,10.863,3.895
9303,6.5478592713689,52.3333666141935,12.582,4.511
9304,6.54786706386234,52.3333742797194,12.374,4.437
9305,6.54787485479292,52.3333819471002,11.756,4.215
9306,6.54788264572349,52.333389614481,12.197,4.373
9307,6.54789043665406,52.3333972818618,13.072,4.687
9308,6.54789822758464,52.3334049492427,11.883,4.261
9309,6.54790601851521,52.3334126166235,12.505,4.484
9310,6.54791380944579,52.3334202840043,12.665,4.541
9311,6.54792160037636,52.3334279513852,11.98,4.296
9312,6.54792939130694,52.333435618766,13.059,4.683
9313,6.54793718223751,52.3334432861468,12.706,4.556
9314,6.54794497316809,52.3334509535277,12.323,4.419
9315,6.54795276409866,52.3334586209085,13.864,4.971
9316,6.54796059982558,52.3334662351185,13.072,4.687
9317,6.54796844513144,52.3334738379589,11.487,4.119
9318,6.5479762904373,52.3334814407993,12.252,4.393
9319,6.54798413574317,52.3334890436396,13.934,4.996
9320,6.54799198104903,52.33349664648,11.908,4.27
9321,6.5479998263549,52.3335042493204,12.527,4.492
9322,6.54800767166076,52.3335118521607,13.215,4.738
9323,6.54801551696663,52.3335194550011,12.877,4.617
9324,6.54802336227249,52.3335270578415,12.964,4.648
9325,6.54803120757835,52.3335346606818,12.931,4.637
9326,6.54803905288422,52.3335422635222,12.515,4.487
9327,6.54804689819008,52.3335498663626,12.036,4.316
9328,6.54805474349595,52.3335574692029,12.76,4.575
9329,6.54806258880181,52.3335650720433,12.27,4.4
9330,6.54806991264892,52.3335732938264,12.226,4.384
9331,6.54807673326527,52.3335821129166,13.384,4.799
9332,6.54808397769532,52.3335904289634,12.29,4.407
9333,6.54809232039187,52.3335974414285,13.52,4.848
9334,6.54810181995491,52.333603080757,12.67,4.543
9335,6.54810996099493,52.3336103325772,12.428,4.456
9336,6.54811768364267,52.333618081006,11.455,4.107
9337,6.54812540629041,52.3336258294348,13.773,4.938
9338,6.54813312893815,52.3336335778636,12.525,4.491
9339,6.54814085158588,52.3336413262924,11.196,4.014
9340,6.54814857423362,52.3336490747211,13.115,4.702
9341,6.54815629688136,52.3336568231499,12.507,4.484
9342,6.5481640195291,52.3336645715787,11.991,4.3
9343,6.54817174217684,52.3336723200075,13.089,4.693
9344,6.54817946482458,52.3336800684363,11.045,3.96
9345,6.54818718747231,52.3336878168651,12.127,4.348
9346,6.54819491012005,52.3336955652939,12.374,4.437
9347,6.54820263276779,52.3337033137226,13.054,4.681
9348,6.54821035541553,52.3337110621514,13.873,4.974
9349,6.54821807806327,52.3337188105802,12.414,4.451
9350,6.54822580071101,52.333726559009,12.832,4.601
9351,6.54823352335875,52.3337343074378,14.18,5.085
9352,6.54824124600648,52.3337420558666,12.57,4.507
9353,6.54824896865422,52.3337498042954,12.846,4.606
9354,6.54825669130196,52.3337575527242,11.846,4.247
9355,6.5482644139497,52.3337653011529,13.729,4.923
9356,6.54827213659744,52.3337730495817,12.16,4.36
9357,6.54827985924518,52.3337807980105,12.741,4.568
9358,6.54828758189292,52.3337885464393,12.728,4.564
9359,6.54829530454065,52.3337962948681,12.64,4.532
9360,6.54830302718839,52.3338040432969,12.338,4.424
9361,6.54831074983613,52.3338117917257,12.739,4.568
9362,6.54831847248387,52.3338195401544,13.634,4.889
9363,6.54832619513161,52.3338272885832,13.946,5.0
9364,6.54833391777935,52.333835037012,12.505,4.484
9365,6.54834164042708,52.3338427854408,12.348,4.427
9366,6.54834937363596,52.3338505213341,12.14,4.353
9367,6.54835711431812,52.333858248357,14.2,5.092
9368,6.54836485500028,52.33386597538,12.7,4.554
9369,6.54837259568244,52.3338737024029,13.284,4.763
9370,6.5483803363646,52.3338814294258,13.043,4.677
9371,6.54838807704676,52.3338891564487,13.936,4.997
9372,6.54839581772892,52.3338968834716,12.496,4.481
9373,6.54840355841108,52.3339046104946,11.996,4.301
9374,6.54841129909324,52.3339123375175,13.745,4.928
9375,6.5484190397754,52.3339200645404,13.188,4.729
9376,6.54842678045756,52.3339277915633,12.93,4.636
9377,6.54843452113972,52.3339355185863,13.569,4.865
9378,6.54844226182188,52.3339432456092,12.974,4.652
9379,6.54845000250404,52.3339509726321,13.6,4.877
9380,6.5484577431862,52.333958699655,12.828,4.599
9381,6.54846548386836,52.333966426678,13.219,4.74
9382,6.54847322455052,52.3339741537009,13.004,4.663
9383,6.54848096523268,52.3339818807238,12.508,4.485
9384,6.54848870591484,52.3339896077467,12.585,4.512
9385,6.548496446597,52.3339973347696,12.481,4.475
9386,6.54850416543959,52.3340050877149,12.874,4.616
9387,6.54851186820744,52.33401285974,12.456,4.466
9388,6.54851957097529,52.3340206317652,12.987,4.657
9389,6.54852727374314,52.3340284037903,12.974,4.652
9390,6.54853497651099,52.3340361758154,12.865,4.613
9391,6.54854286159594,52.3340437314402,12.882,4.619
9392,6.54855078613421,52.3340512402361,12.425,4.455
9393,6.54855871067249,52.3340587490319,12.6,4.518
9394,6.54856663597125,52.3340662569251,11.79,4.228
9395,6.54857047551357,52.3340786143856,12.71,4.557
9396,6.54857292597052,52.3340926206136,12.208,4.377
9397,6.5485811681624,52.3340997523722,12.854,4.609
9398,6.54858941035428,52.3341068841308,12.383,4.44
9399,6.54859765254616,52.3341140158894,11.606,4.161
9400,6.54860589473804,52.334121147648,14.144,5.072
9401,6.54861413692992,52.3341282794066,12.692,4.551
9402,6.54862237912179,52.3341354111652,13.687,4.908
9403,6.5486307223402,52.3341424230108,12.535,4.495
9404,6.54864098447185,52.3341471572125,13.852,4.967
9405,6.54865146990077,52.3341516263726,12.185,4.369
9406,6.54866104841786,52.334157171987,12.975,4.652
9407,6.54866874197932,52.3341649549396,12.238,4.388
9408,6.54867643635031,52.3341727369313,14.42,5.17
9409,6.54868415567228,52.3341804893076,12.753,4.573
9410,6.5486919055513,52.3341882054143,13.396,4.803
9411,6.54869969000025,52.3341958804885,13.184,4.727
9412,6.5487074744492,52.3342035555627,12.914,4.63
9413,6.54871525889815,52.3342112306368,13.243,4.748
9414,6.5487230433471,52.334218905711,13.748,4.929
9415,6.54873082779604,52.3342265807852,13.352,4.787
9416,6.54873861224499,52.3342342558593,13.064,4.684
9417,6.54874639669394,52.3342419309335,13.285,4.763
9418,6.54875418114289,52.3342496060077,14.116,5.061
9419,6.54876196559184,52.3342572810818,12.755,4.574
9420,6.54876975004079,52.334264956156,11.921,4.274
9421,6.54877753448974,52.3342726312301,12.377,4.438
9422,6.54878531893869,52.3342803063043,12.432,4.458
9423,6.54879310338764,52.3342879813785,12.526,4.491
9424,6.54880088783658,52.3342956564526,12.557,4.502
9425,6.54880867228553,52.3343033315268,13.053,4.68
9426,6.54881645673448,52.334311006601,13.223,4.741
9427,6.54882424118343,52.3343186816751,13.228,4.743
9428,6.54883202563238,52.3343263567493,12.671,4.543
9429,6.54883981008133,52.3343340318234,13.697,4.911
9430,6.54884759453028,52.3343417068976,13.438,4.818
9431,6.54885530349334,52.3343494715693,14.065,5.043
9432,6.54886286660223,52.3343574093619,13.645,4.893
9433,6.54887042971111,52.3343653471545,12.953,4.645
9434,6.54887799282,52.3343732849471,13.939,4.998
9435,6.54888572501171,52.3343810220477,13.344,4.784
9436,6.54889351346617,52.3343886923676,13.664,4.899
9437,6.54890130192063,52.3343963626874,13.63,4.887
9438,6.54890909037509,52.3344040330073,13.145,4.713
9439,6.54891687882955,52.3344117033271,13.291,4.766
9440,6.54892466728401,52.334419373647,13.165,4.721
9441,6.54893245573847,52.3344270439668,12.753,4.573
9442,6.54894024419293,52.3344347142866,12.005,4.305
9443,6.54894803264738,52.3344423846065,12.871,4.615
9444,6.54895582110184,52.3344500549263,13.408,4.808
9445,6.5489636095563,52.3344577252462,13.941,4.999
9446,6.54897139801076,52.334465395566,13.783,4.942
9447,6.54897918646522,52.3344730658859,13.163,4.72
9448,6.54898697491968,52.3344807362057,12.939,4.639
9449,6.54899476337414,52.3344884065256,13.245,4.749
9450,6.5490025518286,52.3344960768454,12.79,4.586
9451,6.54901034028305,52.3345037471652,12.131,4.35
9452,6.54901812873751,52.3345114174851,12.478,4.474
9453,6.54902585123826,52.3345191660883,14.207,5.094
9454,6.54903328304113,52.3345272597339,14.503,5.2
9455,6.54904071484399,52.3345353533795,13.866,4.972
9456,6.54904857902353,52.3345429338179,13.4,4.805
9457,6.54905680741387,52.3345500819581,12.627,4.527
9458,6.54906503580422,52.3345572300984,13.363,4.791
9459,6.54907291746539,52.334564789787,13.829,4.958
9460,6.54908071593022,52.3345724482251,13.969,5.009
9461,6.54908851439506,52.3345801066631,13.897,4.983
9462,6.5490963128599,52.3345877651012,14.215,5.097
9463,6.54910411132474,52.3345954235393,14.657,5.256
9464,6.54911190978958,52.3346030819774,13.288,4.764
9465,6.54911970825442,52.3346107404154,15.187,5.445
9466,6.54912750671926,52.3346183988535,12.36,4.432
9467,6.5491353051841,52.3346260572916,13.101,4.698
9468,6.54914310364894,52.3346337157297,13.687,4.908
9469,6.54915090211378,52.3346413741677,13.903,4.985
9470,6.54915864752222,52.3346490955808,13.484,4.835
9471,6.54916639025638,52.3346568201681,13.31,4.772
9472,6.54917413299055,52.3346645447554,14.907,5.345
9473,6.54918187572472,52.3346722693427,13.303,4.77
9474,6.54918961845889,52.3346799939301,13.033,4.673
9475,6.54919736119305,52.3346877185174,14.637,5.248
9476,6.54920510392722,52.3346954431047,14.152,5.074
9477,6.54921284666139,52.334703167692,14.306,5.13
9478,6.54922058939556,52.3347108922793,13.787,4.944
9479,6.54922833212972,52.3347186168666,12.873,4.616
9480,6.54923607486389,52.3347263414539,13.741,4.927
9481,6.54924385846984,52.3347340175286,12.811,4.593
9482,6.54925165917845,52.3347416733035,13.853,4.967
9483,6.54925945988705,52.3347493290783,14.104,5.057
9484,6.54926726059566,52.3347569848532,14.361,5.149
9485,6.54927506130426,52.334764640628,13.683,4.906
9486,6.54928286201286,52.3347722964029,14.186,5.087
9487,6.54929066272147,52.3347799521777,13.223,4.741
9488,6.54929846343007,52.3347876079526,14.332,5.139
9489,6.54930626413868,52.3347952637274,14.169,5.08
9490,6.54931406484728,52.3348029195023,13.31,4.772
9491,6.54932186555589,52.3348105752771,14.1,5.056
9492,6.54932966626449,52.334818231052,14.438,5.177
9493,6.5493374669731,52.3348258868268,13.851,4.966
9494,6.5493452676817,52.3348335426017,13.329,4.779
9495,6.5493530683903,52.3348411983765,13.925,4.993
9496,6.54936086909891,52.3348488541514,14.153,5.075
9497,6.54936866980751,52.3348565099262,13.348,4.786
9498,6.54937647051612,52.3348641657011,13.251,4.751
9499,6.54938427122472,52.3348718214759,14.157,5.076
9500,6.54939207193333,52.3348794772508,14.342,5.142
9501,6.54939987264193,52.3348871330256,15.129,5.425
9502,6.54940767335053,52.3348947888005,14.264,5.114
9503,6.54941547405914,52.3349024445753,13.168,4.721
9504,6.54942327476774,52.3349101003502,15.086,5.409
9505,6.54943107547635,52.334917756125,14.513,5.204
9506,6.54943887618495,52.3349254118999,12.72,4.561
9507,6.54944667689356,52.3349330676747,13.3,4.769
9508,6.54945447760216,52.3349407234496,13.623,4.885
9509,6.54946227831076,52.3349483792244,14.412,5.167
9510,6.54947007901937,52.3349560349993,12.526,4.491
9511,6.54947787972797,52.3349636907741,13.862,4.97
9512,6.54948568043658,52.334971346549,14.397,5.162
9513,6.54949348114518,52.3349790023238,12.277,4.402
9514,6.54950042149337,52.334987679299,14.389,5.159
9515,6.54950697744237,52.3349968125347,14.466,5.187
9516,6.54951519939345,52.335003968318,13.464,4.828
9517,6.54952375332047,52.3350107300642,13.289,4.765
9518,6.5495317410159,52.335018163896,13.466,4.828
9519,6.54953952131848,52.3350258438917,12.407,4.449
9520,6.54954730162106,52.3350335238874,13.793,4.945
9521,6.54955508192365,52.335041203883,14.119,5.063
9522,6.54956286222623,52.3350488838787,13.278,4.761
9523,6.54957064252881,52.3350565638744,14.573,5.225
9524,6.54957842283139,52.3350642438701,14.067,5.044
9525,6.54958620313397,52.3350719238657,14.165,5.079
9526,6.54959398343655,52.3350796038614,13.78,4.941
9527,6.54960176373913,52.3350872838571,14.459,5.184
9528,6.54960954404172,52.3350949638527,14.786,5.302
9529,6.5496173243443,52.3351026438484,13.793,4.945
9530,6.54962510464688,52.3351103238441,14.485,5.194
9531,6.54963288494946,52.3351180038398,14.496,5.198
9532,6.54964066525204,52.3351256838354,14.293,5.125
9533,6.54964844555462,52.3351333638311,15.038,5.392
9534,6.54965622585721,52.3351410438268,13.63,4.887
9535,6.54966400615979,52.3351487238224,13.814,4.953
9536,6.54967178646237,52.3351564038181,13.61,4.88
9537,6.54967956676495,52.3351640838138,14.498,5.198
9538,6.54968734706753,52.3351717638095,13.916,4.99
9539,6.54969512737011,52.3351794438051,13.671,4.902
9540,6.54970290767269,52.3351871238008,15.063,5.401
9541,6.54971068797528,52.3351948037965,15.154,5.434
9542,6.54971846827786,52.3352024837922,13.901,4.984
9543,6.54972624858044,52.3352101637878,13.294,4.767
9544,6.54973402888302,52.3352178437835,15.199,5.45
9545,6.5497418091856,52.3352255237792,14.384,5.158
9546,6.54974958948818,52.3352332037748,14.359,5.149
9547,6.54975736979077,52.3352408837705,14.178,5.084
9548,6.54976515009335,52.3352485637662,13.65,4.894
9549,6.54977293039593,52.3352562437619,13.881,4.977
9550,6.54978071069851,52.3352639237575,14.527,5.209
9551,6.54978849100109,52.3352716037532,13.87,4.973
9552,6.54979627130367,52.3352792837489,14.392,5.16
9553,6.54980405160625,52.3352869637445,14.149,5.073
9554,6.54981183190884,52.3352946437402,13.523,4.849
9555,6.54981961221142,52.3353023237359,15.102,5.415
9556,6.549827392514,52.3353100037316,14.502,5.2
9557,6.54983517281658,52.3353176837272,14.351,5.146
9558,6.54984292070428,52.3353254021976,14.487,5.195
9559,6.54985066089812,52.3353331298001,13.11,4.701
9560,6.54985841476218,52.3353408411769,13.878,4.976
9561,6.54986616862623,52.3353485525536,13.274,4.76
9562,6.54987392249028,52.3353562639303,14.249,5.109
9563,6.54988167635433,52.3353639753071,14.371,5.153
9564,6.54988943021839,52.3353716866838,14.266,5.115
9565,6.54989718408244,52.3353793980606,14.88,5.335
9566,6.54990493794649,52.3353871094373,13.31,4.772
9567,6.54991270660127,52.3353948032583,13.724,4.921
9568,6.54992048888228,52.3354024809057,14.441,5.178
9569,6.54992827116328,52.3354101585531,14.356,5.148
9570,6.54993605344429,52.3354178362005,13.431,4.816
9571,6.5499438357253,52.3354255138479,14.912,5.347
9572,6.54995161800631,52.3354331914952,15.119,5.421
9573,6.54995940028732,52.3354408691426,14.465,5.187
9574,6.54996718256832,52.33544854679,13.33,4.78
9575,6.54997496484933,52.3354562244374,14.315,5.133
9576,6.54998274713034,52.3354639020848,14.425,5.172
9577,6.54999052941135,52.3354715797322,14.068,5.044
9578,6.54999831169236,52.3354792573796,15.023,5.387
9579,6.55000609397336,52.335486935027,14.166,5.079
9580,6.55001387625437,52.3354946126744,15.475,5.549
9581,6.55002165853538,52.3355022903217,14.701,5.271
9582,6.55002944081639,52.3355099679691,14.405,5.165
9583,6.5500372230974,52.3355176456165,14.787,5.302
9584,6.5500450019349,52.3355253273512,15.149,5.432
9585,6.55005277885101,52.3355330113664,14.781,5.3
9586,6.55006055576713,52.3355406953816,14.21,5.095
9587,6.55006833268324,52.3355483793968,13.87,4.973
9588,6.55007610959936,52.335556063412,13.601,4.877
9589,6.55008388651548,52.3355637474273,12.828,4.6
9590,6.55009166343159,52.3355714314425,14.369,5.152
9591,6.55009944034771,52.3355791154577,14.041,5.035
9592,6.55010721726382,52.3355867994729,14.075,5.047
9593,6.55011499417994,52.3355944834881,14.88,5.335
9594,6.55012277109605,52.3356021675034,14.212,5.096
9595,6.55013054801217,52.3356098515186,15.395,5.52
9596,6.55013832492829,52.3356175355338,13.946,5.0
9597,6.5501461018444,52.335625219549,13.715,4.917
9598,6.55015387876052,52.3356329035642,13.549,4.858
9599,6.55016165567663,52.3356405875795,14.716,5.277
9600,6.55016943259275,52.3356482715947,14.971,5.368
9601,6.55017720950886,52.3356559556099,13.947,5.001
9602,6.55018498642498,52.3356636396251,13.673,4.903
9603,6.5501927633411,52.3356713236403,15.202,5.451
9604,6.55020054025721,52.3356790076556,13.451,4.823
9605,6.55020831717333,52.3356866916708,14.901,5.343
9606,6.55021609408944,52.335694375686,13.974,5.01
9607,6.55022387100556,52.3357020597012,14.546,5.215
9608,6.55023164792167,52.3357097437164,14.948,5.36
9609,6.55023942483779,52.3357174277317,14.598,5.234
9610,6.55024720175391,52.3357251117469,14.147,5.072
9611,6.55025497883816,52.3357327955625,15.144,5.43
9612,6.55026275987965,52.3357404746812,14.496,5.198
9613,6.55027054092114,52.3357481537998,16.494,5.914
9614,6.55027832196263,52.3357558329184,13.328,4.779
9615,6.55028610300412,52.335763512037,13.322,4.777
9616,6.55029388404561,52.3357711911557,14.921,5.35
9617,6.5503016650871,52.3357788702743,14.321,5.135
9618,6.55030944612859,52.3357865493929,14.808,5.31
9619,6.55031722717008,52.3357942285116,13.699,4.912
9620,6.55032500821157,52.3358019076302,14.38,5.156
9621,6.55033278925306,52.3358095867488,14.62,5.242
9622,6.55034057029455,52.3358172658674,14.034,5.032
9623,6.55034835133603,52.3358249449861,14.493,5.196
9624,6.55035613237752,52.3358326241047,13.559,4.862
9625,6.55036391341901,52.3358403032233,14.595,5.233
9626,6.5503716944605,52.335847982342,15.215,5.456
9627,6.55037947550199,52.3358556614606,13.641,4.891
9628,6.55038726013979,52.3358633363106,13.608,4.879
9629,6.55039504616394,52.3358710095151,15.074,5.405
9630,6.55040283218809,52.3358786827196,13.604,4.878
9631,6.55041061821223,52.3358863559241,14.875,5.334
9632,6.55041840423638,52.3358940291286,14.417,5.169
9633,6.55042619026053,52.335901702333,14.142,5.071
9634,6.55043397628467,52.3359093755375,15.253,5.469
9635,6.55044176230882,52.335917048742,14.94,5.357
9636,6.55044954833296,52.3359247219465,14.562,5.221
9637,6.55045733435711,52.335932395151,13.135,4.71
9638,6.55046511749931,52.3359400717762,14.823,5.315
9639,6.55047289736944,52.3359477522852,13.778,4.94
9640,6.55048067723958,52.3359554327941,14.281,5.121
9641,6.55048845710971,52.3359631133031,14.419,5.17
9642,6.55049623697985,52.3359707938121,15.534,5.57
9643,6.55050401684998,52.335978474321,14.273,5.118
9644,6.55051179894963,52.3359861521837,13.589,4.872
9645,6.55051958647701,52.3359938236039,15.294,5.484
9646,6.55052737400439,52.3360014950241,14.86,5.328
9647,6.55053516153177,52.3360091664444,14.885,5.337
9648,6.55054294905914,52.3360168378646,15.316,5.492
9649,6.55055073658652,52.3360245092849,15.458,5.543
9650,6.5505585241139,52.3360321807051,13.924,4.992
9651,6.55056631164128,52.3360398521253,13.634,4.889
9652,6.55057409916865,52.3360475235456,14.951,5.361
9653,6.55058188669603,52.3360551949658,14.306,5.129
9654,6.55058967422341,52.3360628663861,14.363,5.15
9655,6.55059746175079,52.3360705378063,13.808,4.951
9656,6.55060524927816,52.3360782092265,14.815,5.312
9657,6.55061303680554,52.3360858806468,14.712,5.275
9658,6.55062082433292,52.336093552067,14.388,5.159
9659,6.5506286118603,52.3361012234872,13.667,4.901
9660,6.55063640445991,52.336108888887,15.199,5.45
9661,6.55064419988835,52.3361165509291,14.642,5.25
9662,6.55065197551918,52.3361242364699,15.153,5.433
9663,6.55065975115002,52.3361319220107,13.263,4.756
9664,6.55066752678085,52.3361396075515,14.537,5.213
9665,6.55067530241169,52.3361472930922,14.086,5.051
9666,6.55068307804252,52.336154978633,14.533,5.211
9667,6.55069085367336,52.3361626641738,15.071,5.404
9668,6.5506986293042,52.3361703497146,14.738,5.284
9669,6.55070641445849,52.3361780239515,14.535,5.212
9670,6.55071420336276,52.3361856937375,14.536,5.212
9671,6.55072199226703,52.3361933635234,13.615,4.882
9672,6.55072977220865,52.3362010439475,14.003,5.021
9673,6.55073754929182,52.3362087277645,15.199,5.45
9674,6.550745326375,52.3362164115814,14.246,5.108
9675,6.55075310345817,52.3362240953983,15.218,5.457
9676,6.55076088054134,52.3362317792153,15.037,5.392
9677,6.55076865762451,52.3362394630322,15.072,5.404
9678,6.55077643470768,52.3362471468491,14.754,5.29
9679,6.55078421173109,52.336254830737,14.306,5.129
9680,6.55079198865663,52.336262514741,14.477,5.191
9681,6.55079976558216,52.3362701987451,14.946,5.359
9682,6.55080754250769,52.3362778827491,13.323,4.777
9683,6.55081531943323,52.3362855667532,15.308,5.489
9684,6.55082309556102,52.3362932517041,14.285,5.122
9685,6.55083087136364,52.336300937041,14.532,5.211
9686,6.55083864716625,52.3363086223778,14.54,5.214
9687,6.55084642296887,52.3363163077147,14.566,5.223
9688,6.55085419877149,52.3363239930516,13.819,4.955
9689,6.5508619745741,52.3363316783885,14.684,5.265
9690,6.55086975037672,52.3363393637254,14.947,5.359
9691,6.55087752617934,52.3363470490622,13.398,4.804
9692,6.5508853031715,52.3363547329872,13.838,4.962
9693,6.55089308147292,52.3363624153581,15.132,5.426
9694,6.55090085977433,52.3363700977291,15.025,5.387
9695,6.55090863651065,52.3363777819577,14.786,5.302
9696,6.55091641187561,52.3363854678141,14.211,5.096
9697,6.55092418724056,52.3363931536704,15.035,5.391
9698,6.55093196260552,52.3364008395268,13.909,4.987
9699,6.55093973797048,52.3364085253832,14.537,5.212
9700,6.55094751333544,52.3364162112395,13.851,4.967
9701,6.5509552887004,52.3364238970959,14.526,5.208
9702,6.55096306406535,52.3364315829522,14.017,5.026
9703,6.55097083943031,52.3364392688086,15.068,5.403
9704,6.55097861207691,52.3364469578915,14.88,5.335
9705,6.55098638077369,52.3364546516626,14.29,5.124
9706,6.55099414947048,52.3364623454337,15.268,5.474
9707,6.55100191816727,52.3364700392048,14.065,5.043
9708,6.55100968686405,52.3364777329759,14.607,5.238
9709,6.55101746473631,52.3364854158563,14.267,5.115
9710,6.55102524981884,52.3364930901784,15.065,5.402
9711,6.55103303490138,52.3365007645005,15.007,5.381
9712,6.55104082097157,52.3365084376504,15.394,5.52
9713,6.55104861464289,52.3365161017781,14.677,5.263
9714,6.55105640831421,52.3365237659058,12.887,4.621
9715,6.55106419842118,52.3365314342642,14.374,5.154
9716,6.5510719869939,52.3365391044437,15.547,5.574
9717,6.55107977556662,52.3365467746232,14.434,5.175
9718,6.55108756413934,52.3365544448026,13.496,4.839
9719,6.55109535271206,52.3365621149821,14.887,5.338
9720,6.55110314128477,52.3365697851616,14.929,5.353
9721,6.55111092985749,52.3365774553411,14.192,5.089
9722,6.55111871843021,52.3365851255205,14.473,5.189
9723,6.55112650700293,52.3365927957,14.117,5.062
9724,6.55113429557564,52.3366004658795,14.921,5.35
9725,6.55114208414836,52.336608136059,14.644,5.251
9726,6.55114987272108,52.3366158062384,13.923,4.992
9727,6.5511576612938,52.3366234764179,14.6,5.235
9728,6.55116544986651,52.3366311465974,14.172,5.081
9729,6.55117323843923,52.3366388167769,15.459,5.543
9730,6.55118102701195,52.3366464869564,15.122,5.422
9731,6.5511888140311,52.3366541589798,14.521,5.207
9732,6.55119660051654,52.3366618316368,14.637,5.248
9733,6.55120438700197,52.3366695042938,15.182,5.444
9734,6.55121217348741,52.3366771769507,14.479,5.192
9735,6.55121995997285,52.3366848496077,15.023,5.387
9736,6.55122774645828,52.3366925222647,15.442,5.537
9737,6.55123553294372,52.3367001949216,14.28,5.12
9738,6.55124331942916,52.3367078675786,15.532,5.569
9739,6.5512511059146,52.3367155402355,15.356,5.506
9740,6.55125889240003,52.3367232128925,14.7,5.271
9741,6.55126667888547,52.3367308855495,14.287,5.123
9742,6.55127446537091,52.3367385582064,14.682,5.264
9743,6.55128225185634,52.3367462308634,14.393,5.161
9744,6.55129003834178,52.3367539035204,14.065,5.043
9745,6.55129782482722,52.3367615761773,14.838,5.32
9746,6.55130561131265,52.3367692488343,13.917,4.99
9747,6.55131339779809,52.3367769214913,14.314,5.132
9748,6.55132118428353,52.3367845941482,14.315,5.133
9749,6.55132897076896,52.3367922668052,13.697,4.911
9750,6.5513367572544,52.3367999394622,14.88,5.335
9751,6.55134454373984,52.3368076121191,14.351,5.146
9752,6.55135233022527,52.3368152847761,15.242,5.465
9753,6.55136011671071,52.336822957433,14.327,5.137
9754,6.55136790319615,52.33683063009,14.225,5.1
9755,6.55137568968158,52.336838302747,13.924,4.993
9756,6.55138347616702,52.3368459754039,14.471,5.189
9757,6.55139126265246,52.3368536480609,14.466,5.187
9758,6.55139904913789,52.3368613207179,14.868,5.331
9759,6.55140683562333,52.3368689933748,14.463,5.186
9760,6.55141462210877,52.3368766660318,15.647,5.61
9761,6.5514224085942,52.3368843386888,14.675,5.262
9762,6.55143019507964,52.3368920113457,13.818,4.954
9763,6.55143798156508,52.3368996840027,13.759,4.933
9764,6.55144576805051,52.3369073566597,14.695,5.269
9765,6.55145355453595,52.3369150293166,13.772,4.938
9766,6.55146134102139,52.3369227019736,14.712,5.275
9767,6.55146912750683,52.3369303746305,14.879,5.335
9768,6.55147691399226,52.3369380472875,14.884,5.337
9769,6.5514847004777,52.3369457199445,13.822,4.956
9770,6.55149248696314,52.3369533926014,14.865,5.33
9771,6.55150027344857,52.3369610652584,14.503,5.2
9772,6.55150805993401,52.3369687379154,13.946,5.0
9773,6.55151584641945,52.3369764105723,14.2,5.091
9774,6.55152363290488,52.3369840832293,14.56,5.221
9775,6.55153141939032,52.3369917558863,13.877,4.976
9776,6.55153920587576,52.3369994285432,14.44,5.177
9777,6.55154699236119,52.3370071012002,15.102,5.415
9778,6.55155477884663,52.3370147738571,14.808,5.309
9779,6.55156256533207,52.3370224465141,14.278,5.12
9780,6.5515703518175,52.3370301191711,14.357,5.148
9781,6.55157813830294,52.337037791828,13.891,4.981
9782,6.55158592478838,52.337045464485,13.897,4.983
9783,6.55159371127381,52.337053137142,13.281,4.762
9784,6.55160149775925,52.3370608097989,14.322,5.135
9785,6.55160928424469,52.3370684824559,14.564,5.222
9786,6.55161707073012,52.3370761551129,14.109,5.059
9787,6.55162485721556,52.3370838277698,13.623,4.885
9788,6.551632643701,52.3370915004268,14.166,5.079
9789,6.55164043018643,52.3370991730838,14.905,5.344
9790,6.55164821667187,52.3371068457407,14.632,5.246
9791,6.55165600315731,52.3371145183977,14.074,5.046
9792,6.55166378964275,52.3371221910546,15.284,5.48
9793,6.55167157612818,52.3371298637116,15.654,5.613
9794,6.55167936261362,52.3371375363686,13.773,4.938
9795,6.55168714909906,52.3371452090255,13.898,4.983
9796,6.55169493558449,52.3371528816825,14.438,5.177
9797,6.55170272206993,52.3371605543395,13.481,4.834
9798,6.55171050855537,52.3371682269964,14.505,5.201
9799,6.5517182950408,52.3371758996534,14.052,5.039
9800,6.55172608152624,52.3371835723104,14.198,5.091
9801,6.55173386801168,52.3371912449673,13.628,4.887
9802,6.55174165449711,52.3371989176243,13.491,4.837
9803,6.55174944098255,52.3372065902813,12.773,4.58
9804,6.55175722746799,52.3372142629382,14.801,5.307
9805,6.55176501395342,52.3372219355952,14.469,5.188
9806,6.55177280043886,52.3372296082521,14.298,5.127
9807,6.5517805869243,52.3372372809091,14.093,5.053
9808,6.55178837340973,52.3372449535661,12.52,4.489
9809,6.55179615989517,52.337252626223,13.42,4.812
9810,6.55180394638061,52.33726029888,13.698,4.912
9811,6.55181173286604,52.337267971537,13.199,4.733
9812,6.55181951935148,52.3372756441939,12.826,4.599
9813,6.55182730583692,52.3372833168509,13.233,4.745
9814,6.55183509232235,52.3372909895079,13.823,4.957
9815,6.55184287880779,52.3372986621648,13.81,4.952
9816,6.55185066529323,52.3373063348218,14.301,5.128
9817,6.55185845177867,52.3373140074788,14.967,5.366
9818,6.5518662382641,52.3373216801357,14.143,5.071
9819,6.55187402474954,52.3373293527927,13.623,4.884
9820,6.55188181123498,52.3373370254496,14.771,5.296
9821,6.55188959772041,52.3373446981066,12.768,4.578
9822,6.55189738420585,52.3373523707636,12.462,4.468
9823,6.55190517069129,52.3373600434205,13.149,4.715
9824,6.55191295717672,52.3373677160775,14.134,5.068
9825,6.55192074366216,52.3373753887345,13.741,4.927
9826,6.5519285301476,52.3373830613914,12.964,4.648
9827,6.55193631663303,52.3373907340484,13.186,4.728
9828,6.55194410311847,52.3373984067054,12.869,4.614
9829,6.55195188960391,52.3374060793623,12.855,4.609
9830,6.55195967608934,52.3374137520193,14.483,5.193
9831,6.55196746257478,52.3374214246763,13.472,4.831
9832,6.55197524906022,52.3374290973332,14.583,5.229
9833,6.55198303554565,52.3374367699902,13.005,4.663
9834,6.55199082203109,52.3374444426471,13.802,4.949
9835,6.55199860851653,52.3374521153041,13.633,4.888
9836,6.55200639500196,52.3374597879611,14.002,5.021
9837,6.5520141814874,52.337467460618,13.62,4.884
9838,6.55202196797284,52.337475133275,14.035,5.032
9839,6.55202975445827,52.337482805932,13.767,4.936
9840,6.55203754094371,52.3374904785889,12.785,4.584
9841,6.55204532742915,52.3374981512459,13.843,4.964
9842,6.55205311391459,52.3375058239029,13.337,4.782
9843,6.55206090040002,52.3375134965598,12.926,4.635
9844,6.55206868688546,52.3375211692168,13.777,4.94
9845,6.5520764733709,52.3375288418737,13.896,4.983
9846,6.55208425985633,52.3375365145307,13.055,4.681
9847,6.55209204634177,52.3375441871877,13.119,4.704
9848,6.55209983282721,52.3375518598446,12.495,4.48
9849,6.55210761931264,52.3375595325016,12.234,4.387
9850,6.55211540579808,52.3375672051586,13.139,4.711
9851,6.55212319228352,52.3375748778155,13.733,4.924
9852,6.55213097876895,52.3375825504725,12.915,4.631
9853,6.55213876525439,52.3375902231295,14.077,5.048
9854,6.55214655173983,52.3375978957864,13.102,4.698
9855,6.55215433822526,52.3376055684434,13.09,4.694
9856,6.5521621247107,52.3376132411004,13.024,4.67
9857,6.55216991119614,52.3376209137573,13.757,4.933
9858,6.55217769768157,52.3376285864143,12.601,4.518
9859,6.55218548416701,52.3376362590713,13.075,4.688
9860,6.55219327065245,52.3376439317282,12.814,4.595
9861,6.55220105713788,52.3376516043852,12.792,4.587
9862,6.55220884362332,52.3376592770421,13.128,4.707
9863,6.55221679882473,52.3376667494426,13.027,4.671
9864,6.55222482233251,52.3376741407671,13.697,4.911
9865,6.55223284584029,52.3376815320916,13.058,4.682
9866,6.55224086934807,52.3376889234162,13.377,4.796
9867,6.55224889285586,52.3376963147407,13.138,4.711
9868,6.55225691636364,52.3377037060652,13.848,4.965
9869,6.55226493987142,52.3377110973898,12.831,4.6
9870,6.55227296337921,52.3377184887143,12.818,4.596
9871,6.55228098688699,52.3377258800388,13.419,4.811
9872,6.55228901039477,52.3377332713633,12.781,4.583
9873,6.55229703390256,52.3377406626879,13.246,4.749
9874,6.55230505741034,52.3377480540124,14.314,5.132
9875,6.55231308091812,52.3377554453369,12.35,4.428
9876,6.5523209659541,52.3377630010199,13.813,4.953
9877,6.55232883081497,52.3377705806495,12.609,4.521
9878,6.55233669567585,52.3377781602792,13.672,4.902
9879,6.55234456053672,52.3377857399088,13.275,4.76
9880,6.55235242539759,52.3377933195385,13.212,4.737
9881,6.55236029025847,52.3378008991681,12.757,4.574
9882,6.55236815511934,52.3378084787978,12.685,4.548
9883,6.55237601998022,52.3378160584274,12.395,4.444
9884,6.55238388484109,52.3378236380571,12.81,4.593
9885,6.55239174970196,52.3378312176867,12.686,4.549
9886,6.55239961456284,52.3378387973164,12.894,4.623
9887,6.55240747942371,52.337846376946,11.939,4.281
9888,6.55241534428459,52.3378539565756,12.77,4.579
9889,6.55242320914546,52.3378615362053,13.487,4.836
9890,6.55243107400633,52.3378691158349,13.287,4.764
9891,6.55243893886721,52.3378766954646,12.734,4.566
9892,6.55244680372808,52.3378842750942,14.215,5.097
9893,6.55245466858896,52.3378918547239,12.357,4.431
9894,6.55246253344983,52.3378994343535,12.634,4.53
9895,6.5524703983107,52.3379070139832,11.821,4.238
9896,6.55247826317158,52.3379145936128,12.425,4.455
9897,6.55248612803245,52.3379221732425,13.703,4.913
9898,6.55249399289333,52.3379297528721,12.425,4.455
9899,6.5525018577542,52.3379373325018,11.731,4.206
9900,6.55250972261507,52.3379449121314,13.132,4.708
9901,6.55251758747595,52.3379524917611,12.837,4.603
9902,6.55252545233682,52.3379600713907,13.087,4.692
9903,6.55253331719769,52.3379676510204,12.413,4.451
9904,6.55254118205857,52.33797523065,11.985,4.297
9905,6.55254904691944,52.3379828102797,12.46,4.468
9906,6.55255691178032,52.3379903899093,12.885,4.62
9907,6.55256477664119,52.337997969539,12.506,4.484
9908,6.55257264150206,52.3380055491686,12.768,4.578
9909,6.55258061773383,52.3380129966072,12.215,4.38
9910,6.55258909324738,52.3380198514258,12.771,4.579
9911,6.55259759912521,52.3380266702038,12.511,4.486
9912,6.55260566465167,52.3380340116545,12.089,4.335
9913,6.55261354915566,52.3380415679688,12.578,4.51
9914,6.55262143365965,52.3380491242832,12.26,4.396
9915,6.55262931816364,52.3380566805975,12.842,4.605
9916,6.55263720266762,52.3380642369119,12.985,4.656
9917,6.55264508717161,52.3380717932262,12.759,4.575
9918,6.5526529716756,52.3380793495406,11.495,4.122
9919,6.55266095688235,52.3380867863263,11.882,4.26
9920,6.55266899711402,52.3380941578005,12.068,4.327
9921,6.5526770373457,52.3381015292747,11.967,4.291
9922,6.55268507757737,52.3381089007489,12.11,4.342
9923,6.55269311780905,52.3381162722231,12.967,4.649
9924,6.55270115804072,52.3381236436973,12.827,4.599
9925,6.5527091982724,52.3381310151715,12.161,4.36
9926,6.55270751558886,52.338149927209,12.752,4.572
9927,6.55271452412972,52.3381585232432,12.592,4.515
9928,6.55272309405889,52.3381652659958,12.374,4.437
9929,6.55273166398806,52.3381720087483,13.063,4.684
9930,6.55274023391723,52.3381787515008,11.994,4.301
9931,6.55274880384641,52.3381854942533,12.409,4.449
9932,6.55275737377558,52.3381922370058,11.756,4.215
9933,6.55276594965032,52.3381989727013,11.779,4.224
9934,6.55277464798003,52.3382055630495,11.565,4.147
9935,6.55278334630974,52.3382121533977,11.781,4.224
9936,6.55279204463945,52.3382187437458,12.406,4.448
9937,6.55280014294505,52.3382260462895,12.175,4.366
9938,6.55280889940809,52.3382325676366,12.191,4.371
9939,6.5528176674658,52.3382390752215,12.171,4.364
9940,6.55282643552351,52.3382455828064,13.386,4.8
9941,6.55283666622336,52.3382503543159,11.672,4.185
9942,6.55284852844503,52.338253189299,11.606,4.162
9943,6.55285941794248,52.3382571788521,11.838,4.245
9944,6.55286780105285,52.3382641433482,12.291,4.407
9945,6.55287618416323,52.3382711078444,12.634,4.53
9946,6.55288436976049,52.3382783067776,12.693,4.551
9947,6.55289232396955,52.3382857803559,12.883,4.619
9948,6.55290027817861,52.3382932539342,12.262,4.397
9949,6.55290823238767,52.3383007275125,12.091,4.335
9950,6.55291618659674,52.3383082010908,13.284,4.763
9951,6.55292419162443,52.3383156143502,10.685,3.831
9952,6.55293227621639,52.3383229331711,12.358,4.431
9953,6.55294036080835,52.3383302519921,12.573,4.508
9954,6.55294843947366,52.3383375778477,13.422,4.812
9955,6.55295667250954,52.338344720474,11.343,4.067
9956,6.55296520945839,52.3383515023723,12.072,4.328
9957,6.55297374640724,52.3383582842707,11.52,4.131
9958,6.55298228335609,52.338365066169,11.261,4.038
9959,6.55299082030494,52.3383718480674,12.199,4.374
9960,6.55299935725379,52.3383786299657,12.809,4.593
9961,6.55300780958159,52.3383855123045,13.029,4.672
9962,6.55301579934798,52.3383929436783,12.008,4.305
9963,6.55302378911436,52.338400375052,12.713,4.558
9964,6.55303177888074,52.3384078064257,12.206,4.376
9965,6.55303976864713,52.3384152377994,12.65,4.536
9966,6.55304774465027,52.3384226855093,13.003,4.662
9967,6.55305569838997,52.3384301596447,12.211,4.378
9968,6.55306365212967,52.3384376337801,12.96,4.647
9969,6.55307160586936,52.3384451079155,11.615,4.165
9970,6.55307955960906,52.3384525820509,12.716,4.559
9971,6.55308751334876,52.3384600561863,12.939,4.639
9972,6.55309546708846,52.3384675303217,12.88,4.618
9973,6.55310342082815,52.3384750044571,11.638,4.173
9974,6.55311137456785,52.3384824785925,12.216,4.38
9975,6.55311932830755,52.3384899527278,12.517,4.488
9976,6.55312728204725,52.3384974268632,12.601,4.518
9977,6.55313588269697,52.3385041331522,12.411,4.45
9978,6.55314465632547,52.3385106341248,13.186,4.728
9979,6.55315342995396,52.3385171350975,11.586,4.154
9980,6.55316220358246,52.3385236360702,12.209,4.378
9981,6.55317097721096,52.3385301370429,11.36,4.073
9982,6.55317975083945,52.3385366380155,12.721,4.561
9983,6.55318852446795,52.3385431389882,12.684,4.548
9984,6.55319679420817,52.3385502380485,14.33,5.138
9985,6.5532050460596,52.3385573583417,12.967,4.649
9986,6.55321329791104,52.3385644786349,12.561,4.504
9987,6.55322154976248,52.3385715989281,12.519,4.489
9988,6.55322980161392,52.3385787192214,12.186,4.369
9989,6.55323805346535,52.3385858395146,12.452,4.465
9990,6.55324630531679,52.3385929598078,12.541,4.497
9991,6.55325455716823,52.338600080101,11.226,4.025
9992,6.55326280901967,52.3386072003943,12.5,4.482
9993,6.55327106087111,52.3386143206875,12.447,4.463
9994,6.55327931272254,52.3386214409807,13.422,4.813
9995,6.55328756457398,52.3386285612739,12.316,4.416
9996,6.55329581642542,52.3386356815672,11.946,4.284
9997,6.55330406827686,52.3386428018604,12.558,4.503
9998,6.55331232012829,52.3386499221536,12.447,4.463
9999,6.55332057197973,52.3386570424468,12.33,4.421
10000,6.55332882383117,52.3386641627401,11.657,4.18
10001,6.55333707568261,52.3386712830333,12.321,4.418
10002,6.55334532753404,52.3386784033265,12.076,4.33
10003,6.55335357938548,52.3386855236197,12.292,4.407
10004,6.55336183123692,52.338692643913,12.853,4.609
10005,6.55337008308836,52.3386997642062,12.029,4.313
10006,6.55337833493979,52.3387068844994,12.299,4.41
10007,6.55338658679123,52.3387140047926,12.751,4.572
10008,6.55339483864267,52.3387211250859,12.277,4.402
10009,6.55340309049411,52.3387282453791,13.973,5.01
10010,6.55341134234554,52.3387353656723,12.589,4.514
10011,6.55341959419698,52.3387424859655,11.715,4.201
10012,6.55342784604842,52.3387496062588,11.955,4.287
10013,6.55343609789986,52.338756726552,11.899,4.267
10014,6.5534443497513,52.3387638468452,11.97,4.292
10015,6.55345260160273,52.3387709671384,12.774,4.58
10016,6.55346085345417,52.3387780874317,11.811,4.235
10017,6.55346910530561,52.3387852077249,12.27,4.399
10018,6.55347735715705,52.3387923280181,13.14,4.711
10019,6.55348560900848,52.3387994483113,12.165,4.362
10020,6.55349386085992,52.3388065686046,12.869,4.614
10021,6.55350211271136,52.3388136888978,11.487,4.119
10022,6.5535103645628,52.338820809191,12.262,4.397
10023,6.55351861641423,52.3388279294842,11.962,4.289
10024,6.55352686826567,52.3388350497775,12.662,4.54
10025,6.55353512011711,52.3388421700707,11.88,4.26
10026,6.55354337196855,52.3388492903639,13.709,4.915
10027,6.55355162381998,52.3388564106571,11.53,4.134
10028,6.55355987567142,52.3388635309504,13.165,4.72
10029,6.55356812752286,52.3388706512436,13.016,4.667
10030,6.5535763793743,52.3388777715368,12.685,4.548
10031,6.55358463122573,52.33888489183,12.537,4.495
10032,6.55359288307717,52.3388920121233,13.599,4.876
10033,6.55360113492861,52.3388991324165,13.964,5.007
10034,6.55360938675347,52.3389062527413,12.391,4.443
10035,6.55361763811552,52.3389133736154,12.609,4.521
10036,6.55362588947757,52.3389204944895,12.193,4.372
10037,6.55363414083962,52.3389276153636,11.833,4.243
10038,6.55364239220168,52.3389347362377,12.796,4.588
10039,6.55365064356373,52.3389418571117,12.672,4.544
10040,6.55365889492578,52.3389489779858,11.581,4.152
10041,6.55366714628784,52.3389560988599,12.798,4.589
10042,6.55367539764989,52.338963219734,12.699,4.553
10043,6.55368364901194,52.3389703406081,12.181,4.368
10044,6.55369190037399,52.3389774614822,12.145,4.355
10045,6.55370015173605,52.3389845823563,12.788,4.585
10046,6.5537084030981,52.3389917032304,13.488,4.836
10047,6.55371665446015,52.3389988241045,12.778,4.582
10048,6.55372490582221,52.3390059449786,13.005,4.663
10049,6.55373315718426,52.3390130658527,12.058,4.324
10050,6.55374140854631,52.3390201867268,12.306,4.412
10051,6.55374965990837,52.3390273076009,12.909,4.629
10052,6.55375791127042,52.339034428475,11.755,4.215
10053,6.55376616263247,52.3390415493491,12.677,4.546
10054,6.55377441399452,52.3390486702232,12.847,4.607
10055,6.55378266535658,52.3390557910973,12.536,4.495
10056,6.55379091671863,52.3390629119714,12.749,4.571
10057,6.55379916808068,52.3390700328455,12.596,4.517
10058,6.55380741944274,52.3390771537196,12.198,4.374
10059,6.55381567080479,52.3390842745937,11.873,4.257
10060,6.55382392216684,52.3390913954678,12.514,4.487
10061,6.5538321735289,52.3390985163419,13.336,4.782
10062,6.55384042489095,52.339105637216,13.173,4.723
10063,6.553848676253,52.3391127580901,12.369,4.435
10064,6.55385692761505,52.3391198789642,12.358,4.431
10065,6.55386517897711,52.3391269998383,12.316,4.416
10066,6.55387343033916,52.3391341207124,12.318,4.417
10067,6.55388168170121,52.3391412415865,12.747,4.57
10068,6.55388993306327,52.3391483624606,13.201,4.733
10069,6.55389819065199,52.339155475944,13.911,4.988
10070,6.55390648840829,52.3391625417506,12.093,4.336
10071,6.55391478616459,52.3391696075573,12.966,4.649
10072,6.55392308392089,52.339176673364,12.903,4.626
10073,6.55393138167719,52.3391837391707,12.391,4.443
10074,6.55393967943349,52.3391908049774,11.983,4.296
10075,6.55394797718979,52.3391978707841,12.749,4.571
10076,6.55395627494609,52.3392049365908,13.835,4.961
10077,6.55396459898089,52.3392119712063,12.748,4.571
10078,6.55397292544176,52.3392190029423,12.127,4.348
10079,6.55398125190263,52.3392260346782,12.499,4.482
10080,6.5539895783635,52.3392330664142,11.922,4.275
10081,6.55399790482437,52.3392400981501,12.604,4.519
10082,6.55400623128524,52.3392471298861,12.996,4.66
10083,6.5540145577461,52.3392541616221,12.188,4.37
10084,6.55402288711258,52.3392611899092,10.681,3.83
10085,6.55403121666515,52.3392682179755,12.759,4.575
10086,6.55403954621772,52.3392752460418,12.302,4.411
10087,6.55404787577029,52.339282274108,12.157,4.359
10088,6.55405620532286,52.3392893021743,12.152,4.357
10089,6.55406453487543,52.3392963302406,12.835,4.602
10090,6.55407286498079,52.3393033576507,12.361,4.432
10091,6.55408119622098,52.3393103837139,13.148,4.714
10092,6.55408952746118,52.339317409777,13.162,4.719
10093,6.55409785870138,52.3393244358402,12.443,4.462
10094,6.55410618994158,52.3393314619033,12.297,4.409
10095,6.55411452118177,52.3393384879665,12.679,4.546
10096,6.55412285242197,52.3393455140296,12.519,4.489
10097,6.55413118366217,52.3393525400928,11.575,4.15
10098,6.55413951490237,52.3393595661559,13.732,4.924
10099,6.55414784614256,52.3393665922191,13.027,4.671
10100,6.55415617738276,52.3393736182822,12.335,4.423
10101,6.55416450862296,52.3393806443454,11.481,4.117
10102,6.55417283986316,52.3393876704085,12.502,4.483
10103,6.55418117110335,52.3393946964717,12.263,4.397
10104,6.55418950234355,52.3394017225349,12.574,4.509
10105,6.55419783358375,52.339408748598,11.338,4.065
10106,6.55420616482394,52.3394157746612,12.333,4.422
10107,6.55421449606414,52.3394228007243,12.37,4.435
10108,6.55422282730434,52.3394298267875,12.499,4.482
10109,6.55423115843636,52.339436852979,12.474,4.473
10110,6.55423948937551,52.3394438793995,12.645,4.534
10111,6.55424782031467,52.33945090582,13.509,4.844
10112,6.55425615125383,52.3394579322404,12.312,4.415
10113,6.55426448219298,52.3394649586609,12.08,4.331
10114,6.55427281313214,52.3394719850814,11.601,4.16
10115,6.5542811440713,52.3394790115018,12.317,4.416
10116,6.55428947501046,52.3394860379223,11.794,4.229
10117,6.55429780594961,52.3394930643428,13.184,4.727
10118,6.55430613688877,52.3395000907632,12.564,4.505
10119,6.55431446782793,52.3395071171837,13.174,4.724
10120,6.55432279876709,52.3395141436042,13.484,4.835
10121,6.55433112995558,52.3395211697287,12.115,4.344
10122,6.55433946170397,52.3395281951887,12.42,4.453
10123,6.55434779345235,52.3395352206486,13.409,4.808
10124,6.55435612520074,52.3395422461086,12.738,4.567
10125,6.55436445694912,52.3395492715686,12.935,4.638
10126,6.5543727886975,52.3395562970285,13.237,4.746
10127,6.55438112044589,52.3395633224885,13.158,4.718
10128,6.55438945219427,52.3395703479484,12.873,4.616
10129,6.55439778394266,52.3395773734084,13.455,4.824
10130,6.55440611569104,52.3395843988684,12.595,4.516
10131,6.55441444743943,52.3395914243283,12.942,4.64
10132,6.55442277918781,52.3395984497883,12.534,4.494
10133,6.55443111093619,52.3396054752483,13.24,4.747
10134,6.55443944268458,52.3396125007082,12.23,4.385
10135,6.55444777443296,52.3396195261682,11.654,4.179
10136,6.55445610618135,52.3396265516281,13.031,4.672
10137,6.55446443792973,52.3396335770881,12.048,4.32
10138,6.55447276967811,52.3396406025481,11.991,4.3
10139,6.5544811014265,52.339647628008,13.396,4.803
10140,6.55448943317488,52.339654653468,13.222,4.741
10141,6.55449776492327,52.339661678928,12.455,4.466
10142,6.55450609667165,52.3396687043879,10.868,3.897
10143,6.55451442842003,52.3396757298479,12.975,4.652
10144,6.55452276016842,52.3396827553078,13.054,4.681
10145,6.5545310919168,52.3396897807678,12.971,4.651
10146,6.55453942366519,52.3396968062278,12.947,4.642
10147,6.55454775541357,52.3397038316877,12.566,4.506
10148,6.55455608716195,52.3397108571477,12.435,4.459
10149,6.55456441891034,52.3397178826077,12.029,4.313
10150,6.55457275065872,52.3397249080676,12.273,4.4
10151,6.55458108240711,52.3397319335276,12.875,4.617
10152,6.55458941415549,52.3397389589875,12.888,4.621
10153,6.55459774590387,52.3397459844475,13.158,4.718
10154,6.55460607765226,52.3397530099075,11.87,4.256
10155,6.55461440940064,52.3397600353674,11.725,4.204
10156,6.55462274114903,52.3397670608274,12.482,4.475
10157,6.55463107289741,52.3397740862874,12.11,4.342
10158,6.55463940464579,52.3397811117473,12.823,4.598
10159,6.55464773639418,52.3397881372073,11.948,4.284
10160,6.55465606814256,52.3397951626673,13.417,4.811
10161,6.55466439989095,52.3398021881272,12.244,4.39
10162,6.55467273163933,52.3398092135872,13.669,4.901
10163,6.55468106338772,52.3398162390471,13.045,4.678
10164,6.5546893951361,52.3398232645071,12.121,4.346
10165,6.55469772688448,52.3398302899671,13.979,5.012
10166,6.55470605863287,52.339837315427,12.909,4.629
10167,6.55471439038125,52.339844340887,12.856,4.61
10168,6.55472272212964,52.3398513663469,12.725,4.563
10169,6.55473105387802,52.3398583918069,13.044,4.677
10170,6.5547393856264,52.3398654172669,13.084,4.691
10171,6.55474771737479,52.3398724427268,12.272,4.4
10172,6.55475604912317,52.3398794681868,12.662,4.54
10173,6.55476438087156,52.3398864936468,12.862,4.612
10174,6.55477271261994,52.3398935191067,13.143,4.712
10175,6.55478104888776,52.3399005392024,13.159,4.718
10176,6.55478938675396,52.3399075574008,12.91,4.629
10177,6.55479772462017,52.3399145755993,12.496,4.481
10178,6.55480606248637,52.3399215937977,12.473,4.472
10179,6.55481440035257,52.3399286119962,12.133,4.35
10180,6.55482273821878,52.3399356301946,13.189,4.729
10181,6.55483107608498,52.3399426483931,12.486,4.477
10182,6.55483941395118,52.3399496665915,12.743,4.569
10183,6.55484775181739,52.33995668479,13.003,4.662
10184,6.55485608968359,52.3399637029884,12.873,4.616
10185,6.55486442754979,52.3399707211869,12.875,4.616
10186,6.554872765416,52.3399777393853,12.354,4.43
10187,6.5548811032822,52.3399847575838,13.052,4.68
10188,6.55488944114841,52.3399917757822,12.718,4.56
10189,6.55489777901461,52.3399987939807,12.859,4.611
10190,6.55490611688081,52.3400058121791,13.6,4.876
10191,6.55491445474702,52.3400128303776,13.224,4.742
10192,6.55492279261322,52.340019848576,12.6,4.518
10193,6.55493113047942,52.3400268667745,12.856,4.61
10194,6.55493946834563,52.3400338849729,13.893,4.982
10195,6.55494780621183,52.3400409031713,12.781,4.583
10196,6.55495614407803,52.3400479213698,12.994,4.659
10197,6.55496448194424,52.3400549395682,13.37,4.794
10198,6.55497281981044,52.3400619577667,13.115,4.702
10199,6.55498115767664,52.3400689759651,12.778,4.582
10200,6.55498949554285,52.3400759941636,12.57,4.507
10201,6.55499783340905,52.340083012362,13.01,4.665
10202,6.55500617127525,52.3400900305605,13.412,4.809
10203,6.55501450914146,52.3400970487589,13.812,4.952
10204,6.55502284700766,52.3401040669574,12.183,4.368
10205,6.55503118487387,52.3401110851558,14.091,5.052
10206,6.55503952274007,52.3401181033543,12.894,4.623
10207,6.55504786060627,52.3401251215527,13.617,4.883
10208,6.55505619847248,52.3401321397512,12.649,4.536
10209,6.55506453633868,52.3401391579496,12.146,4.355
10210,6.55507287420488,52.3401461761481,12.331,4.421
10211,6.55508121207109,52.3401531943465,12.918,4.632
10212,6.55508954993729,52.340160212545,13.431,4.816
10213,6.55509788780349,52.3401672307434,13.151,4.715
10214,6.5551062256697,52.3401742489419,12.996,4.66
10215,6.5551145635359,52.3401812671403,13.81,4.952
10216,6.5551229014021,52.3401882853388,13.164,4.72
10217,6.55513123926831,52.3401953035372,13.338,4.782
10218,6.55513957713451,52.3402023217357,15.013,5.383
10219,6.55514791500072,52.3402093399341,13.189,4.729
10220,6.55515625286692,52.3402163581326,12.794,4.588
10221,6.55516459073312,52.340223376331,13.497,4.839
10222,6.55517292859933,52.3402303945295,13.656,4.896
10223,6.55518126646553,52.3402374127279,13.411,4.809
10224,6.55518960433173,52.3402444309264,13.337,4.782
10225,6.55519794219794,52.3402514491248,14.127,5.065
10226,6.55520628006414,52.3402584673233,14.063,5.043
10227,6.55521461793034,52.3402654855217,13.207,4.735
10228,6.55522295579655,52.3402725037202,12.907,4.628
10229,6.55523129366275,52.3402795219186,13.548,4.858
10230,6.55523963152895,52.3402865401171,12.924,4.634
10231,6.55524796939516,52.3402935583155,13.837,4.961
10232,6.55525630726136,52.340300576514,13.576,4.868
10233,6.55526464512756,52.3403075947124,14.907,5.345
10234,6.55527297854622,52.3403146181898,14.214,5.096
10235,6.55528131092636,52.3403216429,12.723,4.562
10236,6.5552896433065,52.3403286676101,13.063,4.684
10237,6.55529797568663,52.3403356923202,12.252,4.393
10238,6.55530630806677,52.3403427170303,12.131,4.35
10239,6.55531464044691,52.3403497417404,13.465,4.828
10240,6.55532297282704,52.3403567664505,12.707,4.556
10241,6.55533130520718,52.3403637911606,14.384,5.157
10242,6.55533963758732,52.3403708158707,14.11,5.059
10243,6.55534796996745,52.3403778405808,13.279,4.761
10244,6.55535630234759,52.3403848652909,13.256,4.753
10245,6.55536463472773,52.340391890001,14.332,5.139
10246,6.55537296710786,52.3403989147111,14.477,5.191
10247,6.555381299488,52.3404059394212,12.93,4.636
10248,6.55538963186814,52.3404129641313,12.865,4.613
10249,6.55539796424827,52.3404199888415,13.321,4.777
10250,6.55540629662841,52.3404270135516,13.762,4.934
10251,6.55541462900855,52.3404340382617,13.216,4.739
10252,6.55542296138868,52.3404410629718,13.794,4.946
10253,6.55543129376882,52.3404480876819,14.685,5.265
10254,6.55543962614896,52.340455112392,12.721,4.561
10255,6.55544795852909,52.3404621371021,13.295,4.767
10256,6.55545629090923,52.3404691618122,12.751,4.572
10257,6.55546462328937,52.3404761865223,13.085,4.692
10258,6.5554729556695,52.3404832112324,13.413,4.809
10259,6.55548128804964,52.3404902359425,13.169,4.722
10260,6.55548962042978,52.3404972606526,13.912,4.988
10261,6.55549795280991,52.3405042853627,13.704,4.914
10262,6.55550628519005,52.3405113100728,13.801,4.948
10263,6.55551461757019,52.3405183347829,13.454,4.824
10264,6.55552294995032,52.3405253594931,13.518,4.847
10265,6.55553128233046,52.3405323842032,13.448,4.822
10266,6.5555396147106,52.3405394089133,13.517,4.847
10267,6.55554794709073,52.3405464336234,13.919,4.991
10268,6.55555627947087,52.3405534583335,12.551,4.5
10269,6.55556461185101,52.3405604830436,13.861,4.97
10270,6.55557294423115,52.3405675077537,13.19,4.73
10271,6.55558127661128,52.3405745324638,13.512,4.845
10272,6.55558960899142,52.3405815571739,12.802,4.59
10273,6.55559794137156,52.340588581884,13.519,4.847
10274,6.55560627375169,52.3405956065941,13.903,4.985
10275,6.55561460613183,52.3406026313042,14.017,5.026
10276,6.55562293851197,52.3406096560143,13.06,4.683
10277,6.5556312708921,52.3406166807245,14.008,5.023
10278,6.55563960327224,52.3406237054346,14.447,5.18
10279,6.55564793565238,52.3406307301447,13.496,4.839
10280,6.55565626803251,52.3406377548548,13.796,4.947
10281,6.55566460041265,52.3406447795649,12.589,4.514
10282,6.55567293279279,52.340651804275,13.287,4.764
10283,6.55568126517292,52.3406588289851,13.983,5.014
10284,6.55568959755306,52.3406658536952,14.396,5.162
10285,6.5556979299332,52.3406728784053,13.491,4.837
10286,6.55570626231333,52.3406799031154,15.422,5.53
10287,6.55571459469347,52.3406869278255,14.047,5.037
10288,6.55572292707361,52.3406939525356,13.123,4.705
10289,6.55573125945374,52.3407009772457,14.638,5.249
10290,6.55573959183388,52.3407080019558,13.154,4.716
10291,6.55574792421402,52.3407150266659,14.093,5.053
10292,6.55575625659415,52.3407220513761,13.363,4.791
10293,6.55576458897429,52.3407290760862,13.121,4.705
10294,6.55577292135443,52.3407361007963,14.494,5.197
10295,6.55578125373456,52.3407431255064,13.785,4.943
10296,6.5557895861147,52.3407501502165,14.963,5.365
10297,6.55579791849484,52.3407571749266,13.359,4.79
10298,6.55580625087497,52.3407641996367,13.05,4.679
10299,6.55581458323393,52.3407712243719,13.694,4.91
10300,6.55582291493551,52.3407782498875,15.686,5.624
10301,6.5558312466371,52.340785275403,14.486,5.194
10302,6.55583957833869,52.3407923009185,14.331,5.138
10303,6.55584791004027,52.340799326434,14.36,5.149
10304,6.55585624174186,52.3408063519495,13.739,4.926
10305,6.55586457344344,52.340813377465,15.639,5.608
10306,6.55587290514503,52.3408204029805,14.313,5.132
10307,6.55588123684662,52.340827428496,14.268,5.116
10308,6.5558895685482,52.3408344540115,14.642,5.25
10309,6.55589790024979,52.340841479527,13.324,4.777
10310,6.55590623195137,52.3408485050426,13.565,4.864
10311,6.55591456365296,52.3408555305581,13.948,5.001
10312,6.55592289535455,52.3408625560736,14.685,5.265
10313,6.55593122874677,52.3408695795824,13.348,4.786
10314,6.55593956338687,52.34087660161,14.081,5.049
10315,6.55594789802696,52.3408836236377,14.008,5.023
10316,6.55595623266706,52.3408906456654,13.214,4.738
10317,6.55596456730715,52.340897667693,13.85,4.966
10318,6.55597290194724,52.3409046897207,14.478,5.191
10319,6.55598123658734,52.3409117117484,13.296,4.768
10320,6.55598957122743,52.340918733776,15.008,5.381
10321,6.55599790586752,52.3409257558037,14.463,5.186
10322,6.55600624050762,52.3409327778313,14.401,5.164
10323,6.55601457514771,52.340939799859,14.212,5.096
10324,6.5560229097878,52.3409468218867,13.574,4.867
10325,6.5560312444279,52.3409538439143,13.843,4.964
10326,6.55603957906799,52.340960865942,14.448,5.18
10327,6.55604791370808,52.3409678879697,13.861,4.97
10328,6.55605624834818,52.3409749099973,14.364,5.15
10329,6.55606458298827,52.340981932025,13.734,4.924
10330,6.55607291762836,52.3409889540527,14.537,5.212
10331,6.55608125109355,52.3409959774749,14.59,5.232
10332,6.55608958416291,52.3410030013669,13.333,4.781
10333,6.55609791723227,52.3410100252589,14.339,5.141
10334,6.55610625030163,52.341017049151,13.413,4.809
10335,6.556114583371,52.341024073043,13.223,4.741
10336,6.55612291644036,52.341031096935,13.977,5.011
10337,6.55613124950972,52.3410381208271,15.98,5.73
10338,6.55613958257908,52.3410451447191,14.799,5.306
10339,6.55614791564844,52.3410521686112,15.171,5.44
10340,6.55615624871781,52.3410591925032,14.718,5.277
10341,6.55616458178717,52.3410662163952,14.49,5.195
10342,6.55617291485653,52.3410732402873,14.904,5.344
10343,6.55618124792589,52.3410802641793,14.01,5.023
10344,6.55618958099526,52.3410872880713,14.671,5.26
10345,6.55619791406462,52.3410943119634,15.094,5.412
10346,6.55620624713398,52.3411013358554,14.822,5.314
10347,6.55621458020334,52.3411083597474,15.149,5.432
10348,6.5562229132727,52.3411153836395,14.533,5.211
10349,6.55623124552949,52.341122408496,15.429,5.532
10350,6.55623957754806,52.3411294336352,14.319,5.134
10351,6.55624790956663,52.3411364587745,15.695,5.627
10352,6.5562562415852,52.3411434839138,14.794,5.304
10353,6.55626457360377,52.3411505090531,14.238,5.105
10354,6.55627290562234,52.3411575341923,13.778,4.94
10355,6.55628123764091,52.3411645593316,14.003,5.021
10356,6.55628956965948,52.3411715844709,13.921,4.992
10357,6.55629790167804,52.3411786096101,14.44,5.178
10358,6.55630623369661,52.3411856347494,13.75,4.93
10359,6.55631456571518,52.3411926598887,15.266,5.474
10360,6.55632289773375,52.3411996850279,14.577,5.227
10361,6.55633122975232,52.3412067101672,14.56,5.221
10362,6.55633956177089,52.3412137353065,13.839,4.962
10363,6.55634789378946,52.3412207604457,14.079,5.048
10364,6.55635622580803,52.341227785585,13.231,4.744
10365,6.5563645578266,52.3412348107243,15.494,5.556
10366,6.55637288984516,52.3412418358635,13.715,4.918
10367,6.55638122186373,52.3412488610028,13.765,4.936
10368,6.5563895538823,52.3412558861421,15.391,5.519
10369,6.55639788590087,52.3412629112813,14.793,5.304
10370,6.55640621791944,52.3412699364206,14.641,5.25
10371,6.55641454993801,52.3412769615599,14.776,5.298
10372,6.55642288195658,52.3412839866991,15.141,5.429
10373,6.55643121397515,52.3412910118384,14.644,5.251
10374,6.55643954599372,52.3412980369777,13.682,4.906
10375,6.55644787801228,52.341305062117,15.026,5.388
10376,6.55645621003085,52.3413120872562,14.847,5.324
10377,6.55646454316628,52.3413191110698,15.292,5.483
10378,6.55647288065504,52.3413261297163,13.873,4.974
10379,6.5564812181438,52.3413331483627,14.182,5.085
10380,6.55648955563257,52.3413401670092,14.846,5.323
10381,6.55649789312133,52.3413471856556,14.063,5.043
10382,6.55650623061009,52.3413542043021,13.239,4.747
10383,6.55651456809886,52.3413612229485,14.742,5.286
10384,6.55652290558762,52.341368241595,15.155,5.434
10385,6.55653124307638,52.3413752602414,14.556,5.219
10386,6.55653958056515,52.3413822788879,14.958,5.363
10387,6.55654791805391,52.3413892975343,14.875,5.334
10388,6.55655625554267,52.3413963161808,14.647,5.252
10389,6.55656459303143,52.3414033348272,14.723,5.279
10390,6.55657283982661,52.341410461122,15.439,5.536
10391,6.55658105604248,52.3414176237126,14.081,5.049
10392,6.55658927225835,52.3414247863033,15.105,5.416
10393,6.55659748847422,52.341431948894,13.958,5.005
10394,6.55660583104481,52.3414389615086,14.187,5.087
10395,6.55661417365782,52.3414459740728,15.36,5.507
10396,6.55662251627083,52.3414529866371,13.947,5.001
10397,6.55663085888384,52.3414599992014,14.518,5.205
10398,6.55663920149685,52.3414670117656,16.05,5.755
10399,6.55664754410986,52.3414740243299,15.266,5.474
10400,6.55665588672287,52.3414810368941,14.23,5.102
10401,6.55666422933588,52.3414880494584,14.332,5.139
10402,6.55667257194889,52.3414950620226,14.566,5.223
10403,6.5566809145619,52.3415020745869,15.438,5.536
10404,6.55668925717491,52.3415090871511,14.079,5.048
10405,6.55669759978792,52.3415160997154,14.044,5.035
10406,6.55670594240093,52.3415231122796,15.088,5.41
10407,6.55671428501394,52.3415301248439,13.681,4.905
10408,6.55672262762694,52.3415371374081,14.134,5.068
10409,6.55673097023995,52.3415441499724,14.62,5.242
10410,6.55673931285296,52.3415511625366,14.65,5.253
10411,6.55674765546597,52.3415581751009,13.868,4.972
10412,6.55675599807898,52.3415651876651,14.878,5.335
10413,6.55676434069199,52.3415722002294,14.996,5.377
10414,6.556772683305,52.3415792127936,14.28,5.12
10415,6.55678102591801,52.3415862253579,15.646,5.61
10416,6.55678936853102,52.3415932379221,14.869,5.331
10417,6.55679771114403,52.3416002504864,14.078,5.048
10418,6.55680605375704,52.3416072630507,15.622,5.601
10419,6.55681439637005,52.3416142756149,14.36,5.149
10420,6.55682273898306,52.3416212881792,14.772,5.297
10421,6.55683108159607,52.3416283007434,14.38,5.156
10422,6.55683942420908,52.3416353133077,15.033,5.39
10423,6.55684776682209,52.3416423258719,14.381,5.157
10424,6.5568561094351,52.3416493384362,14.416,5.169
10425,6.55686445204811,52.3416563510004,14.569,5.224
10426,6.55687279466111,52.3416633635647,14.366,5.151
10427,6.55688113727412,52.3416703761289,15.291,5.483
10428,6.55688947988713,52.3416773886932,13.92,4.991
10429,6.55689782250014,52.3416844012574,14.636,5.248
10430,6.55690938175349,52.3416875958473,14.709,5.274
10431,6.55692345205497,52.3416878099617,14.582,5.229
10432,6.55694548273838,52.3416785755424,15.224,5.459
10433,6.5569675134218,52.3416693411231,13.768,4.937
10434,6.55698954410521,52.3416601067038,14.985,5.373
10435,6.55701157478862,52.3416508722846,13.918,4.99
10436,6.55703360547204,52.3416416378653,14.349,5.145
10437,6.5570512446978,52.3416376158637,13.854,4.967
10438,6.55706185340824,52.3416419386955,14.45,5.181
10439,6.55707107451796,52.3416479085327,14.303,5.129
10440,6.55708029562768,52.3416538783698,15.605,5.595
10441,6.5570895167374,52.341659848207,14.782,5.3
10442,6.55709873784712,52.3416658180442,14.897,5.341
10443,6.55710783013082,52.3416721038141,13.985,5.015
10444,6.5571165596136,52.3416792793164,15.07,5.404
10445,6.55712528909638,52.3416864548187,15.597,5.592
10446,6.55713401857916,52.341693630321,15.143,5.43
10447,6.55714274806194,52.3417008058233,13.858,4.969
10448,6.55715147754472,52.3417079813255,14.355,5.147
10449,6.5571602070275,52.3417151568278,14.69,5.267
10450,6.55716893651028,52.3417223323301,14.285,5.122
10451,6.55717766599306,52.3417295078324,16.112,5.777
10452,6.55718639547584,52.3417366833347,14.337,5.141
10453,6.55719512495862,52.341743858837,14.593,5.232
10454,6.55720385444141,52.3417510343393,14.264,5.114
10455,6.55721258392419,52.3417582098416,14.751,5.289
10456,6.55722131340697,52.3417653853439,15.426,5.531
10457,6.55723004288975,52.3417725608462,14.679,5.263
10458,6.55723877237253,52.3417797363485,14.48,5.192
10459,6.55724750185531,52.3417869118508,13.976,5.011
10460,6.55725623133809,52.341794087353,15.317,5.492
10461,6.55726496082087,52.3418012628553,14.519,5.206
10462,6.55727369030365,52.3418084383576,14.492,5.196
10463,6.55728241978643,52.3418156138599,13.225,4.742
10464,6.55729114926921,52.3418227893622,14.524,5.208
10465,6.55729987875199,52.3418299648645,14.361,5.149
10466,6.55730860823477,52.3418371403668,13.521,4.848
10467,6.55731733771755,52.3418443158691,15.175,5.441
10468,6.55732606720033,52.3418514913714,14.277,5.119
10469,6.55733479668311,52.3418586668737,15.704,5.631
10470,6.55734352616589,52.341865842376,15.42,5.529
10471,6.55735225564867,52.3418730178783,14.163,5.078
10472,6.55736098513145,52.3418801933806,15.39,5.518
10473,6.55736971461423,52.3418873688828,15.53,5.568
10474,6.55737844409701,52.3418945443851,14.252,5.11
10475,6.55738717357979,52.3419017198874,13.972,5.01
10476,6.55739590306257,52.3419088953897,13.31,4.773
10477,6.55740463254535,52.341916070892,14.8,5.307
10478,6.55741336202813,52.3419232463943,14.002,5.021
10479,6.55742209151091,52.3419304218966,14.815,5.312
10480,6.55743082099369,52.3419375973989,14.238,5.105
10481,6.55743955047647,52.3419447729012,14.111,5.06
10482,6.5573533314127,52.3420689070336,14.238,5.105
10483,6.5573620525169,52.3420764234134,13.803,4.949
10484,6.5573707736211,52.3420839397933,14.235,5.104
10485,6.5573794947253,52.3420914561732,14.131,5.067
10486,6.55741025137745,52.3420718839644,14.554,5.219
10487,6.55744105429535,52.3420522548805,14.623,5.243
10488,6.55748477061823,52.3420167511781,13.93,4.995
10489,6.55748623006482,52.3420331944091,15.206,5.452
10490,6.55745234067114,52.3420930924341,14.463,5.186
10491,6.55743160729551,52.3421368175931,15.439,5.536
10492,6.55744024730447,52.3421444336644,14.696,5.269
10493,6.55744888731342,52.3421520497358,14.594,5.233
10494,6.55745765665046,52.3421595068224,14.263,5.114
10495,6.55746649374221,52.3421668806172,14.912,5.347
10496,6.55747533083397,52.3421742544121,14.569,5.224
10497,6.55748416792572,52.3421816282069,15.053,5.397
10498,6.55749300501747,52.3421890020018,15.49,5.554
10499,6.55750184210923,52.3421963757967,14.118,5.062
10500,6.55751067920098,52.3422037495915,14.905,5.344
10501,6.55751951629273,52.3422111233864,14.887,5.338
10502,6.55752835338449,52.3422184971812,14.811,5.31
10503,6.55753719047624,52.3422258709761,14.285,5.122
10504,6.55754602756799,52.3422332447709,14.296,5.126
10505,6.55755486465975,52.3422406185658,14.194,5.089
10506,6.5575637017515,52.3422479923607,14.181,5.085
10507,6.55757253884325,52.3422553661555,14.041,5.034
10508,6.55758137593501,52.3422627399504,14.472,5.189
10509,6.55759021302676,52.3422701137452,14.087,5.051
10510,6.55759905011851,52.3422774875401,14.787,5.302
10511,6.55760788721027,52.3422848613349,14.563,5.222
10512,6.55761672430202,52.3422922351298,14.628,5.245
10513,6.55762556139377,52.3422996089246,14.366,5.151
10514,6.55763439848553,52.3423069827195,14.566,5.223
10515,6.55764323557728,52.3423143565144,14.378,5.156
10516,6.55765207266903,52.3423217303092,14.981,5.372
10517,6.55766090976079,52.3423291041041,14.261,5.113
10518,6.55766974685254,52.3423364778989,14.74,5.285
10519,6.55767858394429,52.3423438516938,13.75,4.93
10520,6.55768742103605,52.3423512254886,14.935,5.355
10521,6.5576962581278,52.3423585992835,14.186,5.086
10522,6.55770509521955,52.3423659730784,13.976,5.011
10523,6.55771393231131,52.3423733468732,13.841,4.963
10524,6.55772276940306,52.3423807206681,13.793,4.946
10525,6.55773158741994,52.3423881179119,14.224,5.1
10526,6.55774036875949,52.3423955602437,15.387,5.517
10527,6.55774915009905,52.3424030025755,14.125,5.065
10528,6.5577579314386,52.3424104449072,13.202,4.734
10529,6.55776671277815,52.342417887239,14.714,5.276
10530,6.55777549411771,52.3424253295708,13.842,4.963
10531,6.55778427545726,52.3424327719025,14.974,5.369
10532,6.55779305679681,52.3424402142343,14.245,5.108
10533,6.55780183813637,52.3424476565661,14.329,5.138
10534,6.55781061947592,52.3424550988978,15.192,5.447
10535,6.55781940081547,52.3424625412296,14.848,5.324
10536,6.55782818215503,52.3424699835614,13.749,4.93
10537,6.55783696349458,52.3424774258931,13.833,4.96
10538,6.55784574483414,52.3424848682249,13.427,4.814
10539,6.55785452617369,52.3424923105567,16.004,5.738
10540,6.55786330751324,52.3424997528885,13.963,5.006
10541,6.5578720888528,52.3425071952202,15.155,5.434
10542,6.55788087019235,52.342514637552,14.15,5.074
10543,6.5578896515319,52.3425220798838,13.825,4.957
10544,6.55789843287145,52.3425295222155,14.469,5.188
10545,6.55790721421101,52.3425369645473,14.26,5.113
10546,6.55791599555056,52.3425444068791,14.92,5.35
10547,6.55792477689011,52.3425518492108,14.923,5.351
10548,6.55793355822967,52.3425592915426,14.093,5.053
10549,6.55794233956922,52.3425667338744,13.589,4.872
10550,6.55795112090878,52.3425741762061,13.727,4.922
10551,6.55795990224833,52.3425816185379,13.084,4.691
10552,6.55796868358788,52.3425890608697,14.26,5.113
10553,6.55797746492744,52.3425965032014,14.41,5.167
10554,6.55798612638226,52.3426040929091,13.739,4.926
10555,6.55799474252755,52.3426117383163,13.663,4.899
10556,6.55800335867284,52.3426193837236,14.391,5.16
10557,6.55801197481813,52.3426270291308,14.023,5.028
10558,6.55802059096341,52.3426346745381,14.264,5.114
10559,6.55802935681667,52.3426421359074,14.167,5.08
10560,6.55803815081946,52.342649562672,14.523,5.207
10561,6.55804694482226,52.3426569894367,14.038,5.033
10562,6.55805573882505,52.3426644162014,14.077,5.047
10563,6.55806453282785,52.3426718429661,13.251,4.751
10564,6.55807332683065,52.3426792697308,14.321,5.135
10565,6.55808212083344,52.3426866964954,14.395,5.162
10566,6.55809091483624,52.3426941232601,14.231,5.103
10567,6.55809970883903,52.3427015500248,15.453,5.541
10568,6.55810850284183,52.3427089767895,14.416,5.169
10569,6.55811729684463,52.3427164035541,14.221,5.099
10570,6.55812609084742,52.3427238303188,14.598,5.234
10571,6.55813488485022,52.3427312570835,15.539,5.572
10572,6.55814367885301,52.3427386838482,14.437,5.176
10573,6.55815247285581,52.3427461106129,12.972,4.651
10574,6.5581612668586,52.3427535373775,14.524,5.208
10575,6.5581700608614,52.3427609641422,13.744,4.928
10576,6.5581788548642,52.3427683909069,13.121,4.705
10577,6.55818764886699,52.3427758176716,15.241,5.465
10578,6.55819644286979,52.3427832444363,15.104,5.416
10579,6.55820523687258,52.3427906712009,13.691,4.909
10580,6.55821403087538,52.3427980979656,13.685,4.907
10581,6.55822282487817,52.3428055247303,14.297,5.126
10582,6.55823161888097,52.342812951495,13.672,4.902
10583,6.55824041288377,52.3428203782596,14.102,5.057
10584,6.55824920688656,52.3428278050243,13.752,4.931
10585,6.55825800088936,52.342835231789,13.925,4.993
10586,6.55826679489215,52.3428426585537,13.323,4.777
10587,6.55827558889495,52.3428500853184,14.624,5.243
10588,6.55828438289774,52.342857512083,14.834,5.319
10589,6.55829317690054,52.3428649388477,14.055,5.04
10590,6.55830197090334,52.3428723656124,14.081,5.049
10591,6.55831076490613,52.3428797923771,14.46,5.185
10592,6.55831955890893,52.3428872191418,14.079,5.048
10593,6.55832826493254,52.3428947540604,15.083,5.408
10594,6.55833684923531,52.3429024386121,13.279,4.761
10595,6.55834543353807,52.3429101231638,14.547,5.216
10596,6.55835401784084,52.3429178077154,13.961,5.006
10597,6.5583626021436,52.3429254922671,13.355,4.789
10598,6.55837118644636,52.3429331768188,15.323,5.494
10599,6.55837977074913,52.3429408613705,15.391,5.519
10600,6.55838835505189,52.3429485459222,13.853,4.967
10601,6.55839693935466,52.3429562304739,14.223,5.1
10602,6.55840552365742,52.3429639150255,13.671,4.902
10603,6.55841453200246,52.3429710782965,13.752,4.931
10604,6.55842364044849,52.342978118512,13.254,4.752
10605,6.55843274889452,52.3429851587274,13.154,4.716
10606,6.55844185734055,52.3429921989429,14.977,5.37
10607,6.55845096578658,52.3429992391584,13.855,4.968
10608,6.55846007423262,52.3430062793739,13.894,4.982
10609,6.55846918267865,52.3430133195893,13.373,4.795
10610,6.55847829112468,52.3430203598048,13.947,5.001
10611,6.55848739957071,52.3430274000203,12.936,4.638
10612,6.55849650801674,52.3430344402358,13.351,4.787
10613,6.55850561646278,52.3430414804512,13.086,4.692
10614,6.55851472490881,52.3430485206667,14.537,5.212
10615,6.55852383335484,52.3430555608822,12.79,4.586
10616,6.55853294180087,52.3430626010977,13.054,4.681
10617,6.55854205024691,52.3430696413131,12.528,4.492
10618,6.55855115869294,52.3430766815286,13.194,4.731
10619,6.55856026713897,52.3430837217441,13.432,4.816
10620,6.558569375585,52.3430907619596,14.263,5.114
10621,6.55857848403103,52.343097802175,13.542,4.856
10622,6.55858760290389,52.3431048295727,13.416,4.81
10623,6.55859672607683,52.3431118516842,13.819,4.955
10624,6.55860582655184,52.3431189016985,13.367,4.793
10625,6.55861417040596,52.3431268818369,15.03,5.389
10626,6.55862251426008,52.3431348619753,13.25,4.751
10627,6.55863085811421,52.3431428421136,13.826,4.957
10628,6.55863920196833,52.343150822252,14.053,5.039
10629,6.5586475737409,52.3431587680698,13.188,4.729
10630,6.55865605085463,52.3431665843904,13.634,4.889
10631,6.55866452796837,52.343174400711,13.228,4.743
10632,6.5586730050821,52.3431822170315,13.668,4.901
10633,6.55868148219583,52.3431900333521,13.551,4.859
10634,6.55868995930957,52.3431978496727,13.395,4.803
10635,6.55869858695958,52.343205480937,12.783,4.583
10636,6.55870738031405,52.3432129084987,14.544,5.215
10637,6.55871617366852,52.3432203360603,13.778,4.94
10638,6.55872496702299,52.343227763622,12.484,4.476
10639,6.55873376037745,52.3432351911837,13.156,4.717
10640,6.55874255373192,52.3432426187454,12.466,4.47
10641,6.55875134708638,52.3432500463071,13.822,4.956
10642,6.55876014044085,52.3432574738687,13.347,4.785
10643,6.55876893379532,52.3432649014304,13.347,4.786
10644,6.55877772714978,52.3432723289921,12.835,4.602
10645,6.55878652050425,52.3432797565538,13.13,4.708
10646,6.55879531385872,52.3432871841154,13.765,4.935
10647,6.55880410721318,52.3432946116771,13.908,4.987
10648,6.55881290056765,52.3433020392388,13.771,4.938
10649,6.55882169392212,52.3433094668005,12.346,4.427
10650,6.55883048727658,52.3433168943622,13.135,4.71
10651,6.55883928063105,52.3433243219238,13.38,4.797
10652,6.55884807398552,52.3433317494855,12.785,4.584
10653,6.55885686733998,52.3433391770472,12.227,4.384
10654,6.55886566069445,52.3433466046089,12.433,4.458
10655,6.55887445404892,52.3433540321705,14.058,5.04
10656,6.55888324740338,52.3433614597322,12.461,4.468
10657,6.55889204075785,52.3433688872939,13.176,4.724
10658,6.55890083411232,52.3433763148556,13.043,4.677
10659,6.55890962746678,52.3433837424173,13.031,4.672
10660,6.55891842082125,52.3433911699789,12.92,4.632
10661,6.55892721417572,52.3433985975406,13.559,4.862
10662,6.55893600753018,52.3434060251023,13.102,4.698
10663,6.55894480088465,52.343413452664,12.7,4.554
10664,6.55895359423911,52.3434208802257,13.085,4.692
10665,6.55896238759358,52.3434283077873,12.29,4.407
10666,6.55897118094805,52.343435735349,13.308,4.772
10667,6.55897997430252,52.3434431629107,12.615,4.523
10668,6.55898876765698,52.3434505904724,12.636,4.531
10669,6.55899756101145,52.343458018034,13.291,4.766
10670,6.55900635436591,52.3434654455957,12.737,4.567
10671,6.55901514772038,52.3434728731574,12.757,4.574
10672,6.55902394225503,52.3434802992683,13.637,4.89
10673,6.55903274659242,52.3434877133285,12.366,4.434
10674,6.5590415509298,52.3434951273887,13.218,4.74
10675,6.55905035526719,52.343502541449,13.471,4.83
10676,6.55905915960457,52.3435099555092,13.586,4.871
10677,6.55906796394196,52.3435173695694,14.167,5.08
10678,6.55907676827934,52.3435247836297,12.497,4.481
10679,6.55908557261673,52.3435321976899,12.351,4.429
10680,6.55909437695411,52.3435396117501,13.33,4.779
10681,6.5591031812915,52.3435470258104,13.389,4.801
10682,6.55911198562888,52.3435544398706,12.359,4.431
10683,6.55912078996626,52.3435618539308,13.096,4.696
10684,6.55912959430365,52.343569267991,14.4,5.163
10685,6.55913839864103,52.3435766820513,12.847,4.606
10686,6.55914722130881,52.3435840735777,13.316,4.774
10687,6.55915605234,52.3435914548229,13.687,4.908
10688,6.55916488337118,52.3435988360681,14.22,5.099
10689,6.55917371440236,52.3436062173133,12.879,4.618
10690,6.55918254543354,52.3436135985585,13.458,4.826
10691,6.55919137646472,52.3436209798037,12.245,4.391
10692,6.55920019837296,52.3436283722639,12.71,4.557
10693,6.55920896022665,52.3436358385498,12.42,4.453
10694,6.55921772208035,52.3436433048358,11.561,4.145
10695,6.55922648393404,52.3436507711218,11.714,4.2
10696,6.55923524578774,52.3436582374078,12.896,4.624
10697,6.55924400764143,52.3436657036938,12.895,4.624
10698,6.55925276949513,52.3436731699798,12.005,4.304
10699,6.55926153134882,52.3436806362658,13.52,4.848
10700,6.55927029320252,52.3436881025518,11.938,4.28
10701,6.55927902455682,52.3436956063311,12.728,4.564
10702,6.55928774332633,52.343703125581,12.319,4.417
10703,6.55929646209584,52.343710644831,12.613,4.522
10704,6.55930518086535,52.3437181640809,13.065,4.684
10705,6.55931389963485,52.3437256833309,12.968,4.65
10706,6.55932261840436,52.3437332025808,12.925,4.634
10707,6.55933133717387,52.3437407218308,12.836,4.602
10708,6.55934005594338,52.3437482410807,11.732,4.206
10709,6.55934877471289,52.3437557603306,13.133,4.709
10710,6.5593574934824,52.3437632795806,11.828,4.241
10711,6.55936621225191,52.3437707988305,12.375,4.437
10712,6.55937502097101,52.3437782075043,12.216,4.38
10713,6.55938385569952,52.3437855842043,12.614,4.523
10714,6.55939269042802,52.3437929609043,12.108,4.341
10715,6.55940152515653,52.3438003376043,12.285,4.405
10716,6.55941035988504,52.3438077143044,13.315,4.774
10717,6.55941919461355,52.3438150910044,11.586,4.154
10718,6.55942802934206,52.3438224677044,12.332,4.422
10719,6.55943686407057,52.3438298444044,11.662,4.182
10720,6.55944569879907,52.3438372211045,12.699,4.553
10721,6.55945453352758,52.3438445978045,11.859,4.252
10722,6.55946336825609,52.3438519745045,12.293,4.408
10723,6.5594722029846,52.3438593512045,11.476,4.115
10724,6.55948103771311,52.3438667279046,12.998,4.661
10725,6.55948987244162,52.3438741046046,12.265,4.398
10726,6.55949870717012,52.3438814813046,12.287,4.406
10727,6.55950754189863,52.3438888580046,12.677,4.546
10728,6.55951637662714,52.3438962347047,11.437,4.101
10729,6.55952521135565,52.3439036114047,11.795,4.229
10730,6.55953404608416,52.3439109881047,12.239,4.389
10731,6.55954288081267,52.3439183648047,11.086,3.975
10732,6.55955171554118,52.3439257415048,11.132,3.991
10733,6.55956055026968,52.3439331182048,11.605,4.161
10734,6.55956938499819,52.3439404949048,11.399,4.087
10735,6.5595782197267,52.3439478716048,11.85,4.249
10736,6.55958705445521,52.3439552483049,12.342,4.425
10737,6.55959588918372,52.3439626250049,12.458,4.467
10738,6.55960472391223,52.3439700017049,13.063,4.684
10739,6.55961355864073,52.3439773784049,11.968,4.291
10740,6.55962221839053,52.3439849702086,12.053,4.322
10741,6.55963070330901,52.3439927769347,11.929,4.277
10742,6.55963918822749,52.3440005836608,12.114,4.344
10743,6.55964767314597,52.3440083903869,12.141,4.353
10744,6.55965615806445,52.344016197113,12.43,4.457
10745,6.55966464298293,52.344024003839,12.409,4.449
10746,6.55967332981127,52.3440315623547,12.155,4.358
10747,6.55968212162572,52.3440389918095,12.719,4.56
10748,6.55969091344017,52.3440464212644,11.827,4.241
10749,6.55969970525462,52.3440538507192,11.432,4.099
10750,6.55970849706908,52.344061280174,11.509,4.127
10751,6.55971728888353,52.3440687096289,11.69,4.192
10752,6.55972608069798,52.3440761390837,11.095,3.978
10753,6.55973487251243,52.3440835685386,11.352,4.07
10754,6.55974366432689,52.3440909979934,11.022,3.952
10755,6.55975248609305,52.3440983906282,11.875,4.258
10756,6.55976148861281,52.3441055610602,11.86,4.253
10757,6.55977049113257,52.3441127314923,10.591,3.798
10758,6.55977949365233,52.3441199019243,11.226,4.025
10759,6.5597884961721,52.3441270723563,12.664,4.541
10760,6.55979749869186,52.3441342427884,11.94,4.281
10761,6.55980650121162,52.3441414132204,11.816,4.237
10762,6.55981550373138,52.3441485836524,11.137,3.993
10763,6.55982450625114,52.3441557540845,11.676,4.187
10764,6.5598335087709,52.3441629245165,11.477,4.115
10765,6.55984251129067,52.3441700949485,10.996,3.943
10766,6.55985151381043,52.3441772653805,11.153,3.999
10767,6.55986051633019,52.3441844358126,11.145,3.996
10768,6.55986951884995,52.3441916062446,10.525,3.774
10769,6.55987852136971,52.3441987766766,10.601,3.801
10770,6.55988752388947,52.3442059471087,11.24,4.03
10771,6.55989652640924,52.3442131175407,10.837,3.886
10772,6.559905528929,52.3442202879727,11.138,3.993
10773,6.55991453144876,52.3442274584048,10.348,3.711
10774,6.55992353396852,52.3442346288368,11.742,4.21
10775,6.5599326152038,52.3442417025028,12.473,4.472
10776,6.55994170963618,52.3442487599455,11.832,4.242
10777,6.55995080406857,52.3442558173881,11.87,4.256
10778,6.55995942327085,52.3442634590373,11.552,4.142
10779,6.55996778040006,52.3442714228565,11.318,4.058
10780,6.55997613752926,52.3442793866756,11.19,4.012
10781,6.55998449465846,52.3442873504947,10.58,3.793
10782,6.55999285178767,52.3442953143138,11.501,4.124
10783,6.56000120891687,52.344303278133,11.444,4.103
10784,6.56000952436596,52.34431129319,10.779,3.865
10785,6.56001795823037,52.3443191626775,11.338,4.066
10786,6.56002667561374,52.3443266836315,10.599,3.8
10787,6.5600353929971,52.3443342045854,10.614,3.806
10788,6.56004411038046,52.3443417255394,11.419,4.094
10789,6.56005282776383,52.3443492464933,11.194,4.014
10790,6.56006154514719,52.3443567674473,10.782,3.866
10791,6.56007026253055,52.3443642884013,10.692,3.834
10792,6.56007897991391,52.3443718093552,10.977,3.936
10793,6.56008769729728,52.3443793303092,9.773,3.504
10794,6.56009641468064,52.3443868512631,10.385,3.724
10795,6.560105132064,52.3443943722171,10.064,3.609
10796,6.56011384944737,52.344401893171,10.794,3.87
10797,6.56012256683073,52.344409414125,11.405,4.089
10798,6.56013128421409,52.3444169350789,11.023,3.953
10799,6.56014002739552,52.344424424319,10.42,3.736
10800,6.56014881016036,52.3444318648986,10.284,3.687
10801,6.56015759292519,52.3444393054783,10.234,3.669
10802,6.56016637569002,52.3444467460579,11.832,4.242
10803,6.56017515845485,52.3444541866376,10.674,3.827
10804,6.56018394121969,52.3444616272173,10.73,3.847
10805,6.56019272398452,52.3444690677969,9.349,3.352
10806,6.56020146338705,52.3444765616824,9.875,3.541
10807,6.56021016721647,52.3444840992984,10.522,3.773
10808,6.5602188710459,52.3444916369144,10.234,3.67
10809,6.56022757487533,52.3444991745304,10.584,3.795
10810,6.56023627870476,52.3445067121463,10.555,3.785
10811,6.56024498253419,52.3445142497623,10.817,3.878
10812,6.56025371935632,52.34452174682,9.343,3.35
10813,6.56026249227799,52.3445291994999,9.772,3.504
10814,6.56027126519965,52.3445366521799,10.343,3.708
10815,6.56028003812132,52.3445441048599,10.0,3.585
10816,6.56028881104298,52.3445515575399,10.177,3.649
10817,6.56029758396465,52.3445590102199,10.404,3.73
10818,6.56030635688632,52.3445664628999,9.881,3.543
10819,6.56031512980798,52.3445739155799,10.412,3.733
10820,6.56032390499777,52.3445813654716,10.599,3.8
10821,6.56033271312898,52.3445887748681,10.297,3.692
10822,6.56034152126018,52.3445961842645,10.663,3.823
10823,6.56035032939139,52.3446035936609,8.941,3.206
10824,6.5603591375226,52.3446110030574,9.855,3.534
10825,6.5603679456538,52.3446184124538,10.705,3.838
10826,6.56037675378501,52.3446258218503,9.652,3.461
10827,6.56038556191622,52.3446332312467,9.553,3.425
10828,6.56039437004742,52.3446406406431,10.048,3.603
10829,6.56040317817863,52.3446480500396,10.093,3.619
10830,6.56041203663442,52.3446553975713,9.77,3.503
10831,6.56042093655148,52.3446626941342,11.149,3.998
10832,6.56042983646854,52.3446699906971,10.215,3.663
10833,6.5604387363856,52.34467728726,9.497,3.405
10834,6.56044763630266,52.3446845838228,9.163,3.285
10835,6.56045653621972,52.3446918803857,10.23,3.668
10836,6.56046543613679,52.3446991769486,9.428,3.381
10837,6.56047440319743,52.344706390971,11.221,4.023
10838,6.5604833956512,52.3447135737773,10.189,3.653
10839,6.56049238810497,52.3447207565836,10.249,3.675
10840,6.56050138055874,52.3447279393899,10.048,3.603
10841,6.5605103730125,52.3447351221962,10.544,3.781
10842,6.56051936546627,52.3447423050024,8.459,3.033
10843,6.56052835792004,52.3447494878087,9.143,3.278
10844,6.56053735037381,52.344756670615,10.441,3.744
10845,6.56054634282757,52.3447638534213,10.699,3.836
10846,6.56055533528134,52.3447710362276,9.073,3.253
10847,6.56056432773511,52.3447782190339,8.713,3.124
10848,6.56057332018888,52.3447854018402,9.865,3.537
10849,6.56058201854145,52.344792946189,10.035,3.598
10850,6.56059069294939,52.3448005199731,9.82,3.521
10851,6.56059936735734,52.3448080937573,9.683,3.472
10852,6.56060804176529,52.3448156675415,8.613,3.088
10853,6.56061671617324,52.3448232413257,9.465,3.394
10854,6.56062539058118,52.3448308151099,9.537,3.42
10855,6.56063406498913,52.3448383888941,9.332,3.346
10856,6.56064273939708,52.3448459626783,8.511,3.052
10857,6.56065141380503,52.3448535364625,9.968,3.574
10858,6.56066008821297,52.3448611102467,10.118,3.628
10859,6.56066876262092,52.3448686840309,9.126,3.272
10860,6.56067743702887,52.3448762578151,9.469,3.395
10861,6.56068611143681,52.3448838315993,9.272,3.324
10862,6.56069478584476,52.3448914053835,9.263,3.321
10863,6.56070346025271,52.3448989791677,9.825,3.523
10864,6.56071213466066,52.3449065529519,9.824,3.523
10865,6.5607208090686,52.3449141267361,10.138,3.635
10866,6.56072948347655,52.3449217005203,10.112,3.626
10867,6.56073823208578,52.3449291830879,9.377,3.362
10868,6.560746957598,52.3449366940489,11.135,3.993
10869,6.56075516037796,52.3449448476116,10.361,3.715
10870,6.56076336315791,52.3449530011743,9.049,3.245
10871,6.56077156593786,52.344961154737,9.497,3.405
10872,6.56078067904768,52.3449681892192,8.241,2.955
10873,6.56078989638509,52.3449750955731,9.412,3.375
10874,6.5607991137225,52.344982001927,10.366,3.717
10875,6.56080833105991,52.3449889082808,11.005,3.946
10876,6.56081754839732,52.3449958146347,9.285,3.329
10877,6.56082676573473,52.3450027209886,9.54,3.421
10878,6.56083598307215,52.3450096273425,9.686,3.473
10879,6.56084520040956,52.3450165336963,10.481,3.758
10880,6.56085431216077,52.3450235698487,8.726,3.129
10881,6.5608632495635,52.34503082033,10.854,3.892
10882,6.56087218696623,52.3450380708112,9.093,3.26
10883,6.56088112436895,52.3450453212925,8.579,3.076
10884,6.56089006177168,52.3450525717737,9.069,3.252
10885,6.56089899917441,52.345059822255,8.766,3.143
10886,6.56090793657714,52.3450670727362,9.477,3.398
10887,6.56091687397987,52.3450743232175,8.246,2.957
10888,6.5609258113826,52.3450815736987,9.289,3.331
10889,6.56093474878533,52.34508882418,9.585,3.437
10890,6.56094368618805,52.3450960746613,10.055,3.605
10891,6.56095262359078,52.3451033251425,9.571,3.432
10892,6.56096156099351,52.3451105756238,9.995,3.584
10893,6.56097049839624,52.345117826105,8.792,3.152
10894,6.56097943579897,52.3451250765863,9.368,3.359
10895,6.5609883732017,52.3451323270675,7.814,2.802
10896,6.56099731060443,52.3451395775488,9.047,3.244
10897,6.56100624800715,52.3451468280301,9.33,3.345
10898,6.56101518540988,52.3451540785113,9.372,3.36
10899,6.56102386353017,52.3451616477319,8.155,2.924
10900,6.56103193074222,52.34516996795,8.84,3.17
10901,6.56104075684282,52.3451773552564,8.911,3.195
10902,6.56104958294343,52.3451847425628,8.795,3.154
10903,6.56105840904403,52.3451921298692,9.463,3.393
10904,6.56106723514463,52.3451995171757,8.899,3.191
10905,6.56107606124524,52.3452069044821,9.074,3.254
10906,6.56108488734584,52.3452142917885,8.718,3.126
10907,6.56109371344644,52.3452216790949,9.621,3.45
10908,6.56110253954704,52.3452290664014,9.655,3.462
10909,6.56111136564765,52.3452364537078,8.793,3.153
10910,6.56112019174825,52.3452438410142,10.641,3.815
10911,6.56112901784885,52.3452512283206,8.504,3.049
10912,6.56113784394946,52.345258615627,9.537,3.42
10913,6.56114667005006,52.3452660029335,8.376,3.003
10914,6.56115549615066,52.3452733902399,9.38,3.363
10915,6.56116432225127,52.3452807775463,9.324,3.343
10916,6.56117314835187,52.3452881648527,8.311,2.98
10917,6.56118197445247,52.3452955521592,8.82,3.162
10918,6.56119080055307,52.3453029394656,9.985,3.58
10919,6.56119962665368,52.345310326772,8.399,3.011
10920,6.56120845275428,52.3453177140784,9.105,3.265
10921,6.56121727885488,52.3453251013848,9.057,3.247
10922,6.56122610495549,52.3453324886913,8.825,3.164
10923,6.56123484152042,52.3453399860651,7.823,2.805
10924,6.56124338297958,52.3453477232849,9.32,3.342
10925,6.56125192443875,52.3453554605048,8.831,3.166
10926,6.56126046589791,52.3453631977247,9.464,3.393
10927,6.56126900735707,52.3453709349446,8.943,3.207
10928,6.56127754881624,52.3453786721645,8.836,3.168
10929,6.5612860902754,52.3453864093844,9.009,3.23
10930,6.56129487435066,52.3453938483531,8.201,2.94
10931,6.5613040285669,52.3454008323027,9.69,3.474
10932,6.56131318278314,52.3454078162522,8.545,3.064
10933,6.56132233699938,52.3454148002018,8.544,3.064
10934,6.56133026853362,52.3454232872104,9.51,3.41
10935,6.56133709086661,52.3454331377747,8.887,3.187
10936,6.56134779680215,52.3454382141753,8.595,3.082
10937,6.56135850273768,52.3454432905759,8.97,3.216
10938,6.56136732172573,52.3454506866259,9.088,3.258
10939,6.56137610886931,52.3454581218227,8.642,3.099
10940,6.56138489601289,52.3454655570195,9.247,3.316
10941,6.56139368315647,52.3454729922163,7.951,2.851
10942,6.56140247030005,52.3454804274131,8.845,3.171
10943,6.56141125744362,52.3454878626099,9.155,3.283
10944,6.5614200445872,52.3454952978067,9.043,3.242
10945,6.56142883525282,52.3455027286738,7.353,2.636
10946,6.56143762840661,52.3455101564822,8.59,3.08
10947,6.56144642156039,52.3455175842906,7.944,2.848
10948,6.56145521471417,52.345525012099,9.408,3.373
10949,6.56146378903065,52.3455327089269,8.416,3.018
10950,6.5614721175875,52.3455407078704,9.331,3.346
10951,6.56148044614436,52.3455487068139,7.918,2.839
10952,6.56148877470122,52.3455567057574,8.858,3.176
10953,6.56149710325808,52.3455647047009,8.627,3.093
10954,6.56150543181494,52.3455727036444,10.243,3.673
10955,6.5615137603718,52.3455807025879,9.305,3.336
10956,6.56152221569984,52.3455885456899,9.262,3.321
10957,6.56153080699545,52.3455962216452,9.794,3.512
10958,6.56153939829106,52.3456038976004,8.764,3.142
10959,6.56154798958666,52.3456115735557,8.533,3.06
10960,6.56155658088227,52.345619249511,8.462,3.034
10961,6.56156517217788,52.3456269254663,8.775,3.146
10962,6.56157376347349,52.3456346014216,6.949,2.492
10963,6.56158235476909,52.3456422773769,8.575,3.075
10964,6.5615909460647,52.3456499533322,8.703,3.121
10965,6.56159953736031,52.3456576292875,8.474,3.038
10966,6.56160812865592,52.3456653052428,7.661,2.747
10967,6.56161671995153,52.345672981198,8.47,3.037
10968,6.56162531124713,52.3456806571533,7.652,2.744
10969,6.56163390254274,52.3456883331086,9.594,3.44
10970,6.56164264469544,52.3456958236133,8.396,3.011
10971,6.56165151466538,52.3457031569906,7.331,2.629
10972,6.56166038463532,52.3457104903678,8.42,3.019
10973,6.56166925460525,52.3457178237451,9.065,3.25
10974,6.56167812457519,52.3457251571224,8.639,3.098
10975,6.56168699454513,52.3457324904997,7.995,2.867
10976,6.56169586451507,52.3457398238769,8.131,2.916
10977,6.56170473448501,52.3457471572542,8.359,2.997
10978,6.56171360445495,52.3457544906315,8.267,2.964
10979,6.56172247442488,52.3457618240087,7.782,2.79
10980,6.56173134439482,52.345769157386,8.481,3.041
10981,6.56174021436476,52.3457764907633,7.735,2.773
10982,6.5617490843347,52.3457838241406,9.076,3.254
10983,6.56175793099474,52.345791186173,9.146,3.279
10984,6.56176673405476,52.3457986018035,7.924,2.841
10985,6.56177553711478,52.345806017434,8.091,2.901
10986,6.5617843401748,52.3458134330645,8.263,2.963
10987,6.56179314323482,52.3458208486951,8.492,3.045
10988,6.56180194629484,52.3458282643256,8.661,3.105
10989,6.56181074935486,52.3458356799561,8.781,3.149
10990,6.56181955241488,52.3458430955866,8.767,3.143
10991,6.56182834413818,52.3458505251535,9.421,3.378
10992,6.56183712763304,52.3458579648357,8.542,3.063
10993,6.5618459111279,52.3458654045179,7.741,2.775
10994,6.56185469462277,52.3458728442001,7.56,2.711
10995,6.56186347811763,52.3458802838824,9.468,3.395
10996,6.56187226161249,52.3458877235646,8.806,3.157
10997,6.56188104510735,52.3458951632468,8.628,3.094
10998,6.56188982860221,52.345902602929,8.771,3.145
10999,6.56189861209707,52.3459100426112,8.601,3.084
11000,6.5619074141551,52.3459174594735,8.762,3.142
11001,6.56191625192119,52.3459248324394,8.289,2.972
11002,6.56192508968728,52.3459322054053,9.129,3.273
11003,6.56193409444816,52.3459393730823,8.201,2.941
11004,6.56194376335724,52.3459457243132,7.98,2.861
11005,6.56195417910544,52.3459511574449,7.517,2.695
11006,6.56196459485364,52.3459565905767,8.373,3.002
11007,6.56197501060184,52.3459620237084,9.26,3.32
11008,6.56198420515884,52.3459689580665,8.247,2.957
11009,6.56199305992716,52.3459763101313,7.707,2.763
11010,6.56200191469548,52.3459836621962,8.687,3.115
11011,6.56201076946379,52.345991014261,8.138,2.918
11012,6.56201962423211,52.3459983663258,9.433,3.382
11013,6.56202847900043,52.3460057183906,9.157,3.283
11014,6.56203733376874,52.3460130704555,7.779,2.789
11015,6.56204618853706,52.3460204225203,8.427,3.021
11016,6.56205504330538,52.3460277745851,8.087,2.9
11017,6.56206389807369,52.3460351266499,7.851,2.815
11018,6.5620727723337,52.3460424547534,8.503,3.049
11019,6.56208165569883,52.3460497716638,9.02,3.234
11020,6.56209053906396,52.3460570885741,8.494,3.045
11021,6.56209941654903,52.346064412713,8.241,2.955
11022,6.56210826811079,52.3460717687197,7.25,2.6
11023,6.56211711967255,52.3460791247264,8.159,2.925
11024,6.56212597123431,52.346086480733,8.878,3.183
11025,6.56213482279607,52.3460938367397,7.768,2.785
11026,6.56214367435783,52.3461011927464,9.315,3.34
11027,6.56215252591958,52.3461085487531,8.22,2.948
11028,6.56216137748134,52.3461159047598,8.681,3.113
11029,6.56217023638854,52.3461232517366,8.336,2.989
11030,6.56217910250437,52.3461305898518,7.883,2.826
11031,6.56218796862021,52.346137927967,8.837,3.169
11032,6.56219683473604,52.3461452660822,8.231,2.951
11033,6.56220570085187,52.3461526041973,8.096,2.903
11034,6.56221445622263,52.3461600784529,7.193,2.579
11035,6.56222319470419,52.3461675734705,9.361,3.356
11036,6.56223193318576,52.3461750684882,8.602,3.084
11037,6.56224067166732,52.3461825635059,9.254,3.318
11038,6.56224941014888,52.3461900585235,8.972,3.217
11039,6.56225814863044,52.3461975535412,9.263,3.321
11040,6.562266887112,52.3462050485589,8.285,2.971
11041,6.5622755739245,52.346212607094,7.814,2.802
11042,6.56228424045934,52.3462201905567,9.074,3.254
11043,6.56229290699419,52.3462277740194,8.707,3.122
11044,6.56230159548101,52.3462353304962,8.361,2.998
11045,6.56231031844923,52.3462428445847,9.077,3.255
11046,6.56231904141745,52.3462503586731,8.827,3.165
11047,6.56232776438567,52.3462578727615,9.026,3.236
11048,6.5623364873539,52.3462653868499,8.055,2.888
11049,6.56234521032212,52.3462729009383,9.236,3.312
11050,6.56235393287084,52.3462804155424,8.664,3.106
11051,6.56236265315248,52.3462879329335,9.31,3.338
11052,6.56237137172026,52.3462954524314,9.247,3.315
11053,6.56238008705981,52.3463029758978,9.086,3.258
11054,6.56238880239937,52.3463104993643,8.623,3.092
11055,6.56239751773893,52.3463180228307,9.111,3.267
11056,6.56240622848933,52.3463255519386,9.353,3.353
11057,6.56241491134999,52.3463331153318,9.062,3.249
11058,6.56242359421065,52.346340678725,8.83,3.166
11059,6.5624322770713,52.3463482421182,9.135,3.275
11060,6.56244095993196,52.3463558055113,8.413,3.017
11061,6.56244964279262,52.3463633689045,9.619,3.449
11062,6.56245832565327,52.3463709322977,7.745,2.777
11063,6.56246700851393,52.3463784956908,8.76,3.141
11064,6.56247569137459,52.346386059084,8.507,3.05
11065,6.56248437423524,52.3463936224772,8.375,3.003
11066,6.5624930570959,52.3464011858703,8.938,3.205
11067,6.56250173995656,52.3464087492635,8.102,2.905
11068,6.56251042281722,52.3464163126567,10.036,3.599
11069,6.56251910567787,52.3464238760499,7.981,2.862
11070,6.56252775955419,52.3464314750739,8.223,2.949
11071,6.56253572011996,52.3464399263936,8.174,2.931
11072,6.56254368068573,52.3464483777134,8.912,3.195
11073,6.56255260447385,52.3464556449313,9.398,3.37
11074,6.56256238920106,52.3464618537854,9.117,3.269
11075,6.56257120937822,52.3464692483736,9.68,3.471
11076,6.56258002955538,52.3464766429618,8.334,2.988
11077,6.56258884973253,52.34648403755,9.214,3.304
11078,6.56259766990969,52.3464914321382,8.654,3.103
11079,6.56260649008685,52.3464988267264,8.973,3.217
11080,6.56261531026401,52.3465062213146,9.497,3.405
11081,6.56262413044116,52.3465136159027,7.856,2.817
11082,6.56263295061832,52.3465210104909,10.029,3.596
11083,6.5626417669116,52.3465284098536,8.779,3.148
11084,6.56265058237547,52.3465358102359,7.925,2.842
11085,6.56265939783934,52.3465432106182,8.469,3.037
11086,6.56266821330321,52.3465506110005,8.943,3.207
11087,6.56267702876708,52.3465580113828,8.481,3.041
11088,6.56268584423095,52.3465654117651,7.691,2.758
11089,6.56269465969483,52.3465728121474,8.958,3.212
11090,6.56270347449285,52.3465802133482,8.483,3.042
11091,6.5627122827783,52.3465876225551,9.296,3.333
11092,6.56272109106375,52.3465950317619,8.291,2.973
11093,6.5627298993492,52.3466024409687,10.255,3.677
11094,6.56273870763465,52.3466098501755,9.233,3.311
11095,6.5627475159201,52.3466172593824,9.053,3.246
11096,6.56275632420555,52.3466246685892,9.309,3.338
11097,6.562765132491,52.346632077796,7.877,2.825
11098,6.56277394077645,52.3466394870028,8.662,3.106
11099,6.5627827490619,52.3466468962096,10.009,3.589
11100,6.56279155734735,52.3466543054165,8.778,3.147
11101,6.5628003656328,52.3466617146233,8.934,3.204
11102,6.56280917391825,52.3466691238301,8.703,3.12
11103,6.5628179822037,52.3466765330369,9.844,3.53
11104,6.56282677838656,52.3466839571216,8.844,3.171
11105,6.5628355510396,52.3466914101319,8.257,2.961
11106,6.56284432369265,52.3466988631421,10.515,3.77
11107,6.56285309634569,52.3467063161523,8.195,2.938
11108,6.56286186899874,52.3467137691625,8.951,3.21
11109,6.56287064165178,52.3467212221727,8.518,3.054
11110,6.56287941430482,52.3467286751829,8.606,3.086
11111,6.56288818695787,52.3467361281931,8.4,3.012
11112,6.56289695961091,52.3467435812033,8.711,3.123
11113,6.56290573226396,52.3467510342135,9.612,3.446
11114,6.562914504917,52.3467584872237,7.919,2.839
11115,6.56292327757005,52.3467659402339,9.783,3.508
11116,6.56293205022309,52.3467733932441,9.686,3.473
11117,6.56294082287614,52.3467808462544,9.35,3.353
11118,6.56294959552918,52.3467882992646,9.129,3.273
11119,6.56295836818222,52.3467957522748,9.222,3.306
11120,6.56296714083527,52.346803205285,9.9,3.55
11121,6.5629759829729,52.3468105728769,8.04,2.883
11122,6.5629848280105,52.3468179369038,9.498,3.406
11123,6.5629936730481,52.3468253009307,8.636,3.096
11124,6.5630025180857,52.3468326649576,9.564,3.429
11125,6.5630113631233,52.3468400289846,8.721,3.127
11126,6.5630202081609,52.3468473930115,9.501,3.406
11127,6.5630290531985,52.3468547570384,8.177,2.932
11128,6.5630378982361,52.3468621210653,8.096,2.903
11129,6.56304674327369,52.3468694850923,9.028,3.237
11130,6.56305556455715,52.3468768783205,9.941,3.565
11131,6.56306437914692,52.3468842797773,9.415,3.376
11132,6.5630731937367,52.3468916812341,9.414,3.375
11133,6.56308200832647,52.346899082691,9.611,3.446
11134,6.56309082291625,52.3469064841478,8.874,3.182
11135,6.56309963750603,52.3469138856046,9.469,3.395
11136,6.5631084520958,52.3469212870615,8.771,3.145
11137,6.56311726307599,52.3469286929556,8.93,3.202
11138,6.56312581784911,52.3469364138085,9.005,3.229
11139,6.56313437262223,52.3469441346613,8.797,3.154
11140,6.56314292191539,52.3469518622508,9.081,3.256
11141,6.56315076652653,52.3469604561151,8.972,3.217
11142,6.56316249820825,52.3469642715525,8.707,3.122
11143,6.56317145338016,52.3469715001898,9.042,3.242
11144,6.56318023033488,52.3469789479119,9.217,3.305
11145,6.5631890072896,52.3469863956341,8.48,3.041
11146,6.56319778424432,52.3469938433562,9.374,3.361
11147,6.56320656119904,52.3470012910783,8.839,3.169
11148,6.56321533815376,52.3470087388004,9.246,3.315
11149,6.56322411510848,52.3470161865225,8.739,3.134
11150,6.56323289206319,52.3470236342446,9.749,3.496
11151,6.56324166901791,52.3470310819667,9.694,3.476
11152,6.56325044597263,52.3470385296888,8.515,3.053
11153,6.56325922292735,52.3470459774109,9.441,3.385
11154,6.56326799988207,52.347053425133,9.983,3.579
11155,6.56327677683679,52.3470608728551,8.574,3.074
11156,6.56328555379151,52.3470683205772,8.621,3.091
11157,6.56329433074623,52.3470757682993,9.564,3.429
11158,6.56330310770095,52.3470832160214,8.363,2.998
11159,6.56331188465567,52.3470906637435,8.674,3.11
11160,6.56332066161039,52.3470981114656,8.534,3.06
11161,6.56332943856511,52.3471055591877,9.569,3.431
11162,6.56333821551982,52.3471130069098,8.722,3.127
11163,6.56334699247454,52.3471204546319,8.961,3.213
11164,6.56335576942926,52.347127902354,8.687,3.115
11165,6.56336454638398,52.3471353500761,9.801,3.514
11166,6.5633733233387,52.3471427977982,8.619,3.091
11167,6.56338210029342,52.3471502455203,8.296,2.974
11168,6.56339087724814,52.3471576932424,8.271,2.966
11169,6.56339965420286,52.3471651409645,9.529,3.417
11170,6.56340843115758,52.3471725886866,9.57,3.431
11171,6.5634172081123,52.3471800364087,9.852,3.532
11172,6.56342598506702,52.3471874841308,8.374,3.003
11173,6.56343476202174,52.3471949318529,8.978,3.219
11174,6.56344353897645,52.347202379575,10.54,3.779
11175,6.56345231593117,52.3472098272971,8.932,3.203
11176,6.56346109288589,52.3472172750192,8.777,3.147
11177,6.56346986984061,52.3472247227414,9.094,3.261
11178,6.56347864679533,52.3472321704635,9.416,3.376
11179,6.56348742375005,52.3472396181856,9.404,3.372
11180,6.56349620070477,52.3472470659077,8.738,3.133
11181,6.56350497765949,52.3472545136298,8.753,3.138
11182,6.56351375461421,52.3472619613519,8.92,3.198
11183,6.56352253156893,52.347269409074,8.663,3.106
11184,6.56353130852365,52.3472768567961,8.363,2.999
11185,6.56354008547837,52.3472843045182,10.15,3.639
11186,6.56354886243308,52.3472917522403,8.845,3.171
11187,6.56355756521204,52.3472992911476,8.876,3.182
11188,6.56356625422522,52.3473068469774,8.891,3.188
11189,6.56357494323839,52.3473144028072,9.029,3.237
11190,6.56358363521105,52.3473219549989,9.329,3.345
11191,6.56359235687963,52.347329470685,8.797,3.154
11192,6.56360107854821,52.347336986371,9.738,3.492
11193,6.5636098002168,52.3473445020571,9.416,3.376
11194,6.56361852188538,52.3473520177432,8.95,3.209
11195,6.56362724355396,52.3473595334293,8.667,3.108
11196,6.56363596522255,52.3473670491153,9.694,3.476
11197,6.56364468689113,52.3473745648014,8.958,3.212
11198,6.56365340855972,52.3473820804875,8.319,2.983
11199,6.5636621302283,52.3473895961736,9.648,3.459
11200,6.56367085189688,52.3473971118596,8.617,3.09
11201,6.56367957356547,52.3474046275457,9.552,3.425
11202,6.56368828849057,52.3474121515217,7.559,2.71
11203,6.56369699865241,52.3474196813531,8.818,3.162
11204,6.56370570881426,52.3474272111846,9.714,3.483
11205,6.56371441897611,52.347434741016,9.032,3.239
11206,6.56372312913796,52.3474422708475,9.378,3.363
11207,6.56373183929981,52.3474498006789,8.493,3.045
11208,6.56374050437689,52.3474573859337,9.225,3.308
11209,6.56374892109525,52.3474652764991,9.019,3.234
11210,6.5637584952635,52.3474717441961,9.157,3.283
11211,6.56376828186797,52.3474779507425,10.211,3.661
11212,6.56377699724618,52.3474854741614,9.776,3.505
11213,6.56378571262439,52.3474929975803,9.472,3.396
11214,6.5637944280026,52.3475005209993,9.476,3.398
11215,6.56380314338081,52.3475080444182,8.466,3.035
11216,6.56381185875902,52.3475155678371,8.72,3.127
11217,6.56382057413723,52.347523091256,8.094,2.902
11218,6.56382928951544,52.3475306146749,8.246,2.957
11219,6.56383803497513,52.3475381011143,8.468,3.036
11220,6.56384678082284,52.3475455870766,8.97,3.216
11221,6.56385552667055,52.347553073039,8.264,2.963
11222,6.56386427251826,52.3475605590013,8.959,3.212
11223,6.56387301836597,52.3475680449637,8.889,3.187
11224,6.56388176421368,52.3475755309261,8.311,2.98
11225,6.56389051006139,52.3475830168884,9.873,3.54
11226,6.5638992559091,52.3475905028508,8.194,2.938
11227,6.56390800175681,52.3475979888131,9.628,3.452
11228,6.56391674760452,52.3476054747755,7.643,2.74
11229,6.56392549345223,52.3476129607379,8.883,3.185
11230,6.56393423929994,52.3476204467002,8.261,2.962
11231,6.56394298514765,52.3476279326626,8.578,3.076
11232,6.56395173099536,52.3476354186249,10.026,3.595
11233,6.56396047684307,52.3476429045873,8.755,3.139
11234,6.56396922269078,52.3476503905496,8.308,2.979
11235,6.56397796853849,52.347657876512,9.243,3.314
11236,6.5639867143862,52.3476653624744,8.745,3.136
11237,6.56399546023391,52.3476728484367,9.042,3.242
11238,6.56400420608162,52.3476803343991,8.414,3.017
11239,6.56401295192933,52.3476878203614,8.442,3.027
11240,6.56402169777704,52.3476953063238,8.486,3.043
11241,6.56403044362475,52.3477027922862,9.418,3.377
11242,6.56403918947246,52.3477102782485,8.813,3.16
11243,6.56404793532017,52.3477177642109,8.329,2.987
11244,6.56405668116788,52.3477252501732,9.04,3.241
11245,6.56406542701559,52.3477327361356,8.991,3.224
11246,6.56407416886183,52.347740227017,9.281,3.328
11247,6.56408290781838,52.3477477214508,8.659,3.105
11248,6.56409164677494,52.3477552158845,8.896,3.19
11249,6.5641003857315,52.3477627103182,9.189,3.295
11250,6.56410912468806,52.347770204752,8.347,2.993
11251,6.56411811778113,52.3477773867724,9.462,3.393
11252,6.56412709337836,52.3477845903006,8.95,3.209
11253,6.56413604051264,52.3477918288187,8.292,2.973
11254,6.56414498764691,52.3477990673369,8.288,2.972
11255,6.56415393478119,52.347806305855,8.881,3.184
11256,6.56416288191546,52.3478135443732,8.616,3.089
11257,6.56417182904974,52.3478207828913,9.384,3.365
11258,6.56418077618401,52.3478280214094,8.771,3.145
11259,6.56418972331829,52.3478352599276,9.118,3.269
11260,6.56419867045256,52.3478424984457,8.441,3.027
11261,6.56420761758684,52.3478497369639,8.927,3.201
11262,6.56421656472112,52.347856975482,9.715,3.483
11263,6.56422551185539,52.3478642140001,8.855,3.175
11264,6.56423445898967,52.3478714525183,8.617,3.09
11265,6.56424338903758,52.3478787120409,8.435,3.024
11266,6.56425221975841,52.3478860936676,8.933,3.203
11267,6.56426105047924,52.3478934752943,9.773,3.504
11268,6.56426988120007,52.347900856921,8.144,2.92
11269,6.5642787119209,52.3479082385478,8.917,3.197
11270,6.56428754264173,52.3479156201745,7.94,2.847
11271,6.56429637336256,52.3479230018012,8.707,3.122
11272,6.5643052040834,52.3479303834279,9.104,3.264
11273,6.56431403480423,52.3479377650546,8.022,2.876
11274,6.56432286552506,52.3479451466813,8.691,3.116
11275,6.56433169624589,52.347952528308,9.125,3.272
11276,6.56434052696672,52.3479599099348,9.032,3.239
11277,6.56434863833127,52.3479681758756,9.156,3.283
11278,6.56435678711384,52.347976395818,8.385,3.007
11279,6.56436721440537,52.3479818147594,9.131,3.274
11280,6.56437614394284,52.3479890749095,8.609,3.087
11281,6.5643848422114,52.3479966193615,9.383,3.364
11282,6.56439354047996,52.3480041638135,7.606,2.727
11283,6.56440223874852,52.3480117082656,8.797,3.154
11284,6.56441093701709,52.3480192527176,9.027,3.237
11285,6.56441963528565,52.3480267971696,9.765,3.501
11286,6.56442833355421,52.3480343416217,9.024,3.236
11287,6.56443703182277,52.3480418860737,9.086,3.258
11288,6.56444573009133,52.3480494305257,9.198,3.298
11289,6.56445442835989,52.3480569749778,9.717,3.484
11290,6.56446312662846,52.3480645194298,8.758,3.14
11291,6.56447182489702,52.3480720638818,8.159,2.926
11292,6.56448052316558,52.3480796083339,8.049,2.886
11293,6.56448922143414,52.3480871527859,9.38,3.363
11294,6.56449792057622,52.3480946961641,9.123,3.271
11295,6.56450668892501,52.3481021544656,8.844,3.171
11296,6.5645154572738,52.3481096127671,8.652,3.102
11297,6.56452422562259,52.3481170710685,9.106,3.265
11298,6.56453299397138,52.34812452937,9.126,3.272
11299,6.56454176232017,52.3481319876715,9.288,3.33
11300,6.56455053066896,52.348139445973,8.356,2.996
11301,6.56455929901775,52.3481469042745,7.973,2.859
11302,6.56456806736654,52.348154362576,8.477,3.039
11303,6.56457683571533,52.3481618208774,8.222,2.948
11304,6.56458560406413,52.3481692791789,8.195,2.938
11305,6.56459437241292,52.3481767374804,9.946,3.566
11306,6.56460314076171,52.3481841957819,7.693,2.758
11307,6.5646119091105,52.3481916540834,9.306,3.337
11308,6.56462067745929,52.3481991123849,9.566,3.43
11309,6.56462944580808,52.3482065706863,9.617,3.448
11310,6.56463821415687,52.3482140289878,9.202,3.3
11311,6.56464698250566,52.3482214872893,9.819,3.521
11312,6.56465575085445,52.3482289455908,10.095,3.62
11313,6.56466451920324,52.3482364038923,8.872,3.181
11314,6.56467328755203,52.3482438621938,9.316,3.34
11315,6.56468212149873,52.3482512398549,9.806,3.516
11316,6.5646909571127,52.3482586154664,8.553,3.067
11317,6.56469979272666,52.3482659910779,8.919,3.198
11318,6.56470862834063,52.3482733666894,8.699,3.119
11319,6.56471746395459,52.348280742301,9.341,3.349
11320,6.56472629956856,52.3482881179125,7.958,2.853
11321,6.56473513518252,52.348295493524,9.922,3.558
11322,6.56474397079649,52.3483028691355,9.395,3.369
11323,6.56475280641045,52.348310244747,9.432,3.382
11324,6.56476164202442,52.3483176203586,7.699,2.76
11325,6.56477047763838,52.3483249959701,8.481,3.041
11326,6.56477931325235,52.3483323715816,9.973,3.576
11327,6.56478814886631,52.3483397471931,8.995,3.225
11328,6.56479698448027,52.3483471228047,8.09,2.901
11329,6.56480584637575,52.348354466108,9.238,3.312
11330,6.56481473111675,52.348361781327,9.51,3.41
11331,6.56482361585775,52.348369096546,9.427,3.38
11332,6.56483250059876,52.348376411765,9.03,3.238
11333,6.56484138533976,52.348383726984,9.79,3.51
11334,6.56485027008076,52.348391042203,8.713,3.124
11335,6.56485915482176,52.348398357422,9.448,3.387
11336,6.56486803956276,52.348405672641,9.213,3.303
11337,6.56487692430376,52.3484129878601,9.059,3.248
11338,6.56488580904476,52.3484203030791,8.918,3.198
11339,6.56489469378576,52.3484276182981,8.943,3.207
11340,6.56490357852677,52.3484349335171,9.168,3.287
11341,6.56491246326777,52.3484422487361,8.98,3.22
11342,6.56492134800877,52.3484495639551,9.587,3.438
11343,6.56493023274977,52.3484568791741,8.845,3.171
11344,6.56493911749077,52.3484641943931,10.086,3.616
11345,6.56494704966877,52.3484726806103,8.825,3.164
11346,6.56495445115159,52.3484818192181,9.712,3.482
11347,6.56496297967857,52.3484895723357,9.741,3.493
11348,6.56497228371266,52.3484963721122,9.275,3.326
11349,6.56498158774676,52.3485031718887,9.226,3.308
11350,6.56499089178085,52.3485099716652,8.756,3.139
11351,6.56500019581495,52.3485167714417,8.884,3.185
11352,6.56500910137521,52.3485240610673,9.32,3.342
11353,6.56501788550705,52.3485314999665,9.168,3.287
11354,6.56502666963888,52.3485389388657,9.893,3.547
11355,6.56503545377072,52.3485463777649,8.933,3.203
11356,6.56504423790256,52.3485538166641,8.972,3.217
11357,6.56505302203439,52.3485612555632,8.228,2.95
11358,6.56506180616623,52.3485686944624,9.588,3.438
11359,6.56507059029807,52.3485761333616,9.538,3.42
11360,6.5650793744299,52.3485835722608,9.79,3.51
11361,6.56508815856174,52.3485910111599,9.826,3.523
11362,6.56509331976731,52.34860290377,9.685,3.473
11363,6.56509820751993,52.3486151325394,9.713,3.483
11364,6.56510569995762,52.3486241593351,9.585,3.437
11365,6.56511441901964,52.3486316782255,9.678,3.47
11366,6.56512313808167,52.3486391971158,8.148,2.921
11367,6.56513185714369,52.3486467160062,8.587,3.079
11368,6.56514057620572,52.3486542348965,8.493,3.045
11369,6.56514929526774,52.3486617537869,9.985,3.58
11370,6.56515801432977,52.3486692726772,8.779,3.148
11371,6.56516673339179,52.3486767915676,8.875,3.182
11372,6.56517545245382,52.3486843104579,9.247,3.316
11373,6.56518417151584,52.3486918293483,8.514,3.053
11374,6.56519289057787,52.3486993482386,9.471,3.396
11375,6.56520160963989,52.348706867129,7.995,2.867
11376,6.56521032870192,52.3487143860194,8.557,3.068
11377,6.56521904776394,52.3487219049097,9.368,3.359
11378,6.56522776682597,52.3487294238001,8.522,3.056
11379,6.56523648588799,52.3487369426904,10.018,3.592
11380,6.56524520495002,52.3487444615808,9.282,3.328
11381,6.56525392401204,52.3487519804711,9.921,3.557
11382,6.56526264307407,52.3487594993615,9.467,3.394
11383,6.56527136213609,52.3487670182518,9.25,3.317
11384,6.56528008119812,52.3487745371422,8.671,3.109
11385,6.56528880026014,52.3487820560325,9.805,3.515
11386,6.56529751932217,52.3487895749229,9.518,3.413
11387,6.56530623838419,52.3487970938132,10.485,3.759
11388,6.56531495744622,52.3488046127036,9.746,3.495
11389,6.56532367650824,52.3488121315939,9.025,3.236
11390,6.56533239557027,52.3488196504843,9.429,3.381
11391,6.56534111463229,52.3488271693746,9.507,3.409
11392,6.56534983369432,52.348834688265,9.942,3.565
11393,6.56535855275634,52.3488422071554,10.036,3.598
11394,6.56536727181837,52.3488497260457,9.162,3.285
11395,6.56537599088039,52.3488572449361,8.542,3.063
11396,6.56538470994242,52.3488647638264,8.166,2.928
11397,6.56539342900444,52.3488722827168,8.586,3.078
11398,6.56540216802559,52.3488797770711,8.907,3.194
11399,6.56541090820245,52.3488872700047,10.139,3.635
11400,6.5654196483793,52.3488947629383,10.146,3.638
11401,6.56542838855616,52.3489022558719,9.816,3.52
11402,6.56543712873301,52.3489097488056,9.974,3.576
11403,6.56544586890986,52.3489172417392,8.833,3.167
11404,6.56545460908672,52.3489247346728,8.356,2.996
11405,6.56546334926357,52.3489322276064,8.654,3.103
11406,6.56547208944043,52.34893972054,8.048,2.886
11407,6.56548082961728,52.3489472134736,8.588,3.079
11408,6.56548956979413,52.3489547064073,8.943,3.207
11409,6.56549830997099,52.3489621993409,9.337,3.348
11410,6.56550705014784,52.3489696922745,9.317,3.341
11411,6.5655157903247,52.3489771852081,8.829,3.166
11412,6.56552453050155,52.3489846781417,9.567,3.43
11413,6.56553327067841,52.3489921710753,8.836,3.168
11414,6.56554201085526,52.348999664009,9.234,3.311
11415,6.56555075103211,52.3490071569426,8.573,3.074
11416,6.56555949120897,52.3490146498762,9.864,3.537
11417,6.56556823138582,52.3490221428098,9.234,3.311
11418,6.56557697156268,52.3490296357434,9.618,3.449
11419,6.5655856800088,52.349037167684,8.501,3.048
11420,6.5655943511241,52.3490447455159,9.316,3.34
11421,6.5656030222394,52.3490523233478,9.548,3.423
11422,6.56561169335469,52.3490599011797,8.006,2.871
11423,6.56561946513863,52.3490685845715,9.893,3.547
11424,6.56562729214887,52.3490772000728,8.468,3.036
11425,6.56563600967611,52.3490847208499,9.324,3.343
11426,6.56564472720336,52.349092241627,10.249,3.675
11427,6.5656534447306,52.349099762404,9.756,3.498
11428,6.56566216493245,52.3491072798932,8.315,2.982
11429,6.56567088530274,52.3491147971753,9.084,3.257
11430,6.56567960567303,52.3491223144574,9.911,3.554
11431,6.56568832604332,52.3491298317395,8.703,3.12
11432,6.56569704641361,52.3491373490215,8.968,3.216
11433,6.5657057667839,52.3491448663036,8.949,3.209
11434,6.56571448715419,52.3491523835857,9.509,3.41
11435,6.56572320752448,52.3491599008678,8.267,2.964
11436,6.56573192789477,52.3491674181499,9.537,3.419
11437,6.56574064826506,52.349174935432,8.799,3.155
11438,6.56574936863535,52.3491824527141,9.156,3.283
11439,6.56575808900563,52.3491899699961,9.027,3.237
11440,6.56576680937592,52.3491974872782,9.509,3.41
11441,6.56577552974621,52.3492050045603,9.141,3.278
11442,6.5657842501165,52.3492125218424,9.998,3.585
11443,6.56579297048679,52.3492200391245,9.73,3.489
11444,6.56580169085708,52.3492275564066,8.677,3.111
11445,6.56581041122737,52.3492350736887,9.945,3.566
11446,6.56581913159766,52.3492425909708,9.327,3.344
11447,6.56582785196795,52.3492501082528,9.237,3.312
11448,6.56583658593414,52.3492576088213,9.633,3.454
11449,6.56584532024358,52.3492651089678,8.519,3.055
11450,6.56585405455302,52.3492726091143,8.318,2.982
11451,6.56586278886246,52.3492801092608,9.141,3.278
11452,6.56587152317189,52.3492876094073,8.767,3.144
11453,6.56588025748133,52.3492951095538,10.341,3.708
11454,6.56588899179077,52.3493026097003,8.669,3.108
11455,6.56589772610021,52.3493101098469,9.14,3.277
11456,6.56590646040964,52.3493176099934,9.227,3.308
11457,6.56591519471908,52.3493251101399,9.836,3.527
11458,6.56592392902852,52.3493326102864,8.525,3.057
11459,6.56593262143244,52.3493401619479,8.16,2.926
11460,6.56594131249803,52.3493477152546,9.926,3.559
11461,6.56595000356363,52.3493552685613,9.151,3.281
11462,6.56595869462923,52.3493628218681,9.578,3.434
11463,6.56596738569483,52.3493703751748,9.603,3.443
11464,6.56597607676043,52.3493779284815,9.704,3.479
11465,6.56598476782603,52.3493854817883,8.874,3.182
11466,6.56599345889163,52.349393035095,8.713,3.124
11467,6.56600214995723,52.3494005884017,7.919,2.839
11468,6.56601084102282,52.3494081417084,8.506,3.05
11469,6.56601953208842,52.3494156950152,9.126,3.272
11470,6.56602822315402,52.3494232483219,8.676,3.111
11471,6.56603691421962,52.3494308016286,8.416,3.018
11472,6.56604560528522,52.3494383549354,9.116,3.268
11473,6.56605429635082,52.3494459082421,9.875,3.541
11474,6.56606298741642,52.3494534615488,9.051,3.245
11475,6.56607167848202,52.3494610148555,8.417,3.018
11476,6.56608036954761,52.3494685681623,9.83,3.525
11477,6.56608906061321,52.349476121469,8.626,3.093
11478,6.56609775167881,52.3494836747757,9.951,3.568
11479,6.56610644274441,52.3494912280824,8.925,3.2
11480,6.56611526387163,52.3494986215027,9.14,3.277
11481,6.56612450199444,52.3495055023048,9.997,3.584
11482,6.56613374011724,52.3495123831069,8.284,2.97
11483,6.56614297824004,52.3495192639091,8.461,3.034
11484,6.56615221636284,52.3495261447112,8.886,3.186
11485,6.56616145448564,52.3495330255133,8.995,3.225
11486,6.56617044703963,52.3495402081964,10.632,3.812
11487,6.56617925054058,52.3495476232849,8.556,3.068
11488,6.56618805404154,52.3495550383733,8.311,2.98
11489,6.5661968575425,52.3495624534618,8.528,3.058
11490,6.56620566104345,52.3495698685503,9.215,3.304
11491,6.56621446454441,52.3495772836387,9.368,3.359
11492,6.56622326804536,52.3495846987272,8.664,3.106
11493,6.56623207154632,52.3495921138156,9.092,3.26
11494,6.56624087504727,52.3495995289041,10.225,3.666
11495,6.56624967854823,52.3496069439926,9.102,3.264
11496,6.56625848204919,52.349614359081,9.271,3.324
11497,6.56626728555014,52.3496217741695,10.194,3.655
11498,6.5662760890511,52.349629189258,8.674,3.11
11499,6.56628489255205,52.3496366043464,8.636,3.097
11500,6.56629369605301,52.3496440194349,8.81,3.159
11501,6.56630249955396,52.3496514345234,8.777,3.147
11502,6.56631130305492,52.3496588496118,8.018,2.875
11503,6.56632010655588,52.3496662647003,9.172,3.289
11504,6.56632891005683,52.3496736797888,9.219,3.306
11505,6.56633771355779,52.3496810948772,8.984,3.221
11506,6.56634651705874,52.3496885099657,9.241,3.313
11507,6.5663553205597,52.3496959250542,9.249,3.316
11508,6.56636412406066,52.3497033401426,8.325,2.985
11509,6.56637292756161,52.3497107552311,9.27,3.324
11510,6.56638173106257,52.3497181703196,9.431,3.382
11511,6.56639053456352,52.349725585408,8.165,2.928
11512,6.56639933806448,52.3497330004965,9.967,3.574
11513,6.56640813350476,52.3497404254941,8.382,3.006
11514,6.56641686098344,52.3497479340377,8.442,3.027
11515,6.56642558846211,52.3497554425814,9.233,3.31
11516,6.56643431594079,52.349762951125,9.431,3.382
11517,6.56644304341946,52.3497704596687,9.576,3.434
11518,6.56645177089814,52.3497779682123,9.452,3.389
11519,6.56646049837682,52.349785476756,8.819,3.162
11520,6.56646922585549,52.3497929852996,9.191,3.296
11521,6.56647795333417,52.3498004938433,8.944,3.207
11522,6.56648668081285,52.3498080023869,9.236,3.312
11523,6.56649540829152,52.3498155109306,9.177,3.29
11524,6.5665041357702,52.3498230194742,8.843,3.171
11525,6.56651286324888,52.3498305280179,8.939,3.205
11526,6.56652159072755,52.3498380365615,8.057,2.889
11527,6.56653034060509,52.34984551757,9.638,3.456
11528,6.5665392039507,52.3498528590906,9.328,3.345
11529,6.56654806729632,52.3498602006113,7.8,2.797
11530,6.56655693064193,52.3498675421319,9.627,3.452
11531,6.56656579398755,52.3498748836525,9.133,3.275
11532,6.56657465733316,52.3498822251732,8.617,3.09
11533,6.56658352067878,52.3498895666938,8.569,3.072
11534,6.56659238402439,52.3498969082144,8.771,3.145
11535,6.56660124737001,52.3499042497351,8.632,3.095
11536,6.56661011071562,52.3499115912557,8.715,3.125
11537,6.56661897406124,52.3499189327764,10.188,3.653
11538,6.56662783740685,52.349926274297,9.41,3.374
11539,6.56663670075247,52.3499336158176,10.394,3.727
11540,6.56664556409808,52.3499409573383,9.334,3.347
11541,6.5666544274437,52.3499482988589,9.546,3.423
11542,6.56666329078931,52.3499556403796,8.692,3.117
11543,6.56667215413493,52.3499629819002,9.116,3.269
11544,6.56668101748054,52.3499703234208,9.171,3.288
11545,6.56668988082616,52.3499776649415,9.589,3.438
11546,6.56669874417177,52.3499850064621,9.2,3.299
11547,6.56670760751739,52.3499923479828,9.44,3.385
11548,6.566716470863,52.3499996895034,9.424,3.379
11549,6.5667252485306,52.3500071363492,9.065,3.25
11550,6.56673397852758,52.350014641797,9.01,3.231
11551,6.56674270852455,52.3500221472449,8.86,3.177
11552,6.56675143852153,52.3500296526928,9.895,3.548
11553,6.56676016851851,52.3500371581406,9.086,3.258
11554,6.56676889851549,52.3500446635885,9.463,3.393
11555,6.56677762851246,52.3500521690364,9.183,3.292
11556,6.56678635850944,52.3500596744843,9.905,3.551
11557,6.56679508850642,52.3500671799321,8.116,2.91
11558,6.5668038185034,52.35007468538,9.469,3.395
11559,6.56681254850037,52.3500821908279,8.558,3.069
11560,6.56682127849735,52.3500896962758,9.532,3.418
11561,6.56683000849433,52.3500972017236,9.221,3.306
11562,6.56683873849131,52.3501047071715,8.444,3.028
11563,6.56684746848828,52.3501122126194,9.517,3.412
11564,6.56685619848526,52.3501197180672,9.456,3.391
11565,6.56686492848224,52.3501272235151,9.194,3.297
11566,6.56687365847922,52.350134728963,9.274,3.325
11567,6.56688238847619,52.3501422344109,9.436,3.383
11568,6.56689111847317,52.3501497398587,10.04,3.6
11569,6.56689984847015,52.3501572453066,9.168,3.287
11570,6.56690857846712,52.3501647507545,9.954,3.569
11571,6.5669173084641,52.3501722562023,9.342,3.35
11572,6.56692603846108,52.3501797616502,10.132,3.633
11573,6.56693476845806,52.3501872670981,9.237,3.312
11574,6.56694349845503,52.350194772546,8.989,3.223
11575,6.56695222845201,52.3502022779938,8.741,3.134
11576,6.56696095844899,52.3502097834417,9.373,3.361
11577,6.56696968844597,52.3502172888896,8.932,3.203
11578,6.56697841844294,52.3502247943374,10.23,3.668
11579,6.56698714843992,52.3502322997853,8.897,3.19
11580,6.5669958784369,52.3502398052332,9.009,3.23
11581,6.56700450669933,52.3502474357447,9.762,3.5
11582,6.56701290899427,52.350255344041,10.123,3.63
11583,6.56702131128921,52.3502632523373,9.861,3.536
11584,6.56702971358415,52.3502711606336,10.059,3.607
11585,6.56703811587909,52.3502790689298,9.394,3.368
11586,6.56704673311505,52.3502867129963,9.408,3.373
11587,6.56705558944801,52.3502940631377,10.635,3.813
11588,6.56706444578097,52.3503014132791,10.451,3.747
11589,6.56707330211393,52.3503087634205,9.882,3.543
11590,6.56708215844689,52.3503161135619,10.117,3.628
11591,6.56709101477985,52.3503234637033,9.976,3.577
11592,6.56709987111281,52.3503308138446,8.767,3.143
11593,6.56710872744577,52.350338163986,9.457,3.391
11594,6.56711758377873,52.3503455141274,10.365,3.717
11595,6.5671264401117,52.3503528642688,9.913,3.554
11596,6.56713529644466,52.3503602144102,9.456,3.391
11597,6.56714415277762,52.3503675645516,10.385,3.724
11598,6.56715300911058,52.350374914693,9.719,3.485
11599,6.56716186544354,52.3503822648344,9.95,3.568
11600,6.5671707217765,52.3503896149757,9.729,3.489
11601,6.56717957810946,52.3503969651171,9.831,3.525
11602,6.56718843444242,52.3504043152585,9.876,3.541
11603,6.56719729077538,52.3504116653999,10.284,3.687
11604,6.56720614710834,52.3504190155413,10.363,3.716
11605,6.5672150034413,52.3504263656827,9.26,3.32
11606,6.56722385977426,52.3504337158241,9.737,3.491
11607,6.56723271610722,52.3504410659655,10.278,3.685
11608,6.56724157244019,52.3504484161068,9.455,3.39
11609,6.56725042877315,52.3504557662482,8.765,3.143
11610,6.56725928510611,52.3504631163896,9.003,3.228
11611,6.56726814143907,52.350470466531,9.045,3.243
11612,6.56727699777203,52.3504778166724,9.271,3.324
11613,6.56728585410499,52.3504851668138,9.103,3.264
11614,6.56729471043795,52.3504925169552,10.148,3.639
11615,6.56730356677091,52.3504998670966,9.381,3.364
11616,6.56731242310387,52.3505072172379,10.287,3.688
11617,6.56732127943683,52.3505145673793,8.881,3.184
11618,6.56733013576979,52.3505219175207,9.338,3.348
11619,6.56733899210275,52.3505292676621,9.607,3.445
11620,6.56734784843572,52.3505366178035,10.023,3.594
11621,6.56735670476868,52.3505439679449,10.218,3.664
11622,6.56736556110164,52.3505513180863,9.229,3.309
11623,6.5673744174346,52.3505586682277,10.129,3.632
11624,6.56738327376756,52.350566018369,8.554,3.067
11625,6.56739213010052,52.3505733685104,10.055,3.605
11626,6.56740098643348,52.3505807186518,8.752,3.138
11627,6.56740984276644,52.3505880687932,9.802,3.515
11628,6.5674186990994,52.3505954189346,10.201,3.658
11629,6.56742755543236,52.350602769076,10.057,3.606
11630,6.56743641176532,52.3506101192174,8.569,3.072
11631,6.56744526809829,52.3506174693588,9.267,3.323
11632,6.56745412443125,52.3506248195001,9.949,3.567
11633,6.56746298076421,52.3506321696415,9.929,3.56
11634,6.56747183709717,52.3506395197829,9.683,3.472
11635,6.56748069343013,52.3506468699243,8.222,2.948
11636,6.56748954976309,52.3506542200657,10.218,3.664
11637,6.56749840609605,52.3506615702071,10.319,3.7
11638,6.56750726242901,52.3506689203485,9.601,3.443
11639,6.56751611876197,52.3506762704898,9.635,3.455
11640,6.56752497509493,52.3506836206312,9.792,3.511
11641,6.56753383142789,52.3506909707726,10.35,3.711
11642,6.56754268776085,52.350698320914,9.633,3.454
11643,6.56755154409382,52.3507056710554,9.368,3.359
11644,6.56756040042678,52.3507130211968,9.699,3.478
11645,6.56756925675974,52.3507203713382,9.462,3.393
11646,6.5675781130927,52.3507277214796,9.463,3.393
11647,6.56758696942566,52.350735071621,8.418,3.018
11648,6.56759582575862,52.3507424217623,9.757,3.499
11649,6.56760468209158,52.3507497719037,10.132,3.633
11650,6.56761353842454,52.3507571220451,10.036,3.599
11651,6.5676223947575,52.3507644721865,9.988,3.581
11652,6.56763125109046,52.3507718223279,9.39,3.367
11653,6.56764010742342,52.3507791724693,9.5,3.406
11654,6.56764896375638,52.3507865226107,10.107,3.624
11655,6.56765782008935,52.350793872752,9.908,3.553
11656,6.56766667642231,52.3508012228934,10.264,3.68
11657,6.56767553275527,52.3508085730348,8.986,3.222
11658,6.56768438908823,52.3508159231762,8.974,3.218
11659,6.56769324542119,52.3508232733176,9.169,3.288
11660,6.56770210175415,52.350830623459,8.801,3.156
11661,6.56771095808711,52.3508379736004,8.57,3.073
11662,6.56771981442007,52.3508453237418,9.614,3.447
11663,6.56772867075303,52.3508526738831,9.564,3.429
11664,6.56773752708599,52.3508600240245,9.464,3.393
11665,6.56774638341895,52.3508673741659,9.518,3.413
11666,6.56775523975191,52.3508747243073,8.439,3.026
11667,6.56776409608488,52.3508820744487,9.008,3.23
11668,6.56777295241784,52.3508894245901,9.108,3.266
11669,6.5677818087508,52.3508967747315,9.299,3.334
11670,6.56779066508376,52.3509041248729,8.402,3.013
11671,6.56779952141672,52.3509114750142,8.704,3.121
11672,6.56780837774968,52.3509188251556,8.983,3.221
11673,6.56781723408264,52.350926175297,9.852,3.532
11674,6.5678260904156,52.3509335254384,9.373,3.361
11675,6.56783494674856,52.3509408755798,9.809,3.517
11676,6.56784380308152,52.3509482257212,9.126,3.272
11677,6.56785265941448,52.3509555758626,9.188,3.294
11678,6.56786151574744,52.350962926004,9.47,3.396
11679,6.56787036452515,52.3509702854331,9.061,3.249
11680,6.5678792032178,52.35097765726,8.788,3.151
11681,6.56788804191045,52.3509850290868,8.268,2.965
11682,6.56789688060309,52.3509924009137,8.782,3.149
11683,6.56790571929574,52.3509997727405,9.614,3.447
11684,6.56791455798839,52.3510071445674,9.853,3.533
11685,6.56792339668104,52.3510145163943,8.646,3.1
11686,6.56793223537368,52.3510218882211,8.07,2.894
11687,6.56794107406633,52.351029260048,9.624,3.451
11688,6.56794991275898,52.3510366318748,9.109,3.266
11689,6.56795875145162,52.3510440037017,8.265,2.964
11690,6.56796759014427,52.3510513755285,7.217,2.588
11691,6.56797642883692,52.3510587473554,8.47,3.037
11692,6.56798526752956,52.3510661191823,8.753,3.139
11693,6.56799410622221,52.3510734910091,8.338,2.99
11694,6.56800294491486,52.351080862836,9.412,3.375
11695,6.56801178360751,52.3510882346628,8.516,3.054
11696,6.56802062230015,52.3510956064897,8.991,3.224
11697,6.5680294609928,52.3511029783165,10.37,3.718
11698,6.56803829824964,52.3511103519085,9.033,3.239
11699,6.56804713437478,52.3511177268916,8.886,3.186
11700,6.56805597049992,52.3511251018747,8.889,3.187
11701,6.56806480662505,52.3511324768578,9.327,3.344
11702,6.56807364275019,52.351139851841,9.245,3.315
11703,6.56808247887533,52.3511472268241,8.324,2.985
11704,6.56809119905081,52.3511547443457,8.663,3.106
11705,6.56809989873447,52.3511622870581,8.503,3.049
11706,6.56810859841813,52.3511698297705,8.72,3.127
11707,6.5681172981018,52.351177372483,9.952,3.568
11708,6.56812599778546,52.3511849151954,9.232,3.31
11709,6.56813469746912,52.3511924579078,8.813,3.16
11710,6.56814339715279,52.3512000006202,9.584,3.436
11711,6.56815209683645,52.3512075433327,8.954,3.211
11712,6.56816079652011,52.3512150860451,7.872,2.823
11713,6.56816949620377,52.3512226287575,9.806,3.516
11714,6.56817819588744,52.35123017147,8.727,3.129
11715,6.5681868955711,52.3512377141824,7.485,2.684
11716,6.56819559525476,52.3512452568948,7.864,2.82
11717,6.56820429493842,52.3512527996072,9.46,3.392
11718,6.56821299462209,52.3512603423197,7.859,2.818
11719,6.56822169430575,52.3512678850321,9.577,3.434
11720,6.56823039398941,52.3512754277445,8.824,3.164
11721,6.56823909367308,52.3512829704569,9.19,3.295
11722,6.56824779335674,52.3512905131694,8.613,3.088
11723,6.5682564930404,52.3512980558818,9.066,3.251
11724,6.56826519272406,52.3513055985942,8.939,3.205
11725,6.56827389240773,52.3513131413067,8.724,3.128
11726,6.56828259209139,52.3513206840191,8.115,2.91
11727,6.56829129177505,52.3513282267315,8.947,3.208
11728,6.56829999145871,52.3513357694439,7.663,2.748
11729,6.56830869114238,52.3513433121564,9.275,3.326
11730,6.56831739082604,52.3513508548688,8.838,3.169
11731,6.5683260905097,52.3513583975812,8.991,3.224
11732,6.56833479019337,52.3513659402937,7.175,2.573
11733,6.56834348987703,52.3513734830061,8.048,2.886
11734,6.56835218956069,52.3513810257185,8.41,3.015
11735,6.56836088924435,52.3513885684309,9.1,3.263
11736,6.56836958892802,52.3513961111434,8.146,2.921
11737,6.56837828861168,52.3514036538558,10.196,3.656
11738,6.56838698829534,52.3514111965682,8.54,3.062
11739,6.56839568797901,52.3514187392807,8.095,2.903
11740,6.56840438766267,52.3514262819931,8.581,3.077
11741,6.56841308734633,52.3514338247055,8.129,2.915
11742,6.56842178702999,52.3514413674179,7.99,2.865
11743,6.56843048671366,52.3514489101304,9.28,3.327
11744,6.56843918639732,52.3514564528428,8.986,3.222
11745,6.56844788608098,52.3514639955552,8.986,3.222
11746,6.56845658576464,52.3514715382677,9.433,3.382
11747,6.56846528544831,52.3514790809801,8.967,3.215
11748,6.56847398513197,52.3514866236925,8.053,2.887
11749,6.56848268481563,52.3514941664049,9.097,3.262
11750,6.5684913844993,52.3515017091174,8.018,2.875
11751,6.56850008418296,52.3515092518298,8.399,3.012
11752,6.56850878386662,52.3515167945422,8.654,3.103
11753,6.56851748355028,52.3515243372547,8.595,3.082
11754,6.56852618323395,52.3515318799671,7.629,2.735
11755,6.56853488291761,52.3515394226795,8.114,2.909
11756,6.56854358260127,52.3515469653919,8.671,3.109
11757,6.56855232968195,52.3515544498386,8.326,2.985
11758,6.56856119143491,52.3515617933171,9.349,3.352
11759,6.56857005318786,52.3515691367956,9.451,3.389
11760,6.56857891494081,52.3515764802741,8.031,2.88
11761,6.56858777669377,52.3515838237527,8.727,3.129
11762,6.56859663844672,52.3515911672312,9.625,3.451
11763,6.56860550019967,52.3515985107097,8.617,3.09
11764,6.56861436195263,52.3516058541882,8.459,3.033
11765,6.56862322370558,52.3516131976667,9.207,3.301
11766,6.56863208545853,52.3516205411453,8.542,3.063
11767,6.568640974866,52.3516278506277,9.454,3.39
11768,6.56864987237451,52.3516351501515,8.36,2.997
11769,6.56865876988303,52.3516424496752,8.433,3.024
11770,6.56866766739155,52.3516497491989,9.18,3.292
11771,6.56867656490006,52.3516570487227,8.778,3.147
11772,6.56868546240858,52.3516643482464,8.786,3.15
11773,6.5686943599171,52.3516716477701,7.603,2.726
11774,6.56870325742561,52.3516789472939,8.522,3.055
11775,6.56871215493413,52.3516862468176,9.241,3.314
11776,6.56872105244265,52.3516935463413,8.276,2.967
11777,6.56872994995116,52.3517008458651,9.153,3.282
11778,6.56873884745968,52.3517081453888,8.903,3.192
11779,6.5687477449682,52.3517154449125,8.632,3.095
11780,6.56875664247671,52.3517227444363,9.552,3.425
11781,6.56876553998523,52.35173004396,8.558,3.068
11782,6.56877443749375,52.3517373434838,8.603,3.085
11783,6.56878333500226,52.3517446430075,8.642,3.099
11784,6.56879223251078,52.3517519425312,8.818,3.162
11785,6.5688011300193,52.351759242055,9.226,3.308
11786,6.56881002752781,52.3517665415787,7.914,2.838
11787,6.56881892503633,52.3517738411024,9.295,3.333
11788,6.56882782254485,52.3517811406262,8.83,3.166
11789,6.56883672005336,52.3517884401499,9.12,3.27
11790,6.56884561756188,52.3517957396736,10.206,3.659
11791,6.5688545150704,52.3518030391974,8.503,3.049
11792,6.56886341257891,52.3518103387211,8.089,2.9
11793,6.56887231008743,52.3518176382448,8.928,3.201
11794,6.56888120759595,52.3518249377686,9.026,3.236
11795,6.56889010510446,52.3518322372923,9.337,3.348
11796,6.56889900261298,52.3518395368161,8.513,3.052
11797,6.56890790012149,52.3518468363398,8.346,2.993
11798,6.56891679763001,52.3518541358635,7.938,2.846
11799,6.56892569513853,52.3518614353873,8.041,2.883
11800,6.56893459264704,52.351868734911,8.606,3.086
11801,6.56894349015556,52.3518760344347,8.787,3.151
11802,6.56895238766408,52.3518833339585,10.076,3.613
11803,6.56896128517259,52.3518906334822,7.871,2.822
11804,6.56897018268111,52.3518979330059,9.069,3.252
11805,6.56897908018963,52.3519052325297,8.45,3.03
11806,6.56898797769814,52.3519125320534,9.014,3.232
11807,6.56899687520666,52.3519198315771,8.563,3.07
11808,6.56900577271518,52.3519271311009,9.503,3.407
11809,6.56901467022369,52.3519344306246,9.505,3.408
11810,6.56902356773221,52.3519417301483,8.839,3.169
11811,6.56903246524073,52.3519490296721,9.757,3.499
11812,6.56904136274924,52.3519563291958,9.364,3.357
11813,6.56905026025776,52.3519636287196,9.741,3.493
11814,6.56905915776628,52.3519709282433,8.903,3.192
11815,6.5690680552748,52.351978227767,9.494,3.404
11816,6.5690769475784,52.3519855336892,8.488,3.043
11817,6.5690858304512,52.3519928512048,8.434,3.024
11818,6.56909471332399,52.3520001687205,10.234,3.669
11819,6.56910359619679,52.3520074862361,8.319,2.983
11820,6.56911247906958,52.3520148037517,8.707,3.122
11821,6.56912136194238,52.3520221212673,7.853,2.816
11822,6.56913024481517,52.3520294387829,8.478,3.04
11823,6.56913912768797,52.3520367562986,8.397,3.011
11824,6.56914801056077,52.3520440738142,8.594,3.081
11825,6.56915689073481,52.3520513946474,9.171,3.288
11826,6.56916576740035,52.3520587197937,9.319,3.341
11827,6.56917464406588,52.35206604494,8.415,3.017
11828,6.56918352073141,52.3520733700863,8.549,3.065
11829,6.56919239739694,52.3520806952326,9.657,3.463
11830,6.56920127406248,52.3520880203789,10.029,3.596
11831,6.56921015072801,52.3520953455251,9.771,3.504
11832,6.56921902739354,52.3521026706714,8.071,2.894
11833,6.56922790405907,52.3521099958177,9.746,3.494
11834,6.56923678072461,52.352117320964,10.143,3.637
11835,6.56924565739014,52.3521246461103,8.062,2.891
11836,6.56925453405567,52.3521319712566,9.703,3.479
11837,6.5692634107212,52.3521392964029,9.206,3.301
11838,6.56927228738674,52.3521466215492,8.888,3.187
11839,6.56928116405227,52.3521539466955,9.15,3.281
11840,6.5692900407178,52.3521612718418,9.356,3.355
11841,6.56929891738334,52.352168596988,9.783,3.508
11842,6.56930779404887,52.3521759221343,9.76,3.5
11843,6.5693166707144,52.3521832472806,8.231,2.951
11844,6.56932554737993,52.3521905724269,8.744,3.135
11845,6.56933442404547,52.3521978975732,9.188,3.294
11846,6.569343300711,52.3522052227195,10.065,3.609
11847,6.56935217737653,52.3522125478658,7.544,2.705
11848,6.56936105404206,52.3522198730121,8.797,3.154
11849,6.5693699307076,52.3522271981584,8.266,2.964
11850,6.56937880737313,52.3522345233046,8.368,3.0
11851,6.56938768403866,52.3522418484509,9.761,3.5
11852,6.56939656070419,52.3522491735972,8.877,3.183
11853,6.56940531461909,52.3522566496425,7.826,2.806
11854,6.56941402879096,52.3522641745444,9.114,3.268
11855,6.56942268856703,52.3522717663157,10.413,3.734
11856,6.5694313145727,52.3522793996015,8.162,2.927
11857,6.56943994057837,52.3522870328872,9.547,3.423
11858,6.56944856658404,52.352294666173,10.165,3.645
11859,6.56945719258971,52.3523022994587,9.223,3.307
11860,6.56946581859538,52.3523099327445,10.395,3.727
11861,6.56947444460105,52.3523175660303,8.883,3.185
11862,6.56948307060672,52.352325199316,10.131,3.633
11863,6.56949169661238,52.3523328326018,10.002,3.586
11864,6.56950032261805,52.3523404658875,9.281,3.328
11865,6.56950896127036,52.3523480836266,8.436,3.025
11866,6.5695176078725,52.3523556915928,8.732,3.131
11867,6.56952625447464,52.3523632995591,7.953,2.851
11868,6.56953490107678,52.3523709075253,9.691,3.475
11869,6.56954354767893,52.3523785154915,9.631,3.453
11870,6.56955219428107,52.3523861234578,9.41,3.374
11871,6.56956084088321,52.352393731424,9.302,3.335
11872,6.56956948748535,52.3524013393903,10.184,3.651
11873,6.56957813408749,52.3524089473565,9.572,3.432
11874,6.56958678068964,52.3524165553227,9.082,3.256
11875,6.56959542729178,52.352424163289,9.506,3.408
11876,6.56960407389392,52.3524317712552,10.635,3.813
11877,6.56961272049606,52.3524393792215,9.809,3.517
11878,6.56962136683032,52.352446987517,9.225,3.308
11879,6.56963001276479,52.352454596304,9.441,3.385
11880,6.56963865869925,52.3524622050911,9.752,3.497
11881,6.56964730463372,52.3524698138781,9.244,3.314
11882,6.56965595056818,52.3524774226651,9.204,3.3
11883,6.56966459650265,52.3524850314521,9.51,3.41
11884,6.56967324243711,52.3524926402391,10.423,3.737
11885,6.56968188837158,52.3525002490262,10.008,3.588
11886,6.56969063669358,52.3525077319469,9.315,3.34
11887,6.56969964486171,52.3525148954353,10.08,3.614
11888,6.56970865302984,52.3525220589237,9.588,3.438
11889,6.56971766119797,52.3525292224121,9.799,3.513
11890,6.56972666936611,52.3525363859005,9.759,3.499
11891,6.56973567753424,52.3525435493889,8.383,3.006
11892,6.56974468570237,52.3525507128773,7.846,2.813
11893,6.5697536938705,52.3525578763658,9.785,3.509
11894,6.56976270203864,52.3525650398542,9.165,3.286
11895,6.56977171020677,52.3525722033426,8.717,3.125
11896,6.5697807183749,52.352579366831,9.212,3.303
11897,6.56978972654303,52.3525865303194,10.254,3.677
11898,6.56979873471116,52.3525936938078,9.936,3.562
11899,6.56980774287929,52.3526008572963,10.194,3.655
11900,6.56981675104743,52.3526080207847,10.022,3.593
11901,6.56982575921556,52.3526151842731,9.23,3.31
11902,6.56983476738369,52.3526223477615,10.243,3.673
11903,6.56984377555182,52.3526295112499,10.146,3.638
11904,6.56985278371996,52.3526366747383,9.748,3.495
11905,6.56986179188809,52.3526438382268,9.868,3.538
11906,6.56987080005622,52.3526510017152,10.315,3.699
11907,6.56987980822435,52.3526581652036,9.424,3.379
11908,6.56988881639248,52.352665328692,10.521,3.772
11909,6.56989782456062,52.3526724921804,10.23,3.668
11910,6.56990683259028,52.3526796558391,9.915,3.555
11911,6.56991584018585,52.3526868200313,10.831,3.884
11912,6.56992484778142,52.3526939842236,9.186,3.294
11913,6.56993384689386,52.3527011588443,9.694,3.476
11914,6.56994283466777,52.3527083474036,9.58,3.435
11915,6.56995182244169,52.3527155359629,10.209,3.66
11916,6.5699608102156,52.3527227245222,10.711,3.84
11917,6.56996979798951,52.3527299130815,9.454,3.39
11918,6.56997878576343,52.3527371016408,11.994,4.3
11919,6.56998777353734,52.3527442902001,9.677,3.47
11920,6.56999676131126,52.3527514787594,10.297,3.692
11921,6.57000574908517,52.3527586673187,10.104,3.623
11922,6.57001473685908,52.352765855878,10.147,3.638
11923,6.570023724633,52.3527730444373,9.672,3.468
11924,6.57003271240691,52.3527802329966,10.783,3.866
11925,6.57004170018083,52.3527874215559,9.671,3.468
11926,6.57005068795474,52.3527946101152,9.151,3.281
11927,6.57005967572865,52.3528017986744,9.55,3.424
11928,6.57006866350257,52.3528089872337,11.078,3.972
11929,6.57007765127648,52.352816175793,10.982,3.938
11930,6.57008665449451,52.3528233453667,9.084,3.257
11931,6.5700956583271,52.3528305141848,10.762,3.859
11932,6.57010464407653,52.3528377052329,9.136,3.276
11933,6.57011362947602,52.3528448967111,10.304,3.695
11934,6.57012261297158,52.3528520905298,9.628,3.452
11935,6.57013159272426,52.3528592889497,10.881,3.902
11936,6.57014056691659,52.352866494205,10.702,3.837
11937,6.57014954110893,52.3528736994603,10.971,3.934
11938,6.57015853110959,52.3528808852823,10.24,3.672
11939,6.57016757337713,52.3528880068518,10.32,3.7
11940,6.57017681437938,52.3528948841142,9.569,3.431
11941,6.57018605538163,52.3529017613766,9.864,3.537
11942,6.57019528980059,52.3529086467319,11.047,3.961
11943,6.57020454110293,52.3529155113322,10.724,3.845
11944,6.57021353981504,52.352922686445,10.588,3.797
11945,6.57022214199716,52.3529303490174,11.288,4.048
11946,6.57023074417928,52.3529380115897,9.8,3.514
11947,6.57023934636141,52.3529456741621,11.008,3.947
11948,6.5702479460334,52.3529533398202,9.91,3.553
11949,6.57025654005029,52.3529610124302,11.492,4.12
11950,6.57026513406718,52.3529686850401,10.962,3.93
11951,6.57027415139092,52.3529758372734,11.228,4.026
11952,6.57028329528393,52.3529828339135,10.267,3.681
11953,6.57029241773977,52.3529898569065,11.982,4.296
11954,6.5703014020697,52.3529970496995,11.893,4.264
11955,6.57031084851965,52.3530036744024,10.99,3.941
11956,6.57032039266849,52.3530101790027,11.447,4.105
11957,6.57032993681734,52.3530166836029,10.598,3.8
11958,6.57033934683527,52.3530233530921,10.049,3.603
11959,6.57034862587462,52.353030183595,11.282,4.045
11960,6.57035790491398,52.3530370140978,10.292,3.69
11961,6.57036718395334,52.3530438446007,11.622,4.167
11962,6.57037646299269,52.3530506751036,11.487,4.119
11963,6.57038574203205,52.3530575056064,11.028,3.954
11964,6.5703950210714,52.3530643361093,11.014,3.949
11965,6.57040430011076,52.3530711666121,11.51,4.127
11966,6.57041357915011,52.353077997115,11.108,3.983
11967,6.57042281974477,52.3530848748784,10.728,3.847
11968,6.57043153405113,52.353092399615,10.094,3.619
11969,6.57044024835749,52.3530999243515,11.567,4.148
11970,6.57044896266385,52.3531074490881,11.238,4.029
11971,6.57045767697022,52.3531149738246,12.662,4.54
11972,6.57046639127658,52.3531224985612,11.003,3.945
11973,6.57047510558294,52.3531300232978,11.256,4.036
11974,6.5704838198893,52.3531375480343,11.289,4.048
11975,6.57049253419566,52.3531450727709,11.498,4.123
11976,6.57050124850202,52.3531525975074,10.566,3.788
11977,6.57050996280838,52.353160122244,11.108,3.983
11978,6.57051880812877,52.3531674859233,11.658,4.18
11979,6.57052788588411,52.3531745638672,10.994,3.942
11980,6.57053696363945,52.3531816418111,11.673,4.185
11981,6.57054604139479,52.3531887197551,11.284,4.046
11982,6.57055511915012,52.353195797699,11.481,4.117
11983,6.57056419690546,52.353202875643,11.94,4.281
11984,6.57057311612588,52.353210148476,11.148,3.997
11985,6.5705817748337,52.3532177415606,10.446,3.745
11986,6.57059043354153,52.3532253346451,11.161,4.002
11987,6.57059909224936,52.3532329277297,10.85,3.89
11988,6.57060775095719,52.3532405208142,10.104,3.623
11989,6.57061640966502,52.3532481138988,11.309,4.055
11990,6.57062506837285,52.3532557069834,11.507,4.126
11991,6.57063372708068,52.3532633000679,12.008,4.305
11992,6.57064238578851,52.3532708931525,10.755,3.856
11993,6.57065104449634,52.353278486237,11.495,4.122
11994,6.57065970320417,52.3532860793216,12.124,4.347
11995,6.57066836191199,52.3532936724062,11.14,3.994
11996,6.57067702061982,52.3533012654907,11.811,4.235
11997,6.57068567932765,52.3533088585753,12.453,4.465
11998,6.57069433803548,52.3533164516598,10.435,3.742
11999,6.57070299674331,52.3533240447444,11.708,4.198
12000,6.57071165754945,52.3533316352495,12.249,4.392
12001,6.57072057525477,52.353338909945,11.376,4.079
12002,6.57072949296009,52.3533461846406,12.415,4.452
12003,6.57073841066541,52.3533534593361,11.99,4.299
12004,6.57074732837073,52.3533607340316,12.675,4.545
12005,6.57075624607606,52.3533680087272,11.994,4.3
12006,6.57076516378138,52.3533752834227,12.758,4.574
12007,6.5707740814867,52.3533825581182,11.862,4.253
12008,6.57078299919202,52.3533898328138,10.898,3.908
12009,6.57079191689734,52.3533971075093,11.348,4.069
12010,6.57080083460267,52.3534043822049,12.335,4.423
12011,6.57080975230799,52.3534116569004,12.34,4.425
12012,6.57081867001331,52.3534189315959,11.587,4.155
12013,6.57082758771863,52.3534262062915,12.848,4.607
12014,6.57083640564127,52.3534336036512,11.595,4.157
12015,6.57084503837873,52.3534412286614,12.091,4.335
12016,6.57085367111618,52.3534488536717,12.092,4.336
12017,6.57086230385364,52.353456478682,11.07,3.969
12018,6.5708709365911,52.3534641036923,11.804,4.233
12019,6.57087956932856,52.3534717287026,13.286,4.764
12020,6.57088820206602,52.3534793537128,11.36,4.073
12021,6.57089683480348,52.3534869787231,12.287,4.405
12022,6.57090546754094,52.3534946037334,11.256,4.036
12023,6.57091415156681,52.3535021656941,11.403,4.089
12024,6.57092291831998,52.3535096259571,11.136,3.993
12025,6.57093168507314,52.3535170862201,12.538,4.496
12026,6.57094045182631,52.3535245464832,11.488,4.119
12027,6.57094921857948,52.3535320067462,12.762,4.576
12028,6.57095798533264,52.3535394670092,11.721,4.203
12029,6.57096675208581,52.3535469272722,12.125,4.347
12030,6.57097551883898,52.3535543875352,12.308,4.413
12031,6.57098428559214,52.3535618477982,11.131,3.991
12032,6.57099305234531,52.3535693080612,12.218,4.381
12033,6.57100181909848,52.3535767683242,12.32,4.417
12034,6.57101058585164,52.3535842285872,12.801,4.59
12035,6.57101935260481,52.3535916888502,11.582,4.153
12036,6.57102811935798,52.3535991491132,11.682,4.189
12037,6.57103688611114,52.3536066093762,12.567,4.506
12038,6.57104565286431,52.3536140696392,13.025,4.67
12039,6.57105441961748,52.3536215299022,11.862,4.253
12040,6.57106318637064,52.3536289901652,11.501,4.124
12041,6.57107195312381,52.3536364504282,12.057,4.323
12042,6.57108071987698,52.3536439106912,11.663,4.182
12043,6.57108948663014,52.3536513709542,12.509,4.485
12044,6.57109809566451,52.353659025103,11.656,4.179
12045,6.57110642547957,52.3536670224998,12.88,4.618
12046,6.57111475529463,52.3536750198966,12.449,4.464
12047,6.57112308510968,52.3536830172933,12.93,4.636
12048,6.57113141492474,52.3536910146901,10.931,3.919
12049,6.5711397447398,52.3536990120869,11.338,4.065
12050,6.57114835185403,52.3537066685961,13.149,4.715
12051,6.57115706046073,52.3537142003393,11.982,4.296
12052,6.57116576906742,52.3537217320826,11.559,4.144
12053,6.57117447767411,52.3537292638258,12.318,4.417
12054,6.57118318628081,52.353736795569,12.596,4.516
12055,6.5711918948875,52.3537443273123,12.377,4.438
12056,6.57120060349419,52.3537518590555,12.761,4.576
12057,6.57120931210089,52.3537593907987,12.698,4.553
12058,6.57121802070758,52.353766922542,12.684,4.548
12059,6.57122672931427,52.3537744542852,13.328,4.779
12060,6.57123553906544,52.3537818616902,12.544,4.498
12061,6.57124436744919,52.3537892461899,12.543,4.497
12062,6.57125319583294,52.3537966306896,13.057,4.682
12063,6.57126202421668,52.3538040151893,12.927,4.635
12064,6.57127085260043,52.3538113996891,12.088,4.334
12065,6.57127968098418,52.3538187841888,12.581,4.511
12066,6.57128850936793,52.3538261686885,12.91,4.629
12067,6.57129733775168,52.3538335531882,12.324,4.419
12068,6.57130616613542,52.3538409376879,12.369,4.435
12069,6.57131499451917,52.3538483221877,11.884,4.261
12070,6.57132382290292,52.3538557066874,11.024,3.953
12071,6.57133265128667,52.3538630911871,12.517,4.488
12072,6.57134147967042,52.3538704756868,12.829,4.6
12073,6.57135030805417,52.3538778601866,12.127,4.348
12074,6.57135913643791,52.3538852446863,13.599,4.876
12075,6.57136796482166,52.353892629186,12.19,4.371
12076,6.57137679320541,52.3539000136857,13.36,4.79
12077,6.57138562158916,52.3539073981854,13.087,4.692
12078,6.57139444997291,52.3539147826852,14.138,5.069
12079,6.57140327835666,52.3539221671849,13.193,4.731
12080,6.57141209979258,52.3539295602257,12.043,4.318
12081,6.5714209212127,52.3539369532859,13.531,4.852
12082,6.57142974263282,52.3539443463461,13.927,4.994
12083,6.57143856405293,52.3539517394063,11.905,4.269
12084,6.57144738547305,52.3539591324665,13.341,4.784
12085,6.57145620689317,52.3539665255267,13.489,4.837
12086,6.57146502831329,52.3539739185869,12.876,4.617
12087,6.57147384973341,52.3539813116471,11.595,4.158
12088,6.57148267115352,52.3539887047073,12.864,4.612
12089,6.57149149257364,52.3539960977675,12.715,4.559
12090,6.57150042724043,52.3540033516121,13.974,5.011
12091,6.57150939301144,52.3540105672198,13.041,4.676
12092,6.57151835878245,52.3540177828276,12.869,4.614
12093,6.57152732455347,52.3540249984353,12.786,4.584
12094,6.57153629032448,52.3540322140431,13.341,4.784
12095,6.57154525609549,52.3540394296508,13.202,4.734
12096,6.5715542218665,52.3540466452586,12.723,4.562
12097,6.57156318763752,52.3540538608664,13.362,4.791
12098,6.57157215340853,52.3540610764741,12.898,4.625
12099,6.57158111917954,52.3540682920818,11.72,4.202
12100,6.57159008495055,52.3540755076896,13.657,4.897
12101,6.57159905072157,52.3540827232974,13.62,4.884
12102,6.57160801649258,52.3540899389051,13.42,4.812
12103,6.57161698226359,52.3540971545129,13.062,4.683
12104,6.5716259480346,52.3541043701206,13.299,4.769
12105,6.57163491380562,52.3541115857284,13.843,4.964
12106,6.57164387957663,52.3541188013361,13.009,4.665
12107,6.57165281532208,52.3541260538547,13.906,4.986
12108,6.57166173316042,52.3541333283867,12.553,4.501
12109,6.57167065099877,52.3541406029187,13.539,4.855
12110,6.57167956883711,52.3541478774507,13.476,4.832
12111,6.57168848667545,52.3541551519827,14.07,5.045
12112,6.57169740451379,52.3541624265147,12.96,4.647
12113,6.57170632235214,52.3541697010468,13.044,4.677
12114,6.57171524019048,52.3541769755788,12.721,4.561
12115,6.57172415802882,52.3541842501108,13.228,4.743
12116,6.57173307586717,52.3541915246428,13.731,4.923
12117,6.57174231474788,52.3541984045132,12.544,4.498
12118,6.57175173322635,52.3542050636017,13.361,4.791
12119,6.57176115170482,52.3542117226903,14.001,5.02
12120,6.57177057018328,52.3542183817788,13.602,4.877
12121,6.57177847932538,52.3542268963144,13.727,4.922
12122,6.57178722459493,52.3542343829874,12.817,4.596
12123,6.57179596986449,52.3542418696605,13.665,4.9
12124,6.57180471513405,52.3542493563336,13.761,4.934
12125,6.57181346040361,52.3542568430067,13.668,4.901
12126,6.57182220567317,52.3542643296798,13.875,4.975
12127,6.57183095094272,52.3542718163529,13.624,4.885
12128,6.57183969621228,52.354279303026,13.558,4.861
12129,6.57184844148184,52.3542867896991,13.235,4.745
12130,6.5718571867514,52.3542942763722,14.44,5.177
12131,6.57186593202096,52.3543017630452,13.166,4.721
12132,6.57187467729051,52.3543092497183,14.0,5.02
12133,6.57188342256007,52.3543167363914,14.994,5.376
12134,6.57189216782963,52.3543242230645,14.596,5.234
12135,6.57190091309919,52.3543317097376,14.268,5.116
12136,6.57190968390421,52.3543391650196,14.136,5.069
12137,6.57191849485493,52.35434657095,13.934,4.996
12138,6.57192730580566,52.3543539768803,13.499,4.84
12139,6.57193611675639,52.3543613828107,13.901,4.984
12140,6.57194492770712,52.354368788741,14.408,5.166
12141,6.57195373865785,52.3543761946714,14.319,5.134
12142,6.57196254960858,52.3543836006018,14.574,5.226
12143,6.57197136055931,52.3543910065321,14.847,5.324
12144,6.57198017151004,52.3543984124625,14.057,5.04
12145,6.57198898246077,52.3544058183928,14.283,5.121
12146,6.5719977934115,52.3544132243232,13.073,4.687
12147,6.57200660436223,52.3544206302536,15.536,5.571
12148,6.57201541531296,52.3544280361839,13.986,5.015
12149,6.57202422626369,52.3544354421143,14.632,5.246
12150,6.57203303721442,52.3544428480447,14.024,5.029
12151,6.57204184816515,52.354450253975,14.03,5.031
12152,6.57205065911588,52.3544576599054,14.167,5.08
12153,6.57205947006661,52.3544650658357,13.594,4.874
12154,6.57206828101734,52.3544724717661,12.886,4.621
12155,6.57207709196807,52.3544798776965,15.046,5.395
12156,6.5720859029188,52.3544872836268,14.704,5.272
12157,6.57209471386953,52.3544946895572,13.863,4.971
12158,6.57210333681657,52.3545023266029,14.686,5.266
12159,6.57211187219624,52.3545100712964,14.924,5.351
12160,6.5721204075759,52.3545178159899,14.05,5.038
12161,6.57212894295557,52.3545255606834,14.718,5.277
12162,6.57213747833524,52.3545333053769,15.086,5.409
12163,6.57214601371491,52.3545410500704,13.666,4.9
12164,6.57215454909457,52.3545487947639,14.844,5.322
12165,6.57216308447424,52.3545565394574,14.762,5.293
12166,6.57217161985391,52.3545642841509,15.672,5.619
12167,6.57217982782405,52.3545724313332,14.911,5.346
12168,6.57218795615299,52.3545806764195,14.359,5.149
12169,6.57219608448192,52.3545889215058,14.444,5.179
12170,6.57220421281085,52.3545971665921,15.825,5.674
12171,6.57221234113979,52.3546054116784,14.444,5.179
12172,6.57222046946872,52.3546136567647,15.014,5.383
12173,6.57222859779766,52.354621901851,14.546,5.215
12174,6.57223672612659,52.3546301469373,15.338,5.5
12175,6.57224491109239,52.3546383223992,15.384,5.516
12176,6.57225335722209,52.3546461768088,14.722,5.279
12177,6.57226180335178,52.3546540312185,14.512,5.204
12178,6.57227024948148,52.3546618856281,14.514,5.204
12179,6.57227869561118,52.3546697400378,13.768,4.937
12180,6.57228714174087,52.3546775944474,14.858,5.328
12181,6.57229558787057,52.3546854488571,14.862,5.329
12182,6.57230403400026,52.3546933032667,14.35,5.145
12183,6.57231248012996,52.3547011576764,13.767,4.936
12184,6.57232092625966,52.354709012086,14.982,5.372
12185,6.57232937238935,52.3547168664957,15.071,5.404
12186,6.57233781851905,52.3547247209053,15.123,5.422
12187,6.57234626464875,52.354732575315,14.323,5.136
12188,6.57235471077844,52.3547404297246,15.153,5.433
12189,6.57236315690814,52.3547482841343,14.829,5.317
12190,6.57237202051826,52.3547556253298,15.457,5.542
12191,6.57238092962825,52.3547629105917,14.39,5.159
12192,6.57238983873824,52.3547701958536,15.653,5.613
12193,6.57239874784822,52.3547774811154,15.879,5.693
12194,6.57240765695821,52.3547847663773,15.073,5.404
12195,6.5724165660682,52.3547920516392,15.255,5.47
12196,6.57242547517818,52.3547993369011,15.492,5.555
12197,6.57243438428817,52.354806622163,14.442,5.178
12198,6.57244329339816,52.3548139074249,14.772,5.297
12199,6.57245220250815,52.3548211926868,15.179,5.443
12200,6.57246111161813,52.3548284779487,16.276,5.836
12201,6.57247002072812,52.3548357632106,14.393,5.161
12202,6.57247892983811,52.3548430484725,16.072,5.763
12203,6.57248783894809,52.3548503337344,15.008,5.381
12204,6.57249674805808,52.3548576189963,15.114,5.419
12205,6.57250565716807,52.3548649042582,15.863,5.688
12206,6.57251456627805,52.3548721895201,16.348,5.862
12207,6.57252347538804,52.354879474782,15.419,5.529
12208,6.57253238449803,52.3548867600439,15.868,5.689
12209,6.57254129360802,52.3548940453058,14.653,5.254
12210,6.572550202718,52.3549013305677,14.895,5.341
12211,6.57255911182799,52.3549086158296,14.422,5.171
12212,6.57256802093798,52.3549159010915,14.926,5.352
12213,6.57257693004796,52.3549231863534,15.573,5.584
12214,6.57258583915795,52.3549304716153,15.377,5.513
12215,6.57259474826794,52.3549377568771,16.279,5.837
12216,6.57260365737792,52.354945042139,16.483,5.91
12217,6.57261256648791,52.3549523274009,15.205,5.452
12218,6.5726214755979,52.3549596126628,14.897,5.341
12219,6.57263038470788,52.3549668979247,15.989,5.733
12220,6.57263929381787,52.3549741831866,16.061,5.759
12221,6.57264820292786,52.3549814684485,15.588,5.589
12222,6.57265711203785,52.3549887537104,15.754,5.649
12223,6.57266596674981,52.3549961058445,15.673,5.62
12224,6.57267480752699,52.3550034751088,14.779,5.299
12225,6.57268364830417,52.3550108443731,14.654,5.254
12226,6.57269248908135,52.3550182136375,15.351,5.504
12227,6.57270132985853,52.3550255829018,15.273,5.476
12228,6.57271017063571,52.3550329521661,15.564,5.581
12229,6.57271901141289,52.3550403214304,15.334,5.498
12230,6.57272785219007,52.3550476906947,14.42,5.17
12231,6.57273669296725,52.355055059959,14.19,5.088
12232,6.57274553374443,52.3550624292233,15.876,5.692
12233,6.57275437452161,52.3550697984876,15.062,5.401
12234,6.57276321529879,52.355077167752,15.325,5.495
12235,6.57277205607597,52.3550845370163,15.144,5.43
12236,6.57278089685315,52.3550919062806,14.945,5.359
12237,6.57278973763033,52.3550992755449,14.939,5.356
12238,6.57279857840751,52.3551066448092,16.101,5.773
12239,6.5728074191847,52.3551140140735,15.371,5.511
12240,6.57281625996188,52.3551213833378,15.894,5.699
12241,6.57282510073906,52.3551287526021,15.983,5.731
12242,6.57283394151624,52.3551361218665,15.727,5.639
12243,6.57284278229342,52.3551434911308,16.022,5.745
12244,6.5728516230706,52.3551508603951,15.569,5.582
12245,6.57286046384778,52.3551582296594,16.372,5.87
12246,6.57286966142231,52.355165160308,16.064,5.76
12247,6.57288027460454,52.3551703507315,16.152,5.791
12248,6.57289088778678,52.355175541155,15.047,5.395
12249,6.57290149812444,52.3551807350754,15.764,5.652
12250,6.57291176335089,52.3551863532455,14.54,5.213
12251,6.57292126090088,52.3551929151303,16.453,5.899
12252,6.57293018709897,52.3552001793856,15.272,5.476
12253,6.57293911329706,52.3552074436409,15.363,5.509
12254,6.57294803949515,52.3552147078961,14.854,5.326
12255,6.57295696569323,52.3552219721514,15.647,5.61
12256,6.57296589189132,52.3552292364067,15.52,5.565
12257,6.57297481808941,52.3552365006619,16.76,6.01
12258,6.5729837442875,52.3552437649172,16.204,5.81
12259,6.57299267048559,52.3552510291725,15.406,5.524
12260,6.57300159668368,52.3552582934277,14.738,5.285
12261,6.57301052288176,52.355265557683,14.385,5.158
12262,6.57301944907985,52.3552728219383,15.135,5.427
12263,6.57302837527794,52.3552800861936,14.966,5.366
12264,6.57303730147603,52.3552873504488,15.964,5.724
12265,6.57304622767412,52.3552946147041,15.684,5.624
12266,6.5730551538722,52.3553018789594,15.79,5.662
12267,6.57306408007029,52.3553091432146,15.232,5.462
12268,6.57307300626838,52.3553164074699,15.89,5.697
12269,6.57308193246647,52.3553236717252,14.976,5.37
12270,6.57309085866456,52.3553309359804,15.77,5.654
12271,6.57309978486265,52.3553382002357,16.32,5.852
12272,6.57310871106073,52.355345464491,15.628,5.603
12273,6.57311763725882,52.3553527287462,16.114,5.778
12274,6.57312656290497,52.35535999368,14.702,5.271
12275,6.57313548380874,52.3553672644437,14.665,5.258
12276,6.57314440471251,52.3553745352073,16.078,5.765
12277,6.57315332561627,52.3553818059709,16.513,5.921
12278,6.57316220533509,52.3553891273638,15.768,5.654
12279,6.57317085069347,52.355396736859,17.18,6.16
12280,6.57317885808719,52.3554051306126,15.081,5.407
12281,6.57318686548091,52.3554135243661,15.541,5.572
12282,6.57319487287463,52.3554219181197,16.035,5.749
12283,6.57320419961653,52.3554286899812,16.237,5.822
12284,6.57321372070086,52.355435222935,15.631,5.605
12285,6.5732232417852,52.3554417558887,15.363,5.509
12286,6.57323213407417,52.3554490618289,16.362,5.867
12287,6.5732409464544,52.355456466002,16.088,5.768
12288,6.57324975883462,52.3554638701751,15.818,5.672
12289,6.57325857121484,52.3554712743481,16.326,5.854
12290,6.57326738359507,52.3554786785212,15.964,5.724
12291,6.57327619597529,52.3554860826942,15.974,5.727
12292,6.57328500835551,52.3554934868673,15.964,5.724
12293,6.57329382073574,52.3555008910404,15.596,5.592
12294,6.57330263311596,52.3555082952134,15.549,5.575
12295,6.57331144549619,52.3555156993865,15.794,5.663
12296,6.57332025787641,52.3555231035596,16.134,5.785
12297,6.57332907025663,52.3555305077326,15.027,5.388
12298,6.57333788156157,52.3555379132276,16.695,5.986
12299,6.57334666583098,52.3555453519576,16.162,5.795
12300,6.57335545010038,52.3555527906877,15.537,5.571
12301,6.57336423436978,52.3555602294178,17.126,6.141
12302,6.57337301950642,52.3555676670817,16.212,5.813
12303,6.5733818053518,52.3555751038744,15.415,5.527
12304,6.57339059119719,52.3555825406671,17.137,6.145
12305,6.57339937704257,52.3555899774598,17.022,6.103
12306,6.57340816288795,52.3555974142525,15.703,5.63
12307,6.57341694873333,52.3556048510452,16.06,5.758
12308,6.57342573457871,52.3556122878379,15.993,5.734
12309,6.5734345204241,52.3556197246306,15.163,5.437
12310,6.57344330626948,52.3556271614233,16.478,5.908
12311,6.57345184762947,52.3556348987651,16.796,6.023
12312,6.57346032066977,52.3556427200932,16.698,5.987
12313,6.57346869194982,52.3556506665165,16.344,5.86
12314,6.57347642708605,52.3556593949597,16.891,6.056
12315,6.57348416222228,52.355668123403,15.682,5.623
12316,6.57349403625433,52.3556742224735,17.432,6.25
12317,6.57350450050229,52.3556795959839,15.921,5.709
12318,6.57351381954921,52.3556863773049,15.999,5.736
12319,6.5735225211867,52.3556939176155,16.062,5.759
12320,6.57353122282419,52.355701457926,16.031,5.748
12321,6.57353992446168,52.3557089982366,16.312,5.849
12322,6.57354862609917,52.3557165385472,16.302,5.845
12323,6.57355732773666,52.3557240788577,16.527,5.926
12324,6.57356602937414,52.3557316191683,15.981,5.73
12325,6.57357473101163,52.3557391594788,16.573,5.943
12326,6.57358343264912,52.3557466997894,15.847,5.682
12327,6.57359213428661,52.3557542401,16.931,6.071
12328,6.5736008359241,52.3557617804105,16.936,6.073
12329,6.57360953756159,52.3557693207211,16.522,5.924
12330,6.57361823919908,52.3557768610317,16.155,5.793
12331,6.57362694083657,52.3557844013422,16.733,6.0
12332,6.57363564247406,52.3557919416528,16.04,5.751
12333,6.57364434411155,52.3557994819634,16.595,5.95
12334,6.57365304574903,52.3558070222739,16.497,5.915
12335,6.57366174738652,52.3558145625845,18.145,6.506
12336,6.57367044902401,52.355822102895,15.889,5.697
12337,6.5736791506615,52.3558296432056,15.054,5.398
12338,6.57368716064624,52.355838033774,16.26,5.83
12339,6.57369744749385,52.3558436253649,15.638,5.607
12340,6.57370683518765,52.3558503222974,16.231,5.82
12341,6.57371565059809,52.3558577227454,15.907,5.704
12342,6.57372446600853,52.3558651231934,16.15,5.791
12343,6.57373328141897,52.3558725236414,16.067,5.761
12344,6.57374209682941,52.3558799240894,17.271,6.193
12345,6.57375091223985,52.3558873245373,16.688,5.984
12346,6.57375972765029,52.3558947249853,17.36,6.225
12347,6.57376854306073,52.3559021254333,16.763,6.01
12348,6.57377735847117,52.3559095258813,17.296,6.202
12349,6.57378617388161,52.3559169263293,16.583,5.946
12350,6.57379498929205,52.3559243267772,17.71,6.35
12351,6.5738038047025,52.3559317272252,17.059,6.117
12352,6.57381262011294,52.3559391276732,16.334,5.857
12353,6.57382143552338,52.3559465281212,17.168,6.156
12354,6.57383025093382,52.3559539285692,16.83,6.034
12355,6.57383906634426,52.3559613290171,16.705,5.99
12356,6.5738478817547,52.3559687294651,16.891,6.056
12357,6.57385669716514,52.3559761299131,17.286,6.198
12358,6.57386551257558,52.3559835303611,15.608,5.597
12359,6.57387432798602,52.355990930809,16.657,5.972
12360,6.57388314339646,52.355998331257,17.274,6.194
12361,6.5738919588069,52.356005731705,17.028,6.106
12362,6.57390077421734,52.356013132153,16.229,5.819
12363,6.57390958962778,52.356020532601,15.508,5.56
12364,6.57391840503823,52.3560279330489,17.909,6.421
12365,6.57392722044867,52.3560353334969,16.807,6.026
12366,6.57393602186725,52.3560427511453,17.816,6.388
12367,6.5739447777861,52.356050224727,17.402,6.239
12368,6.57395353370495,52.3560576983088,16.475,5.907
12369,6.5739622896238,52.3560651718906,15.479,5.55
12370,6.57397104554265,52.3560726454724,16.686,5.983
12371,6.57397980146151,52.3560801190541,16.943,6.075
12372,6.57398855738036,52.3560875926359,17.237,6.181
12373,6.57399731329921,52.3560950662177,16.326,5.854
12374,6.57400606921806,52.3561025397995,17.091,6.128
12375,6.57401482513691,52.3561100133812,17.097,6.13
12376,6.57402358105576,52.356117486963,17.579,6.303
12377,6.57403233697462,52.3561249605448,16.824,6.033
12378,6.57404109289347,52.3561324341265,17.271,6.193
12379,6.57404984881232,52.3561399077083,17.186,6.162
12380,6.57405782275734,52.3561483425808,17.537,6.288
12381,6.5740655578494,52.3561570710784,16.545,5.932
12382,6.57407424312895,52.3561646314979,15.226,5.459
12383,6.57408425301207,52.356170563565,16.898,6.059
12384,6.57409403317539,52.3561767780295,16.906,6.062
12385,6.5741027807411,52.3561842618799,16.365,5.868
12386,6.57411152830681,52.3561917457303,16.163,5.795
12387,6.57412027587253,52.3561992295807,16.715,5.993
12388,6.57412902343824,52.3562067134311,16.989,6.092
12389,6.57413777100395,52.3562141972815,17.116,6.137
12390,6.57414651856966,52.3562216811319,15.719,5.636
12391,6.57415526613537,52.3562291649823,16.035,5.749
12392,6.57416401370108,52.3562366488327,17.733,6.358
12393,6.57417276126679,52.3562441326831,16.959,6.081
12394,6.57418150883251,52.3562516165335,17.071,6.121
12395,6.57419025639822,52.3562591003839,16.29,5.841
12396,6.57419900396393,52.3562665842343,17.073,6.122
12397,6.57420775152964,52.3562740680847,16.856,6.044
12398,6.57421649909535,52.3562815519351,16.714,5.993
12399,6.57422524666106,52.3562890357855,16.219,5.816
12400,6.57423399422677,52.3562965196359,16.569,5.941
12401,6.57424274179249,52.3563040034863,18.239,6.54
12402,6.5742514893582,52.3563114873367,16.874,6.05
12403,6.57426023692391,52.3563189711871,17.544,6.29
12404,6.57426898448962,52.3563264550375,16.963,6.082
12405,6.57427773205533,52.3563339388879,16.895,6.058
12406,6.57428647962104,52.3563414227383,16.703,5.989
12407,6.57429522718675,52.3563489065887,17.867,6.406
12408,6.57430397475247,52.3563563904391,17.294,6.201
12409,6.57431272231818,52.3563638742895,16.608,5.955
12410,6.57432146988389,52.3563713581399,16.839,6.038
12411,6.5743302174496,52.3563788419902,17.701,6.347
12412,6.57433896501531,52.3563863258406,15.396,5.52
12413,6.57434767715148,52.356393853245,17.246,6.184
12414,6.57435619712757,52.3564016168744,17.376,6.23
12415,6.57436478903397,52.3564092920788,16.616,5.958
12416,6.57437528701662,52.3564146241186,17.144,6.147
12417,6.57438569854762,52.3564200624346,17.345,6.219
12418,6.5743945139454,52.3564274628982,16.322,5.852
12419,6.57440332934318,52.3564348633617,17.537,6.288
12420,6.57441214474096,52.3564422638253,17.212,6.172
12421,6.57442096013874,52.3564496642888,16.943,6.075
12422,6.57442977553652,52.3564570647524,17.09,6.128
12423,6.57443859093429,52.3564644652159,17.439,6.253
12424,6.57444740633207,52.3564718656794,18.38,6.59
12425,6.57445622172985,52.356479266143,17.372,6.229
12426,6.57446503712763,52.3564866666065,17.484,6.269
12427,6.57447385252541,52.3564940670701,17.116,6.137
12428,6.57448266792319,52.3565014675336,18.114,6.495
12429,6.57449148332096,52.3565088679972,16.128,5.783
12430,6.57450029871874,52.3565162684607,15.962,5.723
12431,6.57450911411652,52.3565236689243,17.067,6.12
12432,6.5745179295143,52.3565310693878,17.359,6.224
12433,6.57452674491208,52.3565384698514,15.45,5.54
12434,6.57453556030986,52.3565458703149,16.955,6.079
12435,6.57454437570763,52.3565532707784,16.844,6.04
12436,6.57455319110541,52.356560671242,17.381,6.232
12437,6.57456200650319,52.3565680717055,17.188,6.163
12438,6.57457082190097,52.3565754721691,15.865,5.688
12439,6.57457963729875,52.3565828726326,16.286,5.839
12440,6.57458845269653,52.3565902730962,16.439,5.894
12441,6.5745972680943,52.3565976735597,17.34,6.217
12442,6.57460608349208,52.3566050740233,17.118,6.138
12443,6.57461489888986,52.3566124744868,16.524,5.925
12444,6.57462371428764,52.3566198749503,16.966,6.083
12445,6.57463252968542,52.3566272754139,16.251,5.827
12446,6.57464134508319,52.3566346758774,18.07,6.479
12447,6.57465016048097,52.356642076341,17.194,6.165
12448,6.57465889384297,52.3566495776522,17.31,6.207
12449,6.57466759910954,52.3566571135015,17.649,6.328
12450,6.57467630437612,52.3566646493508,17.428,6.249
12451,6.57468500964269,52.3566721852,16.841,6.038
12452,6.57469371490927,52.3566797210493,16.705,5.99
12453,6.57470242017584,52.3566872568986,17.562,6.297
12454,6.57471112544242,52.3566947927479,16.811,6.028
12455,6.574719830709,52.3567023285972,16.346,5.861
12456,6.57472783503671,52.3567107261198,17.935,6.431
12457,6.57473546090786,52.3567195888841,16.219,5.815
12458,6.57474248544597,52.3567291908749,15.74,5.644
12459,6.57475200768364,52.3567357224109,17.335,6.216
12460,6.57476170222265,52.3567420421346,16.312,5.849
12461,6.57477139676166,52.3567483618583,16.989,6.092
12462,6.57478036110765,52.3567555792178,17.793,6.38
12463,6.5747891994208,52.3567629515112,15.906,5.703
12464,6.57479803773396,52.3567703238045,16.682,5.981
12465,6.57480687604711,52.3567776960979,17.569,6.3
12466,6.57481571436027,52.3567850683913,17.089,6.127
12467,6.57482455267342,52.3567924406847,16.573,5.942
12468,6.57483339098658,52.356799812978,18.075,6.481
12469,6.57484222929973,52.3568071852714,16.605,5.954
12470,6.57485106761289,52.3568145575648,16.885,6.054
12471,6.57485990592604,52.3568219298581,17.613,6.315
12472,6.5748687442392,52.3568293021515,17.211,6.171
12473,6.57487758255235,52.3568366744449,17.402,6.24
12474,6.57488642086551,52.3568440467383,16.087,5.768
12475,6.57489525917866,52.3568514190316,17.33,6.214
12476,6.57490409749182,52.356858791325,16.699,5.987
12477,6.57491293580497,52.3568661636184,16.152,5.791
12478,6.57492177411813,52.3568735359118,16.712,5.992
12479,6.57493061243128,52.3568809082051,16.685,5.982
12480,6.57493945074444,52.3568882804985,17.663,6.333
12481,6.57494837265756,52.3568955500213,16.78,6.017
12482,6.57495730126769,52.3569028113114,16.088,5.769
12483,6.57496622987783,52.3569100726015,15.944,5.717
12484,6.57497515848797,52.3569173338916,16.503,5.917
12485,6.5749840870981,52.3569245951818,15.731,5.64
12486,6.57499301570824,52.3569318564719,16.094,5.771
12487,6.57500194431837,52.356939117762,16.363,5.867
12488,6.57501087292851,52.3569463790521,16.251,5.827
12489,6.57501980153864,52.3569536403422,16.918,6.066
12490,6.57502873014878,52.3569609016323,16.049,5.755
12491,6.57503765875891,52.3569681629224,15.023,5.387
12492,6.57504658736905,52.3569754242125,15.476,5.549
12493,6.57505551597919,52.3569826855026,16.45,5.898
12494,6.57506444458932,52.3569899467927,16.108,5.776
12495,6.57507337319946,52.3569972080828,15.718,5.636
12496,6.57508230180959,52.3570044693729,17.59,6.307
12497,6.57509123041973,52.357011730663,16.918,6.066
12498,6.57510015902986,52.3570189919531,16.389,5.877
12499,6.57510849204281,52.3570269854187,16.554,5.936
12500,6.57511671180984,52.357035118099,16.254,5.828
12501,6.57512493157686,52.3570432507792,15.666,5.617
12502,6.57513315134388,52.3570513834595,17.003,6.096
12503,6.57514137111091,52.3570595161397,16.89,6.056
12504,6.57514959087793,52.35706764882,15.22,5.457
12505,6.57515873803618,52.357074641446,16.51,5.92
12506,6.57516849491234,52.3570808845378,16.569,5.941
12507,6.5751782517885,52.3570871276296,16.175,5.8
12508,6.57518800866466,52.3570933707214,17.592,6.308
12509,6.5751970417708,52.3571005035532,17.522,6.283
12510,6.57520586490775,52.3571078945029,16.124,5.781
12511,6.57521468804471,52.3571152854526,16.209,5.812
12512,6.57522351118167,52.3571226764022,16.135,5.785
12513,6.57523233431863,52.3571300673519,15.969,5.726
12514,6.57524115745558,52.3571374583016,15.782,5.659
12515,6.57524998059254,52.3571448492512,16.616,5.958
12516,6.5752588037295,52.3571522402009,17.466,6.263
12517,6.57526762686646,52.3571596311506,17.219,6.174
12518,6.57527645000342,52.3571670221003,16.766,6.012
12519,6.57528527314037,52.3571744130499,14.882,5.336
12520,6.57529409627733,52.3571818039996,15.196,5.449
12521,6.57530291941429,52.3571891949493,16.913,6.064
12522,6.57531174255125,52.3571965858989,17.235,6.18
12523,6.5753205656882,52.3572039768486,16.604,5.953
12524,6.57532938882516,52.3572113677983,16.094,5.771
12525,6.57533821196212,52.3572187587479,17.064,6.119
12526,6.57534703509908,52.3572261496976,16.708,5.991
12527,6.57535585823603,52.3572335406473,16.929,6.07
12528,6.57536468137299,52.357240931597,15.164,5.437
12529,6.57537350450995,52.3572483225466,16.454,5.9
12530,6.57538232764691,52.3572557134963,17.292,6.2
12531,6.57539115078387,52.357263104446,16.554,5.936
12532,6.57539997392082,52.3572704953956,16.798,6.023
12533,6.57540879705778,52.3572778863453,16.258,5.829
12534,6.57541762019474,52.357285277295,16.295,5.843
12535,6.5754264433317,52.3572926682446,17.054,6.115
12536,6.57543526646865,52.3573000591943,15.832,5.677
12537,6.57544408960561,52.357307450144,15.771,5.655
12538,6.57545291274257,52.3573148410937,15.938,5.715
12539,6.57546173587953,52.3573222320433,16.23,5.819
12540,6.57547055901648,52.357329622993,15.266,5.474
12541,6.57547938215344,52.3573370139427,16.639,5.966
12542,6.5754882052904,52.3573444048923,16.11,5.776
12543,6.57549702842736,52.357351795842,16.706,5.99
12544,6.57550568063241,52.3573593969205,14.954,5.362
12545,6.575513661203,52.3573678236481,16.702,5.989
12546,6.5755216417736,52.3573762503757,16.981,6.089
12547,6.57552962234419,52.3573846771032,16.45,5.898
12548,6.57553760291478,52.3573931038308,16.207,5.811
12549,6.57554740622531,52.3573992898402,16.696,5.987
12550,6.57555815468426,52.3574043139663,16.933,6.071
12551,6.57556884603332,52.3574094082983,16.49,5.913
12552,6.5755777259501,52.3574167294477,16.532,5.928
12553,6.57558660586687,52.3574240505972,17.152,6.15
12554,6.57559548578365,52.3574313717467,16.623,5.96
12555,6.57560436570042,52.3574386928962,15.703,5.63
12556,6.57561324561719,52.3574460140457,16.916,6.065
12557,6.57562212553397,52.3574533351952,16.097,5.772
12558,6.57563100545074,52.3574606563447,16.187,5.804
12559,6.57563988536752,52.3574679774942,16.228,5.819
12560,6.57564876528429,52.3574752986437,16.733,6.0
12561,6.57565764520106,52.3574826197932,17.19,6.164
12562,6.57566652511784,52.3574899409427,16.174,5.799
12563,6.57567540503461,52.3574972620922,17.176,6.159
12564,6.57568428495138,52.3575045832417,16.253,5.828
12565,6.5756931388309,52.3575119363991,16.98,6.088
12566,6.57570192792719,52.3575193691955,16.27,5.834
12567,6.57571071702348,52.3575268019918,15.862,5.688
12568,6.57571950611978,52.3575342347881,17.281,6.196
12569,6.57572829521607,52.3575416675844,15.803,5.666
12570,6.57573708431237,52.3575491003807,15.763,5.652
12571,6.57574587340866,52.357556533177,15.408,5.525
12572,6.57575466250495,52.3575639659733,16.89,6.056
12573,6.57576345160125,52.3575713987696,17.028,6.105
12574,6.57577224069754,52.3575788315659,16.362,5.867
12575,6.57578102979384,52.3575862643622,15.563,5.58
12576,6.57578981889013,52.3575936971585,16.136,5.786
12577,6.57579860798642,52.3576011299548,15.961,5.723
12578,6.57580739708272,52.3576085627511,15.532,5.569
12579,6.57581618617901,52.3576159955474,15.849,5.683
12580,6.57582497527531,52.3576234283437,16.433,5.892
12581,6.5758337643716,52.35763086114,15.779,5.658
12582,6.5758425534679,52.3576382939363,16.305,5.846
12583,6.57585134256419,52.3576457267326,15.088,5.41
12584,6.57586013166048,52.357653159529,17.12,6.138
12585,6.57586892075678,52.3576605923253,15.901,5.701
12586,6.57587770985307,52.3576680251216,16.642,5.967
12587,6.57588649894937,52.3576754579179,16.24,5.823
12588,6.57589528804566,52.3576828907142,16.365,5.868
12589,6.57590407714195,52.3576903235105,15.462,5.544
12590,6.57591286623825,52.3576977563068,15.68,5.622
12591,6.57592165533454,52.3577051891031,15.693,5.627
12592,6.57593044443084,52.3577126218994,16.141,5.787
12593,6.57593923352713,52.3577200546957,16.905,6.061
12594,6.57594802262342,52.357727487492,16.379,5.873
12595,6.57595681171972,52.3577349202883,15.594,5.591
12596,6.57596560081601,52.3577423530846,16.174,5.799
12597,6.57597331527906,52.3577511069417,16.075,5.764
12598,6.57598089785834,52.3577600229252,15.915,5.707
12599,6.57598848043762,52.3577689389087,16.112,5.777
12600,6.57599688334313,52.3577768464545,16.57,5.941
12601,6.57600565249374,52.3577843037703,15.696,5.628
12602,6.57601442164436,52.357791761086,15.916,5.707
12603,6.57602452061013,52.3577975836426,16.696,5.987
12604,6.57603468839649,52.3578033215971,16.394,5.878
12605,6.57604485618285,52.3578090595516,16.87,6.049
12606,6.57605385196496,52.3578162382663,16.961,6.082
12607,6.57606267530494,52.3578236289664,15.316,5.492
12608,6.57607149864492,52.3578310196665,16.285,5.839
12609,6.5760803219849,52.3578384103665,15.816,5.671
12610,6.57608914532489,52.3578458010666,15.409,5.525
12611,6.57609796866487,52.3578531917667,15.65,5.611
12612,6.57610679200485,52.3578605824668,15.936,5.714
12613,6.57611561534484,52.3578679731669,15.939,5.715
12614,6.57612443868482,52.357875363867,15.755,5.649
12615,6.5761332620248,52.3578827545671,16.103,5.774
12616,6.57614208536479,52.3578901452672,17.549,6.293
12617,6.57615090870477,52.3578975359673,15.095,5.413
12618,6.57615973204475,52.3579049266673,16.778,6.016
12619,6.57616855538473,52.3579123173674,16.098,5.772
12620,6.57617737872472,52.3579197080675,15.85,5.683
12621,6.5761862020647,52.3579270987676,14.92,5.35
12622,6.57619502540468,52.3579344894677,16.555,5.936
12623,6.57620384874467,52.3579418801678,15.258,5.471
12624,6.57621267208465,52.3579492708679,16.592,5.949
12625,6.57622149542463,52.357956661568,17.128,6.141
12626,6.57623031876462,52.3579640522681,15.349,5.503
12627,6.5762391421046,52.3579714429681,16.789,6.02
12628,6.57624796544458,52.3579788336682,16.116,5.779
12629,6.57625678878456,52.3579862243683,14.869,5.331
12630,6.57626561212455,52.3579936150684,15.391,5.518
12631,6.57627443546453,52.3580010057685,16.203,5.81
12632,6.57628325880451,52.3580083964686,16.333,5.856
12633,6.5762920821445,52.3580157871687,15.166,5.438
12634,6.57630090548448,52.3580231778688,16.114,5.778
12635,6.57630972882446,52.3580305685689,16.578,5.944
12636,6.57631852536599,52.3580379922126,16.68,5.981
12637,6.57632729405215,52.3580454500994,15.848,5.683
12638,6.57633606273831,52.3580529079861,16.348,5.862
12639,6.57634483142448,52.3580603658729,16.719,5.995
12640,6.57635360011064,52.3580678237596,16.589,5.948
12641,6.5763623687968,52.3580752816464,16.61,5.956
12642,6.57637113748296,52.3580827395331,16.151,5.791
12643,6.57637990616913,52.3580901974199,16.027,5.747
12644,6.57638867485529,52.3580976553066,16.241,5.823
12645,6.57639744354145,52.3581051131934,15.63,5.604
12646,6.57640621222762,52.3581125710801,16.732,5.999
12647,6.57641498091378,52.3581200289669,15.176,5.441
12648,6.57642374959994,52.3581274868536,15.777,5.657
12649,6.5764325182861,52.3581349447404,16.05,5.755
12650,6.57644128697227,52.3581424026271,16.346,5.861
12651,6.57645005565843,52.3581498605139,16.454,5.9
12652,6.57645882434459,52.3581573184006,16.941,6.074
12653,6.57646759303075,52.3581647762874,16.109,5.776
12654,6.57647636171692,52.3581722341741,15.639,5.607
12655,6.57648513040308,52.3581796920609,15.973,5.727
12656,6.57649389908924,52.3581871499476,15.868,5.69
12657,6.57650144912988,52.3581961059313,16.359,5.866
12658,6.57650790104394,52.3582064118564,15.423,5.53
12659,6.57651666973565,52.3582138697364,15.945,5.717
12660,6.57652543842735,52.3582213276163,17.0,6.095
12661,6.57653492965713,52.3582278972707,16.148,5.79
12662,6.57654605837369,52.3582324539411,15.42,5.529
12663,6.57655591380478,52.358238575878,15.836,5.678
12664,6.57656481674338,52.3582458687264,14.72,5.278
12665,6.57657371968199,52.3582531615749,15.995,5.735
12666,6.5765826226206,52.3582604544234,16.996,6.094
12667,6.57659152555921,52.3582677472718,15.325,5.495
12668,6.57660042849781,52.3582750401203,15.163,5.437
12669,6.57660933143642,52.3582823329687,15.632,5.605
12670,6.5766183388297,52.3582894974097,16.554,5.936
12671,6.57662734659784,52.3582966613898,17.011,6.099
12672,6.57663635436599,52.3583038253699,16.268,5.833
12673,6.57664536213413,52.35831098935,15.245,5.466
12674,6.57665436990228,52.3583181533302,15.984,5.731
12675,6.57666337767042,52.3583253173103,17.045,6.112
12676,6.57667238543856,52.3583324812904,15.806,5.667
12677,6.57668139320671,52.3583396452706,16.067,5.761
12678,6.57669040097485,52.3583468092507,16.121,5.78
12679,6.57669940874299,52.3583539732308,15.066,5.402
12680,6.57670841651114,52.3583611372109,16.557,5.937
12681,6.57671742427928,52.3583683011911,16.468,5.905
12682,6.57672643204743,52.3583754651712,14.789,5.303
12683,6.57673543981557,52.3583826291513,15.174,5.441
12684,6.57674444758371,52.3583897931314,15.381,5.515
12685,6.57675316253692,52.3583973170728,16.386,5.875
12686,6.57676159443572,52.3584051889767,15.499,5.557
12687,6.57677002633452,52.3584130608806,16.172,5.798
12688,6.57677845823331,52.3584209327845,15.823,5.674
12689,6.57678689013211,52.3584288046884,15.967,5.725
12690,6.57679532203091,52.3584366765922,16.211,5.813
12691,6.57680375392971,52.3584445484961,16.074,5.763
12692,6.5768121858285,52.3584524204,15.897,5.7
12693,6.5768206177273,52.3584602923039,16.095,5.771
12694,6.5768290496261,52.3584681642078,16.024,5.746
12695,6.57683748152489,52.3584760361116,15.767,5.653
12696,6.57684627795479,52.3584834598927,15.631,5.605
12697,6.5768555445873,52.3584903056474,16.984,6.09
12698,6.5768648112198,52.3584971514022,15.612,5.598
12699,6.57687407785231,52.3585039971569,16.67,5.977
12700,6.57688334448482,52.3585108429117,15.457,5.542
12701,6.57689261111733,52.3585176886665,16.33,5.855
12702,6.57690187774984,52.3585245344212,16.896,6.058
12703,6.57691114438234,52.358531380176,15.642,5.609
12704,6.57692041101485,52.3585382259308,15.442,5.537
12705,6.57692967764736,52.3585450716855,15.575,5.585
12706,6.57693894427987,52.3585519174403,15.81,5.669
12707,6.57694821091238,52.358558763195,16.004,5.738
12708,6.57695747754488,52.3585656089498,15.784,5.66
12709,6.57696674417739,52.3585724547046,15.554,5.577
12710,6.5769760108099,52.3585793004593,16.944,6.075
12711,6.57698527744241,52.3585861462141,15.669,5.618
12712,6.57699454407492,52.3585929919688,15.416,5.527
12713,6.57700381070743,52.3585998377236,16.262,5.831
12714,6.57701307733993,52.3586066834784,16.264,5.832
12715,6.57702234397244,52.3586135292331,16.59,5.949
12716,6.57703161060495,52.3586203749879,16.886,6.055
12717,6.57704087723746,52.3586272207427,15.949,5.719
12718,6.57705014386997,52.3586340664974,15.569,5.582
12719,6.57705944779469,52.3586408664084,14.613,5.24
12720,6.57706885002861,52.3586475454665,15.173,5.44
12721,6.57707825226253,52.3586542245247,15.84,5.68
12722,6.57708765449645,52.3586609035829,15.016,5.384
12723,6.57709705673037,52.358667582641,14.771,5.296
12724,6.57710645895998,52.3586742617045,15.735,5.642
12725,6.57711586040919,52.3586809417273,16.146,5.789
12726,6.5771252618584,52.3586876217501,15.537,5.571
12727,6.57713466330761,52.3586943017729,16.203,5.81
12728,6.57714406475682,52.3587009817957,16.031,5.748
12729,6.57715346620603,52.3587076618186,16.337,5.858
12730,6.57716286765524,52.3587143418414,16.933,6.071
12731,6.57717226910445,52.3587210218642,17.185,6.162
12732,6.57718167055366,52.358727701887,16.071,5.762
12733,6.57719107200287,52.3587343819098,15.363,5.509
12734,6.57720047345208,52.3587410619327,15.663,5.616
12735,6.57720987490129,52.3587477419555,16.545,5.932
12736,6.5772192763505,52.3587544219783,15.088,5.41
12737,6.57722867779971,52.3587611020011,16.458,5.901
12738,6.57723817517608,52.3587676640994,15.5,5.558
12739,6.57724775490432,52.3587741249615,15.727,5.639
12740,6.57725733463255,52.3587805858236,15.112,5.419
12741,6.57726691436079,52.3587870466856,14.802,5.307
12742,6.57727649408902,52.3587935075477,15.41,5.525
12743,6.57728607381725,52.3587999684098,16.334,5.857
12744,6.57729565354549,52.3588064292718,15.149,5.432
12745,6.57730523327372,52.3588128901339,16.504,5.917
12746,6.57731481300196,52.358819350996,15.212,5.454
12747,6.57732439273019,52.3588258118581,14.915,5.348
12748,6.57733397245842,52.3588322727201,15.686,5.624
12749,6.57734355218666,52.3588387335822,15.93,5.712
12750,6.57735313191489,52.3588451944443,15.636,5.606
12751,6.57736271164313,52.3588516553063,15.608,5.596
12752,6.57737229137136,52.3588581161684,16.457,5.901
12753,6.57738187109959,52.3588645770305,15.564,5.581
12754,6.57739145082783,52.3588710378925,15.226,5.459
12755,6.57740103055606,52.3588774987546,14.831,5.318
12756,6.5774106102843,52.3588839596167,16.241,5.823
12757,6.57742019001253,52.3588904204788,15.237,5.463
12758,6.57742993189573,52.3588966820016,15.289,5.482
12759,6.57743968504854,52.3589029296706,16.095,5.771
12760,6.57744943820135,52.3589091773395,16.68,5.981
12761,6.57745919135416,52.3589154250085,15.615,5.599
12762,6.57746894450697,52.3589216726774,15.382,5.515
12763,6.57747869765977,52.3589279203464,15.454,5.541
12764,6.57748845081258,52.3589341680154,15.185,5.445
12765,6.57749820396539,52.3589404156843,15.24,5.464
12766,6.57750794327487,52.3589466803711,15.238,5.464
12767,6.5775176797921,52.3589529484904,15.976,5.728
12768,6.57752741630933,52.3589592166097,15.384,5.516
12769,6.57753715282656,52.358965484729,16.232,5.82
12770,6.57754688934379,52.3589717528483,15.36,5.508
12771,6.57755662586103,52.3589780209676,15.209,5.453
12772,6.57756636237826,52.3589842890869,16.173,5.799
12773,6.57757609889549,52.3589905572062,15.43,5.533
12774,6.57758583541272,52.3589968253255,15.34,5.5
12775,6.57759557192995,52.3590030934448,15.431,5.533
12776,6.57760530844718,52.359009361564,16.27,5.834
12777,6.5776150623963,52.3590156082541,15.585,5.588
12778,6.57762492316274,52.3590217236322,16.137,5.786
12779,6.57763478392918,52.3590278390103,15.261,5.472
12780,6.57764464469563,52.3590339543884,16.037,5.75
12781,6.57765450546207,52.3590400697665,15.533,5.57
12782,6.57766436622851,52.3590461851446,15.91,5.705
12783,6.57767422699495,52.3590523005227,15.957,5.722
12784,6.5776840877614,52.3590584159008,14.833,5.318
12785,6.57769394852784,52.359064531279,15.427,5.531
12786,6.57770380929428,52.3590706466571,15.945,5.717
12787,6.57771367006073,52.3590767620352,16.037,5.75
12788,6.57772353082717,52.3590828774133,16.116,5.778
12789,6.57773339159361,52.3590889927914,15.438,5.536
12790,6.57774325236005,52.3590951081695,16.281,5.838
12791,6.5777531131265,52.3591012235476,14.987,5.374
12792,6.57776297389294,52.3591073389257,14.493,5.197
12793,6.57777283465938,52.3591134543038,15.208,5.453
12794,6.57778269542583,52.3591195696819,16.073,5.763
12795,6.57779255619227,52.35912568506,14.73,5.282
12796,6.57780248929566,52.3591317115134,14.503,5.2
12797,6.57781255604091,52.359137573679,14.355,5.147
12798,6.57782262278617,52.3591434358447,15.799,5.665
12799,6.57783268953143,52.3591492980103,14.514,5.204
12800,6.57784275627668,52.359155160176,15.688,5.625
12801,6.57785282302194,52.3591610223416,15.172,5.44
12802,6.5778628897672,52.3591668845072,14.911,5.347
12803,6.57787295651245,52.3591727466729,14.777,5.298
12804,6.57788302325771,52.3591786088385,15.485,5.552
12805,6.57789309000297,52.3591844710042,14.92,5.35
12806,6.57790320760446,52.3591902706516,15.361,5.508
12807,6.57791333492372,52.3591960583528,15.6,5.594
12808,6.57792346224298,52.359201846054,15.725,5.638
12809,6.57793358956223,52.3592076337553,15.914,5.706
12810,6.57794371688149,52.3592134214565,15.462,5.544
12811,6.57795384420075,52.3592192091577,14.748,5.288
12812,6.57796397152001,52.359224996859,15.64,5.608
12813,6.57797409883926,52.3592307845602,15.753,5.648
12814,6.57798422615852,52.3592365722614,15.261,5.472
12815,6.57799435347778,52.3592423599626,15.199,5.45
12816,6.57800448079704,52.3592481476639,16.825,6.033
12817,6.57801460811629,52.3592539353651,14.61,5.239
12818,6.57802473543555,52.3592597230663,15.662,5.616
12819,6.57803486275481,52.3592655107676,15.988,5.733
12820,6.57804499007407,52.3592712984688,15.173,5.44
12821,6.57805511739332,52.35927708617,15.276,5.477
12822,6.57806524471258,52.3592828738713,15.14,5.429
12823,6.57807537203184,52.3592886615725,15.378,5.514
12824,6.5780854993511,52.3592944492737,15.908,5.704
12825,6.57809562667035,52.3593002369749,15.264,5.473
12826,6.57810575949778,52.3593060179049,17.212,6.172
12827,6.57811603565993,52.3593116226316,15.118,5.421
12828,6.57812631182208,52.3593172273583,16.196,5.807
12829,6.57813658798423,52.359322832085,15.708,5.632
12830,6.57814686414638,52.3593284368117,15.454,5.541
12831,6.57815714030853,52.3593340415384,16.257,5.829
12832,6.57816741647068,52.3593396462651,14.453,5.182
12833,6.57817769263283,52.3593452509918,15.646,5.61
12834,6.57818796879498,52.3593508557185,14.977,5.37
12835,6.57819824495713,52.3593564604453,15.144,5.43
12836,6.57820852111928,52.359362065172,15.118,5.421
12837,6.57821879728143,52.3593676698987,14.838,5.32
12838,6.57822907344358,52.3593732746254,14.435,5.176
12839,6.57823934960573,52.3593788793521,15.638,5.607
12840,6.57824962576788,52.3593844840788,15.373,5.512
12841,6.57825990193002,52.3593900888055,15.237,5.463
12842,6.57827017809217,52.3593956935322,15.863,5.688
12843,6.57828045425432,52.3594012982589,15.685,5.624
12844,6.57829073041647,52.3594069029856,15.265,5.473
12845,6.57830100657862,52.3594125077123,17.218,6.174
12846,6.57831128274077,52.359418112439,16.025,5.746
12847,6.57832155890292,52.3594237171657,16.867,6.048
12848,6.57833183506507,52.3594293218924,15.188,5.446
12849,6.57834211122722,52.3594349266191,15.582,5.587
12850,6.57835238738937,52.3594405313458,14.709,5.274
12851,6.57836266355152,52.3594461360725,15.246,5.467
12852,6.57837301073964,52.3594516534861,15.099,5.414
12853,6.57838345736003,52.3594570486662,17.207,6.17
12854,6.57839390398043,52.3594624438464,15.041,5.393
12855,6.57840435060082,52.3594678390265,15.314,5.491
12856,6.57841479722122,52.3594732342067,14.599,5.235
12857,6.57842524384161,52.3594786293868,15.771,5.655
12858,6.57843569046201,52.359484024567,14.93,5.353
12859,6.5784461370824,52.3594894197471,16.003,5.738
12860,6.5784565837028,52.3594948149273,14.414,5.168
12861,6.57846703032319,52.3595002101074,15.397,5.521
12862,6.57847747694359,52.3595056052875,14.386,5.158
12863,6.57848792356398,52.3595110004677,15.186,5.445
12864,6.57849837018438,52.3595163956478,15.308,5.489
12865,6.57850881680477,52.359521790828,15.128,5.424
12866,6.57851926342517,52.3595271860081,15.189,5.446
12867,6.57852971004556,52.3595325811883,16.057,5.757
12868,6.57854015666596,52.3595379763684,16.768,6.012
12869,6.57855060328635,52.3595433715486,15.692,5.626
12870,6.57856104990675,52.3595487667287,14.989,5.375
12871,6.57857149652714,52.3595541619088,15.536,5.57
12872,6.57858194314754,52.359559557089,15.293,5.483
12873,6.57859238976793,52.3595649522691,16.027,5.747
12874,6.57860287804883,52.3595702962355,15.676,5.621
12875,6.57861348743064,52.3595754913309,14.582,5.228
12876,6.57862409681245,52.3595806864263,16.158,5.794
12877,6.57863470619426,52.3595858815217,16.084,5.767
12878,6.57864531557607,52.3595910766171,16.398,5.88
12879,6.57865592495788,52.3595962717125,15.218,5.456
12880,6.57866653433969,52.3596014668079,15.701,5.63
12881,6.5786771437215,52.3596066619033,14.831,5.318
12882,6.57868775310332,52.3596118569987,15.5,5.558
12883,6.57869836248513,52.3596170520941,15.767,5.653
12884,6.57870896673388,52.3596222534996,15.162,5.437
12885,6.57871957060076,52.3596274553746,15.74,5.644
12886,6.57873017446764,52.3596326572495,15.641,5.608
12887,6.57874077833453,52.3596378591245,15.28,5.479
12888,6.57875138220141,52.3596430609995,16.37,5.869
12889,6.57876198606829,52.3596482628744,15.413,5.526
12890,6.57877260795572,52.3596534425965,15.632,5.605
12891,6.57878334036519,52.3596584864524,14.694,5.269
12892,6.57879407277466,52.3596635303083,15.865,5.688
12893,6.57880480518414,52.3596685741641,15.282,5.479
12894,6.57881553759361,52.35967361802,16.128,5.783
12895,6.57882626985737,52.359678662055,14.797,5.305
12896,6.57883700076602,52.3596837077559,15.824,5.674
12897,6.57884773167467,52.3596887534567,14.29,5.124
12898,6.57885846258333,52.3596937991576,15.939,5.715
12899,6.57886919349198,52.3596988448584,15.476,5.549
12900,6.57887992440064,52.3597038905593,15.817,5.671
12901,6.57889065530929,52.3597089362601,15.232,5.461
12902,6.57890138621795,52.359713981961,15.029,5.389
12903,6.5789121171266,52.3597190276618,15.335,5.498
12904,6.57892284803525,52.3597240733627,15.706,5.632
12905,6.57893357894391,52.3597291190635,15.935,5.714
12906,6.57894430985256,52.3597341647644,15.777,5.657
12907,6.57895507471762,52.3597391687222,15.05,5.396
12908,6.57896591679267,52.3597440777647,16.685,5.982
12909,6.57897675886772,52.3597489868073,15.802,5.666
12910,6.57898760094277,52.3597538958498,15.243,5.466
12911,6.57899844301782,52.3597588048924,15.862,5.687
12912,6.57900928509287,52.3597637139349,15.765,5.653
12913,6.57902012716792,52.3597686229774,15.514,5.563
12914,6.57903096924297,52.35977353202,15.448,5.539
12915,6.57904181131802,52.3597784410625,16.202,5.809
12916,6.57905265339307,52.359783350105,16.641,5.967
12917,6.57906349546812,52.3597882591476,14.43,5.174
12918,6.57907433754317,52.3597931681901,16.354,5.864
12919,6.57908517961822,52.3597980772327,15.645,5.609
12920,6.57909602169327,52.3598029862752,15.775,5.656
12921,6.57910686376831,52.3598078953178,16.433,5.892
12922,6.57911770584336,52.3598128043603,14.079,5.048
12923,6.57912854791841,52.3598177134028,16.122,5.781
12924,6.57913938999346,52.3598226224454,16.399,5.88
12925,6.57915030715395,52.3598274391844,15.243,5.465
12926,6.57916127271036,52.3598321964297,14.83,5.317
12927,6.57917223826677,52.359836953675,16.617,5.958
12928,6.57918320382318,52.3598417109203,14.622,5.243
12929,6.57919416937959,52.3598464681655,15.903,5.702
12930,6.579205134936,52.3598512254108,16.261,5.83
12931,6.5792161004924,52.3598559826561,15.894,5.699
12932,6.57922706604881,52.3598607399014,15.995,5.735
12933,6.57923803160522,52.3598654971467,15.51,5.561
12934,6.57924899716163,52.3598702543919,15.94,5.715
12935,6.57925996271804,52.3598750116372,15.253,5.469
12936,6.57927092827445,52.3598797688825,15.331,5.497
12937,6.57928189383086,52.3598845261278,15.694,5.627
12938,6.57929285938727,52.3598892833731,14.77,5.296
12939,6.57930382494368,52.3598940406184,16.017,5.743
12940,6.57931479050009,52.3598987978636,14.22,5.099
12941,6.5793257560565,52.3599035551089,15.894,5.699
12942,6.57933678878862,52.3599082297742,15.951,5.719
12943,6.5793478263917,52.3599128984516,15.217,5.456
12944,6.57935888051259,52.3599175468234,14.96,5.364
12945,6.57936993859972,52.3599221903194,15.447,5.539
12946,6.57938099668685,52.3599268338155,16.065,5.76
12947,6.57939205477398,52.3599314773115,15.894,5.699
12948,6.57940311286111,52.3599361208076,15.038,5.392
12949,6.57941417094825,52.3599407643036,15.755,5.649
12950,6.57942522903538,52.3599454077997,15.848,5.682
12951,6.57943628712251,52.3599500512957,15.824,5.674
12952,6.57944734520964,52.3599546947918,15.116,5.42
12953,6.57945840329677,52.3599593382878,15.789,5.661
12954,6.5794694695747,52.3599639717148,16.238,5.822
12955,6.57948058464464,52.3599685451611,16.015,5.742
12956,6.57949169971459,52.3599731186075,15.942,5.716
12957,6.57950281478453,52.3599776920538,16.667,5.976
12958,6.57951392985447,52.3599822655001,15.8,5.665
12959,6.57952504492441,52.3599868389465,15.207,5.453
12960,6.57953615999436,52.3599914123928,15.209,5.453
12961,6.5795472750643,52.3599959858391,15.807,5.668
12962,6.57955839013424,52.3600005592855,14.858,5.328
12963,6.57956950520419,52.3600051327318,15.521,5.565
12964,6.5795807174295,52.3600095867438,15.977,5.729
12965,6.57959199235748,52.3600139636745,16.393,5.878
12966,6.57960326728547,52.3600183406052,14.796,5.305
12967,6.57961454221345,52.360022717536,15.763,5.652
12968,6.57962581714144,52.3600270944667,15.664,5.617
12969,6.57963709206942,52.3600314713974,15.727,5.639
12970,6.5796483669974,52.3600358483282,15.788,5.661
12971,6.57965964192539,52.3600402252589,15.686,5.624
12972,6.57967091685337,52.3600446021897,16.523,5.924
12973,6.57968219178136,52.3600489791204,16.435,5.893
12974,6.57969358208702,52.3600532142158,16.964,6.082
12975,6.57970500523783,52.3600574089343,15.697,5.628
12976,6.57971642838864,52.3600616036528,15.461,5.544
12977,6.57972785153945,52.3600657983713,15.133,5.426
12978,6.57973927469025,52.3600699930897,15.396,5.52
12979,6.57975117201502,52.3600736048999,16.121,5.78
12980,6.57976714819744,52.3600722025168,16.211,5.813
12981,6.57977855227298,52.3600764206848,16.097,5.772
12982,6.57978545857867,52.3600861680203,15.308,5.489
12983,6.57979120459239,52.3600986586701,15.31,5.49
12984,6.57980062743361,52.3601092834549,16.848,6.041
12985,6.57981005027482,52.3601199082398,15.207,5.453
12986,6.57981947311603,52.3601305330246,16.528,5.926
12987,6.57982889595725,52.3601411578094,15.932,5.713
12988,6.57983831879846,52.3601517825942,15.263,5.473
12989,6.57984774163968,52.360162407379,14.996,5.377
12990,6.57985716448089,52.3601730321638,15.287,5.481
12991,6.5798665873221,52.3601836569486,15.936,5.714
12992,6.57987601016332,52.3601942817334,15.155,5.434
12993,6.57988543300453,52.3602049065182,16.603,5.953
12994,6.57989485584575,52.360215531303,15.566,5.581
12995,6.57990427868696,52.3602261560878,16.099,5.773
12996,6.57991370152818,52.3602367808726,16.051,5.755
12997,6.57992312436939,52.3602474056574,16.64,5.966
12998,6.5799325472106,52.3602580304422,15.427,5.532
12999,6.57994197005182,52.360268655227,15.747,5.646
13000,6.57995139289303,52.3602792800118,14.859,5.328
13001,6.57996081573425,52.3602899047966,15.743,5.645
13002,6.57997023857546,52.3603005295814,16.353,5.863
13003,6.57997966141667,52.3603111543663,15.811,5.669
13004,6.57998908425789,52.3603217791511,17.041,6.11
13005,6.58000950783174,52.3603142166382,15.986,5.732
13006,6.58003272154822,52.3603020412368,15.362,5.508
13007,6.58005455457476,52.3602987252624,15.948,5.718
13008,6.58007552361689,52.360300953188,14.819,5.314
13009,6.58009649265902,52.3603031811136,15.21,5.454
13010,6.58011746170116,52.3603054090392,14.964,5.365
13011,6.5801384307433,52.3603076369648,15.689,5.625
13012,6.58015939978543,52.3603098648903,15.644,5.609
13013,6.58018036882757,52.3603120928159,16.389,5.876
13014,6.58020136537875,52.3603141442251,15.622,5.602
13015,6.58022244795167,52.3603156436614,15.092,5.411
13016,6.58024353052459,52.3603171430978,16.599,5.952
13017,6.58026461309751,52.3603186425342,13.951,5.002
13018,6.58028567025378,52.3603203050608,15.706,5.632
13019,6.5803067200168,52.3603220150273,15.812,5.67
13020,6.58032776977983,52.3603237249939,15.68,5.622
13021,6.58034881474009,52.3603254657781,15.981,5.73
13022,6.5803698594474,52.3603272081855,15.753,5.649
13023,6.58039090415471,52.3603289505928,15.984,5.731
13024,6.58041194886203,52.3603306930002,15.337,5.499
13025,6.58043299631777,52.3603324177718,14.835,5.319
13026,6.58045407736583,52.3603339269927,15.668,5.618
13027,6.58047503431538,52.3603362325124,15.094,5.412
13028,6.58049570286319,52.3603403886098,15.272,5.476
13029,6.58051617876122,52.3603457808768,16.386,5.875
13030,6.58053651268153,52.3603520841674,16.622,5.96
13031,6.58055560693045,52.3603663420161,16.38,5.873
13032,6.58057462260349,52.3603811040601,16.274,5.835
13033,6.58059493923654,52.3603875182772,15.75,5.647
13034,6.5806152558696,52.3603939324944,16.315,5.85
13035,6.58063741756772,52.3603885075441,15.931,5.712
13036,6.58065817758932,52.3603920766847,16.871,6.049
13037,6.58067852535116,52.3603982911589,15.189,5.446
13038,6.580698873113,52.360404505633,16.129,5.783
13039,6.58071475594508,52.3604094981779,14.994,5.376
13040,6.58072701073916,52.3604134978281,16.141,5.788
13041,6.58073926553324,52.3604174974783,14.736,5.284
13042,6.58075152032731,52.3604214971285,15.038,5.392
13043,6.58076377512139,52.3604254967786,15.002,5.379
13044,6.58077476950281,52.3604290035577,15.91,5.705
13045,6.58078552156254,52.3604324155794,15.976,5.728
13046,6.58079627362226,52.360435827601,17.214,6.172
13047,6.58080702568198,52.3604392396227,15.725,5.638
13048,6.58081777774171,52.3604426516444,16.238,5.822
13049,6.58082852980143,52.3604460636661,15.885,5.696
13050,6.58083928186116,52.3604494756878,16.201,5.809
13051,6.58085003392088,52.3604528877094,15.887,5.696
13052,6.5808607859806,52.3604562997311,16.456,5.9
13053,6.58087153804033,52.3604597117528,15.197,5.449
13054,6.58088234297551,52.3604629343041,14.383,5.157
13055,6.58089321302481,52.3604659235298,16.075,5.764
13056,6.58090408307412,52.3604689127555,14.775,5.298
13057,6.58091495312342,52.3604719019811,16.615,5.958
13058,6.58092581664379,52.3604749146022,15.529,5.568
13059,6.58093666224775,52.3604779914237,15.248,5.467
13060,6.58094750785171,52.3604810682452,17.455,6.259
13061,6.58095835345567,52.3604841450667,15.863,5.688
13062,6.58096919905964,52.3604872218881,15.759,5.65
13063,6.5809800446636,52.3604902987096,16.33,5.855
13064,6.58099089026756,52.3604933755311,16.378,5.872
13065,6.58100173587152,52.3604964523526,16.576,5.944
13066,6.58101258147549,52.3604995291741,15.131,5.425
13067,6.58102342707945,52.3605026059956,16.238,5.822
13068,6.58103427268341,52.3605056828171,15.759,5.651
13069,6.58104514377736,52.3605086682995,15.398,5.521
13070,6.58105602110669,52.3605116314384,15.977,5.729
13071,6.58106689843601,52.3605145945774,14.892,5.34
13072,6.58107777576534,52.3605175577163,16.509,5.919
13073,6.58108865309466,52.3605205208552,15.804,5.667
13074,6.58109953042398,52.3605234839942,15.703,5.631
13075,6.58111040775331,52.3605264471331,15.912,5.705
13076,6.58112128508263,52.3605294102721,15.903,5.702
13077,6.58113216241196,52.360532373411,16.682,5.981
13078,6.58114303974128,52.36053533655,15.376,5.513
13079,6.5811539170706,52.3605382996889,15.804,5.667
13080,6.58116479439993,52.3605412628279,15.911,5.705
13081,6.58117567172925,52.3605442259668,15.421,5.529
13082,6.58118654905858,52.3605471891058,16.15,5.791
13083,6.58119742633513,52.3605501524338,15.64,5.608
13084,6.58120830260419,52.360553119372,15.249,5.468
13085,6.58121917887325,52.3605560863103,16.393,5.878
13086,6.58123005514231,52.3605590532485,17.003,6.096
13087,6.58124093141137,52.3605620201867,16.13,5.784
13088,6.58125180768043,52.3605649871249,16.05,5.755
13089,6.58126268394949,52.3605679540632,16.046,5.754
13090,6.58127356021855,52.3605709210014,15.825,5.674
13091,6.58128443648761,52.3605738879396,16.826,6.033
13092,6.58129531275667,52.3605768548778,16.202,5.809
13093,6.58130618902573,52.3605798218161,14.874,5.333
13094,6.58131706529479,52.3605827887543,16.869,6.048
13095,6.58132794156385,52.3605857556925,16.733,6.0
13096,6.58133881783291,52.3605887226307,16.535,5.929
13097,6.58134969410196,52.360591689569,14.569,5.224
13098,6.58136057037102,52.3605946565072,16.196,5.807
13099,6.58137144664008,52.3605976234454,16.732,5.999
13100,6.58138239010675,52.3606003495922,16.438,5.894
13101,6.58139343690198,52.3606027054783,16.343,5.86
13102,6.58140448369721,52.3606050613645,16.757,6.008
13103,6.58141553049244,52.3606074172506,16.32,5.852
13104,6.58142650911862,52.3606100174091,16.954,6.079
13105,6.58143748739855,52.3606126188084,16.349,5.862
13106,6.58144846567849,52.3606152202076,16.31,5.848
13107,6.58145944395842,52.3606178216069,16.794,6.022
13108,6.58147042223836,52.3606204230062,16.042,5.752
13109,6.58148140051829,52.3606230244054,15.638,5.607
13110,6.58149237879823,52.3606256258047,16.293,5.842
13111,6.58150335707816,52.3606282272039,16.645,5.968
13112,6.5815143353581,52.3606308286032,16.848,6.041
13113,6.58152531363803,52.3606334300024,16.858,6.045
13114,6.58153629191797,52.3606360314017,16.277,5.836
13115,6.5815472701979,52.3606386328009,16.223,5.817
13116,6.58155824847784,52.3606412342002,15.982,5.73
13117,6.58156922675777,52.3606438355995,16.483,5.91
13118,6.58158020503771,52.3606464369987,15.377,5.513
13119,6.58159118331765,52.360649038398,16.361,5.866
13120,6.58160216159758,52.3606516397972,18.029,6.464
13121,6.58161313987751,52.3606542411965,15.474,5.548
13122,6.58162411815745,52.3606568425957,16.456,5.9
13123,6.58163509643739,52.360659443995,16.591,5.949
13124,6.58164607471732,52.3606620453942,16.672,5.978
13125,6.58165705299726,52.3606646467935,15.81,5.669
13126,6.58166803127719,52.3606672481928,16.687,5.983
13127,6.58167900955713,52.360669849592,16.074,5.763
13128,6.58168998783706,52.3606724509913,15.553,5.577
13129,6.581700966117,52.3606750523905,16.956,6.08
13130,6.58171194439693,52.3606776537898,16.791,6.021
13131,6.58172292267687,52.360680255189,15.836,5.678
13132,6.5817339009568,52.3606828565883,16.088,5.769
13133,6.58174487900232,52.3606854588276,16.071,5.762
13134,6.58175585416098,52.3606880714114,15.448,5.539
13135,6.58176682931965,52.3606906839952,16.867,6.048
13136,6.58177780447831,52.360693296579,16.892,6.057
13137,6.58178877963698,52.3606959091628,16.229,5.819
13138,6.58179975479565,52.3606985217466,16.41,5.884
13139,6.58181072995431,52.3607011343304,16.497,5.915
13140,6.58182170511298,52.3607037469142,16.576,5.943
13141,6.58183268027164,52.360706359498,15.642,5.608
13142,6.58184365543031,52.3607089720818,16.723,5.996
13143,6.58185463058897,52.3607115846656,15.747,5.646
13144,6.58186560574764,52.3607141972494,16.841,6.038
13145,6.58187658090631,52.3607168098332,15.815,5.671
13146,6.58188755606497,52.360719422417,15.678,5.622
13147,6.58189853122364,52.3607220350008,16.428,5.89
13148,6.5819095063823,52.3607246475846,16.416,5.886
13149,6.58192048154097,52.3607272601684,16.508,5.919
13150,6.58193145669964,52.3607298727522,15.923,5.709
13151,6.5819424318583,52.360732485336,16.568,5.94
13152,6.58195340701697,52.3607350979198,16.624,5.961
13153,6.58196438217563,52.3607377105036,17.135,6.144
13154,6.5819753573343,52.3607403230874,16.559,5.937
13155,6.58198617146831,52.3607435126763,16.097,5.772
13156,6.58199673574233,52.3607475975967,15.658,5.614
13157,6.58200730001637,52.3607516825171,15.55,5.576
13158,6.58201791919344,52.3607555707016,16.64,5.966
13159,6.58202894751359,52.3607579927901,16.916,6.065
13160,6.58203997583374,52.3607604148786,15.925,5.71
13161,6.58205100415389,52.3607628369671,16.599,5.952
13162,6.58206203247404,52.3607652590556,16.345,5.861
13163,6.58207306079419,52.360767681144,16.869,6.049
13164,6.58208408911434,52.3607701032325,16.955,6.079
13165,6.58209511743449,52.360772525321,15.112,5.419
13166,6.58210614575464,52.3607749474095,17.051,6.114
13167,6.58211725269853,52.3607770877629,16.591,5.949
13168,6.58212874544103,52.3607778456713,16.128,5.783
13169,6.58213947400818,52.3607813418747,16.143,5.788
13170,6.58215020257533,52.3607848380781,16.456,5.901
13171,6.58216093114249,52.3607883342815,16.14,5.787
13172,6.58217180971,52.3607912929836,15.883,5.695
13173,6.58218327368808,52.3607921539645,16.016,5.743
13174,6.58219473766617,52.3607930149454,15.818,5.672
13175,6.58220620164426,52.3607938759262,17.22,6.174
13176,6.58221747624239,52.3607954155186,16.459,5.901
13177,6.58222855528691,52.3607976558448,17.748,6.364
13178,6.58223963433143,52.360799896171,16.639,5.966
13179,6.58225071337595,52.3608021364971,16.765,6.011
13180,6.58226179242046,52.3608043768233,15.791,5.662
13181,6.58227287146498,52.3608066171495,16.285,5.839
13182,6.5822839505095,52.3608088574756,16.453,5.899
13183,6.58229502955402,52.3608110978018,16.032,5.748
13184,6.58230610859854,52.360813338128,16.131,5.784
13185,6.58231718764305,52.3608155784541,16.648,5.969
13186,6.58232826668757,52.3608178187803,16.656,5.972
13187,6.58233934573209,52.3608200591065,15.608,5.596
13188,6.58235042477661,52.3608222994326,16.558,5.937
13189,6.58236150382113,52.3608245397588,16.713,5.992
13190,6.58237258286564,52.360826780085,16.037,5.75
13191,6.58238366191016,52.3608290204111,15.973,5.727
13192,6.58239474095468,52.3608312607373,16.636,5.965
13193,6.5824058199992,52.3608335010635,14.859,5.328
13194,6.58241689904372,52.3608357413896,16.37,5.87
13195,6.58242797808823,52.3608379817158,17.326,6.212
13196,6.58243905713275,52.360840222042,14.834,5.319
13197,6.58245013617727,52.3608424623681,16.84,6.038
13198,6.58246121522179,52.3608447026943,16.672,5.978
13199,6.58247229426631,52.3608469430205,15.502,5.558
13200,6.58248337331082,52.3608491833467,16.649,5.97
13201,6.58249445235534,52.3608514236728,16.928,6.07
13202,6.58250553139986,52.360853663999,15.642,5.609
13203,6.58251533325773,52.3608604809106,15.914,5.706
13204,6.58252501943109,52.3608677123585,16.34,5.859
13205,6.58253470560444,52.3608749438063,16.895,6.058
13206,6.5825443917778,52.3608821752541,15.997,5.736
13207,6.58255407795116,52.360889406702,16.285,5.839
13208,6.58256376412451,52.3608966381498,15.914,5.706
13209,6.58257345029787,52.3609038695976,16.314,5.85
13210,6.58258313647123,52.3609111010454,16.91,6.063
13211,6.58259282264459,52.3609183324933,16.351,5.863
13212,6.58260250881794,52.3609255639411,16.074,5.763
13213,6.5826121949913,52.3609327953889,16.259,5.83
13214,6.58262188116466,52.3609400268368,15.802,5.666
13215,6.58263156733801,52.3609472582846,15.682,5.623
13216,6.58264125351137,52.3609544897324,16.969,6.084
13217,6.58265093968473,52.3609617211802,17.218,6.174
13218,6.58266062585809,52.3609689526281,15.196,5.449
13219,6.58267031203144,52.3609761840759,16.586,5.947
13220,6.5826799982048,52.3609834155237,16.742,6.003
13221,6.58268968437816,52.3609906469715,15.518,5.564
13222,6.58269937055151,52.3609978784194,15.947,5.718
13223,6.58270905672487,52.3610051098672,15.879,5.693
13224,6.58272321406099,52.3609963196485,17.33,6.214
13225,6.58272082791163,52.3610468102527,17.177,6.159
13226,6.58274233556637,52.3610116813922,15.657,5.614
13227,6.58275166626545,52.3610201866229,15.333,5.498
13228,6.58275191650588,52.3610612301637,16.639,5.966
13229,6.58276534804633,52.3610550407128,16.498,5.915
13230,6.5827808534084,52.3610414200677,16.902,6.06
13231,6.58279635877047,52.3610277994226,15.541,5.572
13232,6.58281186413255,52.3610141787776,16.582,5.945
13233,6.58282725932018,52.3610013229567,15.718,5.636
13234,6.58284074957182,52.361001691084,16.508,5.919
13235,6.58285423982346,52.3610020592112,16.112,5.777
13236,6.5828677300751,52.3610024273385,17.244,6.183
13237,6.58288122032674,52.3610027954658,16.381,5.874
13238,6.58289471057838,52.3610031635931,15.926,5.71
13239,6.58291257375045,52.3609430139278,16.184,5.803
13240,6.58292027778607,52.3609894992341,16.035,5.75
13241,6.5829317027338,52.3609951274664,15.407,5.524
13242,6.58294312768152,52.3610007556987,17.21,6.171
13243,6.58295455262924,52.3610063839309,17.01,6.099
13244,6.58296597757697,52.3610120121632,15.957,5.722
13245,6.58297740252469,52.3610176403955,16.464,5.903
13246,6.58298882747241,52.3610232686278,17.25,6.185
13247,6.58300025242014,52.36102889686,16.762,6.01
13248,6.58301167736786,52.3610345250923,15.845,5.681
13249,6.58302310231558,52.3610401533246,15.965,5.724
13250,6.58303452726331,52.3610457815568,14.998,5.378
13251,6.58304595221103,52.3610514097891,16.454,5.9
13252,6.58305737715875,52.3610570380214,16.72,5.995
13253,6.58306880210648,52.3610626662537,16.715,5.993
13254,6.5830802270542,52.3610682944859,16.383,5.874
13255,6.58309165200192,52.3610739227182,16.168,5.797
13256,6.58310307694965,52.3610795509505,15.364,5.509
13257,6.58311450189737,52.3610851791827,16.129,5.783
13258,6.58312605526998,52.3610893972594,15.56,5.579
13259,6.58313791364948,52.3610902662407,16.23,5.819
13260,6.58314977202899,52.361091135222,15.462,5.544
13261,6.5831616304085,52.3610920042033,16.206,5.811
13262,6.58317348878801,52.3610928731847,16.669,5.977
13263,6.58318534716751,52.361093742166,16.102,5.773
13264,6.58319722160063,52.3610944348723,16.063,5.759
13265,6.5832090991362,52.3610950935126,16.396,5.879
13266,6.58322097667177,52.3610957521528,16.889,6.056
13267,6.58323285420734,52.361096410793,15.774,5.656
13268,6.58324473174291,52.3610970694332,16.133,5.785
13269,6.58325660927848,52.3610977280735,16.704,5.989
13270,6.58326848681405,52.3610983867137,16.198,5.808
13271,6.58328033795446,52.3610993351832,14.616,5.241
13272,6.58329218634594,52.3611003138369,15.361,5.508
13273,6.58330403473743,52.3611012924905,16.212,5.813
13274,6.58331588312892,52.3611022711442,15.524,5.566
13275,6.58332773152041,52.3611032497979,16.595,5.95
13276,6.58333957991189,52.3611042284516,16.829,6.034
13277,6.58335142830338,52.3611052071053,15.378,5.514
13278,6.58336327669487,52.361106185759,15.106,5.416
13279,6.58337510875959,52.3611073436869,15.489,5.554
13280,6.5833868844398,52.361109120739,15.443,5.537
13281,6.58339866012,52.3611108977911,16.581,5.945
13282,6.58341041474057,52.3611129060862,15.056,5.399
13283,6.58342222810138,52.3611142693905,16.09,5.769
13284,6.58343412326385,52.3611147344804,16.457,5.901
13285,6.58344601588516,52.3611152274733,16.111,5.777
13286,6.58345790824692,52.3611157233162,15.873,5.691
13287,6.58346979173335,52.3611163166136,15.509,5.561
13288,6.58348161411936,52.3611175808176,16.679,5.98
13289,6.58349343650538,52.3611188450216,15.435,5.534
13290,6.58350525889139,52.3611201092256,16.125,5.782
13291,6.5835170812774,52.3611213734296,15.461,5.544
13292,6.58352890366342,52.3611226376335,14.458,5.184
13293,6.58354072604943,52.3611239018375,15.37,5.511
13294,6.58355254843545,52.3611251660415,15.424,5.53
13295,6.58356437082146,52.3611264302455,15.419,5.529
13296,6.58357619320747,52.3611276944495,15.102,5.415
13297,6.58358802569649,52.3611288477185,15.846,5.682
13298,6.58359988040834,52.3611297569721,15.898,5.7
13299,6.5836117351202,52.3611306662257,15.272,5.476
13300,6.58362358983205,52.3611315754793,15.254,5.469
13301,6.5836354445439,52.3611324847329,14.808,5.309
13302,6.58364729925575,52.3611333939865,15.562,5.58
13303,6.5836591539676,52.3611343032401,16.21,5.812
13304,6.58367100867945,52.3611352124937,16.197,5.808
13305,6.5836828633913,52.3611361217474,15.021,5.386
13306,6.58369471810316,52.361137031001,16.531,5.927
13307,6.58370657281501,52.3611379402546,15.134,5.426
13308,6.58371842752686,52.3611388495082,14.736,5.284
13309,6.58373028223871,52.3611397587618,14.519,5.206
13310,6.58374213962144,52.3611406386882,14.674,5.261
13311,6.58375401659102,52.3611413035431,15.49,5.554
13312,6.58376589356061,52.3611419683981,15.129,5.425
13313,6.58377777053019,52.361142633253,14.895,5.341
13314,6.58378961777264,52.3611436245237,14.755,5.29
13315,6.58380146926926,52.3611445690818,14.601,5.235
13316,6.58381335131298,52.3611451782207,14.703,5.272
13317,6.5838252333567,52.3611457873597,15.81,5.669
13318,6.58383711540042,52.3611463964987,16.26,5.83
13319,6.58384899744414,52.3611470056377,16.283,5.838
13320,6.58386087388381,52.3611476763113,15.576,5.585
13321,6.58387273089132,52.3611485603576,14.869,5.331
13322,6.58388458789883,52.361149444404,14.752,5.29
13323,6.58389644490634,52.3611503284504,15.576,5.585
13324,6.58390831325887,52.3611510879241,14.973,5.369
13325,6.58392018590968,52.3611518002008,15.346,5.503
13326,6.58393205856049,52.3611525124776,16.226,5.818
13327,6.5839439312113,52.3611532247544,15.204,5.452
13328,6.58395580386211,52.3611539370312,16.403,5.881
13329,6.58396767651293,52.361154649308,14.387,5.158
13330,6.58397954916374,52.3611553615848,15.299,5.485
13331,6.58399142181455,52.3611560738615,15.206,5.452
13332,6.58400329446536,52.3611567861383,14.429,5.174
13333,6.58401516711618,52.3611574984151,15.466,5.545
13334,6.58402703976699,52.3611582106919,15.881,5.694
13335,6.5840389124178,52.3611589229687,16.262,5.831
13336,6.58405078506861,52.3611596352455,15.195,5.448
13337,6.58406268549031,52.3611600425871,13.821,4.956
13338,6.58407456176153,52.3611607151103,15.205,5.452
13339,6.58408642767516,52.3611615013639,15.347,5.503
13340,6.5840982935888,52.3611622876176,14.759,5.292
13341,6.58411015950244,52.3611630738712,15.01,5.382
13342,6.58412202541608,52.3611638601248,14.585,5.229
13343,6.58413389132971,52.3611646463784,14.776,5.298
13344,6.58414575724335,52.361165432632,15.439,5.536
13345,6.58415762315699,52.3611662188856,15.644,5.609
13346,6.58416948907063,52.3611670051392,14.066,5.043
13347,6.58418135498426,52.3611677913928,14.498,5.198
13348,6.5841932208979,52.3611685776464,13.85,4.966
13349,6.58420508681154,52.3611693639,15.852,5.684
13350,6.58421695272518,52.3611701501536,15.268,5.475
13351,6.58422881863881,52.3611709364072,13.565,4.864
13352,6.58424068455245,52.3611717226608,14.69,5.267
13353,6.58425255046609,52.3611725089144,14.547,5.216
13354,6.58426441637973,52.361173295168,14.254,5.111
13355,6.58427628229336,52.3611740814216,15.294,5.484
13356,6.584288148207,52.3611748676752,15.266,5.474
13357,6.58430001412064,52.3611756539288,14.814,5.312
13358,6.58431188003428,52.3611764401825,14.264,5.114
13359,6.58432374594791,52.3611772264361,14.254,5.111
13360,6.58433561186155,52.3611780126897,14.638,5.249
13361,6.58434747777519,52.3611787989433,14.329,5.138
13362,6.58435934368882,52.3611795851969,14.579,5.228
13363,6.58437120960246,52.3611803714505,14.896,5.341
13364,6.5843830755161,52.3611811577041,13.652,4.895
13365,6.58439494142974,52.3611819439577,14.093,5.053
13366,6.58440680734337,52.3611827302113,14.504,5.201
13367,6.58441867325701,52.3611835164649,15.43,5.532
13368,6.58443053917065,52.3611843027185,14.991,5.375
13369,6.58444240508429,52.3611850889721,14.477,5.191
13370,6.58445427099792,52.3611858752257,14.701,5.271
13371,6.58446613691156,52.3611866614793,14.389,5.159
13372,6.5844780028252,52.3611874477329,15.067,5.402
13373,6.58448986873884,52.3611882339865,14.674,5.261
13374,6.58450173465247,52.3611890202401,15.155,5.434
13375,6.58451360056611,52.3611898064938,13.591,4.873
13376,6.58452546647975,52.3611905927474,13.899,4.983
13377,6.58453733239338,52.361191379001,14.519,5.206
13378,6.58454919830702,52.3611921652546,14.632,5.246
13379,6.58456106422066,52.3611929515082,15.738,5.643
13380,6.5845729301343,52.3611937377618,13.248,4.75
13381,6.58458479604793,52.3611945240154,14.276,5.119
13382,6.58459666196157,52.361195310269,14.234,5.104
13383,6.58460853612422,52.3611960059452,14.404,5.165
13384,6.58462041845734,52.3611966119064,15.267,5.474
13385,6.58463230079046,52.3611972178677,14.747,5.288
13386,6.58464418312358,52.3611978238289,13.273,4.759
13387,6.5846560654567,52.3611984297902,15.102,5.415
13388,6.58466794778982,52.3611990357514,15.07,5.403
13389,6.58467983012294,52.3611996417127,14.323,5.136
13390,6.58469171245606,52.3612002476739,13.201,4.733
13391,6.58470359478918,52.3612008536352,14.047,5.037
13392,6.58471547712231,52.3612014595964,14.396,5.162
13393,6.58472735945543,52.3612020655576,14.69,5.267
13394,6.58473924178855,52.3612026715189,13.046,4.678
13395,6.58475112405872,52.3612032781713,13.619,4.883
13396,6.58476300613038,52.3612038870035,14.701,5.271
13397,6.58477488820203,52.3612044958358,14.922,5.35
13398,6.58478677027369,52.361205104668,14.275,5.119
13399,6.58479865234534,52.3612057135003,14.681,5.264
13400,6.58481053441699,52.3612063223325,14.257,5.112
13401,6.58482241648865,52.3612069311648,14.539,5.213
13402,6.5848342985603,52.361207539997,14.042,5.035
13403,6.58484618063195,52.3612081488293,14.222,5.099
13404,6.58485806270361,52.3612087576615,13.205,4.735
13405,6.58486994477526,52.3612093664938,14.331,5.139
13406,6.58488182684692,52.361209975326,13.154,4.716
13407,6.58489370891857,52.3612105841583,14.297,5.126
13408,6.58490559099022,52.3612111929905,13.599,4.876
13409,6.58491747306188,52.3612118018227,14.058,5.04
13410,6.58492935513353,52.361212410655,13.263,4.756
13411,6.58494123720518,52.3612130194872,13.511,4.844
13412,6.58495311927684,52.3612136283195,14.007,5.022
13413,6.58496500134849,52.3612142371517,14.217,5.098
13414,6.58497688342015,52.361214845984,14.4,5.163
13415,6.58498875148714,52.3612156085929,13.064,4.684
13416,6.58500061757418,52.3612163929424,12.841,4.604
13417,6.58501248366123,52.361217177292,13.133,4.709
13418,6.58502434912989,52.3612179684315,13.063,4.684
13419,6.58503620871035,52.361218824226,14.595,5.233
13420,6.5850480682908,52.3612196800204,14.445,5.179
13421,6.58505988795799,52.3612209740781,13.054,4.681
13422,6.58507165155002,52.3612228838632,14.63,5.246
13423,6.58508331629368,52.3612258790419,14.361,5.149
13424,6.58509515179383,52.3612269992476,12.633,4.53
13425,6.58510699009815,52.3612280886624,12.969,4.65
13426,6.58511882840247,52.3612291780771,12.583,4.512
13427,6.58513066670679,52.3612302674918,13.491,4.837
13428,6.58514254181135,52.3612309528255,13.536,4.854
13429,6.58515442947204,52.3612315002879,13.519,4.847
13430,6.58516631713274,52.3612320477503,12.302,4.411
13431,6.58517820479343,52.3612325952127,12.638,4.532
13432,6.58519009245412,52.3612331426751,13.615,4.882
13433,6.58520198011482,52.3612336901375,13.812,4.952
13434,6.5852138846524,52.3612340522851,12.242,4.39
13435,6.58522573882172,52.3612349674959,12.661,4.54
13436,6.5852375583684,52.3612362628769,14.0,5.02
13437,6.58524944618079,52.3612368086736,12.663,4.541
13438,6.58526133399319,52.3612373544702,13.359,4.79
13439,6.58527322180558,52.3612379002669,12.577,4.509
13440,6.58528510961797,52.3612384460636,13.826,4.958
13441,6.58529699743037,52.3612389918602,12.136,4.351
13442,6.58530888524276,52.3612395376569,13.128,4.707
13443,6.58532077305515,52.3612400834536,13.845,4.964
13444,6.58533266086755,52.3612406292503,13.636,4.889
13445,6.58534454867994,52.3612411750469,12.99,4.658
13446,6.58535643649233,52.3612417208436,12.837,4.603
13447,6.58536832430473,52.3612422666403,13.097,4.696
13448,6.58538021211712,52.361242812437,12.461,4.468
13449,6.58539209992952,52.3612433582336,13.147,4.714
13450,6.58540399276617,52.3612438488619,13.143,4.712
13451,6.58541589383813,52.3612442490634,12.932,4.637
13452,6.58542779491009,52.3612446492648,13.752,4.931
13453,6.58543966633778,52.361245374972,12.521,4.489
13454,6.58545152905061,52.3612461963717,12.135,4.351
13455,6.58546346366785,52.3612462282328,12.815,4.595
13456,6.58547543448631,52.3612458625903,13.183,4.727
13457,6.58548740530477,52.3612454969478,13.035,4.674
13458,6.58549937612323,52.3612451313053,12.996,4.66
13459,6.58551131422464,52.361245124909,12.41,4.45
13460,6.58552323340944,52.3612453262242,12.482,4.475
13461,6.58553515259424,52.3612455275396,12.76,4.575
13462,6.58554707177905,52.3612457288548,12.701,4.554
13463,6.58555899096385,52.3612459301701,13.669,4.901
13464,6.58557091014866,52.3612461314854,13.166,4.721
13465,6.58558282933346,52.3612463328007,12.686,4.549
13466,6.58559474851827,52.361246534116,13.632,4.888
13467,6.58560665012709,52.3612469284225,13.239,4.747
13468,6.58561853498492,52.3612475066614,12.167,4.363
13469,6.58563041984275,52.3612480849004,11.048,3.961
13470,6.58564230470058,52.3612486631393,12.164,4.361
13471,6.58565418955841,52.3612492413783,13.283,4.763
13472,6.58566607441624,52.3612498196172,13.447,4.821
13473,6.58567795927407,52.3612503978561,11.936,4.28
13474,6.5856898441319,52.3612509760951,13.289,4.765
13475,6.58570172898973,52.361251554334,13.257,4.753
13476,6.58571361384756,52.361252132573,13.702,4.913
13477,6.58572549870539,52.3612527108119,13.431,4.816
13478,6.58573738257313,52.3612532999224,13.658,4.897
13479,6.58574925028139,52.3612540664704,13.141,4.712
13480,6.58576111798965,52.3612548330184,13.112,4.701
13481,6.58577298569791,52.3612555995663,12.637,4.531
13482,6.58578485340617,52.3612563661143,13.309,4.772
13483,6.58579672111442,52.3612571326623,12.034,4.315
13484,6.58580859158226,52.361257868909,12.728,4.564
13485,6.58582046283749,52.3612585965098,13.118,4.704
13486,6.58583233409272,52.3612593241106,13.621,4.884
13487,6.58584420534795,52.3612600517114,12.503,4.483
13488,6.58585607660318,52.3612607793122,13.345,4.785
13489,6.58586794785841,52.3612615069131,12.653,4.537
13490,6.58587981911364,52.3612622345139,13.341,4.784
13491,6.58589169036887,52.3612629621147,12.282,4.404
13492,6.5859035616241,52.3612636897155,13.173,4.723
13493,6.58591543287933,52.3612644173164,12.683,4.547
13494,6.58592730413456,52.3612651449172,12.035,4.315
13495,6.58593917538979,52.361265872518,12.634,4.53
13496,6.58595104485493,52.3612666197747,13.495,4.839
13497,6.58596291350645,52.3612673759653,12.111,4.343
13498,6.58597478215798,52.3612681321559,11.831,4.242
13499,6.5859866508095,52.3612688883464,12.932,4.637
13500,6.58599851946102,52.361269644537,11.705,4.197
13501,6.58601038811254,52.3612704007275,13.604,4.878
13502,6.58602225676406,52.3612711569181,13.583,4.87
13503,6.58603412541558,52.3612719131087,13.283,4.763
13504,6.5860459940671,52.3612726692992,12.66,4.539
13505,6.58605786271862,52.3612734254898,13.64,4.891
13506,6.58606973137015,52.3612741816804,13.446,4.821
13507,6.58608160002167,52.3612749378709,12.336,4.423
13508,6.58609346867319,52.3612756940615,13.489,4.837
13509,6.58610533732471,52.3612764502521,12.101,4.339
13510,6.58611720597623,52.3612772064426,12.516,4.488
13511,6.58612907462775,52.3612779626332,11.572,4.149
13512,6.58614095060593,52.3612786383742,12.707,4.556
13513,6.58615283192636,52.3612792554552,12.442,4.461
13514,6.58616471324679,52.3612798725362,12.344,4.426
13515,6.58617659456722,52.3612804896172,12.508,4.485
13516,6.58618847588765,52.3612811066982,12.259,4.396
13517,6.58620035720807,52.3612817237792,12.619,4.525
13518,6.58621221599883,52.3612825882448,13.344,4.785
13519,6.58622405418,52.3612836790119,11.96,4.288
13520,6.58623592558703,52.3612844049458,13.086,4.692
13521,6.58624779699406,52.3612851308798,12.7,4.554
13522,6.5862596684011,52.3612858568137,12.789,4.586
13523,6.58627153980813,52.3612865827477,12.546,4.498
13524,6.58628343707158,52.361287024768,12.137,4.352
13525,6.58629534304112,52.3612873711922,12.815,4.595
13526,6.58630724075412,52.3612878082763,12.854,4.609
13527,6.58631913653889,52.3612882665332,12.073,4.329
13528,6.58633103232365,52.3612887247901,11.751,4.213
13529,6.58634292810842,52.361289183047,12.583,4.512
13530,6.58635481730662,52.3612897136269,12.972,4.651
13531,6.58636669123736,52.3612904118496,13.114,4.702
13532,6.58637856516811,52.3612911100722,13.226,4.742
13533,6.58639043909885,52.3612918082949,12.731,4.565
13534,6.58640231302959,52.3612925065176,12.353,4.429
13535,6.58641418696033,52.3612932047402,12.501,4.482
13536,6.58642606089107,52.3612939029629,11.766,4.219
13537,6.58643793482181,52.3612946011856,12.09,4.335
13538,6.58644980875255,52.3612952994082,12.455,4.466
13539,6.58646168474356,52.3612959750084,12.324,4.419
13540,6.58647356589342,52.3612965939623,12.53,4.493
13541,6.58648544704328,52.3612972129161,11.662,4.181
13542,6.58649732819314,52.36129783187,11.788,4.227
13543,6.586509209343,52.3612984508239,12.915,4.631
13544,6.58652109049287,52.3612990697778,11.964,4.29
13545,6.58653297164273,52.3612996887317,12.05,4.321
13546,6.58654485279259,52.3613003076855,12.498,4.481
13547,6.58655673394245,52.3613009266394,11.889,4.263
13548,6.58656861509232,52.3613015455933,13.082,4.69
13549,6.58658049624218,52.3613021645472,11.686,4.19
13550,6.58659237739204,52.3613027835011,12.42,4.453
13551,6.5866042585419,52.361303402455,11.973,4.293
13552,6.58661613969176,52.3613040214088,12.499,4.482
13553,6.58662802084163,52.3613046403627,12.109,4.342
13554,6.58663990199149,52.3613052593166,12.381,4.439
13555,6.58665178314135,52.3613058782705,13.107,4.7
13556,6.58666361110277,52.3613070812543,11.979,4.295
13557,6.58667547743411,52.3613078629214,11.967,4.291
13558,6.5866873457158,52.3613086231729,12.184,4.369
13559,6.58669921399748,52.3613093834245,13.231,4.744
13560,6.58671108227916,52.3613101436761,12.305,4.412
13561,6.58672295056084,52.3613109039276,13.077,4.689
13562,6.58673481884252,52.3613116641792,12.24,4.389
13563,6.5867466871242,52.3613124244307,13.038,4.675
13564,6.58675855540588,52.3613131846823,12.571,4.507
13565,6.58677042368756,52.3613139449339,12.651,4.536
13566,6.58678218457141,52.3613158844557,11.474,4.114
13567,6.58679391590436,52.3613181484581,11.38,4.08
13568,6.58680572610467,52.3613195464658,12.934,4.638
13569,6.58681759914274,52.3613202544904,12.92,4.632
13570,6.5868294721808,52.361320962515,13.715,4.918
13571,6.58684134521886,52.3613216705396,11.41,4.091
13572,6.58685323152253,52.3613222329027,12.563,4.504
13573,6.58686513972983,52.3613225547553,11.668,4.184
13574,6.5868770177704,52.3613232078505,11.827,4.241
13575,6.58688889581096,52.3613238609457,11.961,4.289
13576,6.58690077385153,52.3613245140408,12.474,4.473
13577,6.5869126477043,52.3613252131197,11.851,4.249
13578,6.58692446016791,52.3613265862755,12.255,4.394
13579,6.58693627263153,52.3613279594313,12.717,4.56
13580,6.58694808509515,52.3613293325871,12.884,4.62
13581,6.58695992518656,52.3613304023788,12.621,4.525
13582,6.58697180923111,52.3613309895478,12.472,4.472
13583,6.58698369327567,52.3613315767169,12.116,4.344
13584,6.58699557732022,52.361332163886,11.857,4.252
13585,6.58700746136477,52.361332751055,12.502,4.483
13586,6.58701934540932,52.3613333382241,11.56,4.145
13587,6.58703122945387,52.3613339253932,12.241,4.389
13588,6.58704311349842,52.3613345125623,11.531,4.134
13589,6.58705499754297,52.3613350997313,12.132,4.35
13590,6.5870668814488,52.3613356884236,11.529,4.134
13591,6.58707876526769,52.3613362780705,11.906,4.269
13592,6.58709064908658,52.3613368677174,11.737,4.208
13593,6.58710253290547,52.3613374573643,11.659,4.18
13594,6.58711441672435,52.3613380470113,12.069,4.327
13595,6.58712630054324,52.3613386366582,10.688,3.832
13596,6.58713818436213,52.3613392263051,11.046,3.961
13597,6.58715006818102,52.3613398159521,12.572,4.508
13598,6.58716196311949,52.3613402835016,12.179,4.367
13599,6.5871738595326,52.3613407348591,11.66,4.181
13600,6.5871857559457,52.3613411862166,12.651,4.536
13601,6.58719764307585,52.3613417395046,11.695,4.194
13602,6.58720952681823,52.3613423299916,11.724,4.204
13603,6.58722141056061,52.3613429204786,11.597,4.158
13604,6.58723329430299,52.3613435109656,13.172,4.723
13605,6.58724517804537,52.3613441014526,12.182,4.368
13606,6.58725706178775,52.3613446919397,12.152,4.357
13607,6.58726894553013,52.3613452824267,12.305,4.412
13608,6.58728082927251,52.3613458729137,10.934,3.921
13609,6.58729271301489,52.3613464634007,11.668,4.184
13610,6.58730459675728,52.3613470538877,12.278,4.402
13611,6.58731648049966,52.3613476443747,12.002,4.303
13612,6.58732836424666,52.3613482348109,13.295,4.767
13613,6.58734024803976,52.361348824741,11.677,4.187
13614,6.58735213183286,52.3613494146711,12.54,4.496
13615,6.58736401562596,52.3613500046013,12.453,4.465
13616,6.58737589941906,52.3613505945314,12.056,4.323
13617,6.58738778321216,52.3613511844615,12.157,4.359
13618,6.58739966700525,52.3613517743916,11.789,4.227
13619,6.58741155100881,52.3613523620108,10.794,3.87
13620,6.58742343507994,52.361352948888,12.153,4.358
13621,6.58743531915108,52.3613535357651,12.194,4.372
13622,6.58744720468981,52.3613541065275,12.281,4.403
13623,6.58745909337943,52.3613546426919,11.968,4.291
13624,6.58747098206905,52.3613551788563,12.495,4.48
13625,6.58748287075867,52.3613557150207,11.41,4.091
13626,6.58749475944829,52.3613562511851,12.777,4.581
13627,6.58750664813791,52.3613567873495,11.327,4.061
13628,6.58751853682753,52.3613573235139,11.839,4.245
13629,6.58753042551715,52.3613578596782,12.297,4.409
13630,6.58754231420677,52.3613583958426,11.589,4.155
13631,6.58755420289639,52.361358932007,12.327,4.42
13632,6.58756609158601,52.3613594681714,11.679,4.188
13633,6.58757798027563,52.3613600043358,11.945,4.283
13634,6.58758986896525,52.3613605405002,11.764,4.218
13635,6.58760175765487,52.3613610766645,11.526,4.133
13636,6.58761364634449,52.3613616128289,13.185,4.727
13637,6.58762553384204,52.3613621620826,11.362,4.074
13638,6.58763741271209,52.3613628060698,10.507,3.767
13639,6.58764929158214,52.3613634500569,11.374,4.078
13640,6.58766117045218,52.3613640940441,11.919,4.274
13641,6.58767304932223,52.3613647380312,11.616,4.165
13642,6.58768492819228,52.3613653820184,12.432,4.458
13643,6.58769680706233,52.3613660260055,12.406,4.448
13644,6.58770868593237,52.3613666699927,11.637,4.172
13645,6.58772056480242,52.3613673139798,10.831,3.883
13646,6.58773244367247,52.361367957967,11.061,3.966
13647,6.58774432254251,52.3613686019541,11.793,4.228
13648,6.58775620141256,52.3613692459412,10.888,3.904
13649,6.58776808028261,52.3613698899284,11.587,4.155
13650,6.58777995915266,52.3613705339155,12.636,4.531
13651,6.58779184390568,52.3613711133052,11.998,4.302
13652,6.58780373922476,52.3613715766757,11.819,4.238
13653,6.58781563454383,52.3613720400461,11.177,4.008
13654,6.5878275298629,52.3613725034165,11.892,4.264
13655,6.58783942518197,52.3613729667869,11.63,4.17
13656,6.58785132050104,52.3613734301573,11.919,4.274
13657,6.58786321582011,52.3613738935277,12.203,4.375
13658,6.58787514316647,52.3613740052259,12.3,4.41
13659,6.58788709423924,52.3613738563989,11.845,4.247
13660,6.58789904531201,52.3613737075718,12.067,4.327
13661,6.58791099638478,52.3613735587448,11.462,4.11
13662,6.58792294745755,52.3613734099177,12.427,4.456
13663,6.58793489853031,52.3613732610907,11.236,4.029
13664,6.58794686870755,52.3613729024891,11.633,4.171
13665,6.58795887677892,52.3613721277951,12.48,4.475
13666,6.58797088485029,52.361371353101,11.467,4.112
13667,6.58798289292165,52.361370578407,10.96,3.93
13668,6.58799490099302,52.361369803713,11.504,4.125
13669,6.58800690906439,52.361369029019,12.562,4.504
13670,6.58801891713576,52.361368254325,10.406,3.731
13671,6.58803085267909,52.3613682760172,11.8,4.231
13672,6.5880427394576,52.3613688331664,11.365,4.075
13673,6.5880546262361,52.3613693903155,11.638,4.173
13674,6.58806651301461,52.3613699474647,11.53,4.134
13675,6.58807839979311,52.3613705046139,12.298,4.41
13676,6.58809028657162,52.361371061763,11.764,4.218
13677,6.58810217335012,52.3613716189122,12.325,4.419
13678,6.58811406012863,52.3613721760614,12.485,4.476
13679,6.58812594690713,52.3613727332106,11.746,4.212
13680,6.58813782305649,52.3613734070719,11.516,4.129
13681,6.58814967554874,52.3613743406977,11.948,4.284
13682,6.58816155489019,52.3613749795086,12.061,4.325
13683,6.58817345236962,52.3613754191575,11.047,3.961
13684,6.58818534984905,52.3613758588063,11.864,4.254
13685,6.58819724732847,52.3613762984552,11.575,4.15
13686,6.5882091448079,52.361376738104,11.477,4.115
13687,6.58822104228733,52.3613771777529,11.318,4.058
13688,6.58823293976676,52.3613776174017,11.356,4.072
13689,6.58824483724619,52.3613780570506,12.462,4.469
13690,6.58825673472561,52.3613784966994,11.51,4.127
13691,6.58826863147066,52.3613789444121,12.397,4.445
13692,6.58828052798953,52.3613793946082,11.802,4.232
13693,6.5882924245084,52.3613798448044,11.059,3.965
13694,6.58830432102727,52.3613802950005,11.838,4.245
13695,6.58831621754614,52.3613807451967,11.028,3.954
13696,6.58832811406501,52.3613811953928,12.085,4.333
13697,6.58834001058388,52.361381645589,11.607,4.162
13698,6.58835190710275,52.3613820957851,12.233,4.386
13699,6.58836380362162,52.3613825459813,12.575,4.509
13700,6.58837570014049,52.3613829961774,10.713,3.841
13701,6.58838759665936,52.3613834463735,11.463,4.11
13702,6.58839949317823,52.3613838965697,11.025,3.953
13703,6.5884113896971,52.3613843467658,13.007,4.664
13704,6.58842327075081,52.3613849667755,11.481,4.117
13705,6.58843503511509,52.3613868680809,10.969,3.933
13706,6.58844663315429,52.3613905957008,13.062,4.683
13707,6.58845818377926,52.3613948439477,11.32,4.059
13708,6.5884700245506,52.3613959062735,10.795,3.871
13709,6.58848188522361,52.3613967500713,11.071,3.969
13710,6.58849374589662,52.3613975938691,11.839,4.245
13711,6.58850475477765,52.361398430231,11.784,4.225
13712,6.58851571545885,52.3613992661722,11.269,4.041
13713,6.58852667614005,52.3614001021133,11.478,4.116
13714,6.58853780389088,52.3614010216843,11.798,4.23
13715,6.58854926180245,52.3614021065235,12.549,4.5
13716,6.58856071971402,52.3614031913626,11.97,4.292
13717,6.58857217762559,52.3614042762018,11.446,4.104
13718,6.58858363553716,52.361405361041,11.647,4.176
13719,6.58859509344873,52.3614064458801,12.238,4.388
13720,6.58860655136031,52.3614075307193,12.777,4.581
13721,6.58861800927188,52.3614086155584,11.144,3.996
13722,6.58862946718345,52.3614097003976,12.453,4.465
13723,6.58864092509502,52.3614107852368,11.619,4.166
13724,6.58865238300659,52.3614118700759,10.852,3.891
13725,6.58866383751531,52.3614130166525,10.74,3.851
13726,6.5886752917661,52.3614141679088,12.601,4.518
13727,6.58868674601689,52.361415319165,12.677,4.545
13728,6.5886982041135,52.361416400647,11.492,4.121
13729,6.58870967095548,52.361417323463,11.708,4.198
13730,6.58872113779746,52.3614182462791,10.79,3.869
13731,6.58873260463944,52.3614191690951,12.291,4.407
13732,6.58874407148143,52.3614200919111,11.832,4.243
13733,6.58875553832341,52.3614210147272,10.942,3.923
13734,6.58876700516539,52.3614219375432,11.981,4.296
13735,6.58877847623612,52.3614227836376,11.05,3.962
13736,6.58878995057764,52.3614235703905,12.201,4.375
13737,6.58880142236702,52.3614244034466,11.243,4.031
13738,6.58881288942047,52.361425322426,12.085,4.333
13739,6.58882435647392,52.3614262414054,11.509,4.127
13740,6.58883582352736,52.3614271603849,10.509,3.768
13741,6.58884729058081,52.3614280793643,12.493,4.479
13742,6.58885875763426,52.3614289983437,12.532,4.493
13743,6.5888702246877,52.3614299173231,11.614,4.164
13744,6.58888169174115,52.3614308363026,12.09,4.335
13745,6.5888931587946,52.361431755282,12.194,4.372
13746,6.58890462584805,52.3614326742614,12.22,4.382
13747,6.58891609290149,52.3614335932408,12.966,4.649
13748,6.58892755995494,52.3614345122202,12.204,4.376
13749,6.58893902700839,52.3614354311997,11.757,4.216
13750,6.58895049406184,52.3614363501791,12.227,4.384
13751,6.58896196111528,52.3614372691585,11.731,4.206
13752,6.58897342816873,52.3614381881379,11.366,4.075
13753,6.58898489522218,52.3614391071174,12.718,4.56
13754,6.58899636227562,52.3614400260968,12.324,4.419
13755,6.58900782932907,52.3614409450762,10.924,3.917
13756,6.58901930014212,52.3614417958458,11.625,4.168
13757,6.58903077207781,52.3614426262473,12.482,4.476
13758,6.58904224401351,52.3614434566487,11.126,3.989
13759,6.5890537159492,52.3614442870502,11.612,4.164
13760,6.5890651878849,52.3614451174517,13.63,4.887
13761,6.5890766598206,52.3614459478532,11.88,4.259
13762,6.58908813175629,52.3614467782547,12.721,4.561
13763,6.58909960369199,52.3614476086561,12.976,4.653
13764,6.58911107562769,52.3614484390576,11.57,4.148
13765,6.58912254341732,52.3614493446805,12.271,4.4
13766,6.58913400976713,52.361450276426,13.335,4.781
13767,6.58914547611694,52.3614512081714,12.405,4.448
13768,6.58915694246674,52.3614521399168,13.536,4.854
13769,6.58916840881655,52.3614530716623,11.781,4.224
13770,6.58917987516636,52.3614540034077,13.224,4.741
13771,6.58919134151617,52.3614549351531,12.187,4.37
13772,6.58920280786598,52.3614558668986,11.996,4.301
13773,6.58921427421579,52.361456798644,12.576,4.509
13774,6.58922573913183,52.361457756402,12.146,4.355
13775,6.58923720352733,52.3614587236043,12.173,4.365
13776,6.58924866792282,52.3614596908067,12.519,4.489
13777,6.58926013231831,52.361460658009,11.182,4.01
13778,6.5892715967138,52.3614616252114,11.788,4.227
13779,6.58928306380508,52.3614625435044,12.694,4.552
13780,6.58929453886165,52.3614633172843,12.864,4.613
13781,6.58930601391822,52.3614640910643,12.503,4.483
13782,6.58931748897478,52.3614648648442,12.468,4.47
13783,6.58932896403135,52.3614656386242,12.554,4.501
13784,6.58934043908792,52.3614664124042,12.893,4.623
13785,6.58935191414448,52.3614671861841,11.504,4.125
13786,6.58936338950314,52.3614679544834,12.056,4.323
13787,6.58937486534995,52.361468713926,12.324,4.419
13788,6.58938634119676,52.3614694733687,12.496,4.481
13789,6.58939781704357,52.3614702328114,11.153,3.999
13790,6.58940929289038,52.3614709922541,11.667,4.183
13791,6.5894207687372,52.3614717516967,12.41,4.45
13792,6.58943224458401,52.3614725111394,13.029,4.672
13793,6.58944372043082,52.3614732705821,12.2,4.374
13794,6.58945519833041,52.3614739927814,12.068,4.327
13795,6.58946667625726,52.3614747144863,12.784,4.584
13796,6.58947815418411,52.3614754361912,12.294,4.408
13797,6.58948963211095,52.361476157896,13.019,4.668
13798,6.5895011100378,52.3614768796009,12.384,4.44
13799,6.58951258796465,52.3614776013058,11.872,4.257
13800,6.5895240658915,52.3614783230107,13.377,4.797
13801,6.58953554381834,52.3614790447155,13.283,4.763
13802,6.58954702174519,52.3614797664204,12.008,4.306
13803,6.58955849967204,52.3614804881253,12.817,4.596
13804,6.58956997759889,52.3614812098301,12.406,4.448
13805,6.58958145552574,52.361481931535,12.976,4.653
13806,6.58959293345258,52.3614826532399,12.111,4.343
13807,6.58960441137943,52.3614833749448,13.153,4.716
13808,6.58961588930628,52.3614840966496,13.358,4.79
13809,6.58962736723313,52.3614848183545,12.112,4.343
13810,6.58963884542679,52.3614855352186,12.724,4.562
13811,6.58965032392092,52.3614862466313,13.414,4.81
13812,6.58966180241505,52.3614869580441,12.124,4.347
13813,6.58967328067184,52.3614876737629,12.334,4.423
13814,6.5896847587943,52.3614883919187,13.131,4.708
13815,6.58969623691676,52.3614891100746,12.662,4.54
13816,6.58970771503922,52.3614898282305,11.845,4.247
13817,6.58971919316169,52.3614905463864,12.598,4.517
13818,6.58973067128415,52.3614912645422,13.828,4.958
13819,6.5897421498885,52.3614919739552,14.029,5.03
13820,6.58975363152875,52.3614926282884,12.455,4.466
13821,6.589765113169,52.3614932826215,12.308,4.413
13822,6.58977659480925,52.3614939369547,12.59,4.514
13823,6.5897880764495,52.3614945912878,13.934,4.996
13824,6.58979955808975,52.361495245621,13.384,4.799
13825,6.58981103973,52.3614958999541,13.764,4.935
13826,6.58982252137025,52.3614965542872,13.505,4.842
13827,6.5898340030105,52.3614972086204,12.157,4.359
13828,6.58984548465075,52.3614978629535,12.389,4.442
13829,6.589856966291,52.3614985172867,12.552,4.501
13830,6.58986844793125,52.3614991716198,12.669,4.543
13831,6.5898799295715,52.361499825953,12.592,4.515
13832,6.58989141121175,52.3615004802861,12.675,4.545
13833,6.58990290138295,52.3615009798435,13.396,4.803
13834,6.5899144067079,52.3615012044685,13.114,4.702
13835,6.58992589004931,52.3615018279378,13.766,4.936
13836,6.58993737339072,52.361502451407,13.211,4.737
13837,6.58994885673213,52.3615030748762,12.679,4.546
13838,6.58996034007354,52.3615036983454,13.202,4.734
13839,6.58997182341495,52.3615043218147,12.216,4.38
13840,6.58998330675636,52.3615049452839,11.76,4.217
13841,6.58999479009777,52.3615055687531,13.511,4.845
13842,6.59000627343918,52.3615061922224,13.746,4.929
13843,6.59001775678059,52.3615068156916,13.203,4.734
13844,6.59002923459638,52.3615075394114,12.945,4.641
13845,6.59004071207584,52.3615082692332,12.399,4.446
13846,6.5900521895553,52.361508999055,13.888,4.98
13847,6.59006366703475,52.3615097288768,13.505,4.842
13848,6.59007514451421,52.3615104586986,13.4,4.805
13849,6.59008662199367,52.3615111885205,13.239,4.747
13850,6.59009809947313,52.3615119183423,12.979,4.654
13851,6.59010957695258,52.3615126481641,12.614,4.523
13852,6.5901210585842,52.3615133026539,13.43,4.815
13853,6.59013255415778,52.3615137041966,12.978,4.653
13854,6.59014404973136,52.3615141057393,13.058,4.682
13855,6.59015554530494,52.361514507282,14.33,5.138
13856,6.59016704087852,52.3615149088247,13.304,4.77
13857,6.5901785364521,52.3615153103674,11.902,4.268
13858,6.59019003202569,52.3615157119101,13.042,4.676
13859,6.59020152759927,52.3615161134528,12.781,4.583
13860,6.59021302317285,52.3615165149955,13.3,4.769
13861,6.59022451874643,52.3615169165382,12.556,4.502
13862,6.59023601432001,52.3615173180809,13.661,4.898
13863,6.5902475098936,52.3615177196236,13.244,4.749
13864,6.59025900546718,52.3615181211663,13.15,4.715
13865,6.59027050104076,52.361518522709,13.529,4.851
13866,6.59028199661434,52.3615189242517,13.408,4.807
13867,6.59029349218792,52.3615193257944,13.385,4.799
13868,6.5903049877615,52.3615197273371,13.343,4.784
13869,6.59031648333509,52.3615201288798,13.474,4.831
13870,6.59032796981912,52.3615206953328,13.699,4.912
13871,6.5903394524605,52.3615213315027,13.637,4.89
13872,6.59035093510187,52.3615219676725,14.182,5.085
13873,6.59036241774325,52.3615226038424,13.209,4.736
13874,6.59037390038462,52.3615232400123,13.681,4.905
13875,6.590385383026,52.3615238761822,14.99,5.375
13876,6.59039686566737,52.361524512352,13.538,4.854
13877,6.59040834830875,52.3615251485219,13.571,4.866
13878,6.59041983095012,52.3615257846918,12.839,4.604
13879,6.5904313135915,52.3615264208616,13.173,4.723
13880,6.59044279623287,52.3615270570315,13.54,4.855
13881,6.59045427887425,52.3615276932014,13.926,4.993
13882,6.59046576151562,52.3615283293713,14.004,5.021
13883,6.590477244157,52.3615289655411,13.824,4.957
13884,6.59048872191502,52.3615296903091,14.114,5.061
13885,6.59050019146231,52.3615305640431,13.063,4.684
13886,6.5905116610096,52.3615314377771,13.948,5.001
13887,6.59052313055689,52.3615323115111,13.678,4.904
13888,6.59053460010418,52.361533185245,13.753,4.931
13889,6.59054606965147,52.361534058979,13.475,4.832
13890,6.59055753919876,52.361534932713,13.137,4.71
13891,6.59056900874605,52.361535806447,12.992,4.658
13892,6.59058047829334,52.361536680181,13.904,4.986
13893,6.59059197410141,52.3615370774694,14.018,5.026
13894,6.59060349049307,52.3615371013126,13.657,4.897
13895,6.59061500688474,52.3615371251557,13.734,4.924
13896,6.59062652327641,52.3615371489989,13.328,4.779
13897,6.59063803966807,52.361537172842,14.056,5.04
13898,6.59064955605974,52.3615371966852,13.804,4.95
13899,6.59066107245141,52.3615372205283,13.562,4.863
13900,6.59067257138153,52.3615375611738,14.295,5.126
13901,6.5906840543888,52.3615381907052,14.174,5.082
13902,6.59069553886284,52.3615387936254,12.9,4.625
13903,6.59070703617165,52.361539163686,13.841,4.963
13904,6.59071853348047,52.3615395337466,13.257,4.753
13905,6.59073003078928,52.3615399038073,13.911,4.988
13906,6.5907415280981,52.3615402738679,11.984,4.297
13907,6.59075302540691,52.3615406439285,13.962,5.006
13908,6.59076452271573,52.3615410139891,14.273,5.118
13909,6.59077602002454,52.3615413840497,13.798,4.947
13910,6.59078751733336,52.3615417541103,13.186,4.728
13911,6.59079901464217,52.3615421241709,15.03,5.389
13912,6.59081053484123,52.3615420789371,14.568,5.223
13913,6.59082201827023,52.3615427008172,13.584,4.871
13914,6.59083348055745,52.3615437062696,13.752,4.931
13915,6.59084496539131,52.3615443026616,12.749,4.571
13916,6.59085645022517,52.3615448990535,14.201,5.092
13917,6.59086793489915,52.3615454983461,13.125,4.706
13918,6.59087941876991,52.3615461122114,14.331,5.139
13919,6.59089090264067,52.3615467260767,14.551,5.217
13920,6.59090238658281,52.361547338647,13.915,4.989
13921,6.59091387134706,52.361547936302,13.339,4.783
13922,6.5909253561113,52.3615485339569,14.708,5.274
13923,6.59093684087555,52.3615491316118,13.984,5.014
13924,6.59094832633672,52.3615497166226,14.046,5.036
13925,6.59095981213387,52.3615502955376,13.452,4.823
13926,6.59097129793103,52.3615508744525,14.122,5.064
13927,6.59098278372819,52.3615514533675,13.898,4.983
13928,6.59099426952535,52.3615520322824,13.245,4.749
13929,6.59100575673205,52.3615525856242,14.824,5.315
13930,6.59101724411774,52.3615531357187,15.079,5.407
13931,6.59102873150343,52.3615536858131,14.653,5.254
13932,6.59104021900158,52.3615542338672,14.574,5.226
13933,6.59105170685679,52.3615547754432,15.11,5.418
13934,6.59106319397014,52.3615553304786,13.465,4.828
13935,6.59107467951091,52.3615559140453,13.468,4.829
13936,6.59108616505167,52.361556497612,13.856,4.968
13937,6.59109765059244,52.3615570811786,14.285,5.122
13938,6.5911091361332,52.3615576647453,13.947,5.001
13939,6.59112062167397,52.3615582483119,13.529,4.851
13940,6.59113210721473,52.3615588318786,14.141,5.07
13941,6.5911435927555,52.3615594154453,14.092,5.053
13942,6.59115507829626,52.3615599990119,14.652,5.254
13943,6.59116656383703,52.3615605825786,14.193,5.089
13944,6.59117804937779,52.3615611661453,13.057,4.682
13945,6.59118953491856,52.3615617497119,14.414,5.168
13946,6.59120102045932,52.3615623332786,15.127,5.424
13947,6.59121250600009,52.3615629168452,14.224,5.1
13948,6.59122399154085,52.3615635004119,14.797,5.306
13949,6.59123547708162,52.3615640839786,13.93,4.995
13950,6.59124696262238,52.3615646675452,14.57,5.224
13951,6.59125844816315,52.3615652511119,13.81,4.952
13952,6.59126993370391,52.3615658346785,14.113,5.06
13953,6.59128141924468,52.3615664182452,14.128,5.066
13954,6.59129290478544,52.3615670018119,14.559,5.22
13955,6.59130439032621,52.3615675853785,13.804,4.95
13956,6.59131587586697,52.3615681689452,13.438,4.818
13957,6.59132736140773,52.3615687525119,14.586,5.23
13958,6.5913388469485,52.3615693360785,14.575,5.226
13959,6.59135033248926,52.3615699196452,14.397,5.162
13960,6.59136181803003,52.3615705032118,14.89,5.339
13961,6.59137330357079,52.3615710867785,14.233,5.103
13962,6.59138478911156,52.3615716703452,14.528,5.209
13963,6.59139627465232,52.3615722539118,14.168,5.08
13964,6.59140776019309,52.3615728374785,14.232,5.103
13965,6.59141924573385,52.3615734210452,14.595,5.233
13966,6.59143073127462,52.3615740046118,15.739,5.643
13967,6.59144221628725,52.3615745977604,14.853,5.326
13968,6.59145370023918,52.361575210153,14.75,5.289
13969,6.5914651841911,52.3615758225457,14.893,5.34
13970,6.59147666814303,52.3615764349384,13.069,4.686
13971,6.59148815209496,52.3615770473311,14.648,5.252
13972,6.59149963604689,52.3615776597238,15.006,5.381
13973,6.59151111999882,52.3615782721165,14.531,5.21
13974,6.59152260395075,52.3615788845091,14.467,5.187
13975,6.59153408790268,52.3615794969018,13.951,5.002
13976,6.59154557185461,52.3615801092945,14.259,5.113
13977,6.59155705580654,52.3615807216872,14.035,5.032
13978,6.59156853975847,52.3615813340799,15.124,5.423
13979,6.59158002371039,52.3615819464726,15.43,5.532
13980,6.59159150766232,52.3615825588652,15.695,5.628
13981,6.59160299161425,52.3615831712579,14.068,5.044
13982,6.59161447556618,52.3615837836506,14.185,5.086
13983,6.59162595951811,52.3615843960433,14.148,5.073
13984,6.59163744347004,52.361585008436,14.001,5.02
13985,6.59164892742197,52.3615856208287,14.021,5.027
13986,6.5916604113739,52.3615862332213,14.318,5.134
13987,6.59167189532583,52.361586845614,15.145,5.43
13988,6.59168337927775,52.3615874580067,14.219,5.098
13989,6.59169486322968,52.3615880703994,15.271,5.476
13990,6.59170634718161,52.3615886827921,15.466,5.546
13991,6.59171781893498,52.3615895165014,14.84,5.321
13992,6.59172928937646,52.3615903740124,15.405,5.524
13993,6.59174075981793,52.3615912315234,13.892,4.981
13994,6.5917522302594,52.3615920890343,14.374,5.154
13995,6.59176370992243,52.36159277924,14.823,5.315
13996,6.5917752049464,52.3615931907541,14.853,5.326
13997,6.59178669997039,52.3615936022681,15.572,5.583
13998,6.59179819499437,52.3615940137822,14.153,5.075
13999,6.59180969001835,52.3615944252962,14.435,5.176
14000,6.59182117911624,52.3615949443263,14.71,5.274
14001,6.59183266646341,52.3615954951197,14.464,5.186
14002,6.59184415381057,52.3615960459131,14.165,5.079
14003,6.59185564115774,52.3615965967065,14.507,5.202
14004,6.59186712850491,52.3615971474999,14.652,5.254
14005,6.59187861585207,52.3615976982933,15.656,5.614
14006,6.59189010319924,52.3615982490866,14.214,5.096
14007,6.5919015905464,52.36159879988,15.302,5.487
14008,6.59191307789357,52.3615993506734,15.579,5.586
14009,6.59192456524074,52.3615999014668,14.538,5.213
14010,6.5919360525879,52.3616004522602,15.0,5.379
14011,6.59194753993507,52.3616010030535,15.194,5.448
14012,6.59195902728223,52.3616015538469,15.105,5.416
14013,6.5919705146294,52.3616021046403,14.92,5.35
14014,6.59198200197657,52.3616026554337,14.48,5.192
14015,6.59199348932373,52.3616032062271,15.276,5.478
14016,6.5920049766709,52.3616037570204,14.674,5.262
14017,6.59201646401806,52.3616043078138,14.919,5.349
14018,6.59202795136523,52.3616048586072,15.012,5.383
14019,6.5920394387124,52.3616054094006,15.419,5.529
14020,6.59205092605956,52.361605960194,16.057,5.757
14021,6.59206241340673,52.3616065109874,14.496,5.198
14022,6.59207390075389,52.3616070617807,14.967,5.367
14023,6.59208538810106,52.3616076125741,14.07,5.045
14024,6.59209687544823,52.3616081633675,15.821,5.673
14025,6.59210836279539,52.3616087141609,14.981,5.372
14026,6.59211985014256,52.3616092649543,14.785,5.301
14027,6.59213133748973,52.3616098157476,14.998,5.378
14028,6.59214282483689,52.361610366541,15.034,5.391
14029,6.59215431218406,52.3616109173344,14.549,5.217
14030,6.59216579953122,52.3616114681278,15.683,5.623
14031,6.59217728687839,52.3616120189212,15.369,5.511
14032,6.59218877422556,52.3616125697145,15.457,5.542
14033,6.59220025088482,52.361613314417,14.601,5.235
14034,6.59221172662115,52.3616140758641,14.574,5.226
14035,6.59222320235748,52.3616148373112,14.944,5.358
14036,6.59223467809381,52.3616155987583,15.486,5.553
14037,6.5922461641928,52.3616161721973,15.315,5.491
14038,6.59225765258075,52.3616167041077,14.567,5.223
14039,6.59226914096871,52.3616172360182,15.421,5.529
14040,6.59228062935667,52.3616177679286,14.461,5.185
14041,6.59229211774463,52.3616182998391,14.648,5.252
14042,6.59230360613259,52.3616188317495,15.134,5.426
14043,6.59231509452054,52.3616193636599,14.356,5.147
14044,6.5923265829085,52.3616198955704,14.482,5.192
14045,6.59233805452043,52.361620731846,15.965,5.724
14046,6.59234950946393,52.3616218705345,15.859,5.686
14047,6.59236096440743,52.361623009223,16.405,5.882
14048,6.59237241935092,52.3616241479114,15.327,5.495
14049,6.59238387429442,52.3616252865999,15.444,5.537
14050,6.59239533107754,52.3616263919125,14.976,5.37
14051,6.59240683003026,52.361626732148,14.864,5.33
14052,6.5924183444818,52.3616267911905,15.586,5.588
14053,6.59242985893335,52.361626850233,15.876,5.693
14054,6.5924413733849,52.3616269092754,15.54,5.572
14055,6.59245288783644,52.3616269683179,14.586,5.23
14056,6.5924643850066,52.3616273408942,15.313,5.49
14057,6.5924758702419,52.3616279300029,14.631,5.246
14058,6.59248735430616,52.3616285403575,14.895,5.341
14059,6.59249883738715,52.3616291685515,16.05,5.755
14060,6.59251032046815,52.3616297967454,14.384,5.158
14061,6.59252180354914,52.3616304249394,16.367,5.868
14062,6.59253328860019,52.3616310173909,15.416,5.528
14063,6.59254477459255,52.3616315927644,14.82,5.314
14064,6.5925562605849,52.3616321681379,15.136,5.427
14065,6.59256774545848,52.3616327638093,14.694,5.269
14066,6.5925792288184,52.3616333869427,14.776,5.298
14067,6.59259075572196,52.36163322007,15.142,5.429
14068,6.59260236498288,52.3616315589995,14.906,5.345
14069,6.59261399015184,52.3616296093118,14.552,5.218
14070,6.5926256153208,52.361627659624,14.971,5.368
14071,6.59263713869294,52.3616275568215,14.329,5.138
14072,6.59264861877228,52.361628239474,14.354,5.147
14073,6.59266009885163,52.3616289221264,14.349,5.145
14074,6.59267157893097,52.3616296047789,16.086,5.768
14075,6.59268305901031,52.3616302874314,15.342,5.501
14076,6.59269453908965,52.3616309700839,15.453,5.541
14077,6.59270601916899,52.3616316527364,15.11,5.418
14078,6.59271749924833,52.3616323353888,15.401,5.522
14079,6.59272897932768,52.3616330180413,15.794,5.663
14080,6.59274037678139,52.3616351997587,15.342,5.501
14081,6.59275175502694,52.3616377299671,16.067,5.761
14082,6.59276316055295,52.3616397652302,15.079,5.407
14083,6.59277461167131,52.3616409733176,15.453,5.541
14084,6.59278609642272,52.3616415712054,15.514,5.563
14085,6.59279758117413,52.3616421690932,14.551,5.217
14086,6.59280906592554,52.3616427669809,15.124,5.423
14087,6.59282055067696,52.3616433648687,14.014,5.025
14088,6.59283203542837,52.3616439627565,15.02,5.386
14089,6.59284352017978,52.3616445606442,14.931,5.354
14090,6.59285500943437,52.3616450768316,14.895,5.341
14091,6.59286650861375,52.3616454129547,14.853,5.326
14092,6.59287800434238,52.3616458116845,15.392,5.519
14093,6.59288949971582,52.3616462168583,14.569,5.224
14094,6.59290099508926,52.3616466220321,16.182,5.802
14095,6.5929124904627,52.3616470272059,15.42,5.529
14096,6.59292398583614,52.3616474323798,14.612,5.239
14097,6.59293548120958,52.3616478375536,15.463,5.544
14098,6.59294697658302,52.3616482427274,15.666,5.617
14099,6.59295847195646,52.3616486479013,15.296,5.484
14100,6.5929699673299,52.3616490530751,14.485,5.194
14101,6.59298146270334,52.3616494582489,16.39,5.877
14102,6.59299295807678,52.3616498634227,15.448,5.539
14103,6.59300445345022,52.3616502685966,14.336,5.14
14104,6.59301594882366,52.3616506737704,15.19,5.446
14105,6.5930274441971,52.3616510789442,14.935,5.355
14106,6.59303893957054,52.3616514841181,15.065,5.402
14107,6.59305043288243,52.3616519266944,14.357,5.148
14108,6.59306192468618,52.3616523966326,15.088,5.41
14109,6.59307341648993,52.3616528665709,14.564,5.222
14110,6.59308490803724,52.3616533411616,14.844,5.323
14111,6.59309639933618,52.3616538202585,15.275,5.477
14112,6.59310789063512,52.3616542993554,14.763,5.294
14113,6.59311938193406,52.3616547784523,14.87,5.332
14114,6.593130873233,52.3616552575492,15.519,5.565
14115,6.59314236453195,52.3616557366461,14.511,5.203
14116,6.59315385583089,52.3616562157429,14.649,5.252
14117,6.59316534712983,52.3616566948398,14.289,5.123
14118,6.59317683842877,52.3616571739367,14.539,5.213
14119,6.59318832972771,52.3616576530336,15.095,5.412
14120,6.59319982102665,52.3616581321305,15.391,5.519
14121,6.59321131232559,52.3616586112274,14.537,5.212
14122,6.59322280362454,52.3616590903243,15.366,5.51
14123,6.59323429492348,52.3616595694211,15.065,5.402
14124,6.59324578622242,52.361660048518,14.186,5.087
14125,6.59325727752136,52.3616605276149,15.098,5.413
14126,6.5932687688203,52.3616610067118,15.693,5.627
14127,6.59328026011924,52.3616614858087,13.874,4.975
14128,6.59329175141819,52.3616619649056,16.162,5.795
14129,6.59330324271713,52.3616624440024,14.619,5.242
14130,6.59331473401607,52.3616629230993,14.004,5.021
14131,6.59332622531501,52.3616634021962,15.05,5.396
14132,6.59333771661395,52.3616638812931,15.453,5.541
14133,6.59334920791289,52.36166436039,14.795,5.305
14134,6.59336069921183,52.3616648394869,15.138,5.428
14135,6.59337219051078,52.3616653185837,16.197,5.807
14136,6.59338368180972,52.3616657976806,15.066,5.402
14137,6.59339517700624,52.3616662060642,16.695,5.986
14138,6.59340667233858,52.3616666119838,15.679,5.622
14139,6.59341816767091,52.3616670179034,14.961,5.364
14140,6.59342966300325,52.361667423823,15.097,5.413
14141,6.59344115833559,52.3616678297426,14.733,5.283
14142,6.59345265366792,52.3616682356621,15.062,5.401
14143,6.59346414900026,52.3616686415817,15.241,5.465
14144,6.5934756443326,52.3616690475013,14.668,5.259
14145,6.59348713966493,52.3616694534209,14.088,5.052
14146,6.59349863499727,52.3616698593405,15.672,5.619
14147,6.5935101303296,52.3616702652601,15.462,5.544
14148,6.59352162566194,52.3616706711796,14.051,5.038
14149,6.59353312099427,52.3616710770992,14.98,5.371
14150,6.59354461632661,52.3616714830188,15.478,5.55
14151,6.59355611165895,52.3616718889384,15.412,5.526
14152,6.59356760699128,52.361672294858,14.455,5.183
14153,6.59357910232362,52.3616727007776,15.435,5.534
14154,6.59359059765595,52.3616731066971,14.861,5.329
14155,6.59360209298829,52.3616735126167,15.075,5.405
14156,6.59361358832063,52.3616739185363,14.3,5.128
14157,6.59362508365296,52.3616743244559,12.332,4.422
14158,6.5936365789853,52.3616747303755,14.373,5.154
14159,6.59364807431764,52.361675136295,15.14,5.429
14160,6.59365956964997,52.3616755422146,14.698,5.27
14161,6.59367106498231,52.3616759481342,15.196,5.449
14162,6.59368256031464,52.3616763540538,15.459,5.543
14163,6.59369405564698,52.3616767599734,14.608,5.238
14164,6.59370555097932,52.361677165893,14.545,5.215
14165,6.59371704631165,52.3616775718125,13.506,4.843
14166,6.59372854493085,52.3616779180991,13.876,4.975
14167,6.59374004469702,52.3616782435762,13.993,5.017
14168,6.59375154446319,52.3616785690534,15.102,5.415
14169,6.59376304422936,52.3616788945305,14.581,5.228
14170,6.59377454399553,52.3616792200077,14.45,5.181
14171,6.5937860437617,52.3616795454848,14.377,5.155
14172,6.59379754352788,52.361679870962,14.295,5.126
14173,6.59380904329405,52.3616801964391,15.291,5.483
14174,6.59382054306022,52.3616805219163,14.797,5.306
14175,6.59383204282639,52.3616808473934,15.32,5.493
14176,6.59384354259256,52.3616811728705,13.441,4.819
14177,6.59385504235873,52.3616814983477,15.039,5.392
14178,6.5938665421249,52.3616818238248,14.436,5.176
14179,6.59387804189107,52.361682149302,14.549,5.217
14180,6.59388954165725,52.3616824747791,15.505,5.559
14181,6.59390104142342,52.3616828002563,14.475,5.19
14182,6.59391254118959,52.3616831257334,14.988,5.374
14183,6.59392404095576,52.3616834512105,14.095,5.054
14184,6.59393554072193,52.3616837766877,14.709,5.274
14185,6.5939470404881,52.3616841021648,13.747,4.929
14186,6.59395854025427,52.361684427642,14.644,5.251
14187,6.59397004002045,52.3616847531191,14.899,5.342
14188,6.59398153978662,52.3616850785963,15.317,5.492
14189,6.59399303955279,52.3616854040734,14.18,5.085
14190,6.59400453931896,52.3616857295506,14.345,5.144
14191,6.59401603908513,52.3616860550277,14.272,5.117
14192,6.5940275388513,52.3616863805048,14.497,5.198
14193,6.59403903861747,52.361686705982,14.074,5.046
14194,6.59405053838364,52.3616870314591,13.367,4.793
14195,6.59406204268594,52.3616872746379,14.017,5.026
14196,6.59407355163405,52.3616874335285,14.597,5.234
14197,6.59408506058216,52.361687592419,14.533,5.211
14198,6.59409656953028,52.3616877513095,14.94,5.357
14199,6.59410807847839,52.3616879102001,15.106,5.416
14200,6.5941195874265,52.3616880690906,14.341,5.142
14201,6.59413109637461,52.3616882279811,13.668,4.901
14202,6.59414260532272,52.3616883868717,14.832,5.318
14203,6.59415411427083,52.3616885457622,14.585,5.229
14204,6.5941656242153,52.3616886865758,14.433,5.175
14205,6.59417719324872,52.3616877553473,15.298,5.485
14206,6.59418881119227,52.3616859367491,14.841,5.321
14207,6.59420042913582,52.361684118151,14.643,5.25
14208,6.59421200077418,52.3616831396612,14.662,5.257
14209,6.59422360215434,52.3616816215703,15.061,5.4
14210,6.59423521636717,52.3616798706581,14.151,5.074
14211,6.59424678460824,52.361678953805,14.034,5.032
14212,6.5942583026431,52.3616789478359,14.409,5.167
14213,6.59426982067796,52.3616789418668,13.849,4.966
14214,6.59428133871282,52.3616789358977,14.511,5.203
14215,6.59429285674768,52.3616789299287,14.59,5.231
14216,6.59430437447134,52.3616789296056,14.488,5.195
14217,6.59431589362264,52.3616789033812,14.311,5.131
14218,6.5943274132343,52.3616788688045,15.491,5.554
14219,6.59433893284596,52.3616788342277,15.067,5.402
14220,6.59435045245762,52.361678799651,14.452,5.182
14221,6.59436197206928,52.3616787650743,14.56,5.22
14222,6.59437349168094,52.3616787304976,15.31,5.489
14223,6.59438501089738,52.3616787030912,14.152,5.074
14224,6.59439652868386,52.3616787016285,13.923,4.992
14225,6.59440804647033,52.3616787001659,14.62,5.242
14226,6.59441956425681,52.3616786987032,14.726,5.28
14227,6.59443108204328,52.3616786972406,14.765,5.294
14228,6.59444259982976,52.3616786957779,14.96,5.364
14229,6.59445411761623,52.3616786943152,14.038,5.033
14230,6.59446563711673,52.3616786617553,13.636,4.889
14231,6.59447716376195,52.3616784995697,14.116,5.061
14232,6.59448873347679,52.3616775559782,14.797,5.306
14233,6.59450028305792,52.3616769776697,13.908,4.987
14234,6.59451177191656,52.3616775010407,13.309,4.772
14235,6.5945233112065,52.3616771094436,14.527,5.209
14236,6.594534820087,52.3616772695608,14.104,5.057
14237,6.59454632065927,52.3616775804131,13.417,4.811
14238,6.59455783608744,52.3616776217368,14.472,5.189
14239,6.59456934583072,52.3616777662006,14.197,5.09
14240,6.59458084401462,52.3616781203847,15.405,5.524
14241,6.59459726872589,52.3615890932866,14.467,5.187
14242,6.59461070647227,52.3615542582655,14.755,5.291
14243,6.59462221249838,52.3615544701695,14.396,5.162
14244,6.59463371925387,52.3615546688404,14.05,5.038
14245,6.59464524313092,52.3615545568773,14.11,5.059
14246,6.59465756264215,52.3615400098371,15.028,5.388
14247,6.59467200070982,52.3614870261299,14.828,5.317
14248,6.5946813660877,52.3615260755089,13.508,4.843
14249,6.59469714702828,52.3614487282504,13.645,4.892
14250,6.59470893818418,52.3614437670853,13.673,4.902
14251,6.59472072934008,52.3614388059202,14.993,5.376
14252,6.59473252049598,52.3614338447551,13.347,4.786
14253,6.59474361730422,52.3614414810405,14.823,5.315
14254,6.59475485476514,52.3614465654842,14.59,5.231
14255,6.59476609222607,52.3614516499279,14.438,5.177
14256,6.594777329687,52.3614567343716,14.068,5.044
14257,6.5947888600659,52.3614565044464,15.041,5.393
14258,6.59480016054828,52.3614604455008,14.404,5.165
14259,6.59481146103067,52.3614643865552,13.483,4.835
14260,6.59482276151306,52.3614683276096,13.615,4.882
14261,6.59483378690073,52.361477259668,13.356,4.789
14262,6.59484134447559,52.3615583666937,15.024,5.387
14263,6.59485423794727,52.361558974364,15.151,5.433
14264,6.59486713141895,52.3615595820343,14.947,5.36
14265,6.59488002489062,52.3615601897046,14.219,5.099
14266,6.5948929183623,52.3615607973749,13.46,4.826
14267,6.59490581183398,52.3615614050452,13.674,4.903
14268,6.59491870530565,52.3615620127155,13.707,4.915
14269,6.59493159877733,52.3615626203858,14.257,5.112
14270,6.59494449224901,52.3615632280561,15.095,5.412
14271,6.59495738572068,52.3615638357264,15.087,5.41
14272,6.59497091579375,52.3615644769779,13.981,5.013
14273,6.59498546212462,52.3615651718379,12.948,4.643
14274,6.59500000845548,52.3615658666979,13.572,4.866
14275,6.59501455478635,52.3615665615578,14.952,5.361
14276,6.59502910111722,52.3615672564178,14.384,5.157
14277,6.59504364718663,52.3615679657209,14.033,5.032
14278,6.59505818816985,52.3615689559941,13.987,5.015
14279,6.59507272915307,52.3615699462673,13.79,4.945
14280,6.5950872701363,52.3615709365405,13.518,4.847
14281,6.59510181111952,52.3615719268137,15.439,5.536
14282,6.59511635210274,52.3615729170869,15.226,5.459
14283,6.59513089308596,52.3615739073601,13.726,4.922
14284,6.59514543406919,52.3615748976333,13.173,4.723
14285,6.59515997505241,52.3615758879065,14.298,5.127
14286,6.59517451603563,52.3615768781797,14.106,5.058
14287,6.59518906262793,52.3615775585977,14.556,5.219
14288,6.59520361344161,52.3615780058192,14.684,5.265
14289,6.59521650978324,52.3616698489856,13.487,4.836
14290,6.59523069301253,52.361690602215,14.922,5.351
14291,6.595245227408,52.3616919564073,13.956,5.004
14292,6.59525977020556,52.3616928464535,14.515,5.205
14293,6.59527431300312,52.3616937364996,13.998,5.019
14294,6.59528885580067,52.3616946265458,14.688,5.267
14295,6.59530339859823,52.3616955165919,12.75,4.572
14296,6.59531794139579,52.361696406638,14.568,5.223
14297,6.59533248419335,52.3616972966842,13.638,4.89
14298,6.5953470269909,52.3616981867303,14.165,5.079
14299,6.59536156978846,52.3616990767765,14.847,5.324
14300,6.59537611258602,52.3616999668226,13.637,4.89
14301,6.59539065538358,52.3617008568688,13.538,4.854
14302,6.59540519818114,52.3617017469149,13.878,4.976
14303,6.59541974097869,52.361702636961,13.834,4.96
14304,6.59543428574956,52.3617034179984,13.466,4.828
14305,6.59544883121015,52.3617041609337,14.14,5.07
14306,6.59546337667074,52.3617049038691,14.164,5.079
14307,6.5954779221454,52.3617056460278,14.337,5.141
14308,6.59549246765224,52.3617063864083,13.576,4.868
14309,6.59550701315908,52.3617071267889,13.496,4.839
14310,6.59552155866592,52.3617078671694,13.975,5.011
14311,6.59553610417276,52.36170860755,13.894,4.982
14312,6.5955506496796,52.3617093479305,13.899,4.984
14313,6.59556519518644,52.3617100883111,13.609,4.88
14314,6.59557974069329,52.3617108286916,14.213,5.096
14315,6.59559428620013,52.3617115690722,13.458,4.825
14316,6.59560883170697,52.3617123094527,13.934,4.996
14317,6.59562337721381,52.3617130498333,13.819,4.955
14318,6.59563792272065,52.3617137902138,13.972,5.01
14319,6.59565246822749,52.3617145305944,14.682,5.265
14320,6.59566701373433,52.361715270975,13.206,4.735
14321,6.59568155924118,52.3617160113555,12.566,4.506
14322,6.59569610464435,52.3617167574626,13.616,4.882
14323,6.59571064995791,52.3617175085203,13.282,4.762
14324,6.59572519527148,52.361718259578,12.18,4.367
14325,6.59573974058504,52.3617190106357,14.972,5.368
14326,6.5957542858986,52.3617197616934,14.268,5.116
14327,6.59576883121216,52.3617205127511,14.324,5.136
14328,6.59578337906107,52.3617211237516,13.757,4.933
14329,6.59579792708217,52.36172172524,14.166,5.079
14330,6.59581247510327,52.3617223267283,13.663,4.899
14331,6.59582702312438,52.3617229282166,14.384,5.157
14332,6.59584157114548,52.361723529705,14.009,5.023
14333,6.59585611828191,52.3617241800643,13.87,4.973
14334,6.59587066515873,52.3617248447644,13.908,4.987
14335,6.59588521166364,52.3617255300099,14.74,5.285
14336,6.59589975531761,52.3617263727466,13.97,5.009
14337,6.59591429897158,52.3617272154832,13.259,4.754
14338,6.59592884548608,52.3617279001985,14.056,5.04
14339,6.59594339254297,52.3617285549521,14.139,5.07
14340,6.59595793959985,52.3617292097057,13.76,4.934
14341,6.5959724863432,52.3617298817794,13.808,4.951
14342,6.59598703119106,52.3617306585631,13.205,4.735
14343,6.59600157603892,52.3617314353468,13.883,4.978
14344,6.59601612088678,52.3617322121305,13.105,4.699
14345,6.59603066573465,52.3617329889143,13.665,4.9
14346,6.59604521058251,52.361733765698,13.412,4.809
14347,6.59605975471878,52.3617345817913,14.378,5.155
14348,6.59607429884519,52.3617353984289,14.705,5.272
14349,6.59608884297161,52.3617362150665,13.114,4.702
14350,6.59610338709803,52.3617370317042,13.778,4.94
14351,6.59611793122445,52.3617378483418,13.592,4.873
14352,6.59613247535086,52.3617386649794,14.041,5.034
14353,6.59614701947728,52.361739481617,13.818,4.955
14354,6.5961615636037,52.3617402982546,13.527,4.85
14355,6.59617610773012,52.3617411148922,13.804,4.95
14356,6.59619065185653,52.3617419315298,13.616,4.882
14357,6.59620519598295,52.3617427481674,14.671,5.26
14358,6.59621974010937,52.361743564805,13.264,4.756
14359,6.59623428423578,52.3617443814426,13.876,4.975
14360,6.59624882900936,52.3617451623302,14.018,5.026
14361,6.59626337382133,52.3617459410967,13.97,5.009
14362,6.59627791863329,52.3617467198633,13.531,4.852
14363,6.59629246344526,52.3617474986298,14.504,5.201
14364,6.59630700833765,52.3617482729539,12.465,4.47
14365,6.59632155403007,52.3617490030825,13.044,4.677
14366,6.5963360997225,52.3617497332111,14.072,5.046
14367,6.59635064541492,52.3617504633397,13.158,4.718
14368,6.59636519110735,52.3617511934683,13.118,4.704
14369,6.59637973679977,52.3617519235969,13.389,4.801
14370,6.5963942824922,52.3617526537255,13.196,4.732
14371,6.59640882818462,52.3617533838541,14.027,5.029
14372,6.59642337387705,52.3617541139827,14.178,5.084
14373,6.59643791956947,52.3617548441113,13.692,4.909
14374,6.5964524652619,52.36175557424,14.255,5.111
14375,6.59646701095432,52.3617563043686,12.813,4.594
14376,6.59648155664675,52.3617570344972,13.667,4.901
14377,6.59649610233917,52.3617577646258,14.41,5.167
14378,6.59651064803159,52.3617584947544,14.186,5.086
14379,6.59652519372402,52.361759224883,14.45,5.181
14380,6.59653973941644,52.3617599550116,13.253,4.752
14381,6.59655429646278,52.3617600579299,14.133,5.068
14382,6.59656885795631,52.361759915178,13.337,4.782
14383,6.59658341077081,52.3617602518708,13.932,4.996
14384,6.59659796125006,52.3617607175664,14.347,5.144
14385,6.59661251384582,52.3617610663426,13.104,4.698
14386,6.5966270494732,52.3617623524822,12.473,4.472
14387,6.59664157232247,52.3617643445068,14.645,5.251
14388,6.59665609517174,52.3617663365315,13.84,4.962
14389,6.59667063454671,52.3617674156473,13.484,4.835
14390,6.59668518374247,52.3617679522457,13.446,4.821
14391,6.59669973293822,52.3617684888441,12.302,4.411
14392,6.59671428213398,52.3617690254426,13.652,4.895
14393,6.59672882342246,52.3617699988528,13.211,4.737
14394,6.59674336111817,52.3617711707336,13.548,4.858
14395,6.59675789881389,52.3617723426144,13.529,4.851
14396,6.59677243650961,52.3617735144953,11.519,4.13
14397,6.59678697420532,52.3617746863761,13.787,4.944
14398,6.59680151190104,52.361775858257,13.604,4.878
14399,6.59681605027506,52.3617769926669,13.677,4.904
14400,6.5968305899021,52.3617780578582,13.373,4.795
14401,6.59684512952914,52.3617791230495,13.503,4.842
14402,6.59685966915617,52.3617801882408,13.57,4.866
14403,6.59687420878321,52.3617812534321,13.623,4.885
14404,6.59688874841025,52.3617823186234,13.735,4.925
14405,6.59690329544036,52.3617829748557,13.615,4.882
14406,6.59691784654346,52.3617834060892,14.53,5.21
14407,6.59693239764656,52.3617838373227,13.009,4.664
14408,6.59694694874965,52.3617842685562,13.209,4.736
14409,6.59696149985275,52.3617846997897,14.418,5.17
14410,6.59697605095585,52.3617851310232,13.325,4.778
14411,6.59699060205895,52.3617855622567,13.957,5.004
14412,6.59700515316205,52.3617859934902,13.482,4.834
14413,6.59701970426514,52.3617864247237,13.261,4.755
14414,6.59703425536824,52.3617868559572,13.968,5.008
14415,6.59704880647134,52.3617872871907,13.686,4.907
14416,6.59706335757444,52.3617877184243,12.472,4.472
14417,6.59707790867753,52.3617881496578,13.469,4.829
14418,6.59709245978063,52.3617885808913,12.775,4.58
14419,6.59710701088373,52.3617890121248,14.1,5.056
14420,6.59712156198683,52.3617894433583,14.376,5.155
14421,6.59713611308993,52.3617898745918,14.44,5.177
14422,6.59715066419302,52.3617903058253,13.54,4.855
14423,6.59716521529612,52.3617907370588,13.051,4.68
14424,6.59717976639922,52.3617911682923,13.504,4.842
14425,6.59719431750232,52.3617915995258,12.754,4.573
14426,6.59720886860541,52.3617920307593,14.678,5.263
14427,6.59722341970851,52.3617924619928,13.994,5.017
14428,6.59723797081161,52.3617928932263,13.462,4.827
14429,6.59725252191471,52.3617933244599,13.861,4.97
14430,6.59726707301781,52.3617937556934,12.978,4.653
14431,6.59728162159609,52.3617943264019,12.607,4.52
14432,6.5972961639551,52.361795240674,11.949,4.284
14433,6.59731070631412,52.3617961549462,13.291,4.766
14434,6.59732524867313,52.3617970692183,13.111,4.701
14435,6.59733979103214,52.3617979834905,13.53,4.851
14436,6.59735433339115,52.3617988977626,13.224,4.742
14437,6.59736887575017,52.3617998120348,13.487,4.836
14438,6.59738341810918,52.361800726307,13.676,4.904
14439,6.59739796046819,52.3618016405791,12.332,4.422
14440,6.5974125028272,52.3618025548513,13.693,4.91
14441,6.59742704518622,52.3618034691234,12.934,4.637
14442,6.59744158754523,52.3618043833956,13.468,4.829
14443,6.59745612990424,52.3618052976678,13.756,4.932
14444,6.59747067226325,52.3618062119399,13.751,4.93
14445,6.59748521462227,52.3618071262121,13.213,4.737
14446,6.59749975698128,52.3618080404842,13.232,4.745
14447,6.59751429934029,52.3618089547564,13.643,4.892
14448,6.5975288416993,52.3618098690285,12.226,4.384
14449,6.59754338405832,52.3618107833007,12.54,4.496
14450,6.59755792387391,52.3618118380759,12.926,4.635
14451,6.59757246249147,52.3618129590323,12.297,4.409
14452,6.59758700110903,52.3618140799888,12.912,4.63
14453,6.5976015397266,52.3618152009452,12.87,4.615
14454,6.59761607834416,52.3618163219016,13.104,4.699
14455,6.59763061696172,52.3618174428581,13.01,4.665
14456,6.59764515827186,52.361818415072,13.663,4.899
14457,6.59765970573664,52.3618190472922,13.362,4.791
14458,6.59767425320143,52.3618196795124,12.973,4.652
14459,6.59768880066622,52.3618203117326,12.81,4.593
14460,6.59770334817214,52.3618209416805,12.968,4.65
14461,6.59771789901709,52.3618213871745,12.969,4.65
14462,6.59773245108966,52.3618217648524,14.458,5.184
14463,6.59774699744298,52.361822458472,12.11,4.342
14464,6.5977615434265,52.3618231725203,12.413,4.451
14465,6.59777608941001,52.3618238865686,12.318,4.417
14466,6.59779063499953,52.3618246223816,13.098,4.696
14467,6.59780518049428,52.3618253634305,13.065,4.685
14468,6.59781972598902,52.3618261044794,12.584,4.512
14469,6.59783427148376,52.3618268455282,13.438,4.818
14470,6.59784881697851,52.3618275865771,13.12,4.704
14471,6.59786336247325,52.361828327626,13.445,4.821
14472,6.59787790796799,52.3618290686749,13.592,4.873
14473,6.59789245346274,52.3618298097237,11.621,4.167
14474,6.59790699895748,52.3618305507726,13.269,4.758
14475,6.59792154445222,52.3618312918215,12.098,4.338
14476,6.59793609342475,52.3618318407515,12.994,4.659
14477,6.59795064389871,52.3618323067395,12.796,4.588
14478,6.59796519437268,52.3618327727274,12.812,4.594
14479,6.59797974373655,52.3618333000387,12.113,4.343
14480,6.59799429276749,52.3618338457419,13.419,4.811
14481,6.59800884179843,52.361834391445,12.045,4.319
14482,6.59802339082937,52.3618349371481,13.237,4.746
14483,6.59803793986031,52.3618354828513,11.945,4.283
14484,6.59805248889125,52.3618360285544,12.769,4.578
14485,6.59806703792219,52.3618365742575,13.832,4.96
14486,6.59808158695313,52.3618371199607,14.152,5.074
14487,6.59809615479322,52.3618366266134,11.803,4.232
14488,6.59811072280552,52.3618361237529,12.333,4.422
14489,6.59812529081782,52.3618356208923,12.432,4.458
14490,6.59813985883012,52.3618351180318,14.058,5.041
14491,6.59815442684242,52.3618346151713,12.684,4.548
14492,6.59816886602145,52.3618412292874,13.349,4.786
14493,6.59818341792032,52.3618416165608,12.886,4.62
14494,6.59819796981919,52.3618420038343,11.997,4.302
14495,6.59821252171806,52.3618423911077,11.602,4.16
14496,6.59822707361694,52.3618427783812,12.328,4.42
14497,6.59824162551581,52.3618431656547,14.045,5.036
14498,6.59825617741468,52.3618435529281,12.827,4.599
14499,6.59827072931356,52.3618439402016,13.289,4.765
14500,6.59828528121243,52.3618443274751,11.829,4.241
14501,6.59829983311131,52.3618447147485,12.465,4.469
14502,6.59831438501018,52.361845102022,13.108,4.7
14503,6.59832893690905,52.3618454892955,12.003,4.304
14504,6.59834348754313,52.3618459464383,12.601,4.518
14505,6.59835803173785,52.3618467593031,12.116,4.344
14506,6.59837257593256,52.3618475721678,13.114,4.702
14507,6.59838712012728,52.3618483850326,12.857,4.61
14508,6.59840166432199,52.3618491978973,13.019,4.668
14509,6.5984162085167,52.3618500107621,13.124,4.706
14510,6.59843075271142,52.3618508236268,12.473,4.472
14511,6.59844529690613,52.3618516364916,13.192,4.73
14512,6.59845984110085,52.3618524493563,12.251,4.393
14513,6.59847438529556,52.3618532622211,12.961,4.647
14514,6.59848890947618,52.3618551806997,11.43,4.098
14515,6.59850340798163,52.3618585175195,12.146,4.355
14516,6.59851790648709,52.3618618543393,13.943,4.999
14517,6.59853245875001,52.3618622215022,12.936,4.638
14518,6.59854705084756,52.36186038813,12.933,4.637
14519,6.59856160757036,52.3618605089213,12.085,4.333
14520,6.59857615900546,52.3618609218145,11.923,4.275
14521,6.59859071044056,52.3618613347077,12.408,4.449
14522,6.59860526187566,52.3618617476008,12.52,4.489
14523,6.59861981331076,52.361862160494,13.683,4.906
14524,6.59863436474585,52.3618625733872,13.153,4.716
14525,6.59864891618095,52.3618629862804,12.615,4.523
14526,6.59866346761605,52.3618633991735,12.588,4.513
14527,6.5986780173758,52.3618639046163,12.992,4.659
14528,6.59869256437158,52.3618645627453,11.769,4.22
14529,6.59870711136736,52.3618652208742,11.412,4.092
14530,6.59872165836314,52.3618658790031,12.977,4.653
14531,6.59873620535892,52.3618665371321,12.581,4.511
14532,6.5987507523547,52.361867195261,11.765,4.218
14533,6.59876529935048,52.36186785339,11.303,4.053
14534,6.59877984634626,52.3618685115189,13.059,4.682
14535,6.59879439334204,52.3618691696478,12.225,4.383
14536,6.59880894033782,52.3618698277768,12.766,4.577
14537,6.5988234873336,52.3618704859057,12.375,4.437
14538,6.59883803432938,52.3618711440346,12.509,4.485
14539,6.5988525758389,52.3618721052342,12.18,4.367
14540,6.59886710679033,52.3618736496814,12.482,4.476
14541,6.59888163774176,52.3618751941287,12.866,4.613
14542,6.59889616719933,52.3618768210991,12.364,4.433
14543,6.5989106830853,52.3618791977883,12.33,4.421
14544,6.59892519897128,52.3618815744776,12.883,4.619
14545,6.59893971485725,52.3618839511668,12.922,4.633
14546,6.59895423074323,52.3618863278561,11.856,4.251
14547,6.59896876226863,52.3618878405961,12.508,4.485
14548,6.59898330902142,52.3618885121481,12.218,4.381
14549,6.59899785577422,52.3618891837001,12.534,4.494
14550,6.59901240252701,52.3618898552521,13.37,4.794
14551,6.5990269492798,52.361890526804,12.738,4.567
14552,6.5990414960326,52.361891198356,13.8,4.948
14553,6.59905604278539,52.361891869908,12.657,4.538
14554,6.59907058953818,52.36189254146,12.431,4.457
14555,6.59908513629098,52.3618932130119,12.518,4.489
14556,6.59909967720225,52.3618942072595,12.615,4.523
14557,6.59911422460888,52.3618948426927,12.722,4.561
14558,6.5991287720155,52.361895478126,11.95,4.285
14559,6.59914331926107,52.3618961224561,12.397,4.445
14560,6.59915786458314,52.3618968730438,12.109,4.342
14561,6.59917240860895,52.3618976952393,13.142,4.712
14562,6.59918695254647,52.3618985223116,11.406,4.09
14563,6.599201496484,52.3618993493841,12.632,4.529
14564,6.59921604050029,52.3619001721052,11.649,4.177
14565,6.59923058448996,52.3619009962969,12.798,4.589
14566,6.59924512847963,52.3619018204885,12.31,4.414
14567,6.5992596724693,52.3619026446802,11.478,4.116
14568,6.59927421645897,52.3619034688719,13.103,4.698
14569,6.59928876044864,52.3619042930636,11.071,3.97
14570,6.59930330443832,52.3619051172553,12.534,4.494
14571,6.59931784842799,52.3619059414469,12.962,4.647
14572,6.59933239179424,52.3619068000774,13.367,4.793
14573,6.59934693466805,52.3619076859112,11.613,4.164
14574,6.59936147754186,52.3619085717449,12.258,4.395
14575,6.59937602041567,52.3619094575787,13.202,4.734
14576,6.59939056331453,52.3619103420287,13.244,4.749
14577,6.59940510630774,52.3619112212668,13.322,4.777
14578,6.59941964930095,52.3619121005049,14.078,5.048
14579,6.59943418871066,52.3619131777014,12.275,4.401
14580,6.59944872783503,52.361914270661,12.796,4.588
14581,6.59946327337058,52.3619150094559,12.376,4.438
14582,6.59947781823841,52.3619157851367,11.421,4.095
14583,6.5994923622396,52.3619166086921,12.532,4.493
14584,6.59950690624079,52.3619174322474,11.415,4.093
14585,6.59952144957544,52.3619182926237,12.284,4.405
14586,6.59953599255819,52.3619191724394,11.73,4.206
14587,6.59955053554094,52.3619200522552,12.855,4.609
14588,6.59956507852369,52.361920932071,12.142,4.353
14589,6.59957962139291,52.361921818158,11.553,4.142
14590,6.59959416493573,52.361922667035,13.115,4.702
14591,6.59960871200123,52.361923321312,12.254,4.394
14592,6.59962326011097,52.3619239179041,12.358,4.431
14593,6.59963780202578,52.3619248567146,12.04,4.317
14594,6.59965234405476,52.3619257892185,13.294,4.767
14595,6.5996668873651,52.361926650938,12.78,4.583
14596,6.59968143067543,52.3619275126574,12.264,4.397
14597,6.59969597398576,52.3619283743769,11.502,4.124
14598,6.5997105172961,52.3619292360964,14.108,5.058
14599,6.59972506060643,52.3619300978159,13.798,4.948
14600,6.59973960391677,52.3619309595353,13.486,4.836
14601,6.5997541472271,52.3619318212548,12.227,4.384
14602,6.59976869053743,52.3619326829743,12.35,4.428
14603,6.59978323384777,52.3619335446937,12.883,4.619
14604,6.5997977771581,52.3619344064132,12.125,4.348
14605,6.59981232046844,52.3619352681327,12.072,4.329
14606,6.59982686377877,52.3619361298521,13.515,4.846
14607,6.59984140708911,52.3619369915716,12.629,4.528
14608,6.59985595018452,52.3619378651634,12.006,4.305
14609,6.5998704932719,52.3619387391995,13.228,4.743
14610,6.59988503635927,52.3619396132357,12.333,4.422
14611,6.59989957944665,52.3619404872719,11.51,4.127
14612,6.59991412253402,52.361941361308,12.01,4.306
14613,6.5999286656214,52.3619422353442,12.377,4.438
14614,6.59994320870877,52.3619431093803,12.814,4.594
14615,6.59995775179615,52.3619439834165,12.789,4.585
14616,6.59997229488352,52.3619448574527,13.413,4.809
14617,6.59998683797089,52.3619457314888,12.555,4.502
14618,6.60000138105827,52.361946605525,12.424,4.455
14619,6.600015924089,52.36194748269,13.433,4.816
14620,6.60003046707085,52.3619483625556,13.279,4.761
14621,6.6000450100527,52.3619492424212,12.581,4.511
14622,6.60005955303455,52.3619501222868,12.882,4.619
14623,6.6000740960164,52.3619510021524,12.434,4.458
14624,6.60008863899825,52.3619518820179,12.033,4.315
14625,6.6001031819801,52.3619527618835,14.012,5.024
14626,6.60011772496194,52.3619536417491,12.404,4.448
14627,6.60013226794379,52.3619545216147,12.899,4.625
14628,6.60014681092564,52.3619554014803,11.837,4.244
14629,6.60016135390749,52.3619562813458,13.165,4.72
14630,6.60017589688934,52.3619571612114,12.025,4.312
14631,6.60019043976331,52.3619580470365,13.724,4.921
14632,6.60020498238671,52.3619589467035,13.797,4.947
14633,6.6002195250101,52.3619598463705,13.076,4.688
14634,6.6002340676335,52.3619607460376,12.813,4.594
14635,6.6002486102569,52.3619616457046,12.638,4.532
14636,6.6002631528803,52.3619625453716,12.723,4.562
14637,6.6002776955037,52.3619634450386,12.995,4.659
14638,6.6002922381271,52.3619643447056,12.809,4.593
14639,6.60030678075049,52.3619652443726,13.336,4.782
14640,6.60032132337389,52.3619661440397,12.222,4.382
14641,6.60033586599729,52.3619670437067,13.663,4.899
14642,6.60035040862069,52.3619679433737,12.518,4.488
14643,6.60036495124409,52.3619688430407,12.33,4.421
14644,6.60037949387122,52.3619697425016,12.984,4.656
14645,6.60039403679161,52.3619706257623,13.024,4.67
14646,6.60040857971199,52.361971509023,11.754,4.215
14647,6.6004231243049,52.361972299891,12.495,4.48
14648,6.60043766924456,52.3619730716034,11.502,4.124
14649,6.60045221418423,52.3619738433158,12.384,4.441
14650,6.60046675799283,52.3619746775103,12.412,4.45
14651,6.60048130167053,52.3619755189356,12.961,4.647
14652,6.60049584503998,52.3619763773893,12.324,4.419
14653,6.6005103868615,52.3619773213539,12.466,4.47
14654,6.60052492868301,52.3619782653185,13.558,4.861
14655,6.60053947223989,52.3619791134181,14.007,5.022
14656,6.60055401608002,52.3619799458708,12.253,4.394
14657,6.60056857370791,52.3619800166633,13.396,4.803
14658,6.60058312740637,52.3619803045248,13.026,4.671
14659,6.60059768110482,52.3619805923862,11.777,4.223
14660,6.60061223480328,52.3619808802476,12.336,4.423
14661,6.60062678850173,52.361981168109,11.022,3.952
14662,6.60064134220019,52.3619814559705,12.994,4.659
14663,6.60065589589864,52.3619817438319,12.172,4.364
14664,6.60067044959709,52.3619820316933,12.886,4.62
14665,6.60068500329555,52.3619823195548,14.32,5.135
14666,6.600699556994,52.3619826074162,13.746,4.929
14667,6.60071411069246,52.3619828952776,12.36,4.432
14668,6.60072865915444,52.3619834724109,12.219,4.381
14669,6.60074320643874,52.3619841146016,13.573,4.867
14670,6.60075775372304,52.3619847567923,12.223,4.383
14671,6.60077230100734,52.361985398983,13.398,4.804
14672,6.60078684829164,52.3619860411737,14.425,5.172
14673,6.60080139557593,52.3619866833644,13.215,4.738
14674,6.60081594286023,52.3619873255552,13.515,4.846
14675,6.60083049014453,52.3619879677459,13.448,4.822
14676,6.60084503742883,52.3619886099366,12.493,4.479
14677,6.6008595779701,52.3619896246241,12.992,4.658
14678,6.60087411590725,52.3619907831675,12.26,4.396
14679,6.6008886538444,52.3619919417109,13.582,4.87
14680,6.60090318339672,52.3619935634475,12.186,4.369
14681,6.60091758917546,52.3620020226539,13.237,4.746
14682,6.60093212406443,52.3620033495847,13.491,4.837
14683,6.60094666421048,52.3620043861047,12.538,4.495
14684,6.60096120435653,52.3620054226247,12.404,4.447
14685,6.60097574450258,52.3620064591447,12.729,4.564
14686,6.60099028607879,52.36200741666,12.305,4.412
14687,6.60100483124352,52.3620081759395,12.922,4.633
14688,6.60101937640825,52.362008935219,12.292,4.407
14689,6.60103392157298,52.3620096944984,12.335,4.423
14690,6.60104846673771,52.3620104537779,13.155,4.717
14691,6.60106301057918,52.3620112861563,13.197,4.732
14692,6.60107755175052,52.3620122660378,12.662,4.54
14693,6.60109209292185,52.3620132459194,11.867,4.255
14694,6.60110663409319,52.3620142258009,13.525,4.85
14695,6.60112117526452,52.3620152056824,12.574,4.508
14696,6.60113571643586,52.3620161855639,14.051,5.038
14697,6.6011502576072,52.3620171654454,12.762,4.576
14698,6.60116479877853,52.3620181453269,12.92,4.633
14699,6.60117933994987,52.3620191252084,12.588,4.513
14700,6.6011938811212,52.3620201050899,12.986,4.656
14701,6.60120842229254,52.3620210849714,14.888,5.338
14702,6.60122296346387,52.3620220648529,12.64,4.532
14703,6.60123750463521,52.3620230447344,13.597,4.875
14704,6.60125204580654,52.362024024616,12.9,4.626
14705,6.60126658697788,52.3620250044975,13.539,4.854
14706,6.60128112814922,52.362025984379,11.713,4.2
14707,6.60129566932005,52.362026964288,13.995,5.018
14708,6.60131021038077,52.3620279502802,13.053,4.68
14709,6.60132475145275,52.3620289356506,12.696,4.552
14710,6.60133929302439,52.3620298934186,13.386,4.8
14711,6.60135383459603,52.3620308511866,12.941,4.64
14712,6.60136837616767,52.3620318089546,12.183,4.368
14713,6.60138291773931,52.3620327667226,11.434,4.1
14714,6.60139745931095,52.3620337244905,13.935,4.997
14715,6.60141200088259,52.3620346822585,12.732,4.565
14716,6.60142654245423,52.3620356400265,12.504,4.483
14717,6.60144108402587,52.3620365977945,12.552,4.5
14718,6.60145562559751,52.3620375555624,13.729,4.923
14719,6.60147016716915,52.3620385133304,12.582,4.511
14720,6.60148470874079,52.3620394710984,13.251,4.751
14721,6.60149925031243,52.3620404288664,12.677,4.546
14722,6.60151379188407,52.3620413866343,12.138,4.352
14723,6.60152833345571,52.3620423444023,13.408,4.808
14724,6.60154287502735,52.3620433021703,13.529,4.851
14725,6.60155741659899,52.3620442599383,12.483,4.476
14726,6.60157195817063,52.3620452177063,12.863,4.612
14727,6.60158649974227,52.3620461754742,12.944,4.641
14728,6.60160104131391,52.3620471332422,13.151,4.716
14729,6.60161558288555,52.3620480910102,14.051,5.038
14730,6.60163012445719,52.3620490487782,12.704,4.555
14731,6.60164466602883,52.3620500065461,12.703,4.555
14732,6.60165920760047,52.3620509643141,12.797,4.588
14733,6.60167374917211,52.3620519220821,12.348,4.428
14734,6.60168829074375,52.3620528798501,11.892,4.264
14735,6.60170283231539,52.362053837618,12.987,4.657
14736,6.60171737388703,52.362054795386,13.221,4.741
14737,6.60173191562588,52.3620557439172,12.915,4.631
14738,6.60174645760709,52.3620566790601,12.88,4.618
14739,6.60176099958829,52.362057614203,12.391,4.443
14740,6.60177554156949,52.362058549346,13.072,4.687
14741,6.6017900835507,52.3620594844889,13.026,4.671
14742,6.6018046255319,52.3620604196318,13.209,4.736
14743,6.60181916751311,52.3620613547748,13.123,4.705
14744,6.60183370949431,52.3620622899177,13.168,4.721
14745,6.60184825148769,52.3620632243884,13.715,4.918
14746,6.60186279357495,52.3620641536722,13.279,4.761
14747,6.60187733566222,52.362065082956,13.229,4.743
14748,6.60189187774949,52.3620660122397,11.925,4.276
14749,6.60190641983676,52.3620669415235,13.573,4.867
14750,6.60192096192403,52.3620678708072,12.782,4.583
14751,6.6019355040113,52.362068800091,13.008,4.664
14752,6.60195004609857,52.3620697293748,12.216,4.38
14753,6.60196458818583,52.3620706586585,14.198,5.091
14754,6.6019791302731,52.3620715879423,11.517,4.13
14755,6.60199367236037,52.3620725172261,13.851,4.967
14756,6.60200821444764,52.3620734465098,13.23,4.744
14757,6.60202275653491,52.3620743757936,11.864,4.254
14758,6.60203729862218,52.3620753050773,14.186,5.086
14759,6.60205184070945,52.3620762343611,13.294,4.767
14760,6.60206638279671,52.3620771636449,11.609,4.163
14761,6.60208092488398,52.3620780929286,12.752,4.572
14762,6.60209546697125,52.3620790222124,13.319,4.776
14763,6.60211000905852,52.3620799514962,14.016,5.026
14764,6.60212455114579,52.3620808807799,12.772,4.579
14765,6.60213909323306,52.3620818100637,11.46,4.109
14766,6.60215363532033,52.3620827393475,13.879,4.976
14767,6.6021681774076,52.3620836686312,13.318,4.775
14768,6.60218271949486,52.362084597915,11.716,4.201
14769,6.60219726158213,52.3620855271987,13.235,4.746
14770,6.60221180389408,52.3620864440711,13.302,4.769
14771,6.60222634714238,52.3620873092173,12.851,4.608
14772,6.60224089039068,52.3620881743635,12.56,4.503
14773,6.60225543363898,52.3620890395097,12.692,4.551
14774,6.60226997688729,52.3620899046558,12.864,4.612
14775,6.60228452013559,52.362090769802,13.268,4.757
14776,6.60229906338389,52.3620916349482,13.527,4.85
14777,6.6023136066322,52.3620925000944,11.805,4.233
14778,6.60232814851032,52.3620934409316,13.223,4.741
14779,6.60234269011157,52.3620943970641,13.363,4.791
14780,6.60235723171282,52.3620953531965,13.18,4.726
14781,6.60237177331406,52.3620963093289,12.847,4.606
14782,6.60238631491531,52.3620972654614,13.924,4.992
14783,6.60240085651656,52.3620982215938,13.884,4.978
14784,6.6024153981178,52.3620991777263,12.882,4.619
14785,6.60242993971905,52.3621001338587,13.052,4.68
14786,6.6024444813203,52.3621010899911,13.559,4.862
14787,6.6024590238036,52.3621019973972,13.864,4.971
14788,6.60247356650808,52.3621028925855,12.634,4.53
14789,6.60248810921255,52.3621037877737,12.502,4.483
14790,6.60250265191702,52.362104682962,13.283,4.763
14791,6.6025171946215,52.3621055781502,12.464,4.469
14792,6.60253173732597,52.3621064733385,11.985,4.297
14793,6.60254628003045,52.3621073685268,12.65,4.536
14794,6.60256082273492,52.362108263715,13.382,4.798
14795,6.60257536543939,52.3621091589033,14.054,5.039
14796,6.60258990814387,52.3621100540915,12.727,4.563
14797,6.60260445084834,52.3621109492798,13.074,4.688
14798,6.60261899355282,52.362111844468,13.242,4.748
14799,6.60263353625729,52.3621127396563,12.773,4.58
14800,6.60264807896176,52.3621136348446,12.73,4.564
14801,6.60266262166624,52.3621145300328,13.358,4.79
14802,6.60267716427678,52.3621154304099,12.46,4.468
14803,6.60269170628225,52.3621163642122,12.716,4.56
14804,6.60270624828773,52.3621172980145,13.051,4.68
14805,6.6027207902932,52.3621182318167,13.363,4.792
14806,6.60273533229867,52.362119165619,12.285,4.405
14807,6.60274987430415,52.3621200994213,13.103,4.698
14808,6.60276441630962,52.3621210332236,12.423,4.454
14809,6.60277895831509,52.3621219670258,12.783,4.583
14810,6.60279350032057,52.3621229008281,13.651,4.895
14811,6.60280804232604,52.3621238346304,13.147,4.714
14812,6.60282258433152,52.3621247684327,14.174,5.082
14813,6.60283712633699,52.362125702235,13.152,4.716
14814,6.60285166834246,52.3621266360372,13.767,4.936
14815,6.60286621034794,52.3621275698395,13.667,4.9
14816,6.60288075235341,52.3621285036418,13.194,4.731
14817,6.60289529435888,52.3621294374441,12.43,4.457
14818,6.60290983636436,52.3621303712464,13.144,4.713
14819,6.60292437836983,52.3621313050486,12.894,4.623
14820,6.6029389203753,52.3621322388509,12.873,4.616
14821,6.60295346238077,52.3621331726532,13.302,4.77
14822,6.60296800438625,52.3621341064555,12.36,4.432
14823,6.60298254656824,52.3621350305066,12.7,4.554
14824,6.60299708938434,52.3621359195285,12.62,4.525
14825,6.60301163220044,52.3621368085505,13.067,4.685
14826,6.60302617501653,52.3621376975724,12.765,4.577
14827,6.60304071783263,52.3621385865943,12.805,4.591
14828,6.60305526064873,52.3621394756163,13.299,4.768
14829,6.60306980346483,52.3621403646382,12.958,4.646
14830,6.60308434628093,52.3621412536602,13.224,4.741
14831,6.60309888909702,52.3621421426821,12.565,4.505
14832,6.60311343101319,52.362143081418,12.735,4.566
14833,6.60312797272407,52.3621440314941,14.423,5.171
14834,6.60314251443495,52.3621449815702,12.813,4.594
14835,6.60315705614583,52.3621459316463,11.984,4.297
14836,6.60317159785671,52.3621468817225,13.425,4.813
14837,6.60318613956759,52.3621478317986,12.807,4.592
14838,6.60320068127847,52.3621487818747,13.367,4.793
14839,6.60321522298935,52.3621497319508,13.171,4.722
14840,6.60322976470023,52.362150682027,13.547,4.857
14841,6.60324430641111,52.3621516321031,13.164,4.72
14842,6.60325884812199,52.3621525821792,13.089,4.693
14843,6.60327338983287,52.3621535322553,13.897,4.983
14844,6.60328793154375,52.3621544823315,11.917,4.273
14845,6.60330247325463,52.3621554324076,12.442,4.461
14846,6.60331701496551,52.3621563824837,12.735,4.566
14847,6.60333155667639,52.3621573325598,12.224,4.383
14848,6.60334609838727,52.362158282636,12.937,4.639
14849,6.60336064009815,52.3621592327121,12.878,4.618
14850,6.60337518453382,52.3621600322663,13.79,4.945
14851,6.60338973439318,52.362160532206,13.164,4.72
14852,6.60340428425254,52.3621610321456,13.09,4.693
14853,6.6034188341119,52.3621615320853,12.99,4.658
14854,6.60343338141515,52.3621621732292,12.594,4.516
14855,6.60344792314493,52.3621631222613,13.735,4.925
14856,6.60346246487471,52.3621640712934,13.922,4.992
14857,6.60347700660449,52.3621650203255,12.496,4.48
14858,6.60349154833427,52.3621659693576,14.16,5.077
14859,6.60350609006405,52.3621669183896,12.811,4.593
14860,6.60352063179383,52.3621678674217,12.761,4.576
14861,6.60353517352361,52.3621688164538,13.48,4.834
14862,6.60354971525339,52.3621697654859,13.531,4.852
14863,6.60356425698316,52.362170714518,13.157,4.718
14864,6.60357879871294,52.3621716635501,12.994,4.659
14865,6.60359334044272,52.3621726125822,13.885,4.979
14866,6.6036078821725,52.3621735616143,12.827,4.599
14867,6.60362242390228,52.3621745106463,13.151,4.715
14868,6.60363696563206,52.3621754596784,14.186,5.086
14869,6.60365150736184,52.3621764087105,12.401,4.447
14870,6.60366604909162,52.3621773577426,12.916,4.631
14871,6.6036805908214,52.3621783067747,13.787,4.943
14872,6.60369513255118,52.3621792558068,13.492,4.838
14873,6.60370967428096,52.3621802048389,13.705,4.914
14874,6.60372421601074,52.362181153871,12.4,4.446
14875,6.60373875774052,52.362182102903,13.364,4.792
14876,6.6037532994703,52.3621830519351,13.006,4.663
14877,6.60376784120008,52.3621840009672,14.508,5.202
14878,6.60378238292986,52.3621849499993,13.645,4.893
14879,6.60379692465964,52.3621858990314,13.154,4.716
14880,6.60381146638942,52.3621868480635,13.333,4.781
14881,6.6038260081192,52.3621877970956,13.194,4.731
14882,6.60384054984898,52.3621887461277,13.571,4.866
14883,6.60385509157876,52.3621896951597,12.654,4.537
14884,6.60386963330853,52.3621906441918,13.958,5.005
14885,6.60388417503831,52.3621915932239,12.374,4.437
14886,6.60389871676809,52.362192542256,13.271,4.759
14887,6.60391325849787,52.3621934912881,12.664,4.541
14888,6.6039278002296,52.3621944402124,13.171,4.723
14889,6.60394234203611,52.3621953850058,13.725,4.921
14890,6.60395688384262,52.3621963297993,12.135,4.351
14891,6.60397142564913,52.3621972745927,13.04,4.675
14892,6.60398596745564,52.3621982193861,12.29,4.407
14893,6.60400050926215,52.3621991641796,12.97,4.651
14894,6.60401505106866,52.362200108973,12.284,4.405
14895,6.60402959287516,52.3622010537665,13.225,4.742
14896,6.60404413468167,52.3622019985599,12.877,4.617
14897,6.60405867655737,52.362202939531,13.565,4.864
14898,6.60407321850847,52.362203876337,13.845,4.964
14899,6.60408776045958,52.3622048131429,13.127,4.707
14900,6.60410230241068,52.3622057499488,13.644,4.892
14901,6.60411684436178,52.3622066867547,13.929,4.994
14902,6.60413138631288,52.3622076235606,12.571,4.507
14903,6.60414592826398,52.3622085603665,13.955,5.004
14904,6.60416047021508,52.3622094971724,13.087,4.692
14905,6.60417501216618,52.3622104339783,12.531,4.493
14906,6.60418955411728,52.3622113707843,13.279,4.761
14907,6.60420409606838,52.3622123075902,13.059,4.682
14908,6.60421863840722,52.3622132229769,12.271,4.4
14909,6.60423318089916,52.3622141299057,12.449,4.464
14910,6.60424772339111,52.3622150368345,14.057,5.04
14911,6.60426226588305,52.3622159437633,13.255,4.753
14912,6.60427680837499,52.3622168506921,13.96,5.006
14913,6.60429135086694,52.3622177576209,12.841,4.604
14914,6.60430589362615,52.3622186497853,12.612,4.522
14915,6.60432043721138,52.3622194963192,12.091,4.335
14916,6.6043349807966,52.3622203428532,13.648,4.894
14917,6.60434952438183,52.3622211893871,13.317,4.775
14918,6.60436406796705,52.3622220359211,12.834,4.602
14919,6.60437861155228,52.362222882455,12.605,4.519
14920,6.60439315513751,52.362223728989,13.731,4.923
14921,6.60440769872273,52.362224575523,12.961,4.647
14922,6.60442224230796,52.3622254220569,12.965,4.649
14923,6.60443678589318,52.3622262685909,12.707,4.556
14924,6.60445132947841,52.3622271151248,12.817,4.596
14925,6.60446587170116,52.3622280369246,13.378,4.797
14926,6.60448041370174,52.3622289709971,12.218,4.381
14927,6.60449495570232,52.3622299050695,13.096,4.696
14928,6.60450949770291,52.3622308391419,13.608,4.879
14929,6.60452403970349,52.3622317732143,12.993,4.659
14930,6.60453858170407,52.3622327072867,13.66,4.898
14931,6.60455312370466,52.3622336413591,13.825,4.957
14932,6.60456766570524,52.3622345754315,13.565,4.864
14933,6.60458220770582,52.3622355095039,12.714,4.559
14934,6.60459674970641,52.3622364435764,13.006,4.663
14935,6.60461129170699,52.3622373776488,13.227,4.743
14936,6.60462583370757,52.3622383117212,12.744,4.569
14937,6.60464037570816,52.3622392457936,12.721,4.561
14938,6.60465491770874,52.362240179866,12.682,4.547
14939,6.60466945970932,52.3622411139384,14.506,5.201
14940,6.6046840017099,52.3622420480108,12.847,4.606
14941,6.60469854371049,52.3622429820832,13.631,4.888
14942,6.60471308571107,52.3622439161557,12.487,4.477
14943,6.60472762771165,52.3622448502281,13.996,5.018
14944,6.60474216971224,52.3622457843005,12.768,4.578
14945,6.60475671171282,52.3622467183729,13.018,4.668
14946,6.60477125371341,52.3622476524453,11.905,4.269
14947,6.60478579571399,52.3622485865177,13.636,4.889
14948,6.60480033771457,52.3622495205901,13.759,4.933
14949,6.60481487971516,52.3622504546625,12.272,4.4
14950,6.60482942171574,52.362251388735,13.657,4.897
14951,6.60484396371632,52.3622523228074,12.175,4.365
14952,6.6048585057169,52.3622532568798,13.329,4.779
14953,6.60487304771749,52.3622541909522,12.783,4.583
14954,6.60488758971807,52.3622551250246,13.733,4.924
14955,6.60490213171865,52.362256059097,13.089,4.693
14956,6.60491667371924,52.3622569931694,13.485,4.835
14957,6.60493121571982,52.3622579272418,13.66,4.898
14958,6.6049457577204,52.3622588613143,12.756,4.574
14959,6.60496029972099,52.3622597953867,12.905,4.627
14960,6.60497484172157,52.3622607294591,12.263,4.397
14961,6.60498938413692,52.3622616406192,12.735,4.566
14962,6.60500392673795,52.3622625415219,14.039,5.034
14963,6.60501846933898,52.3622634424246,13.344,4.785
14964,6.60503301194001,52.3622643433273,12.279,4.403
14965,6.60504755454104,52.36226524423,13.847,4.965
14966,6.60506209714207,52.3622661451327,13.11,4.701
14967,6.6050766397431,52.3622670460354,13.364,4.792
14968,6.60509118234413,52.3622679469381,13.158,4.718
14969,6.60510572494515,52.3622688478408,13.11,4.701
14970,6.60512026754618,52.3622697487436,11.681,4.188
14971,6.60513481014721,52.3622706496463,13.5,4.841
14972,6.60514935274824,52.362271550549,11.517,4.129
14973,6.60516389534927,52.3622724514517,13.433,4.817
14974,6.6051784379503,52.3622733523544,12.887,4.621
14975,6.60519298055133,52.3622742532571,13.313,4.773
14976,6.60520752315236,52.3622751541598,12.907,4.628
14977,6.60522206575339,52.3622760550625,13.421,4.812
14978,6.60523660835442,52.3622769559652,12.809,4.593
14979,6.60525115095545,52.3622778568679,12.957,4.646
14980,6.60526569355648,52.3622787577706,13.022,4.669
14981,6.60528023465636,52.3622797415994,13.881,4.977
14982,6.60529477546721,52.3622807413949,13.121,4.705
14983,6.60530931627806,52.3622817411904,11.985,4.297
14984,6.60532385708891,52.3622827409858,12.42,4.453
14985,6.60533839789975,52.3622837407813,13.094,4.695
14986,6.6053529387106,52.3622847405768,13.475,4.832
14987,6.60536747952145,52.3622857403722,12.301,4.411
14988,6.6053820203323,52.3622867401677,14.034,5.032
14989,6.60539656114315,52.3622877399632,12.811,4.594
14990,6.60541110195399,52.3622887397587,12.946,4.642
14991,6.60542564276484,52.3622897395541,11.952,4.286
14992,6.60544018357569,52.3622907393496,13.336,4.782
14993,6.60545472438654,52.3622917391451,12.409,4.449
14994,6.60546926814182,52.3622925762847,12.223,4.383
14995,6.60548381372653,52.3622933123639,12.465,4.47
14996,6.60549835931123,52.3622940484432,13.455,4.825
14997,6.60551290489594,52.3622947845225,12.906,4.628
14998,6.60552744740455,52.3622956905303,12.1,4.338
14999,6.60554198939831,52.3622966249799,12.3,4.41
15000,6.60555653139206,52.3622975594296,13.431,4.816
15001,6.60557107338582,52.3622984938793,12.453,4.465
15002,6.60558561537957,52.3622994283289,12.911,4.629
15003,6.60560015737332,52.3623003627786,13.045,4.677
15004,6.60561469936708,52.3623012972282,10.55,3.783
15005,6.60562924207181,52.3623021924021,13.294,4.767
15006,6.60564378534959,52.3623030559201,12.038,4.316
15007,6.60565832862736,52.3623039194382,12.317,4.416
15008,6.60567287190514,52.3623047829563,13.423,4.813
15009,6.60568741518292,52.3623056464743,13.358,4.79
15010,6.60570195846069,52.3623065099924,12.786,4.585
15011,6.60571650173847,52.3623073735105,12.914,4.63
15012,6.60573104501624,52.3623082370285,13.049,4.679
15013,6.60574558829402,52.3623091005466,13.304,4.77
15014,6.60576013157179,52.3623099640647,13.368,4.793
15015,6.60577467484957,52.3623108275827,12.504,4.483
15016,6.60578921736351,52.3623117332965,11.996,4.301
15017,6.60580375979787,52.3623126434063,12.268,4.399
15018,6.60581830223223,52.3623135535161,12.481,4.475
15019,6.60583284466659,52.3623144636258,12.364,4.433
15020,6.60584738710095,52.3623153737356,11.788,4.227
15021,6.60586192953531,52.3623162838454,12.629,4.528
15022,6.60587647196967,52.3623171939552,11.439,4.101
15023,6.60589101440403,52.362318104065,12.399,4.446
15024,6.60590555683839,52.3623190141748,12.426,4.455
15025,6.60592009927275,52.3623199242845,12.394,4.444
15026,6.60593464170711,52.3623208343943,12.815,4.595
15027,6.60594918414147,52.3623217445041,12.726,4.563
15028,6.60596372599486,52.3623226867081,13.599,4.876
15029,6.60597826730459,52.3623236589444,11.975,4.294
15030,6.60599280861432,52.3623246311807,12.433,4.458
15031,6.60600734992405,52.362325603417,12.383,4.44
15032,6.60602189123378,52.3623265756533,12.344,4.426
15033,6.60603643254351,52.3623275478896,11.49,4.12
15034,6.60605097385325,52.3623285201259,11.526,4.133
15035,6.60606551531567,52.3623294839271,12.215,4.38
15036,6.60608005770147,52.3623303967195,11.273,4.042
15037,6.60609460008727,52.362331309512,11.992,4.3
15038,6.60610914247307,52.3623322223044,11.796,4.23
15039,6.60612368485886,52.3623331350969,11.99,4.299
15040,6.60613822724466,52.3623340478893,12.82,4.597
15041,6.60615276963046,52.3623349606818,11.509,4.127
15042,6.60616731201626,52.3623358734742,12.643,4.533
15043,6.60618185440206,52.3623367862667,11.785,4.225
15044,6.60619639678786,52.3623376990591,11.847,4.248
15045,6.60621093917366,52.3623386118516,12.372,4.436
15046,6.60622548155945,52.362339524644,11.926,4.276
15047,6.60624002394525,52.3623404374365,11.552,4.142
15048,6.60625456633105,52.3623413502289,11.848,4.248
15049,6.60626910916139,52.3623422384642,11.01,3.948
15050,6.60628365212301,52.3623431194473,12.268,4.399
15051,6.60629819508463,52.3623440004305,10.209,3.661
15052,6.60631268769822,52.362347662727,12.545,4.498
15053,6.60632709221544,52.3623561916222,12.374,4.437
15054,6.60634162232907,52.3623577823507,12.944,4.641
15055,6.60635616443069,52.3623587108419,13.275,4.76
15056,6.6063707065323,52.3623596393331,12.532,4.493
15057,6.60638524863392,52.3623605678243,11.602,4.16
15058,6.60639979073554,52.3623614963154,13.239,4.747
15059,6.60641433283715,52.3623624248066,11.249,4.033
15060,6.60642889062735,52.3623624866329,10.822,3.88
15061,6.60644352799482,52.3623581524708,13.02,4.669
15062,6.60645816044296,52.3623540900612,12.275,4.401
15063,6.60647270246749,52.3623550228108,10.808,3.875
15064,6.60648724449202,52.3623559555605,11.105,3.982
15065,6.60650178651655,52.3623568883101,12.216,4.38
15066,6.60651632857456,52.3623578192099,11.371,4.077
15067,6.60653087095941,52.3623587320549,11.446,4.104
15068,6.60654541334425,52.3623596449,13.02,4.668
15069,6.6065599557291,52.3623605577451,13.117,4.703
15070,6.60657449811394,52.3623614705901,11.931,4.278
15071,6.60658904049879,52.3623623834352,11.747,4.212
15072,6.60660358288364,52.3623632962803,12.357,4.431
15073,6.60661812526848,52.3623642091253,11.487,4.119
15074,6.60663266765333,52.3623651219704,10.496,3.764
15075,6.60664721003818,52.3623660348154,10.175,3.648
15076,6.60666175242302,52.3623669476605,11.747,4.212
15077,6.60667629480787,52.3623678605056,12.3,4.41
15078,6.60669083719271,52.3623687733506,11.782,4.224
15079,6.60670537957756,52.3623696861957,12.24,4.389
15080,6.60671992196241,52.3623705990408,12.29,4.407
15081,6.60673446434725,52.3623715118858,12.561,4.504
15082,6.6067490067321,52.3623724247309,11.847,4.248
15083,6.60676354911694,52.362373337576,11.891,4.263
15084,6.60677809150179,52.362374250421,11.698,4.194
15085,6.60679263388664,52.3623751632661,11.559,4.145
15086,6.60680717627148,52.3623760761111,10.778,3.864
15087,6.60682171865633,52.3623769889562,12.383,4.44
15088,6.60683626104117,52.3623779018013,11.46,4.109
15089,6.60685080342602,52.3623788146463,11.417,4.094
15090,6.60686534581087,52.3623797274914,11.35,4.069
15091,6.60687988819571,52.3623806403365,10.871,3.898
15092,6.60689443058056,52.3623815531815,11.601,4.16
15093,6.6069089729654,52.3623824660266,11.946,4.283
15094,6.60692351535025,52.3623833788717,11.219,4.023
15095,6.6069380577351,52.3623842917167,12.235,4.387
15096,6.60695260011994,52.3623852045618,11.4,4.088
15097,6.60696714251478,52.3623861168549,10.707,3.839
15098,6.6069816849254,52.3623870282761,12.407,4.449
15099,6.60699622733602,52.3623879396973,11.708,4.198
15100,6.60701076974664,52.3623888511184,12.09,4.335
15101,6.60702531215726,52.3623897625396,12.095,4.337
15102,6.60703985456789,52.3623906739608,11.008,3.947
15103,6.60705439697851,52.362391585382,11.249,4.033
15104,6.60706893938913,52.3623924968032,12.155,4.358
15105,6.60708348179975,52.3623934082244,12.618,4.524
15106,6.60709802421037,52.3623943196456,11.567,4.147
15107,6.60711256662099,52.3623952310668,11.152,3.999
15108,6.60712710903161,52.3623961424879,12.501,4.482
15109,6.60714165144224,52.3623970539091,11.134,3.992
15110,6.60715619385286,52.3623979653303,11.687,4.19
15111,6.60717073626348,52.3623988767515,11.233,4.028
15112,6.6071852786741,52.3623997881727,11.633,4.171
15113,6.60719982108472,52.3624006995939,10.91,3.912
15114,6.60721436349534,52.3624016110151,11.236,4.029
15115,6.60722890590596,52.3624025224363,11.078,3.972
15116,6.60724344831659,52.3624034338574,11.827,4.241
15117,6.60725799072721,52.3624043452786,11.524,4.132
15118,6.60727253228966,52.3624053035542,11.936,4.28
15119,6.60728707351462,52.3624062804736,10.923,3.916
15120,6.60730161473957,52.3624072573929,11.276,4.043
15121,6.60731615596453,52.3624082343123,11.756,4.215
15122,6.60733069718949,52.3624092112316,11.884,4.261
15123,6.60734523841445,52.3624101881509,10.518,3.771
15124,6.6073597796394,52.3624111650703,11.545,4.14
15125,6.60737432086436,52.3624121419896,10.87,3.897
15126,6.60738886208932,52.362413118909,11.872,4.257
15127,6.60740340331428,52.3624140958283,12.421,4.454
15128,6.60741794495006,52.3624150500529,9.781,3.507
15129,6.60743249014045,52.3624158079147,10.92,3.916
15130,6.60744703533084,52.3624165657764,11.45,4.106
15131,6.60746158052124,52.3624173236382,11.282,4.045
15132,6.60747612571163,52.3624180814999,11.826,4.24
15133,6.60749067090202,52.3624188393617,11.309,4.055
15134,6.60750521609241,52.3624195972234,10.94,3.923
15135,6.60751976151704,52.3624203421457,10.64,3.815
15136,6.60753430721391,52.3624210720289,10.53,3.776
15137,6.60754885242349,52.3624218288306,10.78,3.865
15138,6.60756339356865,52.362422810158,10.873,3.899
15139,6.60757793471381,52.3624237914855,11.42,4.095
15140,6.60759247585897,52.3624247728129,11.09,3.976
15141,6.60760701700413,52.3624257541403,10.788,3.868
15142,6.60762155814929,52.3624267354678,10.565,3.788
15143,6.60763609929445,52.3624277167952,10.733,3.849
15144,6.60765064043962,52.3624286981226,10.803,3.873
15145,6.60766518158478,52.3624296794501,10.682,3.83
15146,6.60767972272994,52.3624306607775,11.506,4.125
15147,6.6076942638751,52.362431642105,11.902,4.268
15148,6.60770880502026,52.3624326234324,10.393,3.727
15149,6.60772334616542,52.3624336047598,11.73,4.206
15150,6.60773788731058,52.3624345860873,11.467,4.112
15151,6.60775242845574,52.3624355674147,11.152,3.999
15152,6.60776696960091,52.3624365487421,11.932,4.278
15153,6.60778151074607,52.3624375300696,10.921,3.916
15154,6.60779605189123,52.362438511397,11.244,4.032
15155,6.60781059327797,52.3624394793789,11.067,3.968
15156,6.60782513468009,52.3624404465118,11.01,3.948
15157,6.6078396760822,52.3624414136446,11.238,4.029
15158,6.60785421748432,52.3624423807774,10.982,3.938
15159,6.60786875906465,52.3624433380652,11.215,4.021
15160,6.60788330113354,52.3624442683644,10.533,3.777
15161,6.60789784320242,52.3624451986637,10.538,3.778
15162,6.60791238527131,52.3624461289629,10.503,3.766
15163,6.6079269273402,52.3624470592621,10.671,3.826
15164,6.60794147013013,52.3624479497293,11.467,4.112
15165,6.60795601339275,52.3624488140847,10.586,3.796
15166,6.60797055665537,52.36244967844,11.227,4.026
15167,6.60798509991799,52.3624505427954,10.985,3.939
15168,6.60799964318061,52.3624514071507,10.555,3.785
15169,6.60801418644323,52.3624522715061,11.57,4.149
15170,6.60802872970585,52.3624531358614,11.219,4.023
15171,6.60804327296846,52.3624540002168,10.772,3.862
15172,6.60805781623108,52.3624548645721,10.709,3.84
15173,6.6080723594937,52.3624557289275,10.797,3.871
15174,6.60808690275632,52.3624565932829,9.828,3.524
15175,6.60810144601894,52.3624574576382,10.227,3.667
15176,6.60811598928156,52.3624583219936,10.969,3.933
15177,6.60813053254418,52.3624591863489,9.751,3.496
15178,6.60814507467596,52.3624601131738,10.228,3.667
15179,6.60815961662678,52.3624610499951,10.421,3.737
15180,6.6081741585776,52.3624619868163,12.345,4.426
15181,6.60818870052842,52.3624629236376,11.018,3.951
15182,6.60820324247925,52.3624638604588,11.252,4.034
15183,6.60821778443007,52.3624647972801,10.118,3.628
15184,6.60823232638089,52.3624657341013,10.789,3.868
15185,6.60824686833172,52.3624666709226,9.525,3.415
15186,6.60826141028254,52.3624676077439,10.35,3.711
15187,6.60827595223336,52.3624685445651,10.826,3.882
15188,6.60829049418419,52.3624694813864,9.68,3.471
15189,6.60830503613501,52.3624704182076,10.729,3.847
15190,6.60831957781189,52.3624713701619,10.762,3.859
15191,6.60833411902338,52.3624723478251,10.112,3.626
15192,6.60834866023487,52.3624733254884,9.959,3.571
15193,6.60836320144636,52.3624743031517,10.014,3.591
15194,6.60837774273106,52.3624752767711,10.214,3.662
15195,6.60839228514007,52.362476188281,10.216,3.663
15196,6.60840682754909,52.3624770997908,10.686,3.832
15197,6.60842136995811,52.3624780113007,10.056,3.606
15198,6.60843591236712,52.3624789228105,11.296,4.05
15199,6.60845045477614,52.3624798343204,11.276,4.043
15200,6.60846499718516,52.3624807458302,10.461,3.751
15201,6.60847953959417,52.36248165734,10.103,3.622
15202,6.60849408200319,52.3624825688499,9.975,3.577
15203,6.60850862441221,52.3624834803597,10.459,3.75
15204,6.60852316682122,52.3624843918696,10.545,3.781
15205,6.60853770923024,52.3624853033794,10.122,3.629
15206,6.60855225163925,52.3624862148893,9.992,3.583
15207,6.60856679404827,52.3624871263991,10.414,3.734
15208,6.60858133645729,52.3624880379089,10.231,3.668
15209,6.6085958788663,52.3624889494188,9.837,3.527
15210,6.60861042127532,52.3624898609286,10.223,3.666
15211,6.60862496368434,52.3624907724385,9.784,3.508
15212,6.60863950609335,52.3624916839483,9.681,3.471
15213,6.60865404850237,52.3624925954582,10.104,3.623
15214,6.60866859091139,52.362493506968,9.752,3.497
15215,6.60868313340285,52.3624944139234,9.642,3.457
15216,6.6086976759244,52.3624953192165,10.671,3.826
15217,6.60871221844596,52.3624962245095,9.809,3.517
15218,6.60872676096751,52.3624971298026,11.106,3.982
15219,6.60874130348907,52.3624980350956,10.374,3.72
15220,6.60875584601062,52.3624989403887,9.506,3.408
15221,6.60877038853217,52.3624998456818,10.653,3.82
15222,6.60878493105373,52.3625007509748,9.533,3.418
15223,6.60879947357528,52.3625016562679,11.098,3.979
15224,6.60881401609684,52.3625025615609,10.053,3.605
15225,6.60882855861839,52.362503466854,10.222,3.665
15226,6.60884310113995,52.3625043721471,9.904,3.551
15227,6.6088576436615,52.3625052774401,10.025,3.595
15228,6.60887218618305,52.3625061827332,9.717,3.484
15229,6.60888672870461,52.3625070880262,9.29,3.331
15230,6.60890127122616,52.3625079933193,10.017,3.592
15231,6.60891581374772,52.3625088986124,10.402,3.73
15232,6.60893035626927,52.3625098039054,9.082,3.256
15233,6.60894489879083,52.3625107091985,10.671,3.826
15234,6.60895944131238,52.3625116144915,10.101,3.622
15235,6.60897398383393,52.3625125197846,9.473,3.397
15236,6.60898852635549,52.3625134250777,9.445,3.387
15237,6.60900306887952,52.3625143302338,10.792,3.869
15238,6.60901761140532,52.3625152352923,10.23,3.668
15239,6.60903215393112,52.3625161403508,10.331,3.704
15240,6.60904669645692,52.3625170454092,9.495,3.405
15241,6.60906123898272,52.3625179504677,9.952,3.568
15242,6.60907578150852,52.3625188555262,9.814,3.519
15243,6.60909032403433,52.3625197605847,9.488,3.402
15244,6.60910486656013,52.3625206656431,9.637,3.456
15245,6.60911940908593,52.3625215707016,10.208,3.66
15246,6.60913395161173,52.3625224757601,10.479,3.757
15247,6.60914849413753,52.3625233808186,9.373,3.361
15248,6.60916303666333,52.362524285877,8.731,3.13
15249,6.60917757918913,52.3625251909355,10.452,3.748
15250,6.60919212171493,52.362526095994,10.442,3.744
15251,6.60920666424073,52.3625270010525,9.686,3.473
15252,6.60922120676653,52.3625279061109,10.487,3.76
15253,6.60923574929233,52.3625288111694,9.608,3.445
15254,6.60925029177471,52.3625297186268,8.863,3.178
15255,6.60926483393156,52.3625306440668,8.608,3.086
15256,6.60927937608841,52.3625315695067,8.585,3.078
15257,6.60929391824526,52.3625324949467,9.347,3.352
15258,6.60930846040211,52.3625334203867,9.053,3.246
15259,6.60932300255896,52.3625343458267,8.969,3.216
15260,6.60933754471581,52.3625352712667,9.229,3.309
15261,6.60935208687266,52.3625361967066,9.779,3.506
15262,6.60936662902951,52.3625371221466,8.935,3.204
15263,6.60938117118636,52.3625380475866,8.818,3.162
15264,6.60939571334321,52.3625389730266,8.938,3.205
15265,6.60941025550006,52.3625398984666,9.745,3.494
15266,6.6094247976569,52.3625408239065,9.145,3.279
15267,6.60943933981375,52.3625417493465,9.333,3.347
15268,6.6094538819706,52.3625426747865,10.065,3.609
15269,6.60946842412745,52.3625436002265,10.806,3.875
15270,6.6094829662843,52.3625445256665,9.493,3.404
15271,6.60949750844115,52.3625454511064,9.417,3.377
15272,6.609512050598,52.3625463765464,8.385,3.006
15273,6.60952659275485,52.3625473019864,9.28,3.328
15274,6.6095411349117,52.3625482274264,9.083,3.257
15275,6.60955567706855,52.3625491528664,9.554,3.426
15276,6.6095702192254,52.3625500783064,8.781,3.149
15277,6.60958476138225,52.3625510037463,9.112,3.267
15278,6.6095993035391,52.3625519291863,9.333,3.346
15279,6.60961384569595,52.3625528546263,10.076,3.613
15280,6.6096283878528,52.3625537800663,9.862,3.536
15281,6.60964293036501,52.3625546858754,9.669,3.467
15282,6.60965747297484,52.362555586292,9.335,3.347
15283,6.60967201563044,52.3625564841801,8.637,3.097
15284,6.60968655828604,52.3625573820682,9.301,3.335
15285,6.60970110094165,52.3625582799562,8.402,3.013
15286,6.60971564359725,52.3625591778443,8.718,3.126
15287,6.60973018625285,52.3625600757324,9.868,3.538
15288,6.60974472890845,52.3625609736205,9.121,3.27
15289,6.60975927156405,52.3625618715086,8.921,3.199
15290,6.60977381421965,52.3625627693966,8.98,3.22
15291,6.60978835687525,52.3625636672847,8.699,3.119
15292,6.60980289953085,52.3625645651728,7.469,2.678
15293,6.60981744218645,52.3625654630609,7.976,2.86
15294,6.60983198484205,52.362566360949,9.066,3.251
15295,6.60984652749766,52.3625672588371,8.145,2.92
15296,6.60986107015326,52.3625681567251,8.606,3.086
15297,6.60987561280886,52.3625690546132,7.931,2.844
15298,6.60989015546446,52.3625699525013,8.213,2.945
15299,6.60990469812006,52.3625708503894,8.617,3.09
15300,6.60991924077566,52.3625717482775,9.146,3.279
15301,6.60993378343126,52.3625726461655,9.247,3.316
15302,6.60994832608686,52.3625735440536,8.137,2.918
15303,6.60996286874246,52.3625744419417,8.733,3.131
15304,6.60997741139807,52.3625753398298,7.698,2.76
15305,6.60999195405367,52.3625762377179,8.553,3.067
15306,6.61000649502312,52.3625772287516,9.064,3.25
15307,6.61002103582981,52.3625782287771,8.448,3.029
15308,6.61003557663649,52.3625792288026,9.245,3.315
15309,6.61005011744317,52.3625802288281,8.947,3.208
15310,6.61006465824986,52.3625812288536,8.58,3.077
15311,6.61007919905654,52.3625822288792,8.276,2.967
15312,6.61009373986322,52.3625832289047,8.092,2.901
15313,6.61010828066991,52.3625842289302,7.533,2.701
15314,6.61012282208569,52.3625851953083,7.612,2.729
15315,6.61013736483937,52.3625860877783,8.943,3.207
15316,6.61015190759305,52.3625869802484,9.232,3.31
15317,6.61016645034673,52.3625878727184,7.691,2.757
15318,6.61018099310041,52.3625887651885,8.351,2.994
15319,6.61019553585408,52.3625896576585,7.369,2.642
15320,6.61021007860776,52.3625905501286,7.704,2.762
15321,6.61022462136144,52.3625914425986,8.416,3.018
15322,6.61023916411512,52.3625923350686,7.942,2.848
15323,6.6102537068688,52.3625932275387,7.105,2.548
15324,6.61026824962248,52.3625941200087,9.227,3.308
15325,6.61028279237616,52.3625950124788,8.172,2.93
15326,6.61029733512984,52.3625959049488,7.536,2.702
15327,6.61031187788352,52.3625967974189,8.245,2.956
15328,6.6103264206372,52.3625976898889,8.107,2.907
15329,6.61034096339088,52.362598582359,8.387,3.007
15330,6.61035550614456,52.362599474829,7.924,2.841
15331,6.61037004801563,52.3626004160563,8.294,2.974
15332,6.6103845892626,52.3626013917593,8.649,3.101
15333,6.61039913050958,52.3626023674623,7.303,2.619
15334,6.61041367175655,52.3626033431653,7.656,2.745
15335,6.61042821300353,52.3626043188683,8.542,3.063
15336,6.6104427542505,52.3626052945713,7.709,2.764
15337,6.61045729549748,52.3626062702743,7.971,2.858
15338,6.61047183674446,52.3626072459773,7.727,2.771
15339,6.61048637799143,52.3626082216803,7.749,2.779
15340,6.61050092060091,52.3626091221166,7.685,2.755
15341,6.61051546611677,52.3626098619988,7.22,2.589
15342,6.61053001163263,52.362610601881,8.215,2.946
15343,6.61054455714849,52.3626113417632,8.556,3.068
15344,6.61055910266436,52.3626120816454,7.813,2.801
15345,6.61057364958974,52.3626127436631,8.461,3.034
15346,6.61058820042142,52.3626131898906,7.599,2.725
15347,6.61060274569368,52.3626139432296,7.55,2.707
15348,6.61061728911306,52.3626147989253,8.101,2.905
15349,6.61063183253244,52.3626156546209,8.097,2.903
15350,6.61064637595181,52.3626165103166,7.765,2.784
15351,6.61066091937119,52.3626173660123,8.215,2.946
15352,6.61067546279057,52.362618221708,7.047,2.527
15353,6.61069000620995,52.3626190774037,7.611,2.729
15354,6.61070454962933,52.3626199330994,8.344,2.992
15355,6.6107190930487,52.3626207887951,8.328,2.986
15356,6.61073363646808,52.3626216444908,8.241,2.955
15357,6.6107481798597,52.3626225017201,8.336,2.989
15358,6.61076272196769,52.3626234298589,7.503,2.69
15359,6.61077726407569,52.3626243579978,6.706,2.405
15360,6.61079180618368,52.3626252861365,7.544,2.705
15361,6.61080634829168,52.3626262142754,8.057,2.889
15362,6.61082089039967,52.3626271424141,8.14,2.919
15363,6.61083543242007,52.3626280753921,7.348,2.635
15364,6.61084997419958,52.3626290216769,7.075,2.537
15365,6.61086451597909,52.3626299679617,7.121,2.553
15366,6.6108790577586,52.3626309142465,7.299,2.617
15367,6.61089359953812,52.3626318605313,6.491,2.327
15368,6.61090814131763,52.3626328068161,7.284,2.612
15369,6.61092268309714,52.3626337531009,7.61,2.729
15370,6.61093722487665,52.3626346993856,7.512,2.694
15371,6.61095176665616,52.3626356456704,7.364,2.64
15372,6.61096630822128,52.3626366037987,7.141,2.56
15373,6.61098084868258,52.3626376229037,7.197,2.581
15374,6.61099538914388,52.3626386420088,7.196,2.58
15375,6.61100992960519,52.3626396611138,7.926,2.842
15376,6.61102447006649,52.3626406802188,7.499,2.689
15377,6.61103901052779,52.3626416993239,9.351,3.353
15378,6.61105355098909,52.3626427184289,7.282,2.611
15379,6.61106809145039,52.362643737534,7.724,2.769
15380,6.61108263191169,52.362644756639,7.273,2.608
15381,6.61109717237299,52.3626457757441,7.248,2.599
15382,6.6111117128343,52.3626467948491,8.353,2.995
15383,6.6111262532956,52.3626478139541,8.01,2.872
15384,6.6111407937569,52.3626488330592,6.381,2.288
15385,6.6111553342182,52.3626498521642,6.802,2.439
15386,6.6111698746795,52.3626508712693,7.313,2.622
15387,6.6111844151408,52.3626518903743,7.079,2.538
15388,6.61119895560211,52.3626529094794,6.487,2.326
15389,6.61121349606341,52.3626539285844,7.432,2.665
15390,6.61122803652471,52.3626549476894,6.25,2.241
15391,6.61124257792323,52.3626559150208,7.42,2.66
15392,6.61125712006622,52.3626568412262,7.766,2.784
15393,6.61127166220922,52.3626577674317,7.841,2.811
15394,6.61128620435221,52.3626586936371,7.234,2.594
15395,6.6113007464952,52.3626596198426,8.199,2.94
15396,6.6113152886382,52.362660546048,7.497,2.688
15397,6.61132983200473,52.3626614046627,7.791,2.793
15398,6.61134438009001,52.3626620026058,6.852,2.457
15399,6.61135892817529,52.3626626005488,8.172,2.93
15400,6.61137347626057,52.3626631984919,7.268,2.606
15401,6.61138802500603,52.3626637599658,8.189,2.936
15402,6.61140257494584,52.3626642554615,8.053,2.888
15403,6.61141712488564,52.3626647509571,7.399,2.653
15404,6.61143167482545,52.3626652464527,7.479,2.682
15405,6.61144621404728,52.3626663340288,7.127,2.556
15406,6.61146075168187,52.3626675092862,6.745,2.418
15407,6.61147528931646,52.3626686845435,7.57,2.714
15408,6.61148982695106,52.3626698598009,7.533,2.701
15409,6.61150436458565,52.3626710350583,6.255,2.243
15410,6.61151890222024,52.3626722103157,7.152,2.565
15411,6.61153343985484,52.3626733855731,7.706,2.763
15412,6.61154797748943,52.3626745608304,8.051,2.887
15413,6.61156251512402,52.3626757360878,7.61,2.729
15414,6.61157705275861,52.3626769113452,6.286,2.254
15415,6.61159159039321,52.3626780866026,6.553,2.35
15416,6.6116061280278,52.36267926186,6.965,2.497
15417,6.61162066566239,52.3626804371173,7.986,2.863
15418,6.61163520513869,52.3626815106361,6.802,2.439
15419,6.61164974478655,52.3626825746768,7.777,2.788
15420,6.61166428443442,52.3626836387175,6.783,2.432
15421,6.61167882408228,52.3626847027581,7.459,2.674
15422,6.61169336373015,52.3626857667988,6.589,2.362
15423,6.61170790337801,52.3626868308395,7.023,2.518
15424,6.61172244302588,52.3626878948801,6.468,2.319
15425,6.61173698267375,52.3626889589208,7.979,2.861
15426,6.61175152232161,52.3626900229615,6.718,2.409
15427,6.61176606196948,52.3626910870021,6.214,2.228
15428,6.61178060161734,52.3626921510428,6.164,2.21
15429,6.61179514126521,52.3626932150835,7.067,2.534
15430,6.61180968091307,52.3626942791241,6.845,2.454
15431,6.61182422056094,52.3626953431648,7.493,2.687
15432,6.61183876121015,52.3626963518897,6.971,2.499
15433,6.61185330635996,52.3626971119933,7.792,2.794
15434,6.61186785150977,52.3626978720969,6.878,2.466
15435,6.61188239665957,52.3626986322005,7.706,2.763
15436,6.61189694180938,52.3626993923041,6.54,2.345
15437,6.61191148695919,52.3627001524077,6.214,2.228
15438,6.611926032109,52.3627009125113,6.612,2.371
15439,6.61194057725881,52.3627016726149,6.431,2.306
15440,6.61195512240862,52.3627024327185,6.364,2.282
15441,6.61196966755843,52.3627031928221,7.335,2.63
15442,6.61198421270824,52.3627039529257,6.935,2.487
15443,6.61199875785805,52.3627047130293,7.173,2.572
15444,6.61201330300786,52.3627054731329,7.398,2.653
15445,6.61202784815767,52.3627062332365,6.096,2.186
15446,6.61204242679867,52.3627051432278,7.421,2.661
15447,6.61205702300567,52.3627030828428,6.377,2.286
15448,6.6120716191632,52.3627010251903,6.745,2.419
15449,6.61208621467167,52.3626990033931,5.971,2.141
15450,6.61210081018013,52.3626969815959,7.468,2.678
15451,6.61211536152576,52.3626973994317,6.089,2.183
15452,6.61212990391254,52.3626983121701,6.377,2.286
15453,6.61214444629931,52.3626992249086,6.419,2.302
15454,6.61215898868609,52.362700137647,7.006,2.512
15455,6.61217353107286,52.3627010503855,6.988,2.506
15456,6.61218807345964,52.3627019631239,7.559,2.71
15457,6.61220261584642,52.3627028758624,7.02,2.517
15458,6.61221715823319,52.3627037886008,7.649,2.743
15459,6.61223170061997,52.3627047013393,7.304,2.619
15460,6.61224624301906,52.3627056133971,6.525,2.34
15461,6.61226078542533,52.362706525059,6.689,2.398
15462,6.61227532783159,52.3627074367209,7.97,2.858
15463,6.61228987023785,52.3627083483828,7.804,2.798
15464,6.61230441264412,52.3627092600448,7.567,2.713
15465,6.61231895505038,52.3627101717067,7.644,2.741
15466,6.61233349745665,52.3627110833686,7.356,2.638
15467,6.61234803983505,52.3627119965694,7.28,2.61
15468,6.61236258216175,52.3627129126267,7.113,2.55
15469,6.61237712448844,52.3627138286841,8.083,2.898
15470,6.61239166681514,52.3627147447415,6.811,2.442
15471,6.61240620914184,52.3627156607989,7.226,2.591
15472,6.61242075146853,52.3627165768562,6.08,2.18
15473,6.61243527078684,52.3627187639376,6.244,2.239
15474,6.61244978662394,52.3627211433265,8.153,2.923
15475,6.61246430261555,52.3627235141808,7.449,2.671
15476,6.61247882508952,52.3627255269374,6.962,2.496
15477,6.61249334756349,52.362727539694,7.133,2.558
15478,6.61250787003747,52.3627295524507,6.289,2.255
15479,6.61252239251144,52.3627315652073,6.836,2.451
15480,6.6125369142966,52.3627336160153,6.231,2.234
15481,6.6125514358404,52.3627356801565,6.916,2.48
15482,6.6125659573842,52.3627377442977,7.49,2.686
15483,6.612580478928,52.3627398084388,7.357,2.638
15484,6.61259500047179,52.36274187258,8.025,2.878
15485,6.61260952201559,52.3627439367212,7.265,2.605
15486,6.61262404355939,52.3627460008624,5.634,2.02
15487,6.61263857998587,52.3627472428579,8.239,2.954
15488,6.61265312839433,52.362747822948,6.598,2.366
15489,6.61266767680279,52.3627484030381,7.189,2.577
15490,6.61268222521125,52.3627489831282,7.154,2.565
15491,6.61269677361971,52.3627495632183,7.236,2.594
15492,6.61271132202817,52.3627501433084,7.123,2.554
15493,6.61272586910944,52.3627507967146,7.134,2.558
15494,6.61274041412119,52.3627515644447,6.318,2.265
15495,6.61275495913295,52.3627523321747,8.617,3.09
15496,6.6127695041447,52.3627530999048,7.48,2.682
15497,6.61278404915646,52.3627538676348,7.127,2.556
15498,6.61279859416821,52.3627546353649,8.181,2.933
15499,6.61281313917996,52.3627554030949,6.467,2.319
15500,6.61282768419172,52.362756170825,7.609,2.728
15501,6.61284222920347,52.362756938555,6.772,2.428
15502,6.61285677421523,52.3627577062851,7.336,2.63
15503,6.61287131922698,52.3627584740151,7.349,2.635
15504,6.61288586423873,52.3627592417452,5.726,2.053
15505,6.61290040925049,52.3627600094752,6.259,2.244
15506,6.61291495426224,52.3627607772053,8.034,2.881
15507,6.612929499274,52.3627615449353,6.954,2.493
15508,6.61294404428575,52.3627623126654,8.28,2.969
15509,6.6129585892975,52.3627630803954,7.874,2.823
15510,6.61297313430926,52.3627638481255,6.974,2.501
15511,6.61298767932101,52.3627646158555,6.923,2.482
15512,6.61300222156824,52.3627655363031,8.074,2.895
15513,6.6130167630784,52.362766497467,8.342,2.991
15514,6.61303130458857,52.3627674586309,6.938,2.488
15515,6.61304584609873,52.3627684197948,8.012,2.873
15516,6.6130603876089,52.3627693809588,7.713,2.766
15517,6.61307492911907,52.3627703421227,7.816,2.802
15518,6.61308947062923,52.3627713032866,7.169,2.57
15519,6.6131040121394,52.3627722644506,6.715,2.408
15520,6.61311855364956,52.3627732256145,6.491,2.327
15521,6.61313309515973,52.3627741867784,6.345,2.275
15522,6.6131476366699,52.3627751479424,8.237,2.953
15523,6.61316217818006,52.3627761091063,7.12,2.553
15524,6.61317671969023,52.3627770702702,6.442,2.31
15525,6.61319126120039,52.3627780314341,7.706,2.763
15526,6.6132058026112,52.3627789980866,6.836,2.451
15527,6.61322034274066,52.3627800355235,6.736,2.415
15528,6.61323488287011,52.3627810729604,8.336,2.989
15529,6.61324942299956,52.3627821103974,6.339,2.273
15530,6.61326396312902,52.3627831478343,7.261,2.603
15531,6.61327850325847,52.3627841852712,6.777,2.43
15532,6.61329304338792,52.3627852227081,6.684,2.397
15533,6.61330758351738,52.362786260145,6.266,2.247
15534,6.61332212364683,52.3627872975819,7.164,2.569
15535,6.61333666377628,52.3627883350188,6.617,2.373
15536,6.61335120390574,52.3627893724558,7.48,2.682
15537,6.61336574403519,52.3627904098927,7.107,2.548
15538,6.61338028416464,52.3627914473296,6.953,2.493
15539,6.6133948242941,52.3627924847665,6.628,2.376
15540,6.61340936442355,52.3627935222034,7.982,2.862
15541,6.61342390455301,52.3627945596403,7.575,2.716
15542,6.61343844468246,52.3627955970772,6.744,2.418
15543,6.61345298481191,52.3627966345142,6.348,2.276
15544,6.61346752494137,52.3627976719511,6.039,2.165
15545,6.61348206507082,52.362798709388,7.821,2.804
15546,6.61349660520027,52.3627997468249,7.689,2.757
15547,6.61351114532973,52.3628007842618,7.773,2.787
15548,6.61352568683047,52.3628017459461,7.089,2.542
15549,6.61354022850999,52.3628026977547,7.637,2.738
15550,6.61355477018951,52.3628036495633,7.77,2.786
15551,6.61356931186903,52.362804601372,7.128,2.556
15552,6.61358385354854,52.3628055531806,6.961,2.496
15553,6.61359839522806,52.3628065049892,6.601,2.367
15554,6.61361293690758,52.3628074567978,7.429,2.664
15555,6.6136274785871,52.3628084086064,7.51,2.693
15556,6.61364202032273,52.3628093573154,6.946,2.49
15557,6.61365656275707,52.3628102674262,7.018,2.517
15558,6.61367110519141,52.3628111775369,7.064,2.533
15559,6.61368564762576,52.3628120876477,7.661,2.747
15560,6.6137001900601,52.3628129977585,6.391,2.291
15561,6.61371473249444,52.3628139078693,6.553,2.35
15562,6.61372927492878,52.3628148179801,6.568,2.355
15563,6.61374381736313,52.3628157280909,7.123,2.554
15564,6.61375835979747,52.3628166382016,7.4,2.653
15565,6.61377290223181,52.3628175483124,6.59,2.363
15566,6.61378744466615,52.3628184584232,7.757,2.781
15567,6.6138019871005,52.362819368534,8.087,2.9
15568,6.61381652953484,52.3628202786448,7.474,2.68
15569,6.61383107196918,52.3628211887555,7.896,2.831
15570,6.61384561440353,52.3628220988663,6.702,2.403
15571,6.61386015683787,52.3628230089771,6.72,2.41
15572,6.61387469927221,52.3628239190879,7.552,2.708
15573,6.61388924170655,52.3628248291987,7.231,2.593
15574,6.61390378402662,52.3628257456221,6.733,2.414
15575,6.61391832604394,52.36282667877,8.101,2.905
15576,6.61393286806126,52.3628276119178,7.443,2.669
15577,6.61394741007858,52.3628285450656,7.685,2.756
15578,6.6139619520959,52.3628294782134,6.881,2.467
15579,6.61397649411322,52.3628304113613,8.27,2.965
15580,6.61399103613055,52.3628313445091,7.196,2.58
15581,6.61400557814787,52.3628322776569,7.892,2.83
15582,6.61402012016519,52.3628332108047,6.955,2.494
15583,6.61403466218251,52.3628341439526,7.402,2.654
15584,6.61404920419983,52.3628350771004,7.636,2.738
15585,6.61406374621715,52.3628360102482,8.487,3.043
15586,6.61407828823447,52.362836943396,7.06,2.531
15587,6.61409282989778,52.3628378960998,7.443,2.669
15588,6.6141073677465,52.3628390595283,7.677,2.753
15589,6.61412190559523,52.3628402229568,6.503,2.332
15590,6.61413644344395,52.3628413863853,6.062,2.173
15591,6.61415098129267,52.3628425498138,6.76,2.424
15592,6.61416551914139,52.3628437132423,7.92,2.84
15593,6.61418005699012,52.3628448766709,8.367,3.0
15594,6.61419459483884,52.3628460400994,6.82,2.445
15595,6.61420913268756,52.3628472035279,6.653,2.386
15596,6.61422367053628,52.3628483669564,8.277,2.968
15597,6.614238208385,52.3628495303849,7.048,2.527
15598,6.61425274623373,52.3628506938134,7.168,2.57
15599,6.61426728408245,52.3628518572419,8.251,2.958
15600,6.61428182193117,52.3628530206705,8.16,2.926
15601,6.61429635977989,52.362854184099,7.954,2.852
15602,6.61431089762862,52.3628553475275,6.404,2.296
15603,6.61432543547734,52.362856510956,6.677,2.394
15604,6.6143399774652,52.3628574457313,8.082,2.898
15605,6.61435452007258,52.3628583462833,7.616,2.731
15606,6.61436906267996,52.3628592468352,6.978,2.502
15607,6.61438360528733,52.3628601473872,7.24,2.596
15608,6.61439814789471,52.3628610479392,8.102,2.905
15609,6.61441269050209,52.3628619484912,8.354,2.995
15610,6.61442723310947,52.3628628490431,7.458,2.674
15611,6.61444177571685,52.3628637495951,7.065,2.533
15612,6.61445631832423,52.3628646501471,7.313,2.622
15613,6.6144708609316,52.3628655506991,8.272,2.966
15614,6.61448540353898,52.362866451251,8.267,2.964
15615,6.61449994614636,52.362867351803,7.61,2.729
15616,6.61451448875374,52.362868252355,7.191,2.579
15617,6.61452903136112,52.362869152907,8.147,2.921
15618,6.6145435739685,52.3628700534589,8.471,3.038
15619,6.61455811657588,52.3628709540109,6.669,2.391
15620,6.61457265918325,52.3628718545629,7.395,2.651
15621,6.61458720313831,52.3628726806669,8.219,2.947
15622,6.61460175109491,52.3628732857185,7.59,2.721
15623,6.61461629905151,52.3628738907701,7.267,2.605
15624,6.61463084700811,52.3628744958216,7.67,2.75
15625,6.61464539496471,52.3628751008732,7.787,2.792
15626,6.61465994292131,52.3628757059248,6.914,2.479
15627,6.61467449087791,52.3628763109763,7.638,2.739
15628,6.61468903883451,52.3628769160279,7.809,2.8
15629,6.61470358679111,52.3628775210795,7.312,2.622
15630,6.61471813474771,52.362878126131,7.151,2.564
15631,6.61473268270431,52.3628787311826,7.301,2.618
15632,6.61474723066091,52.3628793362342,7.055,2.53
15633,6.61476177861751,52.3628799412857,8.135,2.917
15634,6.61477632657411,52.3628805463373,7.065,2.533
15635,6.61479087377316,52.3628811932375,7.763,2.784
15636,6.61480541384225,52.3628822340087,7.441,2.668
15637,6.61481995391135,52.3628832747798,7.255,2.601
15638,6.61483449398045,52.362884315551,8.485,3.043
15639,6.61484903404954,52.3628853563221,7.611,2.729
15640,6.61486357411864,52.3628863970933,7.304,2.619
15641,6.61487811418773,52.3628874378644,7.257,2.602
15642,6.61489265425683,52.3628884786356,7.916,2.838
15643,6.61490719432593,52.3628895194067,8.213,2.945
15644,6.61492173439502,52.3628905601778,8.484,3.042
15645,6.61493627446412,52.362891600949,7.648,2.742
15646,6.61495081453322,52.3628926417201,7.623,2.733
15647,6.61496535460231,52.3628936824913,7.844,2.812
15648,6.61497989467141,52.3628947232624,7.876,2.824
15649,6.61499443474051,52.3628957640336,7.334,2.63
15650,6.6150089748096,52.3628968048047,8.659,3.105
15651,6.61502351512583,52.3628978319239,7.823,2.805
15652,6.615038055461,52.3628988579969,8.135,2.917
15653,6.61505259579616,52.3628998840699,8.081,2.898
15654,6.61506713613133,52.3629009101428,8.081,2.897
15655,6.61508167646649,52.3629019362158,7.264,2.605
15656,6.61509621680166,52.3629029622888,7.862,2.819
15657,6.61511075713683,52.3629039883618,9.219,3.306
15658,6.61512529747199,52.3629050144347,8.823,3.164
15659,6.61513983780716,52.3629060405077,7.994,2.866
15660,6.61515437814233,52.3629070665807,7.698,2.76
15661,6.61516891847749,52.3629080926536,6.622,2.374
15662,6.61518345881266,52.3629091187266,7.646,2.742
15663,6.61519799914783,52.3629101447996,7.905,2.835
15664,6.61521253992207,52.3629111466173,7.778,2.789
15665,6.6152270809492,52.3629121344646,7.832,2.808
15666,6.61524162197634,52.3629131223118,8.356,2.996
15667,6.61525616300348,52.3629141101591,7.415,2.659
15668,6.61527070403062,52.3629150980064,8.177,2.932
15669,6.61528524505775,52.3629160858537,7.966,2.856
15670,6.61529978608489,52.362917073701,7.525,2.698
15671,6.61531432711203,52.3629180615482,9.043,3.242
15672,6.61532886813916,52.3629190493955,8.512,3.052
15673,6.6153434091663,52.3629200372428,7.624,2.734
15674,6.61535795019344,52.3629210250901,8.405,3.014
15675,6.61537249122058,52.3629220129374,7.298,2.617
15676,6.61538703224771,52.3629230007846,7.739,2.775
15677,6.61540157327485,52.3629239886319,8.925,3.2
15678,6.61541615330367,52.362922821958,8.365,3.0
15679,6.61543073782471,52.3629214071256,8.333,2.988
15680,6.61544532234575,52.3629199922932,8.769,3.144
15681,6.61545988745089,52.3629196500289,8.563,3.07
15682,6.61547445225385,52.3629193244579,8.063,2.891
15683,6.61548901705682,52.3629189988868,8.785,3.15
15684,6.61550358185978,52.3629186733157,7.257,2.602
15685,6.61551814159431,52.3629186277338,7.873,2.823
15686,6.61553269307398,52.3629190381644,8.225,2.949
15687,6.61554724455366,52.362919448595,8.62,3.091
15688,6.61556179603334,52.3629198590255,8.122,2.912
15689,6.61557634751302,52.3629202694561,7.28,2.61
15690,6.61559089795589,52.3629207371616,7.214,2.587
15691,6.61560544759705,52.362921249155,8.322,2.984
15692,6.61561999723821,52.3629217611485,8.097,2.903
15693,6.61563454687937,52.3629222731419,7.86,2.818
15694,6.61564909652054,52.3629227851354,7.778,2.789
15695,6.6156636461617,52.3629232971288,8.507,3.05
15696,6.61567818935765,52.3629241651671,9.21,3.302
15697,6.61569273254082,52.3629250339114,8.54,3.062
15698,6.61570727572399,52.3629259026556,9.252,3.317
15699,6.61572181890716,52.3629267713999,8.275,2.967
15700,6.61573636209033,52.3629276401441,8.773,3.146
15701,6.6157509052735,52.3629285088884,9.324,3.343
15702,6.61576544845667,52.3629293776326,8.453,3.031
15703,6.61577999163984,52.3629302463768,8.579,3.076
15704,6.61579453482301,52.3629311151211,8.36,2.998
15705,6.61580907800618,52.3629319838653,8.946,3.208
15706,6.61582362118935,52.3629328526096,9.146,3.279
15707,6.61583816437252,52.3629337213538,8.839,3.169
15708,6.61585270755569,52.3629345900981,8.515,3.053
15709,6.61586725073886,52.3629354588423,7.785,2.791
15710,6.61588178941107,52.3629365767798,8.656,3.104
15711,6.61589632695539,52.3629377570237,8.589,3.08
15712,6.61591086449972,52.3629389372675,8.858,3.176
15713,6.61592540204405,52.3629401175113,8.806,3.157
15714,6.61593993958838,52.3629412977551,9.679,3.471
15715,6.6159544771327,52.3629424779989,8.363,2.998
15716,6.61596901859143,52.3629434420047,7.863,2.819
15717,6.61598356282928,52.3629442524863,8.135,2.917
15718,6.61599810706714,52.3629450629678,8.452,3.031
15719,6.61601265130499,52.3629458734493,9.478,3.399
15720,6.61602719554285,52.3629466839309,8.097,2.903
15721,6.61604173978071,52.3629474944124,8.193,2.938
15722,6.61605628401856,52.3629483048939,9.138,3.276
15723,6.61607082825642,52.3629491153755,9.411,3.375
15724,6.61608537249427,52.362949925857,8.018,2.875
15725,6.61609991673213,52.3629507363386,7.905,2.834
15726,6.61611443154401,52.3629531723626,8.502,3.048
15727,6.61612892461225,52.3629568095439,9.368,3.359
15728,6.61614341768048,52.3629604467252,9.083,3.257
15729,6.61615795829136,52.3629614575674,8.575,3.075
15730,6.61617250070014,52.3629623690904,9.468,3.395
15731,6.61618704310892,52.3629632806133,9.124,3.271
15732,6.6162015855177,52.3629641921363,9.005,3.229
15733,6.61621612792648,52.3629651036593,8.135,2.917
15734,6.61623067033526,52.3629660151822,8.649,3.101
15735,6.61624521274404,52.3629669267052,10.27,3.682
15736,6.61625974831137,52.3629682161615,8.938,3.205
15737,6.61627427474763,52.3629700100344,8.59,3.08
15738,6.6162888011839,52.3629718039072,8.945,3.207
15739,6.61630332762016,52.3629735977801,9.256,3.319
15740,6.61631785405642,52.3629753916529,9.723,3.486
15741,6.61633238091327,52.3629771622918,9.585,3.437
15742,6.61634691534936,52.36297851424,8.838,3.169
15743,6.61636145360615,52.3629796551265,10.001,3.586
15744,6.61637599186293,52.3629807960131,9.748,3.495
15745,6.61639053011971,52.3629819368996,9.024,3.236
15746,6.6164050683765,52.3629830777861,9.227,3.308
15747,6.61641960663328,52.3629842186727,9.671,3.468
15748,6.61643414489006,52.3629853595592,9.966,3.573
15749,6.61644868314684,52.3629865004457,8.457,3.032
15750,6.61646322140363,52.3629876413322,9.408,3.373
15751,6.61647775966041,52.3629887822188,9.364,3.357
15752,6.61649229791719,52.3629899231053,9.062,3.249
15753,6.61650683617398,52.3629910639918,9.075,3.254
15754,6.61652137776013,52.3629920209583,10.049,3.603
15755,6.61653591995404,52.3629929443507,9.759,3.499
15756,6.61655046214796,52.3629938677432,10.699,3.836
15757,6.61656500434187,52.3629947911356,9.14,3.277
15758,6.61657954653578,52.362995714528,9.571,3.432
15759,6.6165940887297,52.3629966379205,9.688,3.474
15760,6.61660863092361,52.3629975613129,10.048,3.603
15761,6.61662317311753,52.3629984847054,10.334,3.705
15762,6.61663771531144,52.3629994080978,9.605,3.444
15763,6.61665225750536,52.3630003314902,8.921,3.199
15764,6.61666679969927,52.3630012548827,9.162,3.285
15765,6.61668134189319,52.3630021782751,9.678,3.47
15766,6.6166958840871,52.3630031016676,10.269,3.682
15767,6.61671042629507,52.3630040242838,8.772,3.145
15768,6.61672496884329,52.3630049281037,8.949,3.209
15769,6.61673951139151,52.3630058319237,10.096,3.62
15770,6.61675405393973,52.3630067357437,8.904,3.193
15771,6.61676859648795,52.3630076395636,9.017,3.233
15772,6.61678313903617,52.3630085433836,10.361,3.715
15773,6.61679768158439,52.3630094472036,9.576,3.434
15774,6.61681222413261,52.3630103510236,9.544,3.422
15775,6.61682676668083,52.3630112548435,10.538,3.778
15776,6.61684130922905,52.3630121586635,9.121,3.27
15777,6.61685585177727,52.3630130624835,9.016,3.233
15778,6.6168703943255,52.3630139663034,10.731,3.848
15779,6.61688493687372,52.3630148701234,9.923,3.558
15780,6.61689947942194,52.3630157739434,10.198,3.657
15781,6.61691402197016,52.3630166777633,9.628,3.452
15782,6.61692856451838,52.3630175815833,9.761,3.5
15783,6.61694310560126,52.3630185663511,9.422,3.378
15784,6.61695764535953,52.3630196242926,10.035,3.598
15785,6.61697218511781,52.3630206822341,10.349,3.711
15786,6.61698672487608,52.3630217401755,9.988,3.581
15787,6.61700126463436,52.363022798117,10.508,3.768
15788,6.61701580439263,52.3630238560585,10.286,3.688
15789,6.61703034415091,52.3630249139999,9.291,3.332
15790,6.61704488390918,52.3630259719414,9.834,3.526
15791,6.61705942366746,52.3630270298829,9.667,3.466
15792,6.61707396342573,52.3630280878243,10.386,3.724
15793,6.61708850318401,52.3630291457658,10.225,3.666
15794,6.61710304294228,52.3630302037073,10.04,3.6
15795,6.61711758270056,52.3630312616487,10.572,3.791
15796,6.61713212245883,52.3630323195902,8.889,3.187
15797,6.61714666221711,52.3630333775317,9.643,3.457
15798,6.61716120658018,52.363034181096,9.703,3.479
15799,6.61717575707962,52.3630346456767,10.166,3.645
15800,6.61719030757906,52.3630351102575,10.354,3.712
15801,6.6172048580785,52.3630355748382,10.038,3.599
15802,6.61721940857793,52.3630360394189,9.276,3.326
15803,6.61723395907737,52.3630365039996,10.298,3.692
15804,6.61724850957681,52.3630369685804,10.144,3.637
15805,6.61726306007625,52.3630374331611,9.215,3.304
15806,6.61727761057569,52.3630378977418,9.914,3.555
15807,6.61729216107513,52.3630383623225,10.317,3.699
15808,6.61730671157456,52.3630388269033,11.079,3.972
15809,6.617321262074,52.363039291484,9.475,3.398
15810,6.61733581257344,52.3630397560647,10.59,3.797
15811,6.61735036307288,52.3630402206454,9.501,3.407
15812,6.61736491033112,52.3630408642754,9.396,3.369
15813,6.61737945292878,52.3630417653642,9.439,3.384
15814,6.61739399552644,52.363042666453,10.516,3.771
15815,6.6174085381241,52.3630435675419,10.245,3.673
15816,6.61742308072176,52.3630444686307,9.992,3.583
15817,6.61743762331942,52.3630453697196,10.455,3.749
15818,6.61745216591708,52.3630462708084,10.218,3.664
15819,6.61746670851474,52.3630471718972,10.267,3.681
15820,6.6174812511124,52.3630480729861,10.031,3.597
15821,6.61749579371006,52.3630489740749,9.613,3.447
15822,6.61751033630772,52.3630498751638,11.22,4.023
15823,6.61752487890538,52.3630507762526,11.056,3.964
15824,6.61753942150304,52.3630516773414,11.175,4.007
15825,6.6175539641007,52.3630525784303,9.93,3.561
15826,6.61756850629404,52.3630535018549,9.854,3.533
15827,6.61758304599581,52.3630545629176,10.018,3.592
15828,6.61759758569758,52.3630556239803,10.901,3.909
15829,6.61761212539936,52.363056685043,10.276,3.684
15830,6.61762666510113,52.3630577461057,9.963,3.572
15831,6.6176412048029,52.3630588071684,10.504,3.766
15832,6.61765574450468,52.3630598682311,9.863,3.537
15833,6.61767028420645,52.3630609292938,9.506,3.408
15834,6.61768482390822,52.3630619903565,10.386,3.724
15835,6.61769936360354,52.363063051776,10.013,3.59
15836,6.61771390278279,52.3630641417038,10.314,3.698
15837,6.61772844196204,52.3630652316316,8.75,3.137
15838,6.61774298114129,52.3630663215595,9.81,3.518
15839,6.61775752032054,52.3630674114873,10.315,3.698
15840,6.61777205949979,52.3630685014152,9.456,3.39
15841,6.61778659867904,52.363069591343,9.482,3.4
15842,6.61780113785829,52.3630706812709,10.382,3.723
15843,6.61781567703754,52.3630717711987,10.778,3.865
15844,6.61783021621679,52.3630728611266,9.847,3.531
15845,6.61784475539604,52.3630739510544,10.223,3.666
15846,6.61785929457529,52.3630750409822,10.242,3.673
15847,6.61787383375454,52.3630761309101,9.47,3.396
15848,6.61788837293379,52.3630772208379,11.091,3.977
15849,6.61790291211304,52.3630783107658,10.293,3.691
15850,6.61791745129229,52.3630794006936,10.305,3.695
15851,6.61793199047154,52.3630804906215,10.631,3.812
15852,6.61794652965078,52.3630815805493,9.5,3.406
15853,6.61796106883003,52.3630826704772,10.964,3.931
15854,6.61797560800928,52.363083760405,11.047,3.961
15855,6.61799014718853,52.3630848503328,10.517,3.771
15856,6.61800468636778,52.3630859402607,10.712,3.841
15857,6.61801922554703,52.3630870301885,10.254,3.677
15858,6.61803376472628,52.3630881201164,10.959,3.929
15859,6.61804830432291,52.3630891869874,9.973,3.576
15860,6.61806284729331,52.3630900674856,10.443,3.745
15861,6.61807739026371,52.3630909479838,10.484,3.759
15862,6.6180919332341,52.363091828482,10.451,3.747
15863,6.6181064762045,52.3630927089802,11.108,3.983
15864,6.6181210191749,52.3630935894784,11.772,4.221
15865,6.61813556214529,52.3630944699766,10.427,3.739
15866,6.61815010511569,52.3630953504748,10.774,3.863
15867,6.61816464808609,52.363096230973,10.031,3.597
15868,6.61817919105649,52.3630971114711,11.116,3.986
15869,6.61819373392601,52.3630979975416,10.211,3.661
15870,6.61820827675124,52.3630988860593,12.371,4.436
15871,6.61822281957646,52.363099774577,9.544,3.422
15872,6.61823736240169,52.3631006630947,11.796,4.23
15873,6.61825190522692,52.3631015516123,11.122,3.988
15874,6.61826644805214,52.36310244013,9.886,3.545
15875,6.61828099087737,52.3631033286477,11.916,4.273
15876,6.6182955337026,52.3631042171654,10.012,3.59
15877,6.61831007652782,52.363105105683,10.38,3.722
15878,6.61832461935305,52.3631059942007,9.809,3.517
15879,6.61833916217828,52.3631068827184,10.492,3.762
15880,6.6183537050035,52.3631077712361,10.554,3.784
15881,6.61836824782873,52.3631086597537,11.08,3.973
15882,6.61838279065396,52.3631095482714,12.033,4.314
15883,6.61839733347918,52.3631104367891,10.304,3.695
15884,6.61841187630441,52.3631113253068,8.994,3.225
15885,6.61842642020121,52.3631121546287,11.001,3.945
15886,6.61844096414465,52.3631129813744,10.304,3.694
15887,6.61845550808809,52.3631138081201,11.704,4.197
15888,6.61847005203153,52.3631146348658,10.622,3.809
15889,6.61848459597496,52.3631154616115,10.203,3.658
15890,6.6184991399184,52.3631162883571,10.062,3.608
15891,6.61851368249657,52.3631171905229,11.032,3.955
15892,6.61852822380099,52.3631181630523,10.511,3.769
15893,6.61854276510542,52.3631191355818,11.544,4.139
15894,6.61855730640984,52.3631201081112,10.565,3.788
15895,6.61857184771427,52.3631210806406,11.529,4.134
15896,6.61858638901869,52.36312205317,9.894,3.548
15897,6.61860093032312,52.3631230256994,9.691,3.475
15898,6.61861547176375,52.3631239907048,11.21,4.019
15899,6.61863001350107,52.36312493932,10.458,3.75
15900,6.6186445552384,52.3631258879352,10.585,3.795
15901,6.61865909697572,52.3631268365504,10.153,3.64
15902,6.61867363871305,52.3631277851656,10.119,3.628
15903,6.61868818045038,52.3631287337808,11.14,3.994
15904,6.6187027221877,52.363129682396,10.764,3.86
15905,6.61871726392503,52.3631306310112,10.161,3.643
15906,6.61873180566235,52.3631315796264,11.258,4.037
15907,6.61874634739968,52.3631325282416,11.494,4.121
15908,6.61876088913701,52.3631334768568,10.748,3.854
15909,6.61877543087433,52.363134425472,11.411,4.092
15910,6.61878997261166,52.3631353740872,10.242,3.672
15911,6.61880451434898,52.3631363227024,11.18,4.009
15912,6.61881905608631,52.3631372713176,10.945,3.924
15913,6.61883359782364,52.3631382199328,10.394,3.727
15914,6.61884813956096,52.363139168548,12.077,4.33
15915,6.61886268129829,52.3631401171632,11.016,3.95
15916,6.61887722303562,52.3631410657784,10.541,3.78
15917,6.61889176477294,52.3631420143936,10.91,3.912
15918,6.61890630651027,52.3631429630088,10.397,3.728
15919,6.6189208485199,52.3631438965813,10.238,3.671
15920,6.61893539056602,52.3631448281382,10.664,3.824
15921,6.61894993261214,52.3631457596951,10.714,3.842
15922,6.61896447465826,52.363146691252,10.475,3.756
15923,6.61897901670438,52.3631476228089,11.694,4.193
15924,6.6189935587505,52.3631485543658,10.518,3.771
15925,6.61900810079662,52.3631494859227,10.43,3.74
15926,6.61902264284274,52.3631504174796,10.291,3.69
15927,6.61903718488886,52.3631513490365,10.245,3.673
15928,6.61905172693498,52.3631522805934,11.613,4.164
15929,6.6190662689811,52.3631532121503,11.17,4.005
15930,6.61908081102722,52.3631541437072,11.434,4.1
15931,6.61909535265153,52.3631550985654,11.637,4.173
15932,6.61910989407138,52.3631560647185,10.852,3.891
15933,6.61912443549123,52.3631570308717,11.924,4.275
15934,6.61913897691108,52.3631579970248,10.699,3.836
15935,6.61915351833093,52.363158963178,10.433,3.741
15936,6.61916805975078,52.3631599293311,11.307,4.054
15937,6.61918260117063,52.3631608954843,11.182,4.01
15938,6.61919714259048,52.3631618616375,11.191,4.013
15939,6.61921168401033,52.3631628277906,11.714,4.2
15940,6.61922622543018,52.3631637939438,11.188,4.012
15941,6.61924076685003,52.3631647600969,11.32,4.059
15942,6.61925530826988,52.3631657262501,11.944,4.283
15943,6.61926984968973,52.3631666924032,11.311,4.056
15944,6.61928439110958,52.3631676585564,11.454,4.107
15945,6.61929893252943,52.3631686247096,10.338,3.707
15946,6.61931347394928,52.3631695908627,13.369,4.793
15947,6.61932801536913,52.3631705570159,10.255,3.677
15948,6.61934255678898,52.363171523169,10.882,3.902
15949,6.61935709820883,52.3631724893222,10.873,3.898
15950,6.61937163962868,52.3631734554753,12.456,4.466
15951,6.61938618104853,52.3631744216285,10.871,3.898
15952,6.61940072246838,52.3631753877816,11.493,4.121
15953,6.61941526388823,52.3631763539348,10.91,3.912
15954,6.61942980530807,52.363177320088,10.637,3.814
15955,6.61944434672792,52.3631782862411,11.592,4.157
15956,6.61945888814777,52.3631792523943,10.842,3.887
15957,6.61947342956762,52.3631802185474,11.395,4.086
15958,6.61948797098747,52.3631811847006,11.649,4.177
15959,6.61950251240732,52.3631821508537,12.409,4.449
15960,6.61951705382717,52.3631831170069,10.552,3.784
15961,6.61953159524702,52.3631840831601,11.212,4.02
15962,6.61954613666687,52.3631850493132,11.243,4.031
15963,6.61956067814527,52.363186012232,11.316,4.057
15964,6.61957521963659,52.363186974437,12.833,4.601
15965,6.61958976112791,52.363187936642,11.227,4.025
15966,6.61960430261923,52.363188898847,9.853,3.533
15967,6.61961884411055,52.363189861052,11.224,4.025
15968,6.61963338560187,52.3631908232571,11.278,4.044
15969,6.61964792709319,52.3631917854621,11.211,4.02
15970,6.61966246858451,52.3631927476671,10.936,3.921
15971,6.61967701007583,52.3631937098721,10.587,3.796
15972,6.61969155156715,52.3631946720771,12.64,4.532
15973,6.61970609305847,52.3631956342821,11.562,4.146
15974,6.61972063454979,52.3631965964871,11.267,4.04
15975,6.61973517604111,52.3631975586921,12.636,4.531
15976,6.61974971754654,52.3631985201178,10.879,3.901
15977,6.61976425919098,52.3631994738644,11.749,4.213
15978,6.61977880083541,52.3632004276111,10.664,3.824
15979,6.61979334247985,52.3632013813578,11.845,4.247
15980,6.61980788412428,52.3632023351044,10.74,3.851
15981,6.61982242576872,52.3632032888511,11.688,4.191
15982,6.61983696741315,52.3632042425977,12.564,4.505
15983,6.61985150905759,52.3632051963444,11.474,4.114
15984,6.61986605070202,52.363206150091,10.133,3.633
15985,6.61988059234646,52.3632071038377,11.447,4.104
15986,6.61989513399089,52.3632080575844,11.712,4.199
15987,6.61990967563533,52.363209011331,11.962,4.289
15988,6.61992421727976,52.3632099650777,12.302,4.411
15989,6.6199387589242,52.3632109188243,12.335,4.423
15990,6.61995330056863,52.363211872571,11.364,4.075
15991,6.61996784221307,52.3632128263176,11.056,3.964
15992,6.6199823838575,52.3632137800643,10.788,3.868
15993,6.61999692550194,52.3632147338109,11.131,3.991
15994,6.62001146714637,52.3632156875576,11.731,4.206
15995,6.62002600879081,52.3632166413043,10.659,3.822
15996,6.62004055043524,52.3632175950509,10.909,3.912
15997,6.62005509207968,52.3632185487976,11.787,4.226
15998,6.62006963372411,52.3632195025442,11.077,3.972
15999,6.62008417536855,52.3632204562909,11.677,4.187
16000,6.62009871701299,52.3632214100375,10.982,3.938
16001,6.62011325865742,52.3632223637842,11.631,4.17
16002,6.62012780030186,52.3632233175309,11.009,3.947
16003,6.62014234194629,52.3632242712775,10.346,3.71
16004,6.62015688359073,52.3632252250242,12.028,4.313
16005,6.62017142523516,52.3632261787708,11.057,3.965
16006,6.6201859668796,52.3632271325175,11.321,4.059
16007,6.62020050852403,52.3632280862641,11.061,3.966
16008,6.62021505016847,52.3632290400108,11.789,4.227
16009,6.6202295918129,52.3632299937575,11.665,4.183
16010,6.62024413345734,52.3632309475041,11.788,4.227
16011,6.62025867510177,52.3632319012508,11.147,3.997
16012,6.62027321674621,52.3632328549974,11.441,4.102
16013,6.62028775839064,52.3632338087441,11.716,4.201
16014,6.62030230003508,52.3632347624907,12.379,4.439
16015,6.62031684167951,52.3632357162374,11.651,4.178
16016,6.62033138332395,52.3632366699841,10.881,3.901
16017,6.62034592496838,52.3632376237307,11.628,4.169
16018,6.62036046661282,52.3632385774774,11.374,4.078
16019,6.62037500825726,52.363239531224,10.295,3.691
16020,6.62038954990169,52.3632404849707,10.385,3.724
16021,6.62040409154613,52.3632414387173,11.431,4.099
16022,6.62041863319056,52.363242392464,11.48,4.116
16023,6.620433174835,52.3632433462107,11.296,4.05
16024,6.62044771647943,52.3632442999573,11.989,4.299
16025,6.62046225812387,52.363245253704,10.918,3.915
16026,6.6204767997683,52.3632462074506,10.653,3.82
16027,6.62049134141274,52.3632471611973,10.982,3.938
16028,6.62050587997421,52.3632482852522,11.108,3.983
16029,6.62052040623384,52.3632500888826,11.432,4.099
16030,6.62053493249347,52.3632518925129,10.997,3.943
16031,6.6205494596188,52.3632536483202,10.206,3.659
16032,6.62056404272823,52.3632523114682,9.954,3.569
16033,6.62058001914376,52.3631740059366,11.537,4.137
16034,6.62059540600745,52.3631282682853,10.799,3.872
16035,6.62060994074299,52.3631296036918,10.283,3.687
16036,6.62062447547852,52.3631309390983,11.83,4.242
16037,6.62063901021406,52.3631322745048,12.37,4.435
16038,6.62065354494959,52.3631336099113,11.405,4.089
16039,6.6206680778881,52.3631350445887,11.618,4.166
16040,6.62068260753998,52.3631366608248,11.622,4.167
16041,6.62069714863725,52.3631376447979,10.098,3.621
16042,6.62071169535845,52.3631383180953,11.981,4.296
16043,6.62072624207965,52.3631389913927,12.187,4.37
16044,6.62074078880085,52.3631396646901,12.537,4.495
16045,6.62075533552204,52.3631403379875,11.199,4.015
16046,6.62076988224324,52.3631410112849,10.788,3.868
16047,6.62078442896444,52.3631416845823,12.254,4.394
16048,6.62079897568564,52.3631423578796,11.748,4.212
16049,6.62081352032458,52.3631431462042,11.968,4.291
16050,6.6208280628356,52.3631440520793,11.073,3.97
16051,6.62084260534662,52.3631449579544,11.613,4.164
16052,6.62085714785764,52.3631458638295,10.833,3.884
16053,6.62087169036865,52.3631467697046,11.449,4.105
16054,6.62088623285049,52.3631476771916,11.247,4.033
16055,6.620900775286,52.3631485872382,12.829,4.6
16056,6.6209153177215,52.3631494972849,11.773,4.221
16057,6.62092986015701,52.3631504073315,10.185,3.652
16058,6.62094440297507,52.363151296245,11.449,4.105
16059,6.62095894587343,52.3631521807223,11.666,4.183
16060,6.6209734887718,52.3631530651995,11.171,4.005
16061,6.62098803167017,52.3631539496768,10.801,3.873
16062,6.62100257444566,52.363154840942,11.838,4.245
16063,6.62101711703463,52.3631557425106,10.884,3.903
16064,6.62103165962361,52.3631566440792,11.788,4.227
16065,6.62104620221258,52.3631575456478,10.834,3.885
16066,6.62106074480156,52.3631584472163,11.135,3.993
16067,6.62107528739054,52.3631593487849,12.012,4.307
16068,6.62108982974085,52.3631602635377,11.737,4.209
16069,6.62110437197495,52.3631611847103,11.468,4.112
16070,6.62111891420904,52.363162105883,11.433,4.099
16071,6.62113345644314,52.3631630270557,11.504,4.125
16072,6.62114799867724,52.3631639482283,10.985,3.939
16073,6.62116254105921,52.3631648612324,10.559,3.786
16074,6.62117708356003,52.3631657676706,11.787,4.226
16075,6.62119162606086,52.3631666741088,12.352,4.429
16076,6.62120616856168,52.3631675805471,11.808,4.234
16077,6.6212207110625,52.3631684869853,11.603,4.16
16078,6.621235253508,52.3631693964798,10.744,3.852
16079,6.62124979581482,52.3631703136351,11.971,4.292
16080,6.62126433812164,52.3631712307904,11.739,4.209
16081,6.62127888042846,52.3631721479457,11.904,4.268
16082,6.62129342273529,52.3631730651011,12.066,4.326
16083,6.62130796504211,52.3631739822564,12.391,4.443
16084,6.62132250735933,52.3631748988369,10.804,3.874
16085,6.62133704985654,52.363175805475,10.703,3.837
16086,6.62135159235374,52.3631767121132,11.549,4.141
16087,6.62136613485095,52.3631776187513,10.92,3.916
16088,6.62138067734815,52.3631785253894,10.82,3.879
16089,6.62139521984536,52.3631794320275,12.183,4.368
16090,6.62140976234257,52.3631803386656,10.873,3.899
16091,6.62142430483977,52.3631812453037,11.462,4.11
16092,6.62143884731506,52.3631821531525,10.51,3.768
16093,6.62145338947255,52.363183078557,11.508,4.126
16094,6.62146793163005,52.3631840039615,12.168,4.363
16095,6.62148247378754,52.3631849293659,12.188,4.37
16096,6.62149701594503,52.3631858547704,12.09,4.335
16097,6.62151155830113,52.3631867692035,11.431,4.099
16098,6.62152610068249,52.363187682241,12.133,4.35
16099,6.62154064306386,52.3631885952784,11.734,4.207
16100,6.62155518544522,52.3631895083159,11.225,4.025
16101,6.62156972782658,52.3631904213533,11.709,4.198
16102,6.62158427047311,52.3631913197425,12.007,4.305
16103,6.62159881352576,52.3631921956972,10.708,3.839
16104,6.62161335641788,52.3631930805197,10.867,3.896
16105,6.62162789867082,52.363194000651,11.408,4.09
16106,6.62164244092377,52.3631949207824,10.776,3.864
16107,6.62165698317672,52.3631958409138,10.77,3.862
16108,6.62167152542539,52.3631967612814,11.251,4.034
16109,6.62168606620667,52.3631977627104,12.084,4.333
16110,6.62170060698794,52.3631987641394,12.075,4.33
16111,6.62171514776922,52.3631997655685,11.694,4.193
16112,6.6217296885505,52.3632007669975,11.613,4.164
16113,6.62174422933178,52.3632017684265,12.737,4.567
16114,6.62175877011305,52.3632027698555,11.195,4.014
16115,6.62177331089433,52.3632037712845,11.656,4.179
16116,6.62178785167561,52.3632047727135,11.17,4.005
16117,6.62180239245689,52.3632057741426,10.762,3.859
16118,6.62181693323816,52.3632067755716,12.218,4.381
16119,6.62183147401944,52.3632077770006,11.344,4.067
16120,6.62184601480072,52.3632087784296,11.934,4.279
16121,6.62186055558199,52.3632097798586,11.383,4.082
16122,6.62187509636327,52.3632107812876,12.264,4.397
16123,6.62188963714455,52.3632117827167,10.946,3.925
16124,6.62190417792583,52.3632127841457,12.22,4.381
16125,6.6219187187071,52.3632137855747,12.063,4.325
16126,6.62193325948838,52.3632147870037,10.485,3.759
16127,6.62194780026966,52.3632157884327,11.238,4.03
16128,6.62196234105094,52.3632167898618,12.145,4.355
16129,6.62197688183221,52.3632177912908,12.51,4.486
16130,6.62199142261349,52.3632187927198,11.97,4.292
16131,6.62200596339477,52.3632197941488,11.319,4.058
16132,6.62202050417604,52.3632207955778,10.985,3.939
16133,6.62203504495732,52.3632217970068,11.89,4.263
16134,6.6220495857386,52.3632227984359,11.308,4.055
16135,6.62206412651988,52.3632237998649,11.335,4.064
16136,6.62207866730115,52.3632248012939,11.431,4.099
16137,6.62209320808243,52.3632258027229,12.084,4.333
16138,6.62210774886371,52.3632268041519,12.63,4.529
16139,6.62212228964499,52.363227805581,12.174,4.365
16140,6.62213683042626,52.36322880701,11.578,4.151
16141,6.62215137120754,52.363229808439,11.045,3.96
16142,6.62216591198882,52.363230809868,11.969,4.291
16143,6.6221804527701,52.363231811297,12.558,4.503
16144,6.62219499355137,52.363232812726,12.17,4.364
16145,6.62220953433265,52.3632338141551,11.704,4.197
16146,6.62222409509475,52.3632337118081,11.297,4.05
16147,6.62223865821347,52.3632334792778,11.789,4.227
16148,6.62225322133218,52.3632332467476,12.267,4.398
16149,6.62226778386177,52.3632330467619,11.726,4.205
16150,6.62228234599688,52.3632328685676,11.531,4.134
16151,6.62229690813199,52.3632326903734,11.189,4.012
16152,6.62231146381072,52.3632328688407,13.118,4.703
16153,6.6223260110614,52.3632335128885,11.073,3.97
16154,6.62234055831208,52.3632341569364,11.02,3.951
16155,6.62235510556276,52.3632348009842,11.696,4.194
16156,6.62236965281344,52.3632354450321,11.482,4.117
16157,6.62238419880154,52.3632361588273,12.204,4.376
16158,6.62239874420632,52.3632369048455,12.226,4.384
16159,6.62241328961111,52.3632376508637,10.891,3.905
16160,6.6224278350159,52.3632383968819,11.162,4.002
16161,6.62244238042069,52.3632391429001,11.093,3.977
16162,6.62245692582547,52.3632398889183,12.07,4.328
16163,6.6224714719159,52.3632405970604,11.862,4.253
16164,6.6224860185267,52.3632412764563,11.393,4.085
16165,6.6225005651375,52.3632419558522,11.739,4.209
16166,6.6225151117483,52.3632426352481,10.951,3.926
16167,6.62252965835911,52.363243314644,11.177,4.008
16168,6.62254420496991,52.3632439940399,10.85,3.89
16169,6.62255875158071,52.3632446734358,11.701,4.195
16170,6.62257329819151,52.3632453528317,11.699,4.195
16171,6.62258784480231,52.3632460322275,11.038,3.958
16172,6.62260239141311,52.3632467116234,11.865,4.254
16173,6.62261693802391,52.3632473910193,12.239,4.389
16174,6.62263148463471,52.3632480704152,11.012,3.949
16175,6.62264603124551,52.3632487498111,11.427,4.097
16176,6.62266057785631,52.363249429207,11.921,4.274
16177,6.62267512446711,52.3632501086029,11.616,4.165
16178,6.62268967014163,52.3632508397208,10.813,3.877
16179,6.6227042138001,52.3632516822086,11.36,4.073
16180,6.62271875745857,52.3632525246964,11.341,4.066
16181,6.62273330111704,52.3632533671842,11.52,4.13
16182,6.62274784477551,52.363254209672,11.545,4.139
16183,6.62276238843398,52.3632550521598,12.541,4.497
16184,6.62277693209245,52.3632558946476,11.497,4.122
16185,6.62279147575092,52.3632567371354,10.609,3.804
16186,6.62280601940939,52.3632575796232,11.673,4.185
16187,6.62282056306786,52.363258422111,12.647,4.535
16188,6.62283510672633,52.3632592645989,11.521,4.131
16189,6.62284965038481,52.3632601070867,11.361,4.074
16190,6.62286419404328,52.3632609495745,11.439,4.102
16191,6.62287873770175,52.3632617920623,11.962,4.289
16192,6.62289328136022,52.3632626345501,11.436,4.1
16193,6.62290782501869,52.3632634770379,10.726,3.846
16194,6.62292236867716,52.3632643195257,11.222,4.024
16195,6.62293691233563,52.3632651620135,11.578,4.151
16196,6.6229514559941,52.3632660045013,11.931,4.278
16197,6.62296599965257,52.3632668469891,11.272,4.042
16198,6.62298054331104,52.3632676894769,11.44,4.102
16199,6.62299508696951,52.3632685319647,11.64,4.174
16200,6.62300962878747,52.3632694761253,11.156,4.0
16201,6.62302416946454,52.3632704833111,11.559,4.145
16202,6.62303871014161,52.3632714904969,11.887,4.262
16203,6.62305325081867,52.3632724976827,10.914,3.913
16204,6.62306779149574,52.3632735048685,11.791,4.228
16205,6.62308233217281,52.3632745120542,10.969,3.933
16206,6.62309687284988,52.36327551924,10.98,3.937
16207,6.62311141352694,52.3632765264258,11.22,4.023
16208,6.62312595420401,52.3632775336116,12.412,4.45
16209,6.62314049488108,52.3632785407974,10.6,3.801
16210,6.62315503555814,52.3632795479831,11.335,4.064
16211,6.62316957623521,52.3632805551689,11.592,4.156
16212,6.62318411691228,52.3632815623547,12.293,4.408
16213,6.62319865758935,52.3632825695405,12.752,4.572
16214,6.62321319826641,52.3632835767263,11.358,4.072
16215,6.62322773894348,52.363284583912,11.923,4.275
16216,6.62324227962055,52.3632855910978,11.55,4.141
16217,6.62325682029761,52.3632865982836,11.546,4.14
16218,6.62327136097468,52.3632876054694,11.766,4.219
16219,6.62328590165175,52.3632886126552,10.672,3.827
16220,6.62330044232881,52.3632896198409,11.576,4.151
16221,6.62331498300588,52.3632906270267,11.87,4.256
16222,6.62332952368295,52.3632916342125,11.099,3.98
16223,6.62334406459208,52.3632926285787,11.874,4.257
16224,6.62335860573383,52.3632936100942,10.588,3.797
16225,6.62337314687559,52.3632945916097,11.66,4.181
16226,6.62338768801735,52.3632955731253,12.395,4.444
16227,6.6234022291591,52.3632965546408,11.478,4.115
16228,6.62341677030086,52.3632975361563,11.031,3.955
16229,6.62343131144262,52.3632985176718,10.769,3.861
16230,6.62344585258437,52.3632994991873,11.838,4.244
16231,6.62346039372613,52.3633004807029,12.155,4.358
16232,6.62347493486789,52.3633014622184,11.577,4.151
16233,6.62348947600964,52.3633024437339,11.338,4.065
16234,6.6235040171514,52.3633034252494,10.476,3.756
16235,6.62351855829315,52.3633044067649,11.686,4.19
16236,6.62353309943491,52.3633053882805,11.209,4.019
16237,6.62354764057667,52.363306369796,11.245,4.032
16238,6.62356218171842,52.3633073513115,12.568,4.506
16239,6.62357672286018,52.363308332827,10.56,3.786
16240,6.62359126493964,52.3633092625421,10.641,3.815
16241,6.6236058070192,52.3633101922518,11.759,4.216
16242,6.62362034909876,52.3633111219614,11.399,4.087
16243,6.62363489117832,52.363312051671,11.323,4.06
16244,6.62364943325788,52.3633129813807,11.791,4.228
16245,6.62366397533744,52.3633139110903,11.783,4.225
16246,6.623678517417,52.3633148408,11.063,3.967
16247,6.62369305920333,52.3633157867081,11.29,4.048
16248,6.62370760093735,52.3633167355055,11.671,4.185
16249,6.62372214267138,52.3633176843029,11.743,4.211
16250,6.62373668440541,52.3633186331003,11.932,4.278
16251,6.62375122613944,52.3633195818977,11.308,4.055
16252,6.62376576787347,52.363320530695,11.859,4.252
16253,6.6237803096075,52.3633214794924,12.218,4.381
16254,6.62379485134152,52.3633224282898,11.69,4.192
16255,6.62380939307555,52.3633233770872,11.606,4.162
16256,6.62382393386531,52.3633243780476,11.532,4.135
16257,6.62383847304813,52.3633254677785,11.312,4.056
16258,6.62385301223094,52.3633265575094,11.128,3.99
16259,6.62386755141376,52.3633276472404,11.509,4.127
16260,6.62388209059657,52.3633287369713,11.955,4.286
16261,6.62389662977938,52.3633298267022,11.172,4.006
16262,6.6239111689622,52.3633309164332,11.655,4.179
16263,6.62392570814501,52.3633320061641,11.593,4.157
16264,6.62394024732783,52.363333095895,12.756,4.574
16265,6.62395478651064,52.363334185626,12.141,4.353
16266,6.62396932569345,52.3633352753569,12.138,4.352
16267,6.62398386487627,52.3633363650878,12.269,4.399
16268,6.62399840405908,52.3633374548188,11.413,4.092
16269,6.6240129432419,52.3633385445497,12.55,4.5
16270,6.62402748242471,52.3633396342806,11.84,4.245
16271,6.62404202233626,52.363340683755,11.727,4.205
16272,6.62405656233889,52.363341728198,11.046,3.961
16273,6.62407110234152,52.3633427726409,11.531,4.134
16274,6.62408564234415,52.3633438170838,10.735,3.849
16275,6.62410018234677,52.3633448615267,11.635,4.172
16276,6.6241147223494,52.3633459059697,11.449,4.105
16277,6.62412926235203,52.3633469504126,11.561,4.145
16278,6.62414380235466,52.3633479948555,10.988,3.94
16279,6.62415834235729,52.3633490392984,12.225,4.383
16280,6.62417288235992,52.3633500837413,12.167,4.363
16281,6.62418742236255,52.3633511281843,12.82,4.597
16282,6.62420196236518,52.3633521726272,12.812,4.594
16283,6.62421650236781,52.3633532170701,11.935,4.279
16284,6.62423104237044,52.363354261513,12.453,4.465
16285,6.62424558237306,52.363355305956,12.013,4.307
16286,6.62426012237569,52.3633563503989,11.617,4.165
16287,6.62427466237832,52.3633573948418,11.713,4.2
16288,6.62428920238095,52.3633584392847,12.261,4.396
16289,6.62430374238358,52.3633594837277,14.298,5.127
16290,6.62431828238621,52.3633605281706,12.589,4.514
16291,6.62433282238884,52.3633615726135,12.057,4.323
16292,6.62434736239147,52.3633626170564,12.205,4.376
16293,6.62436190239409,52.3633636614994,12.209,4.378
16294,6.62437644239672,52.3633647059423,11.886,4.262
16295,6.62439098631349,52.3633655341614,12.393,4.444
16296,6.62440553057748,52.3633663431992,11.866,4.255
16297,6.62442007484147,52.3633671522371,11.372,4.078
16298,6.62443461910546,52.3633679612749,12.26,4.396
16299,6.62444916336945,52.3633687703128,12.348,4.428
16300,6.62446370763344,52.3633695793506,11.91,4.271
16301,6.62447825189743,52.3633703883885,12.188,4.37
16302,6.62449279616142,52.3633711974263,12.58,4.511
16303,6.62450734042541,52.3633720064642,11.995,4.301
16304,6.6245218846894,52.363372815502,11.772,4.221
16305,6.62453642895339,52.3633736245399,11.628,4.169
16306,6.62455097321738,52.3633744335777,11.905,4.269
16307,6.62456551748137,52.3633752426156,12.967,4.649
16308,6.62458006174536,52.3633760516534,11.958,4.288
16309,6.62459460600935,52.3633768606913,12.296,4.409
16310,6.62460915027334,52.3633776697291,11.903,4.268
16311,6.62462369453733,52.363378478767,11.863,4.254
16312,6.62463823880132,52.3633792878048,11.597,4.158
16313,6.62465278306531,52.3633800968427,12.183,4.368
16314,6.6246673273293,52.3633809058805,11.83,4.242
16315,6.62468187159329,52.3633817149184,12.893,4.623
16316,6.62469641585728,52.3633825239562,12.091,4.335
16317,6.62471096048351,52.3633833129834,12.138,4.352
16318,6.62472550572365,52.3633840680966,12.068,4.327
16319,6.6247400509638,52.3633848232099,12.402,4.447
16320,6.62475459620395,52.3633855783231,13.071,4.687
16321,6.62476914144409,52.3633863334364,11.592,4.157
16322,6.6247836853044,52.3633871647745,12.377,4.438
16323,6.62479822414022,52.3633882736742,11.301,4.052
16324,6.62481276297603,52.3633893825739,12.953,4.644
16325,6.62482730181185,52.3633904914736,12.18,4.367
16326,6.62484184064766,52.3633916003733,11.374,4.078
16327,6.62485637948348,52.363392709273,11.513,4.128
16328,6.62487091842636,52.3633938122581,12.752,4.572
16329,6.62488545747322,52.3633949094994,11.304,4.053
16330,6.62489999652008,52.3633960067408,12.457,4.466
16331,6.62491453556694,52.3633971039821,12.051,4.321
16332,6.6249290746138,52.3633982012235,12.198,4.374
16333,6.62494361366066,52.3633992984648,11.926,4.276
16334,6.62495815270752,52.3634003957061,11.771,4.221
16335,6.62497269175438,52.3634014929475,12.055,4.322
16336,6.62498723080123,52.3634025901888,12.688,4.549
16337,6.62500176984809,52.3634036874302,12.189,4.37
16338,6.62501630889495,52.3634047846715,12.618,4.524
16339,6.62503084794181,52.3634058819128,12.238,4.388
16340,6.62504538698867,52.3634069791542,12.749,4.571
16341,6.62505992603553,52.3634080763955,12.643,4.533
16342,6.62507446508239,52.3634091736369,12.091,4.335
16343,6.62508900412925,52.3634102708782,11.857,4.252
16344,6.62510354317611,52.3634113681195,12.99,4.658
16345,6.62511808222297,52.3634124653609,11.959,4.288
16346,6.62513262126982,52.3634135626022,12.741,4.569
16347,6.62514716031668,52.3634146598436,12.475,4.473
16348,6.62516169936354,52.3634157570849,12.194,4.372
16349,6.62517624111091,52.3634167051456,12.728,4.564
16350,6.62519078395714,52.3634175925028,13.289,4.765
16351,6.62520532680337,52.3634184798601,12.862,4.612
16352,6.6252198696496,52.3634193672174,12.58,4.511
16353,6.62523441249583,52.3634202545747,13.467,4.829
16354,6.62524895534207,52.363421141932,11.538,4.137
16355,6.6252634981883,52.3634220292893,11.878,4.259
16356,6.62527804103453,52.3634229166466,12.269,4.399
16357,6.62529258388076,52.3634238040039,13.386,4.8
16358,6.625307126727,52.3634246913612,13.116,4.703
16359,6.62532166957323,52.3634255787184,11.561,4.145
16360,6.62533621241946,52.3634264660757,12.324,4.419
16361,6.62535075526569,52.363427353433,11.812,4.235
16362,6.62536529811192,52.3634282407903,12.576,4.509
16363,6.62537984095816,52.3634291281476,13.14,4.711
16364,6.62539438380439,52.3634300155049,13.193,4.731
16365,6.62540892665062,52.3634309028622,12.787,4.585
16366,6.62542346949685,52.3634317902195,12.389,4.442
16367,6.62543801234308,52.3634326775767,12.593,4.515
16368,6.62545255518932,52.363433564934,13.061,4.683
16369,6.62546709803555,52.3634344522913,14.05,5.038
16370,6.62548164088178,52.3634353396486,11.982,4.296
16371,6.62549618372801,52.3634362270059,13.624,4.885
16372,6.62551072868324,52.3634369978584,12.844,4.605
16373,6.62552527740507,52.3634375606377,13.193,4.73
16374,6.62553982612689,52.3634381234169,12.83,4.6
16375,6.62555437484871,52.3634386861961,13.557,4.861
16376,6.62556892357054,52.3634392489754,12.936,4.638
16377,6.62558347229236,52.3634398117546,12.371,4.436
16378,6.62559802101419,52.3634403745339,13.028,4.671
16379,6.62561256973601,52.3634409373131,13.437,4.818
16380,6.62562711845784,52.3634415000923,12.786,4.584
16381,6.62564166717966,52.3634420628716,11.577,4.151
16382,6.62565621177726,52.36344285348,12.74,4.568
16383,6.62567075061425,52.3634439623149,12.877,4.617
16384,6.62568528945125,52.3634450711497,12.804,4.591
16385,6.62569982828824,52.3634461799846,12.551,4.5
16386,6.62571436712523,52.3634472888195,13.632,4.888
16387,6.62572890596222,52.3634483976543,11.47,4.113
16388,6.62574344479921,52.3634495064892,12.933,4.637
16389,6.6257579836362,52.363450615324,12.953,4.644
16390,6.62577252247319,52.3634517241589,14.133,5.068
16391,6.62578706131018,52.3634528329937,12.905,4.627
16392,6.62580160014717,52.3634539418286,13.188,4.729
16393,6.62581613958299,52.3634550175826,13.012,4.666
16394,6.6258306800585,52.3634560359028,13.007,4.664
16395,6.62584522053401,52.363457054223,14.0,5.02
16396,6.62585976100952,52.3634580725431,12.323,4.418
16397,6.62587430148503,52.3634590908633,12.597,4.517
16398,6.62588884196054,52.3634601091834,13.446,4.821
16399,6.62590338243605,52.3634611275036,13.167,4.721
16400,6.62591792291156,52.3634621458238,12.862,4.612
16401,6.62593246338707,52.3634631641439,13.001,4.662
16402,6.62594700386258,52.3634641824641,13.593,4.874
16403,6.62596154433809,52.3634652007842,13.355,4.788
16404,6.6259760848136,52.3634662191044,12.664,4.541
16405,6.62599062528911,52.3634672374246,13.237,4.746
16406,6.62600516576462,52.3634682557447,13.082,4.691
16407,6.62601970624013,52.3634692740649,13.402,4.805
16408,6.62603424671564,52.3634702923851,12.951,4.644
16409,6.62604878719115,52.3634713107052,12.443,4.462
16410,6.62606332766666,52.3634723290254,13.564,4.863
16411,6.62607786798895,52.3634733558095,13.505,4.842
16412,6.62609240813686,52.3634743922269,14.03,5.03
16413,6.62610694828477,52.3634754286443,12.438,4.46
16414,6.62612148917948,52.3634764238073,13.185,4.728
16415,6.6261360328929,52.3634772632596,13.106,4.699
16416,6.62615057660632,52.3634781027118,13.024,4.67
16417,6.62616512031974,52.3634789421641,12.365,4.434
16418,6.62617966403316,52.3634797816163,12.66,4.539
16419,6.62619420774658,52.3634806210686,13.461,4.827
16420,6.62620875146,52.3634814605208,13.023,4.67
16421,6.62622329517342,52.3634822999731,12.847,4.606
16422,6.62623783888684,52.3634831394253,14.189,5.088
16423,6.62625238260026,52.3634839788775,14.76,5.292
16424,6.62626692631368,52.3634848183298,13.346,4.785
16425,6.62628147002711,52.363485657782,12.511,4.486
16426,6.62629601374053,52.3634864972343,13.644,4.892
16427,6.62631055745395,52.3634873366865,12.2,4.374
16428,6.62632510116737,52.3634881761388,12.648,4.535
16429,6.62633964488079,52.363489015591,13.701,4.913
16430,6.62635418859421,52.3634898550433,12.66,4.539
16431,6.62636873230763,52.3634906944955,13.315,4.774
16432,6.62638327602105,52.3634915339478,12.633,4.53
16433,6.62639782540805,52.3634920599818,13.554,4.86
16434,6.62641237616244,52.3634925104781,14.198,5.091
16435,6.62642692691684,52.3634929609745,13.193,4.73
16436,6.62644147767124,52.3634934114708,13.558,4.861
16437,6.62645602842564,52.3634938619671,13.105,4.699
16438,6.62647057918003,52.3634943124635,13.162,4.72
16439,6.62648512993443,52.3634947629598,13.128,4.707
16440,6.62649968068883,52.3634952134561,14.095,5.054
16441,6.62651423144323,52.3634956639525,12.818,4.596
16442,6.62652878219762,52.3634961144488,13.47,4.83
16443,6.62654331727857,52.3634974307741,13.922,4.992
16444,6.62655785168586,52.3634987843135,14.232,5.103
16445,6.62657238609315,52.3635001378528,13.972,5.01
16446,6.62658692050044,52.3635014913921,13.686,4.907
16447,6.62660145490773,52.3635028449315,13.41,4.808
16448,6.62661598931501,52.3635041984708,14.305,5.129
16449,6.6266305237223,52.3635055520102,13.267,4.757
16450,6.62664505938642,52.3635068361199,13.291,4.766
16451,6.62665959517614,52.3635081132916,14.604,5.236
16452,6.62667413096585,52.3635093904633,14.036,5.033
16453,6.62668866675557,52.363510667635,14.072,5.046
16454,6.62670320254528,52.3635119448067,14.207,5.094
16455,6.626717738335,52.3635132219784,13.815,4.954
16456,6.62673227412471,52.3635144991501,13.041,4.676
16457,6.62674680991443,52.3635157763218,14.05,5.038
16458,6.62676134570414,52.3635170534935,13.907,4.986
16459,6.62677588149386,52.3635183306652,13.428,4.815
16460,6.62679042309013,52.3635192870725,13.308,4.772
16461,6.6268049662905,52.3635201548669,13.937,4.997
16462,6.62681950949086,52.3635210226613,13.181,4.726
16463,6.62683405269122,52.3635218904557,13.91,4.988
16464,6.62684859589159,52.3635227582501,13.855,4.968
16465,6.62686313909195,52.3635236260445,13.955,5.004
16466,6.62687768229232,52.3635244938389,14.277,5.119
16467,6.62689222549268,52.3635253616333,14.421,5.171
16468,6.62690676869305,52.3635262294277,13.652,4.895
16469,6.62692131189341,52.3635270972221,14.597,5.234
16470,6.62693585509377,52.3635279650165,13.971,5.009
16471,6.62695039829414,52.3635288328109,15.146,5.431
16472,6.6269649414945,52.3635297006053,13.786,4.943
16473,6.62697948469487,52.3635305683997,13.197,4.732
16474,6.62699402789523,52.3635314361941,14.65,5.253
16475,6.62700857109559,52.3635323039885,14.424,5.172
16476,6.62702311429596,52.3635331717829,14.895,5.341
16477,6.62703765726121,52.3635340525652,14.385,5.158
16478,6.627052199901,52.3635349513269,15.594,5.591
16479,6.62706674254079,52.3635358500886,14.121,5.063
16480,6.62708128518057,52.3635367488502,14.862,5.329
16481,6.62709582782036,52.3635376476119,13.952,5.003
16482,6.62711037046015,52.3635385463736,14.565,5.222
16483,6.62712491309994,52.3635394451353,14.689,5.267
16484,6.62713945573972,52.3635403438969,14.794,5.305
16485,6.62715399837951,52.3635412426586,14.775,5.298
16486,6.6271685410193,52.3635421414203,12.429,4.457
16487,6.62718308365908,52.363543040182,14.307,5.13
16488,6.62719762629887,52.3635439389436,14.023,5.028
16489,6.62721216893866,52.3635448377053,14.153,5.075
16490,6.62722671157844,52.363545736467,14.223,5.1
16491,6.62724125421823,52.3635466352286,14.979,5.371
16492,6.62725579685802,52.3635475339903,14.537,5.212
16493,6.62727033949781,52.363548432752,14.134,5.068
16494,6.62728488213759,52.3635493315137,13.583,4.87
16495,6.62729942477738,52.3635502302753,15.362,5.508
16496,6.62731396741717,52.363551129037,14.094,5.054
16497,6.62732851005695,52.3635520277987,14.412,5.168
16498,6.62734305269674,52.3635529265604,15.761,5.651
16499,6.62735759533653,52.363553825322,14.152,5.074
16500,6.62737213797632,52.3635547240837,14.369,5.152
16501,6.6273866806161,52.3635556228454,14.682,5.264
16502,6.62740122325589,52.3635565216071,13.615,4.882
16503,6.62741576589568,52.3635574203687,13.561,4.862
16504,6.62743030853546,52.3635583191304,14.305,5.129
16505,6.62744485117525,52.3635592178921,14.339,5.142
16506,6.62745939381504,52.3635601166538,14.695,5.269
16507,6.62747393645482,52.3635610154154,14.056,5.04
16508,6.62748847909461,52.3635619141771,14.9,5.343
16509,6.6275030217344,52.3635628129388,13.391,4.802
16510,6.62751756437419,52.3635637117004,14.633,5.247
16511,6.62753210701397,52.3635646104621,14.9,5.343
16512,6.62754664965376,52.3635655092238,14.896,5.341
16513,6.62756119229355,52.3635664079855,14.622,5.243
16514,6.62757573493333,52.3635673067471,14.344,5.143
16515,6.6275902774495,52.3635682123381,14.634,5.247
16516,6.62760481974716,52.363569129999,15.487,5.553
16517,6.62761936204483,52.3635700476599,14.424,5.172
16518,6.6276339043425,52.3635709653208,15.366,5.51
16519,6.62764844664017,52.3635718829817,15.475,5.549
16520,6.62766298893784,52.3635728006427,13.8,4.948
16521,6.62767753123551,52.3635737183036,14.76,5.292
16522,6.62769207353317,52.3635746359645,14.276,5.119
16523,6.62770661583084,52.3635755536254,13.983,5.014
16524,6.62772115812851,52.3635764712863,15.347,5.503
16525,6.62773570042618,52.3635773889472,15.175,5.441
16526,6.62775024272385,52.3635783066081,15.067,5.402
16527,6.62776478502152,52.363579224269,14.289,5.123
16528,6.62777932731918,52.3635801419299,15.066,5.402
16529,6.62779386961685,52.3635810595908,14.187,5.087
16530,6.62780841191452,52.3635819772517,15.019,5.385
16531,6.62782295421219,52.3635828949127,14.6,5.235
16532,6.62783749650986,52.3635838125736,15.623,5.602
16533,6.62785203880753,52.3635847302345,14.808,5.309
16534,6.62786658110519,52.3635856478954,15.173,5.44
16535,6.62788112340286,52.3635865655563,15.19,5.447
16536,6.62789566570053,52.3635874832172,15.025,5.387
16537,6.6279102079982,52.3635884008781,15.147,5.431
16538,6.62792475029587,52.363589318539,15.28,5.479
16539,6.62793929259354,52.3635902361999,14.591,5.232
16540,6.6279538348912,52.3635911538608,15.371,5.511
16541,6.62796837718887,52.3635920715217,15.659,5.615
16542,6.62798291948654,52.3635929891827,15.401,5.522
16543,6.62799746178421,52.3635939068436,14.976,5.37
16544,6.62801200408188,52.3635948245045,15.303,5.487
16545,6.62802654637955,52.3635957421654,15.003,5.38
16546,6.62804108867721,52.3635966598263,15.164,5.437
16547,6.62805563097488,52.3635975774872,14.553,5.218
16548,6.62807017327255,52.3635984951481,16.08,5.766
16549,6.62808471557022,52.363599412809,16.423,5.889
16550,6.62809925786789,52.3636003304699,14.888,5.338
16551,6.62811380016556,52.3636012481308,15.782,5.659
16552,6.62812834246323,52.3636021657917,16.194,5.807
16553,6.62814288476089,52.3636030834527,14.791,5.303
16554,6.62815742705856,52.3636040011136,14.102,5.056
16555,6.62817196935623,52.3636049187745,16.281,5.838
16556,6.6281865116539,52.3636058364354,15.4,5.522
16557,6.62820105395157,52.3636067540963,15.118,5.421
16558,6.62821559624924,52.3636076717572,15.469,5.547
16559,6.6282301385469,52.3636085894181,15.242,5.465
16560,6.62824468084457,52.363609507079,17.217,6.173
16561,6.62825922314224,52.3636104247399,15.182,5.444
16562,6.62827376543991,52.3636113424008,15.705,5.631
16563,6.62828830773758,52.3636122600617,16.29,5.841
16564,6.62830285003525,52.3636131777227,16.305,5.846
16565,6.62831739233291,52.3636140953836,16.21,5.812
16566,6.62833193463058,52.3636150130445,15.333,5.498
16567,6.62834647692825,52.3636159307054,15.512,5.562
16568,6.62836101922592,52.3636168483663,14.34,5.142
16569,6.62837556152359,52.3636177660272,15.593,5.591
16570,6.62839010382126,52.3636186836881,15.674,5.62
16571,6.62840464611892,52.363619601349,16.109,5.776
16572,6.62841918841659,52.3636205190099,16.747,6.005
16573,6.62843373071426,52.3636214366708,16.127,5.783
16574,6.62844827301193,52.3636223543318,16.357,5.865
16575,6.6284628153096,52.3636232719927,15.735,5.642
16576,6.62847735760727,52.3636241896536,16.518,5.923
16577,6.62849189990493,52.3636251073145,15.787,5.661
16578,6.6285064422026,52.3636260249754,16.47,5.905
16579,6.62852098450027,52.3636269426363,16.29,5.841
16580,6.62853552679794,52.3636278602972,16.066,5.76
16581,6.62855006909561,52.3636287779581,14.946,5.359
16582,6.62856461139328,52.363629695619,16.513,5.921
16583,6.62857915369095,52.3636306132799,16.111,5.777
16584,6.62859369598861,52.3636315309408,16.319,5.851
16585,6.62860823828628,52.3636324486018,16.108,5.776
16586,6.62862278058395,52.3636333662627,16.227,5.818
16587,6.62863732288162,52.3636342839236,16.724,5.997
16588,6.62865186517929,52.3636352015845,15.698,5.629
16589,6.62866640747696,52.3636361192454,16.269,5.834
16590,6.62868094978612,52.3636370362712,15.555,5.577
16591,6.62869549219899,52.3636379475684,16.369,5.869
16592,6.62871003461185,52.3636388588657,16.195,5.807
16593,6.62872457702472,52.3636397701629,15.693,5.627
16594,6.62873911943758,52.3636406814601,16.136,5.786
16595,6.62875366185045,52.3636415927574,15.764,5.652
16596,6.62876820426331,52.3636425040546,15.893,5.699
16597,6.62878274667618,52.3636434153518,16.341,5.859
16598,6.62879728908904,52.3636443266491,16.308,5.847
16599,6.62881183150191,52.3636452379463,15.037,5.392
16600,6.62882637391477,52.3636461492435,16.401,5.881
16601,6.62884091632764,52.3636470605408,16.022,5.745
16602,6.6288554587405,52.363647971838,15.973,5.727
16603,6.62887000115337,52.3636488831352,15.571,5.583
16604,6.62888454356623,52.3636497944325,16.223,5.817
16605,6.6288990859791,52.3636507057297,15.959,5.722
16606,6.62891362839196,52.3636516170269,17.031,6.107
16607,6.62892817080483,52.3636525283242,15.27,5.475
16608,6.6289427132177,52.3636534396214,15.748,5.647
16609,6.62895725510229,52.3636543801014,15.724,5.638
16610,6.62897179662078,52.3636553408051,16.499,5.916
16611,6.62898633813928,52.3636563015089,17.052,6.114
16612,6.62900087965778,52.3636572622126,16.674,5.978
16613,6.62901542117627,52.3636582229163,15.75,5.647
16614,6.62902996269477,52.3636591836201,16.156,5.793
16615,6.62904450546091,52.3636600754018,15.948,5.718
16616,6.62905904901695,52.3636609235477,16.738,6.001
16617,6.629073592573,52.3636617716936,16.19,5.805
16618,6.62908813612905,52.3636626198396,15.638,5.607
16619,6.62910267968509,52.3636634679855,16.828,6.034
16620,6.62911722279887,52.3636643405632,17.242,6.182
16621,6.6291317656922,52.3636652253185,16.408,5.883
16622,6.62914630858553,52.3636661100739,16.598,5.951
16623,6.62916085147887,52.3636669948293,15.656,5.614
16624,6.6291753943722,52.3636678795846,15.345,5.502
16625,6.62918993749893,52.3636687514464,15.483,5.551
16626,6.62920448065351,52.3636696217705,16.558,5.937
16627,6.62921902380808,52.3636704920946,16.417,5.886
16628,6.62923356697568,52.3636713616989,16.933,6.071
16629,6.62924811024762,52.363672225539,16.509,5.919
16630,6.62926265351957,52.363673089379,17.219,6.174
16631,6.62927719679152,52.3636739532191,17.164,6.154
16632,6.62929173976597,52.3636748334933,16.475,5.907
16633,6.62930628241873,52.3636757315382,16.087,5.768
16634,6.62932082507149,52.3636766295832,15.563,5.58
16635,6.62933536772425,52.3636775276281,17.546,6.291
16636,6.62934991081985,52.3636784012101,16.161,5.795
16637,6.62936445429867,52.3636792536218,15.848,5.682
16638,6.6293789977775,52.3636801060336,16.817,6.03
16639,6.62939354089977,52.3636809781423,15.878,5.693
16640,6.62940808323045,52.3636818939795,16.84,6.038
16641,6.62942262556113,52.3636828098167,16.579,5.944
16642,6.62943716858038,52.3636836876163,17.331,6.214
16643,6.62945171196548,52.3636845452053,17.292,6.2
16644,6.62946625553908,52.3636853923818,17.46,6.261
16645,6.62948079845751,52.3636862757503,16.944,6.075
16646,6.62949534116935,52.3636871705318,16.329,5.855
16647,6.62950988375608,52.3636880722245,16.235,5.821
16648,6.62952442634281,52.3636889739172,16.544,5.932
16649,6.62953896892954,52.3636898756099,18.04,6.468
16650,6.62955351151627,52.3636907773026,16.731,5.999
16651,6.62956805410299,52.3636916789953,16.983,6.089
16652,6.62958259668972,52.363692580688,17.792,6.379
16653,6.62959713927645,52.3636934823808,17.059,6.117
16654,6.62961168186318,52.3636943840735,16.479,5.909
16655,6.62962622444991,52.3636952857662,17.359,6.224
16656,6.62964076703664,52.3636961874589,16.688,5.984
16657,6.62965530962337,52.3636970891516,17.12,6.138
16658,6.6296698522101,52.3636979908443,17.261,6.189
16659,6.62968439479682,52.363698892537,16.679,5.98
16660,6.62969893738355,52.3636997942298,17.088,6.127
16661,6.62971347997028,52.3637006959225,17.929,6.429
16662,6.62972802255701,52.3637015976152,16.629,5.963
16663,6.62974256514374,52.3637024993079,17.781,6.376
16664,6.62975710773047,52.3637034010006,16.669,5.977
16665,6.62977165008707,52.3637043154059,18.085,6.485
16666,6.62978619213658,52.3637052467757,16.531,5.927
16667,6.62980073418608,52.3637061781454,16.812,6.028
16668,6.62981527623559,52.3637071095152,17.939,6.432
16669,6.6298298182851,52.3637080408849,17.974,6.445
16670,6.62984436033461,52.3637089722547,17.551,6.293
16671,6.62985890238411,52.3637099036244,16.442,5.895
16672,6.62987344443362,52.3637108349942,17.135,6.144
16673,6.62988798648313,52.3637117663639,17.096,6.13
16674,6.62990252853264,52.3637126977337,16.6,5.952
16675,6.62991707058214,52.3637136291034,17.521,6.282
16676,6.62993161263165,52.3637145604732,16.663,5.975
16677,6.62994615468116,52.3637154918429,16.369,5.869
16678,6.6299606969072,52.3637164134606,16.183,5.802
16679,6.62997523926527,52.3637173277848,18.151,6.508
16680,6.62998978162334,52.3637182421091,16.852,6.042
16681,6.63000432398141,52.3637191564334,16.872,6.05
16682,6.63001886633948,52.3637200707577,16.562,5.938
16683,6.63003340869755,52.363720985082,17.98,6.447
16684,6.63004795105562,52.3637218994062,16.372,5.87
16685,6.63006249255666,52.3637228610738,16.483,5.91
16686,6.63007703133821,52.3637239729716,17.01,6.099
16687,6.63009157011975,52.3637250848694,17.194,6.165
16688,6.6301061089013,52.3637261967672,17.602,6.311
16689,6.63012064768284,52.363727308665,16.825,6.033
16690,6.63013518646439,52.3637284205628,18.139,6.504
16691,6.63014972524593,52.3637295324606,16.845,6.04
16692,6.63016426423166,52.3637306330788,16.653,5.971
16693,6.63017880680003,52.3637315357857,16.604,5.954
16694,6.6301933493684,52.3637324384926,16.806,6.026
16695,6.63020789193677,52.3637333411995,16.581,5.945
16696,6.63022243450514,52.3637342439064,17.718,6.353
16697,6.63023697707351,52.3637351466134,16.696,5.986
16698,6.63025151964188,52.3637360493203,17.214,6.172
16699,6.63026606221024,52.3637369520272,16.694,5.986
16700,6.63028060477861,52.3637378547341,16.617,5.958
16701,6.63029514734698,52.363738757441,17.966,6.442
16702,6.63030968991546,52.3637396601418,18.265,6.549
16703,6.6303242334991,52.3637405067636,18.077,6.482
16704,6.63033877708273,52.3637413533855,16.473,5.907
16705,6.63035332066637,52.3637422000073,16.563,5.939
16706,6.63036786425001,52.3637430466291,18.518,6.64
16707,6.63038240783364,52.3637438932509,17.213,6.172
16708,6.63039695141728,52.3637447398727,16.562,5.938
16709,6.63041149500091,52.3637455864946,18.015,6.459
16710,6.63042603858455,52.3637464331164,17.426,6.248
16711,6.63044058216818,52.3637472797382,17.73,6.357
16712,6.63045512575182,52.36374812636,16.087,5.768
16713,6.63046966933545,52.3637489729818,17.219,6.174
16714,6.63048421291909,52.3637498196037,17.978,6.446
16715,6.63049875209888,52.3637509095018,17.051,6.114
16716,6.63051328992176,52.3637520743579,18.163,6.512
16717,6.63052782774464,52.3637532392139,16.67,5.977
16718,6.63054236556752,52.3637544040699,17.387,6.234
16719,6.6305569033904,52.363755568926,18.43,6.608
16720,6.63057144121328,52.363756733782,16.794,6.022
16721,6.63058598069111,52.363757807216,17.639,6.325
16722,6.63060052152688,52.3637588056344,17.833,6.394
16723,6.63061506236266,52.3637598040528,17.551,6.293
16724,6.63062960319844,52.3637608024711,17.359,6.224
16725,6.63064414403421,52.3637618008895,17.0,6.096
16726,6.63065868486999,52.3637627993079,17.64,6.325
16727,6.63067322570577,52.3637637977263,17.474,6.265
16728,6.63068776654154,52.3637647961446,16.699,5.987
16729,6.63070230737732,52.363765794563,18.199,6.526
16730,6.6307168482131,52.3637667929814,17.027,6.105
16731,6.63073138904887,52.3637677913998,16.742,6.003
16732,6.63074592988465,52.3637687898181,17.231,6.178
16733,6.63076047072043,52.3637697882365,17.066,6.119
16734,6.63077500864152,52.3637709476672,17.449,6.256
16735,6.63078954626191,52.3637721237093,16.88,6.052
16736,6.63080408761685,52.363773093448,17.884,6.412
16737,6.63081862897179,52.3637740631868,18.443,6.613
16738,6.63083317032673,52.3637750329256,17.703,6.348
16739,6.63084771168168,52.3637760026643,16.801,6.024
16740,6.63086225585241,52.3637768168537,17.124,6.14
16741,6.63087680141233,52.3637775543024,17.802,6.383
16742,6.63089134697224,52.3637782917512,16.525,5.925
16743,6.63090589060562,52.3637791356253,16.967,6.084
16744,6.63092043314176,52.3637800401121,16.734,6.0
16745,6.63093497567791,52.3637809445989,17.781,6.376
16746,6.63094951821406,52.3637818490857,18.996,6.811
16747,6.63096406075021,52.3637827535724,16.993,6.093
16748,6.63097860328636,52.3637836580592,18.225,6.535
16749,6.63099314582251,52.363784562546,17.425,6.248
16750,6.63100768821694,52.3637854748618,16.991,6.092
16751,6.63102223053771,52.3637863912464,18.698,6.704
16752,6.63103677285849,52.363787307631,19.059,6.834
16753,6.63105131517926,52.3637882240155,18.042,6.469
16754,6.63106585750003,52.3637891404001,18.024,6.463
16755,6.6310803998208,52.3637900567847,17.859,6.403
16756,6.63109494214158,52.3637909731692,17.746,6.363
16757,6.63110948446235,52.3637918895538,18.044,6.47
16758,6.63112402678312,52.3637928059384,18.253,6.545
16759,6.6311385691039,52.3637937223229,18.845,6.757
16760,6.63115311134113,52.3637946433223,17.57,6.3
16761,6.63116765329905,52.3637955797519,17.964,6.441
16762,6.63118219525696,52.3637965161814,17.848,6.4
16763,6.63119673721487,52.3637974526109,18.514,6.638
16764,6.63121127917279,52.3637983890405,19.334,6.933
16765,6.6312258211307,52.36379932547,18.557,6.654
16766,6.63124036308862,52.3638002618996,18.415,6.603
16767,6.63125490504653,52.3638011983291,18.491,6.63
16768,6.63126944700444,52.3638021347586,18.713,6.71
16769,6.63128398896236,52.3638030711882,19.399,6.956
16770,6.63129853092027,52.3638040076177,16.999,6.095
16771,6.63131307287818,52.3638049440473,18.354,6.581
16772,6.6313276148361,52.3638058804768,16.495,5.914
16773,6.63134215679401,52.3638068169063,18.584,6.663
16774,6.63135669875193,52.3638077533359,18.359,6.583
16775,6.63137124070984,52.3638086897654,17.725,6.355
16776,6.63138578266776,52.363809626195,16.487,5.912
16777,6.63140032462567,52.3638105626245,18.06,6.475
16778,6.63141486658358,52.3638114990541,18.21,6.529
16779,6.6314294085415,52.3638124354836,18.053,6.473
16780,6.63144395049941,52.3638133719131,17.735,6.359
16781,6.63145849245732,52.3638143083427,17.584,6.305
16782,6.63147303441524,52.3638152447722,18.092,6.487
16783,6.63148757637315,52.3638161812018,17.661,6.333
16784,6.63150211833107,52.3638171176313,18.619,6.676
16785,6.63151666054333,52.3638180400102,18.107,6.493
16786,6.63153120333168,52.3638189305648,17.15,6.149
16787,6.63154574612003,52.3638198211195,18.278,6.554
16788,6.63156028890839,52.3638207116741,18.428,6.608
16789,6.63157483169674,52.3638216022287,19.146,6.865
16790,6.63158937448509,52.3638224927834,18.75,6.723
16791,6.63160391731961,52.3638233807876,17.686,6.341
16792,6.63161846016684,52.3638242680897,19.062,6.835
16793,6.63163300301408,52.3638251553919,17.418,6.245
16794,6.63164754586131,52.363826042694,18.259,6.547
16795,6.63166208870854,52.3638269299961,18.696,6.703
16796,6.63167663155577,52.3638278172983,19.119,6.855
16797,6.631691174403,52.3638287046004,19.381,6.949
16798,6.63170571725023,52.3638295919026,19.029,6.823
16799,6.63172026009746,52.3638304792047,18.208,6.528
16800,6.63173480294469,52.3638313665068,18.637,6.683
16801,6.63174934579192,52.363832253809,18.437,6.611
16802,6.63176388863915,52.3638331411111,17.896,6.417
16803,6.63177843148638,52.3638340284132,18.253,6.545
16804,6.63179297433361,52.3638349157154,19.386,6.951
16805,6.63180751718084,52.3638358030175,18.717,6.711
16806,6.63182206002807,52.3638366903197,19.556,7.012
16807,6.6318366028753,52.3638375776218,17.715,6.352
16808,6.63185114572253,52.3638384649239,18.135,6.502
16809,6.63186568819349,52.3638393730122,18.61,6.673
16810,6.63188023051894,52.3638402891381,18.809,6.744
16811,6.6318947728444,52.363841205264,18.311,6.565
16812,6.63190931516985,52.3638421213899,18.857,6.761
16813,6.63192385749531,52.3638430375158,18.859,6.762
16814,6.63193839982076,52.3638439536416,17.582,6.304
16815,6.63195294214622,52.3638448697675,18.847,6.758
16816,6.63196748447168,52.3638457858934,19.041,6.827
16817,6.63198202679713,52.3638467020193,18.589,6.665
16818,6.63199656912259,52.3638476181452,17.338,6.217
16819,6.63201111144804,52.363848534271,18.263,6.548
16820,6.6320256531103,52.3638494870334,18.688,6.701
16821,6.63204019467179,52.3638504453617,17.926,6.427
16822,6.63205473623329,52.36385140369,18.979,6.805
16823,6.63206927779479,52.3638523620182,18.872,6.767
16824,6.63208381935629,52.3638533203465,18.526,6.643
16825,6.63209836090322,52.3638542794796,18.461,6.619
16826,6.63211290239307,52.3638552417658,18.568,6.658
16827,6.6321274555924,52.3638555571995,18.455,6.617
16828,6.63214199838454,52.3638564475448,17.705,6.348
16829,6.63215653860458,52.3638574799778,18.211,6.53
16830,6.63217107882461,52.3638585124109,18.509,6.637
16831,6.63218561904465,52.3638595448439,19.303,6.921
16832,6.63220016273163,52.3638603857565,18.878,6.769
16833,6.63221471360685,52.3638608295784,19.339,6.934
16834,6.63222925705835,52.3638616834996,17.648,6.328
16835,6.63224379877858,52.3638626330597,18.267,6.55
16836,6.6322583404988,52.3638635826198,19.697,7.063
16837,6.63227288221902,52.3638645321798,18.042,6.469
16838,6.63228742393924,52.3638654817399,18.031,6.465
16839,6.63230196565946,52.3638664313,18.32,6.569
16840,6.63231650718041,52.3638673918685,19.667,7.052
16841,6.63233104852388,52.3638683622411,18.086,6.485
16842,6.63234558986734,52.3638693326137,18.809,6.744
16843,6.63236013121081,52.3638703029863,18.711,6.709
16844,6.63237467281824,52.3638712587773,17.346,6.22
16845,6.6323892146665,52.3638722012645,18.47,6.623
16846,6.63240375651475,52.3638731437517,18.154,6.509
16847,6.63241829836301,52.3638740862389,18.877,6.768
16848,6.63243284086763,52.3638749924674,19.499,6.992
16849,6.63244738403651,52.3638758620013,18.273,6.552
16850,6.63246192720538,52.3638767315351,18.271,6.551
16851,6.63247647037426,52.363877601069,19.953,7.154
16852,6.63249101354314,52.3638784706028,18.052,6.473
16853,6.63250555671089,52.3638793401988,17.678,6.339
16854,6.63252009987825,52.3638802098162,19.276,6.912
16855,6.63253464304561,52.3638810794336,18.433,6.609
16856,6.63254918621298,52.363881949051,18.627,6.679
16857,6.63256372912898,52.3638828325543,19.77,7.089
16858,6.63257827156553,52.363883742543,17.63,6.321
16859,6.63259281400208,52.3638846525316,18.337,6.575
16860,6.63260735643864,52.3638855625203,17.721,6.354
16861,6.63262189883531,52.3638864747119,18.642,6.684
16862,6.63263644123015,52.3638873870047,18.116,6.496
16863,6.632650983625,52.3638882992975,17.748,6.364
16864,6.63266552601984,52.3638892115902,18.865,6.764
16865,6.63268006841469,52.363890123883,18.436,6.61
16866,6.63269461080953,52.3638910361758,17.69,6.343
16867,6.63270915320437,52.3638919484686,17.722,6.354
16868,6.63272369559922,52.3638928607614,18.54,6.648
16869,6.63273823784396,52.3638937813461,17.43,6.25
16870,6.63275277994447,52.3638947098985,18.542,6.648
16871,6.63276732204497,52.3638956384508,19.192,6.881
16872,6.63278186414548,52.3638965670032,18.791,6.738
16873,6.63279640624599,52.3638974955556,18.028,6.464
16874,6.6328109483465,52.363898424108,18.551,6.651
16875,6.63282549044701,52.3638993526604,17.648,6.328
16876,6.63284003255006,52.3639002810719,18.459,6.619
16877,6.63285457475154,52.3639012040465,18.182,6.519
16878,6.63286911695302,52.363902127021,17.757,6.367
16879,6.6328836591545,52.3639030499956,18.73,6.716
16880,6.63289820135598,52.3639039729702,17.195,6.165
16881,6.63291274355746,52.3639048959447,17.655,6.33
16882,6.63292728575894,52.3639058189193,17.72,6.354
16883,6.63294182796042,52.3639067418939,18.044,6.47
16884,6.6329563701619,52.3639076648685,19.099,6.848
16885,6.63297091236338,52.363908587843,18.773,6.731
16886,6.63298545456486,52.3639095108176,18.386,6.592
16887,6.63299999676634,52.3639104337922,18.352,6.58
16888,6.63301453896782,52.3639113567667,18.305,6.563
16889,6.63302908116929,52.3639122797413,19.113,6.853
16890,6.63304362337077,52.3639132027159,17.232,6.179
16891,6.63305816557225,52.3639141256904,18.748,6.722
16892,6.63307270777373,52.363915048665,17.989,6.45
16893,6.63308724997521,52.3639159716396,18.578,6.661
16894,6.63310179217669,52.3639168946141,18.574,6.66
16895,6.63311633437817,52.3639178175887,18.701,6.705
16896,6.63313087657965,52.3639187405633,19.195,6.882
16897,6.63314541878113,52.3639196635378,17.451,6.257
16898,6.63315996098261,52.3639205865124,18.843,6.756
16899,6.63317450318409,52.363921509487,18.207,6.528
16900,6.63318904538557,52.3639224324616,17.968,6.442
16901,6.63320358758704,52.3639233554361,19.429,6.966
16902,6.63321812978852,52.3639242784107,18.639,6.683
16903,6.63323267199,52.3639252013853,17.975,6.445
16904,6.63324721419148,52.3639261243598,18.777,6.733
16905,6.6332617564337,52.3639270450841,18.18,6.519
16906,6.6332762987453,52.3639279619754,17.947,6.435
16907,6.6332908410569,52.3639288788667,17.838,6.396
16908,6.6333053833685,52.363929795758,18.368,6.586
16909,6.6333199256801,52.3639307126493,17.821,6.39
16910,6.6333344679917,52.3639316295406,18.267,6.55
16911,6.63334901052585,52.3639325341374,18.691,6.702
16912,6.6333635531398,52.3639334343268,18.228,6.536
16913,6.63337809575374,52.3639343345162,19.319,6.927
16914,6.63339263836768,52.3639352347055,18.158,6.511
16915,6.63340718098162,52.3639361348949,18.937,6.79
16916,6.63342172359557,52.3639370350843,18.712,6.709
16917,6.63343626620951,52.3639379352737,19.028,6.823
16918,6.63345080799904,52.3639388810048,19.285,6.915
16919,6.6334653339833,52.3639406998471,17.083,6.125
16920,6.63347985488451,52.3639427994864,18.268,6.55
16921,6.63349435808635,52.3639458768693,18.04,6.468
16922,6.6335088612882,52.3639489542522,18.165,6.513
16923,6.63352336449004,52.3639520316351,17.859,6.403
16924,6.6335378691067,52.3639550308614,17.767,6.37
16925,6.63355240194238,52.3639564712188,17.433,6.251
16926,6.63356693477807,52.3639579115763,18.13,6.501
16927,6.63358146761376,52.3639593519338,18.616,6.675
16928,6.63359600127353,52.3639607467674,17.77,6.372
16929,6.63361054287363,52.3639617029627,17.86,6.404
16930,6.63362508500769,52.3639626296619,17.637,6.324
16931,6.63363962714175,52.363963556361,17.456,6.259
16932,6.6336541692758,52.3639644830602,17.895,6.416
16933,6.63366871140986,52.3639654097593,18.229,6.536
16934,6.63368325354392,52.3639663364584,18.76,6.727
16935,6.63369779567797,52.3639672631576,17.313,6.208
16936,6.63371233781203,52.3639681898567,17.989,6.45
16937,6.63372687994608,52.3639691165558,18.693,6.703
16938,6.63374142208014,52.363970043255,17.3,6.203
16939,6.6337559642142,52.3639709699541,18.732,6.717
16940,6.63377050634825,52.3639718966532,17.722,6.354
16941,6.63378504848231,52.3639728233524,18.391,6.594
16942,6.63379959061636,52.3639737500515,17.838,6.396
16943,6.63381413275042,52.3639746767506,18.229,6.536
16944,6.63382867488448,52.3639756034498,18.899,6.776
16945,6.63384321701853,52.3639765301489,17.874,6.409
16946,6.63385775915259,52.3639774568481,18.524,6.642
16947,6.63387230128665,52.3639783835472,18.093,6.487
16948,6.6338868434207,52.3639793102463,17.462,6.261
16949,6.63390138555476,52.3639802369455,17.831,6.394
16950,6.63391592768881,52.3639811636446,17.787,6.378
16951,6.63393046982287,52.3639820903437,17.072,6.121
16952,6.63394501195693,52.3639830170429,18.165,6.513
16953,6.63395955409098,52.363983943742,18.275,6.553
16954,6.63397409622504,52.3639848704411,18.358,6.582
16955,6.63398863835909,52.3639857971403,18.714,6.71
16956,6.63400318049315,52.3639867238394,18.427,6.607
16957,6.63401772262721,52.3639876505385,17.503,6.276
16958,6.63403226476126,52.3639885772377,17.621,6.318
16959,6.63404680689532,52.3639895039368,18.336,6.575
16960,6.63406134902938,52.363990430636,18.064,6.477
16961,6.63407589116343,52.3639913573351,17.817,6.388
16962,6.63409043329749,52.3639922840342,17.305,6.205
16963,6.63410497543154,52.3639932107334,17.5,6.275
16964,6.6341195175656,52.3639941374325,18.147,6.507
16965,6.63413405969966,52.3639950641316,16.649,5.97
16966,6.63414860195204,52.3639959842942,16.412,5.885
16967,6.6341631444476,52.3639968910234,18.188,6.522
16968,6.63417768694315,52.3639977977527,17.459,6.26
16969,6.63419222943819,52.3639987045103,18.04,6.468
16970,6.6342067719323,52.3639996113198,18.683,6.699
16971,6.6342213144264,52.3640005181292,17.152,6.15
16972,6.63423585693169,52.364001424321,16.758,6.009
16973,6.63425039945527,52.3640023295021,17.569,6.3
16974,6.63426494197885,52.3640032346832,17.321,6.21
16975,6.63427948450243,52.3640041398643,17.7,6.346
16976,6.63429402702601,52.3640050450454,18.023,6.462
16977,6.63430856954959,52.3640059502265,17.89,6.415
16978,6.63432311207317,52.3640068554076,17.717,6.353
16979,6.63433765459675,52.3640077605887,18.303,6.563
16980,6.63435219712034,52.3640086657698,18.067,6.478
16981,6.63436673964392,52.3640095709508,17.557,6.295
16982,6.63438128218447,52.3640104751943,18.029,6.464
16983,6.63439582474689,52.3640113782297,16.738,6.001
16984,6.63441036730932,52.3640122812652,18.263,6.549
16985,6.63442490987174,52.3640131843006,17.642,6.326
16986,6.63443945243416,52.3640140873361,16.914,6.065
16987,6.63445399499658,52.3640149903715,17.366,6.227
16988,6.63446853755901,52.3640158934069,18.213,6.53
16989,6.63448308012143,52.3640167964424,17.142,6.146
16990,6.63449762268385,52.3640176994778,17.826,6.392
16991,6.63451216524627,52.3640186025132,18.092,6.487
16992,6.63452670780869,52.3640195055487,17.581,6.304
16993,6.63454125037112,52.3640204085841,17.049,6.113
16994,6.63455579295746,52.3640213102982,17.511,6.279
16995,6.63457033555952,52.364022211144,16.71,5.992
16996,6.63458487816158,52.3640231119898,17.243,6.182
16997,6.63459942076364,52.3640240128356,16.869,6.049
16998,6.6346139633657,52.3640249136814,17.484,6.269
16999,6.63462850596776,52.3640258145272,16.756,6.008
17000,6.63464304856982,52.364026715373,17.542,6.29
17001,6.63465759117188,52.3640276162188,18.15,6.508
17002,6.63467213377394,52.3640285170646,18.177,6.518
17003,6.63468667637599,52.3640294179104,16.732,5.999
17004,6.63470121897805,52.3640303187562,17.063,6.118
17005,6.63471576158011,52.3640312196021,17.947,6.435
17006,6.63473030418217,52.3640321204479,17.85,6.4
17007,6.6347448950693,52.3640303539416,17.064,6.118
17008,6.6347594933931,52.3640281766207,17.13,6.142
17009,6.63477408918222,52.3640261393197,17.455,6.259
17010,6.63478866635689,52.3640251303137,16.319,5.851
17011,6.63480323572163,52.3640245527421,17.696,6.345
17012,6.63481778979533,52.3640248198742,18.014,6.459
17013,6.63483233324952,52.3640256736468,17.138,6.145
17014,6.63484687670371,52.3640265274195,16.522,5.924
17015,6.6348614201579,52.3640273811922,18.178,6.518
17016,6.63487596361209,52.3640282349649,17.466,6.263
17017,6.63489050706627,52.3640290887376,17.744,6.362
17018,6.63490505052046,52.3640299425102,16.54,5.93
17019,6.63491959397465,52.3640307962829,16.532,5.928
17020,6.63493413742884,52.3640316500556,17.54,6.289
17021,6.63494868088303,52.3640325038283,17.89,6.415
17022,6.63496322433722,52.3640333576009,16.611,5.956
17023,6.63497776779141,52.3640342113736,17.205,6.169
17024,6.6349923112456,52.3640350651463,16.321,5.852
17025,6.63500685469979,52.364035918919,16.831,6.035
17026,6.63502139815398,52.3640367726917,17.082,6.125
17027,6.63503594160816,52.3640376264643,17.51,6.278
17028,6.63505048506235,52.364038480237,15.974,5.727
17029,6.63506502851654,52.3640393340097,17.978,6.446
17030,6.63507957197073,52.3640401877824,17.09,6.128
17031,6.63509411542492,52.364041041555,17.941,6.433
17032,6.63510865887911,52.3640418953277,17.579,6.303
17033,6.6351232023333,52.3640427491004,17.659,6.332
17034,6.63513774578749,52.3640436028731,18.334,6.574
17035,6.63515228924168,52.3640444566458,16.675,5.979
17036,6.63516683269587,52.3640453104184,17.203,6.168
17037,6.63518137615005,52.3640461641911,16.53,5.927
17038,6.63519591960424,52.3640470179638,17.041,6.11
17039,6.63521046305843,52.3640478717365,17.513,6.279
17040,6.63522500651262,52.3640487255091,17.741,6.361
17041,6.63523954996681,52.3640495792818,16.841,6.039
17042,6.635254093421,52.3640504330545,16.346,5.861
17043,6.63526863687519,52.3640512868272,17.086,6.126
17044,6.63528318032938,52.3640521405999,16.53,5.927
17045,6.63529772378357,52.3640529943725,16.679,5.98
17046,6.63531226723776,52.3640538481452,17.402,6.24
17047,6.63532681069194,52.3640547019179,17.28,6.196
17048,6.63534135429741,52.364055547334,17.473,6.265
17049,6.63535589818841,52.3640563769761,16.772,6.014
17050,6.63537044207942,52.3640572066181,17.551,6.293
17051,6.63538498597043,52.3640580362602,16.954,6.079
17052,6.63539952986144,52.3640588659022,16.765,6.011
17053,6.63541407375244,52.3640596955443,16.274,5.835
17054,6.63542861764345,52.3640605251863,15.678,5.621
17055,6.63544316153446,52.3640613548284,15.974,5.728
17056,6.63545770542547,52.3640621844705,17.008,6.098
17057,6.63547224931647,52.3640630141125,16.334,5.857
17058,6.63548679320748,52.3640638437546,15.887,5.697
17059,6.63550133709849,52.3640646733966,16.595,5.95
17060,6.63551588104806,52.3640654998036,16.993,6.093
17061,6.63553042558395,52.364066293821,17.059,6.117
17062,6.63554497011985,52.3640670878383,16.784,6.018
17063,6.63555951465574,52.3640678818557,16.752,6.007
17064,6.63557405919163,52.3640686758731,16.457,5.901
17065,6.63558860372753,52.3640694698905,17.133,6.143
17066,6.63560314826342,52.3640702639078,16.642,5.967
17067,6.63561769279932,52.3640710579252,16.687,5.983
17068,6.63563223753581,52.3640718408614,17.329,6.213
17069,6.63564678241238,52.3640726160592,17.17,6.156
17070,6.63566132728895,52.3640733912571,16.581,5.945
17071,6.63567587216552,52.3640741664549,16.483,5.91
17072,6.63569041704209,52.3640749416528,16.464,5.903
17073,6.63570496191866,52.3640757168506,15.458,5.542
17074,6.63571950679523,52.3640764920485,17.277,6.195
17075,6.6357340516718,52.3640772672463,16.214,5.814
17076,6.63574859654837,52.3640780424442,17.105,6.133
17077,6.63576314142494,52.364078817642,16.612,5.956
17078,6.63577768630151,52.3640795928399,17.39,6.236
17079,6.63579223117808,52.3640803680377,16.868,6.048
17080,6.63580677605465,52.3640811432356,17.078,6.124
17081,6.63582132093122,52.3640819184334,16.178,5.801
17082,6.63583586580779,52.3640826936313,15.755,5.649
17083,6.63585041068436,52.3640834688291,16.583,5.946
17084,6.63586495556093,52.364084244027,15.353,5.505
17085,6.6358795004375,52.3640850192248,16.19,5.805
17086,6.63589404531407,52.3640857944227,15.75,5.647
17087,6.63590859019064,52.3640865696205,15.94,5.715
17088,6.63592313506721,52.3640873448184,16.768,6.012
17089,6.63593767994378,52.3640881200162,16.714,5.993
17090,6.63595222543829,52.3640888610777,16.291,5.841
17091,6.63596677305919,52.3640894846743,16.558,5.937
17092,6.63598132068008,52.3640901082709,16.036,5.75
17093,6.63599586830097,52.3640907318674,17.765,6.37
17094,6.63601041592187,52.364091355464,16.499,5.916
17095,6.63602496354276,52.3640919790606,15.959,5.722
17096,6.63603951116365,52.3640926026572,16.804,6.025
17097,6.63605405878455,52.3640932262538,17.003,6.096
17098,6.63606860640544,52.3640938498503,15.802,5.666
17099,6.63608315402634,52.3640944734469,15.407,5.524
17100,6.63609770164723,52.3640950970435,15.507,5.56
17101,6.63611224926812,52.3640957206401,15.814,5.67
17102,6.63612679688902,52.3640963442367,16.16,5.794
17103,6.63614134468705,52.3640969580476,15.217,5.456
17104,6.63615589266781,52.3640975617644,15.913,5.706
17105,6.63617044064858,52.3640981654813,16.02,5.744
17106,6.63618498862934,52.3640987691982,16.317,5.851
17107,6.6361995366101,52.3640993729151,16.469,5.905
17108,6.63621408459086,52.364099976632,16.329,5.855
17109,6.63622863257162,52.3641005803489,17.131,6.142
17110,6.63624318055238,52.3641011840657,16.704,5.989
17111,6.63625772853314,52.3641017877826,16.174,5.799
17112,6.6362722765139,52.3641023914995,15.457,5.542
17113,6.63628682449466,52.3641029952164,15.614,5.598
17114,6.63630137247542,52.3641035989333,15.154,5.434
17115,6.63631592045619,52.3641042026502,16.068,5.761
17116,6.63633046843695,52.364104806367,16.157,5.793
17117,6.63634501641771,52.3641054100839,16.471,5.906
17118,6.63635956439847,52.3641060138008,16.087,5.768
17119,6.63637411237923,52.3641066175177,16.533,5.928
17120,6.63638866035999,52.3641072212346,16.529,5.927
17121,6.63640320834075,52.3641078249514,15.276,5.477
17122,6.63641775861328,52.364108302067,15.56,5.579
17123,6.63643231121732,52.3641086503857,15.842,5.68
17124,6.63644686382136,52.3641089987045,15.417,5.528
17125,6.6364614164254,52.3641093470232,15.674,5.62
17126,6.63647596902945,52.3641096953419,15.978,5.729
17127,6.63649052163349,52.3641100436607,15.713,5.634
17128,6.63650507423753,52.3641103919794,15.77,5.654
17129,6.63651962684157,52.3641107402981,15.199,5.45
17130,6.63653417944561,52.3641110886169,16.036,5.75
17131,6.63654873204966,52.3641114369356,15.978,5.729
17132,6.6365632846537,52.3641117852543,15.259,5.471
17133,6.63657783725774,52.3641121335731,14.931,5.354
17134,6.63659238986178,52.3641124818918,16.4,5.88
17135,6.6366069478809,52.3641125310719,16.69,5.984
17136,6.63662152410902,52.3641115743551,15.785,5.66
17137,6.63663610033714,52.3641106176382,15.419,5.529
17138,6.63665067656526,52.3641096609214,16.232,5.82
17139,6.63666524434967,52.3641091706496,15.879,5.693
17140,6.63667977982471,52.3641104652046,15.463,5.545
17141,6.63669431529975,52.3641117597595,16.142,5.788
17142,6.63670885077479,52.3641130543145,15.082,5.408
17143,6.63672338624983,52.3641143488694,15.138,5.428
17144,6.63673792371776,52.3641155333335,15.744,5.645
17145,6.6367524767353,52.3641158588097,15.583,5.587
17146,6.63676702975285,52.3641161842858,15.876,5.693
17147,6.63678158277039,52.364116509762,16.189,5.805
17148,6.63679613578794,52.3641168352381,14.561,5.221
17149,6.63681068880548,52.3641171607143,15.483,5.552
17150,6.63682524182302,52.3641174861905,16.565,5.939
17151,6.63683979484057,52.3641178116666,15.082,5.408
17152,6.63685434785811,52.3641181371428,15.0,5.378
17153,6.63686890087565,52.3641184626189,14.089,5.052
17154,6.6368834538932,52.3641187880951,15.453,5.541
17155,6.63689800691074,52.3641191135712,15.722,5.637
17156,6.63691255992828,52.3641194390474,15.708,5.632
17157,6.63692711294583,52.3641197645235,14.745,5.287
17158,6.63694166596337,52.3641200899997,15.337,5.499
17159,6.63695621898091,52.3641204154759,15.46,5.543
17160,6.63697077199846,52.364120740952,15.348,5.503
17161,6.63698532846818,52.3641208757239,14.662,5.257
17162,6.63699988504236,52.3641210047249,15.339,5.5
17163,6.63701444161655,52.364121133726,14.802,5.307
17164,6.63702899819073,52.364121262727,14.169,5.08
17165,6.63704355476492,52.364121391728,15.658,5.614
17166,6.6370581113391,52.3641215207291,15.328,5.496
17167,6.63707266791329,52.3641216497301,15.583,5.587
17168,6.63708722448747,52.3641217787311,14.909,5.346
17169,6.63710178106166,52.3641219077321,15.58,5.586
17170,6.63711633763584,52.3641220367332,15.802,5.666
17171,6.63713089449228,52.3641221501422,16.221,5.816
17172,6.6371454531615,52.3641221634099,15.657,5.614
17173,6.63716001183071,52.3641221766777,15.394,5.52
17174,6.63717457049993,52.3641221899454,14.345,5.144
17175,6.63718912916915,52.3641222032131,15.083,5.408
17176,6.63720368783837,52.3641222164808,14.298,5.127
17177,6.63721824650759,52.3641222297485,14.643,5.25
17178,6.63723280517681,52.3641222430162,16.264,5.832
17179,6.63724736384602,52.3641222562839,14.502,5.2
17180,6.63726192251524,52.3641222695516,13.716,4.918
17181,6.63727648118446,52.3641222828193,15.562,5.58
17182,6.63729103985368,52.3641222960871,14.677,5.263
17183,6.6373055985229,52.3641223093548,15.515,5.563
17184,6.63732015719211,52.3641223226225,14.365,5.151
17185,6.63733471586133,52.3641223358902,14.793,5.304
17186,6.63734927453055,52.3641223491579,15.737,5.643
17187,6.63736383319977,52.3641223624256,14.247,5.108
17188,6.63737839186899,52.3641223756933,14.915,5.348
17189,6.63739295347242,52.3641222268698,15.176,5.442
17190,6.63740751544607,52.3641220575951,14.572,5.225
17191,6.63742207741971,52.3641218883204,15.128,5.424
17192,6.63743663939336,52.3641217190457,14.986,5.373
17193,6.63745120136701,52.364121549771,15.281,5.479
17194,6.63746576334065,52.3641213804963,16.041,5.752
17195,6.6374803253143,52.3641212112216,16.522,5.924
17196,6.63749488728794,52.3641210419469,15.212,5.454
17197,6.63750944926159,52.3641208726722,14.865,5.33
17198,6.63752401123524,52.3641207033975,15.181,5.443
17199,6.63753857320888,52.3641205341228,14.776,5.298
17200,6.63755313503985,52.36412037273,13.97,5.009
17201,6.63756769672674,52.3641202192962,14.867,5.331
17202,6.63758225841363,52.3641200658625,15.522,5.565
17203,6.63759682010052,52.3641199124287,14.015,5.025
17204,6.63761138178741,52.364119758995,14.288,5.123
17205,6.6376259434743,52.3641196055612,14.516,5.205
17206,6.63764050516119,52.3641194521274,15.069,5.403
17207,6.63765506684808,52.3641192986937,16.239,5.823
17208,6.63766962853497,52.3641191452599,14.356,5.148
17209,6.63768419022186,52.3641189918261,14.877,5.334
17210,6.63769875190875,52.3641188383924,14.818,5.313
17211,6.63771331359564,52.3641186849586,14.629,5.245
17212,6.63772787528252,52.3641185315248,14.77,5.296
17213,6.63774243733737,52.3641183577646,14.516,5.205
17214,6.63775700306583,52.3641179810674,16.394,5.878
17215,6.63777156879429,52.3641176043702,15.213,5.455
17216,6.63778613452275,52.364117227673,14.495,5.197
17217,6.63780070025121,52.3641168509757,15.451,5.54
17218,6.63781526597967,52.3641164742785,14.897,5.342
17219,6.63782983170813,52.3641160975813,14.772,5.297
17220,6.63784439743659,52.3641157208841,14.622,5.243
17221,6.63785896316505,52.3641153441869,14.574,5.226
17222,6.63787352889351,52.3641149674896,13.995,5.018
17223,6.63788809462197,52.3641145907924,13.72,4.919
17224,6.63790266035043,52.3641142140952,14.914,5.347
17225,6.63791722607889,52.364113837398,14.574,5.226
17226,6.63793179180735,52.3641134607008,15.195,5.448
17227,6.63794635753581,52.3641130840035,14.147,5.073
17228,6.63796092326427,52.3641127073063,14.016,5.026
17229,6.63797548899273,52.3641123306091,15.11,5.418
17230,6.63799005472119,52.3641119539119,14.472,5.189
17231,6.63800462044965,52.3641115772146,15.141,5.429
17232,6.63801918617811,52.3641112005174,14.649,5.252
17233,6.63803375190657,52.3641108238202,15.725,5.638
17234,6.63804832069425,52.3641102781265,15.057,5.399
17235,6.63806288966012,52.3641097225887,14.845,5.323
17236,6.638077458626,52.364109167051,15.067,5.402
17237,6.63809202759187,52.3641086115132,14.428,5.173
17238,6.63810659655775,52.3641080559755,13.614,4.881
17239,6.63812116552362,52.3641075004378,14.785,5.301
17240,6.6381357344895,52.3641069449,15.706,5.632
17241,6.63815030345538,52.3641063893623,13.209,4.736
17242,6.63816487242125,52.3641058338245,14.824,5.315
17243,6.63817944138713,52.3641052782868,13.638,4.89
17244,6.638194010353,52.364104722749,14.519,5.206
17245,6.63820857931888,52.3641041672113,14.572,5.225
17246,6.63822314828475,52.3641036116736,14.957,5.363
17247,6.63823771725063,52.3641030561358,14.633,5.247
17248,6.63825228621651,52.3641025005981,15.31,5.489
17249,6.63826685518238,52.3641019450603,15.181,5.443
17250,6.63828142414826,52.3641013895226,14.371,5.153
17251,6.63829599311413,52.3641008339848,15.123,5.423
17252,6.63831056208001,52.3641002784471,14.288,5.123
17253,6.63832513104588,52.3640997229094,14.18,5.084
17254,6.63833970380106,52.3640989580438,13.75,4.93
17255,6.63835427744732,52.3640981439533,15.222,5.458
17256,6.63836885109358,52.3640973298629,14.267,5.116
17257,6.63838342473985,52.3640965157724,13.013,4.666
17258,6.63839799838611,52.3640957016819,14.749,5.288
17259,6.63841257203237,52.3640948875914,14.168,5.08
17260,6.63842714567863,52.364094073501,14.241,5.106
17261,6.63844171932489,52.3640932594105,14.272,5.117
17262,6.63845629297115,52.36409244532,14.205,5.093
17263,6.63847086661741,52.3640916312296,16.001,5.737
17264,6.63848544026367,52.3640908171391,15.368,5.51
17265,6.63850001390993,52.3640900030486,14.795,5.305
17266,6.6385145875562,52.3640891889582,14.52,5.206
17267,6.63852916120246,52.3640883748677,15.036,5.391
17268,6.63854373484872,52.3640875607772,14.509,5.202
17269,6.63855830849498,52.3640867466867,14.84,5.321
17270,6.63857288214124,52.3640859325963,14.683,5.265
17271,6.6385874557875,52.3640851185058,14.424,5.172
17272,6.63860202943376,52.3640843044153,14.896,5.341
17273,6.63861660308002,52.3640834903249,14.091,5.052
17274,6.63863117672628,52.3640826762344,14.367,5.151
17275,6.63864575037254,52.3640818621439,13.751,4.931
17276,6.63866032401881,52.3640810480534,13.814,4.953
17277,6.63867489766507,52.364080233963,12.83,4.6
17278,6.63868947131133,52.3640794198725,14.581,5.228
17279,6.63870404495759,52.364078605782,14.738,5.284
17280,6.63871861860385,52.3640777916916,14.941,5.357
17281,6.63873319225011,52.3640769776011,13.65,4.894
17282,6.63874776589637,52.3640761635106,14.553,5.218
17283,6.63876233954263,52.3640753494202,14.289,5.124
17284,6.6387769131889,52.3640745353297,14.719,5.278
17285,6.63879148683516,52.3640737212392,13.899,4.983
17286,6.63880606048142,52.3640729071488,14.08,5.048
17287,6.63882063412768,52.3640720930583,13.36,4.79
17288,6.63883520777394,52.3640712789678,13.849,4.966
17289,6.6388497814202,52.3640704648773,14.269,5.116
17290,6.63886435506646,52.3640696507869,14.366,5.151
17291,6.63887892871272,52.3640688366964,13.269,4.758
17292,6.63889350169914,52.3640680590569,13.956,5.004
17293,6.63890807438355,52.3640672981008,14.348,5.145
17294,6.63892264706796,52.3640665371447,15.079,5.407
17295,6.6389372229377,52.3640656002251,13.751,4.931
17296,6.63895180293324,52.3640644353893,14.534,5.211
17297,6.63896638292878,52.3640632705534,13.913,4.988
17298,6.63898096292433,52.3640621057175,13.978,5.012
17299,6.63899554291987,52.3640609408817,13.722,4.92
17300,6.63901012291541,52.3640597760458,13.622,4.884
17301,6.63902470291095,52.3640586112099,13.954,5.003
17302,6.63903928290649,52.3640574463741,14.848,5.324
17303,6.63905386290203,52.3640562815382,13.786,4.943
17304,6.63906843933648,52.3640553134234,13.692,4.909
17305,6.63908301646376,52.3640543070352,14.349,5.145
17306,6.63909759549992,52.3640531951972,14.228,5.101
17307,6.63911217453608,52.3640520833591,14.183,5.085
17308,6.63912675357225,52.3640509715211,14.371,5.153
17309,6.63914133260841,52.364049859683,13.626,4.886
17310,6.63915591164457,52.364048747845,13.69,4.909
17311,6.63917049068073,52.364047636007,14.798,5.306
17312,6.63918506971689,52.3640465241689,14.131,5.067
17313,6.63919964875305,52.3640454123309,14.567,5.223
17314,6.63921422778921,52.3640443004929,14.935,5.355
17315,6.63922880682538,52.3640431886548,14.711,5.275
17316,6.63924338586154,52.3640420768168,13.408,4.807
17317,6.63925796784076,52.3640408023986,14.144,5.072
17318,6.63927255060417,52.364039484661,14.824,5.315
17319,6.63928713336758,52.3640381669235,14.519,5.206
17320,6.63930171613098,52.3640368491859,14.319,5.134
17321,6.63931629889439,52.3640355314483,13.246,4.75
17322,6.63933088165779,52.3640342137107,13.848,4.965
17323,6.6393454644212,52.3640328959732,14.251,5.11
17324,6.6393600471846,52.3640315782356,13.371,4.794
17325,6.63937462994801,52.364030260498,14.676,5.262
17326,6.63938921271142,52.3640289427604,14.14,5.07
17327,6.63940379547482,52.3640276250228,13.045,4.677
17328,6.63941837823823,52.3640263072853,13.876,4.975
17329,6.63943296100163,52.3640249895477,14.041,5.035
17330,6.63944754376504,52.3640236718101,14.133,5.068
17331,6.63946212652845,52.3640223540725,15.044,5.394
17332,6.63947670929185,52.364021036335,14.55,5.217
17333,6.63949129205526,52.3640197185974,13.407,4.807
17334,6.63950587481866,52.3640184008598,13.334,4.781
17335,6.63952046080133,52.3640169052845,14.053,5.039
17336,6.63953504725292,52.3640153838052,14.284,5.122
17337,6.63954963370451,52.3640138623258,14.794,5.305
17338,6.6395642201561,52.3640123408465,15.228,5.46
17339,6.63957880660769,52.3640108193672,15.26,5.472
17340,6.63959339305928,52.3640092978878,13.951,5.002
17341,6.63960797951087,52.3640077764085,14.761,5.293
17342,6.63962256596246,52.3640062549292,14.462,5.186
17343,6.63963715241405,52.3640047334498,13.571,4.866
17344,6.63965173886564,52.3640032119705,13.102,4.698
17345,6.63966632531723,52.3640016904912,14.297,5.126
17346,6.63968091176882,52.3640001690118,13.334,4.781
17347,6.63969549822041,52.3639986475325,13.712,4.917
17348,6.639710084672,52.3639971260531,13.811,4.952
17349,6.63972467112359,52.3639956045738,14.342,5.143
17350,6.63973925757518,52.3639940830945,14.967,5.367
17351,6.63975384402677,52.3639925616151,14.222,5.099
17352,6.63976843047836,52.3639910401358,13.897,4.983
17353,6.63978301692995,52.3639895186565,12.998,4.661
17354,6.63979760495087,52.3639879104846,14.484,5.193
17355,6.63981219396396,52.3639862475034,14.232,5.103
17356,6.63982678297705,52.3639845845221,13.892,4.981
17357,6.63984137199014,52.3639829215409,14.901,5.343
17358,6.63985596100323,52.3639812585597,13.515,4.846
17359,6.63987055001633,52.3639795955785,13.813,4.953
17360,6.63988513902942,52.3639779325972,14.071,5.045
17361,6.63989972804251,52.363976269616,13.885,4.979
17362,6.6399143170556,52.3639746066348,14.539,5.213
17363,6.63992890606869,52.3639729436536,14.488,5.195
17364,6.63994349508179,52.3639712806723,14.834,5.319
17365,6.63995808409488,52.3639696176911,14.511,5.203
17366,6.63997267310797,52.3639679547099,14.148,5.073
17367,6.63998726212106,52.3639662917287,14.015,5.025
17368,6.64000185113415,52.3639646287474,14.483,5.193
17369,6.64001644014725,52.3639629657662,14.103,5.057
17370,6.64003102916034,52.363961302785,14.243,5.107
17371,6.64004561817343,52.3639596398037,14.514,5.204
17372,6.64006020718652,52.3639579768225,14.296,5.126
17373,6.64007479619961,52.3639563138413,14.396,5.162
17374,6.64008938625024,52.3639545935445,13.749,4.93
17375,6.64010397874941,52.3639527379864,15.007,5.381
17376,6.64011857124858,52.3639508824282,13.562,4.863
17377,6.64013316374775,52.36394902687,14.471,5.189
17378,6.64014775624691,52.3639471713119,13.927,4.994
17379,6.64016234874608,52.3639453157537,14.848,5.324
17380,6.64017694124525,52.3639434601955,14.731,5.282
17381,6.64019153374442,52.3639416046373,14.21,5.095
17382,6.64020612624358,52.3639397490792,15.125,5.423
17383,6.64022071874275,52.363937893521,14.1,5.056
17384,6.64023531124192,52.3639360379628,14.728,5.281
17385,6.64024990374109,52.3639341824047,13.782,4.942
17386,6.64026449624026,52.3639323268465,14.447,5.18
17387,6.64027908873942,52.3639304712883,13.66,4.898
17388,6.64029368123859,52.3639286157301,14.219,5.098
17389,6.64030827373776,52.363926760172,14.176,5.083
17390,6.64032286623693,52.3639249046138,14.723,5.279
17391,6.64033745873609,52.3639230490556,13.811,4.952
17392,6.64035205123526,52.3639211934975,16.012,5.741
17393,6.64036664373443,52.3639193379393,13.392,4.802
17394,6.6403812362336,52.3639174823811,14.341,5.142
17395,6.64039582873276,52.3639156268229,14.372,5.153
17396,6.64041042152235,52.3639137552214,14.519,5.206
17397,6.64042501583136,52.3639117996845,13.899,4.984
17398,6.64043961014037,52.3639098441476,14.343,5.143
17399,6.64045420444938,52.3639078886106,13.869,4.973
17400,6.64046879875838,52.3639059330737,15.302,5.487
17401,6.64048339306739,52.3639039775367,13.826,4.957
17402,6.6404979873764,52.3639020219998,14.112,5.06
17403,6.64051258547362,52.3638998571954,13.808,4.951
17404,6.64052718235916,52.3638977593261,13.727,4.922
17405,6.64054177924471,52.3638956614567,13.373,4.795
17406,6.64055637613025,52.3638935635874,14.592,5.232
17407,6.6405709730158,52.3638914657181,13.8,4.948
17408,6.64058556990134,52.3638893678488,13.727,4.922
17409,6.64060016678688,52.3638872699795,13.629,4.887
17410,6.64061476367243,52.3638851721101,14.374,5.154
17411,6.64062936055797,52.3638830742408,14.207,5.094
17412,6.64064395744352,52.3638809763715,14.21,5.095
17413,6.64065855432906,52.3638788785022,13.746,4.929
17414,6.64067315291713,52.3638766865825,14.449,5.181
17415,6.64068775166066,52.3638744860748,13.804,4.949
17416,6.64070235040418,52.3638722855672,14.234,5.104
17417,6.64071694914771,52.3638700850595,14.111,5.06
17418,6.64073154789124,52.3638678845519,13.2,4.733
17419,6.64074614663477,52.3638656840442,15.386,5.517
17420,6.6407607453783,52.3638634835366,14.531,5.21
17421,6.64077534412191,52.3638612830243,14.299,5.127
17422,6.64078994286698,52.3638590824312,14.392,5.16
17423,6.64080454161206,52.3638568818382,15.4,5.522
17424,6.64081914035713,52.3638546812452,14.862,5.329
17425,6.64083373910221,52.3638524806521,14.398,5.163
17426,6.64084833784728,52.3638502800591,13.777,4.94
17427,6.64086293659236,52.3638480794661,13.87,4.973
17428,6.64087753533743,52.363845878873,13.134,4.709
17429,6.64089213608328,52.3638435677535,13.978,5.012
17430,6.64090673686249,52.3638412547911,14.584,5.229
17431,6.64092133764171,52.3638389418287,14.568,5.224
17432,6.64093593842092,52.3638366288662,14.559,5.22
17433,6.64095053920013,52.3638343159038,13.894,4.982
17434,6.64096514009891,52.3638319963364,14.522,5.207
17435,6.64097974148491,52.3638296498543,14.683,5.265
17436,6.6409943428709,52.3638273033721,12.89,4.622
17437,6.64100894425689,52.36382495689,14.38,5.156
17438,6.64102354564289,52.3638226104079,15.425,5.531
17439,6.64103814702888,52.3638202639258,14.031,5.031
17440,6.64105274841488,52.3638179174437,12.721,4.561
17441,6.64106734980087,52.3638155709616,13.727,4.922
17442,6.64108195118687,52.3638132244795,13.139,4.711
17443,6.64109655304452,52.3638108519422,13.835,4.961
17444,6.64111115708785,52.363808358664,13.489,4.837
17445,6.64112576113119,52.3638058653858,14.758,5.292
17446,6.64114036517452,52.3638033721075,14.67,5.26
17447,6.64115496921785,52.3638008788293,14.416,5.169
17448,6.64116957326119,52.363798385551,14.937,5.356
17449,6.64118417730452,52.3637958922728,13.885,4.979
17450,6.64119878134786,52.3637933989946,14.263,5.114
17451,6.64121338539119,52.3637909057163,15.512,5.562
17452,6.64122798943453,52.3637884124381,14.567,5.223
17453,6.64124259347786,52.3637859191598,14.568,5.224
17454,6.64125719940894,52.3637833215995,13.776,4.94
17455,6.64127180569507,52.3637807044249,13.985,5.014
17456,6.64128641198121,52.3637780872502,13.642,4.892
17457,6.64130101826735,52.3637754700756,15.223,5.458
17458,6.64131562455348,52.363772852901,13.321,4.776
17459,6.64133023083962,52.3637702357264,14.777,5.298
17460,6.64134483717092,52.3637676160567,14.584,5.229
17461,6.64135944352064,52.3637649953702,13.302,4.769
17462,6.64137404987035,52.3637623746836,14.919,5.349
17463,6.64138865622006,52.3637597539971,14.098,5.055
17464,6.64140326256977,52.3637571333106,13.476,4.832
17465,6.64141786928607,52.363754492373,14.47,5.188
17466,6.64143247738317,52.3637517751576,13.775,4.939
17467,6.64144708548027,52.3637490579421,14.141,5.07
17468,6.64146169357737,52.3637463407267,13.968,5.008
17469,6.64147630167447,52.3637436235112,13.751,4.931
17470,6.64149090977157,52.3637409062958,13.572,4.866
17471,6.64150551786867,52.3637381890803,14.743,5.286
17472,6.64152012596578,52.3637354718649,14.469,5.188
17473,6.64153473406288,52.3637327546494,14.435,5.176
17474,6.64154934215998,52.363730037434,14.07,5.045
17475,6.64156395025708,52.3637273202185,14.318,5.134
17476,6.64157855835418,52.3637246030031,13.859,4.969
17477,6.64159316681117,52.3637218659066,13.852,4.967
17478,6.64160777531665,52.3637191261318,15.305,5.488
17479,6.64162238382213,52.363716386357,14.823,5.315
17480,6.6416369923276,52.3637136465821,13.976,5.011
17481,6.64165160083308,52.3637109068073,13.43,4.816
17482,6.64166621171437,52.3637080357882,13.313,4.774
17483,6.64168082360217,52.3637051091678,13.945,5.0
17484,6.64169543548998,52.3637021825473,14.385,5.158
17485,6.64171004737778,52.3636992559268,14.395,5.162
17486,6.64172465926558,52.3636963293064,14.417,5.169
17487,6.64173927115338,52.3636934026859,14.53,5.21
17488,6.64175388304119,52.3636904760655,13.727,4.922
17489,6.64176849495843,52.3636875478186,15.229,5.46
17490,6.64178310844101,52.3636845331,14.23,5.102
17491,6.64179772192358,52.3636815183814,14.524,5.208
17492,6.64181233540616,52.3636785036629,13.968,5.009
17493,6.64182694888874,52.3636754889443,14.542,5.214
17494,6.64184156237131,52.3636724742257,15.584,5.588
17495,6.64185617585389,52.3636694595071,13.785,4.943
17496,6.64187078933647,52.3636664447885,13.716,4.918
17497,6.64188540281904,52.36366343007,13.868,4.972
17498,6.64190001630162,52.3636604153514,14.184,5.086
17499,6.6419146297842,52.3636574006328,14.078,5.048
17500,6.64192924326677,52.3636543859142,13.777,4.94
17501,6.64194385674935,52.3636513711956,14.365,5.151
17502,6.64195847023193,52.363648356477,15.317,5.492
17503,6.6419730837145,52.3636453417585,14.315,5.133
17504,6.64198769719708,52.3636423270399,14.351,5.146
17505,6.64200228388734,52.363640792376,14.614,5.24
17506,6.64201687908596,52.3636387876953,14.798,5.306
17507,6.64203148353107,52.3636362722225,15.229,5.461
17508,6.6420460877709,52.3636337680893,14.567,5.223
17509,6.64206069188915,52.3636312706726,14.429,5.174
17510,6.6420752960074,52.3636287732559,13.853,4.967
17511,6.64208990012565,52.3636262758391,14.876,5.334
17512,6.64210450471463,52.3636237524184,13.949,5.001
17513,6.64211912741454,52.363620228518,13.935,4.997
17514,6.64213375011446,52.3636167046175,14.569,5.224
17515,6.64214837281437,52.3636131807171,15.367,5.51
17516,6.64216299551428,52.3636096568166,14.892,5.34
17517,6.6421776182142,52.3636061329161,14.448,5.18
17518,6.64219224091411,52.3636026090157,13.898,4.983
17519,6.64220686361402,52.3635990851152,15.375,5.513
17520,6.64222148631394,52.3635955612147,14.452,5.182
17521,6.64223610901385,52.3635920373143,14.32,5.134
17522,6.64225073171376,52.3635885134138,14.822,5.315
17523,6.64226536256174,52.3635845394001,14.237,5.105
17524,6.64228000824738,52.3635797457275,14.063,5.042
17525,6.64229465393302,52.3635749520549,14.125,5.065
17526,6.64230929961867,52.3635701583823,14.128,5.066
17527,6.64232392197952,52.3635666532122,13.859,4.969
17528,6.64233851911383,52.3635645416006,13.799,4.948
17529,6.64235311624814,52.363562429989,15.104,5.416
17530,6.64236771338245,52.3635603183774,14.931,5.354
17531,6.64238231051676,52.3635582067658,14.06,5.041
17532,6.64239690765107,52.3635560951542,15.072,5.404
17533,6.64241152716387,52.3635527473157,14.737,5.284
17534,6.64242614736091,52.3635493616782,14.37,5.152
17535,6.64244076755795,52.3635459760406,13.845,4.964
17536,6.642455387755,52.363542590403,14.772,5.297
17537,6.64247000795204,52.3635392047655,15.674,5.62
17538,6.64248462814909,52.3635358191279,14.592,5.232
17539,6.64249924834613,52.3635324334904,15.176,5.442
17540,6.64251386854317,52.3635290478528,14.471,5.189
17541,6.64252848874022,52.3635256622153,15.143,5.43
17542,6.64254311229406,52.3635220911421,14.519,5.206
17543,6.64255773673504,52.3635184710623,13.198,4.732
17544,6.64257236117601,52.3635148509826,14.195,5.09
17545,6.64258698561699,52.3635112309029,14.703,5.272
17546,6.64260161008676,52.3635076092321,15.268,5.475
17547,6.64261623516544,52.3635039539242,14.548,5.216
17548,6.64263086024413,52.3635002986163,14.662,5.257
17549,6.64264548532281,52.3634966433083,14.305,5.129
17550,6.6426601104015,52.3634929880004,15.575,5.585
17551,6.64267473548018,52.3634893326925,15.546,5.574
17552,6.64268936055886,52.3634856773846,14.272,5.117
17553,6.64270398563755,52.3634820220766,13.785,4.943
17554,6.64271861071623,52.3634783667687,13.621,4.884
17555,6.64273323579491,52.3634747114608,15.045,5.395
17556,6.6427478608736,52.3634710561529,14.777,5.298
17557,6.64276248608158,52.363467393702,14.244,5.107
17558,6.64277711154213,52.3634637172994,14.871,5.332
17559,6.64279173700267,52.3634600408968,13.994,5.018
17560,6.64280636246322,52.3634563644941,15.192,5.447
17561,6.64282098792376,52.3634526880915,14.507,5.202
17562,6.64283561338431,52.3634490116889,14.103,5.057
17563,6.64285023884485,52.3634453352863,14.531,5.21
17564,6.6428648643054,52.3634416588837,14.518,5.205
17565,6.64287948976594,52.3634379824811,14.976,5.37
17566,6.64289411522649,52.3634343060785,15.454,5.541
17567,6.64290874068703,52.3634306296758,15.431,5.533
17568,6.64292336614758,52.3634269532732,14.877,5.334
17569,6.64293799160812,52.3634232768706,14.681,5.264
17570,6.64295261706867,52.363419600468,14.464,5.186
17571,6.64296724252921,52.3634159240654,13.767,4.936
17572,6.64298186798976,52.3634122476628,14.803,5.308
17573,6.6429964934503,52.3634085712601,14.322,5.135
17574,6.64301113640949,52.3634039282018,15.546,5.574
17575,6.64302578222617,52.3633991272905,14.72,5.278
17576,6.64304042804285,52.3633943263791,15.285,5.481
17577,6.64305507385953,52.3633895254677,14.57,5.224
17578,6.64306971404739,52.3633850355027,14.465,5.186
17579,6.64308434904221,52.3633808324097,15.226,5.459
17580,6.64309898403704,52.3633766293167,15.042,5.393
17581,6.64311361903186,52.3633724262236,15.076,5.406
17582,6.64312825402669,52.3633682231306,14.84,5.321
17583,6.64314287914677,52.3633645655359,15.367,5.51
17584,6.64315749806646,52.3633612504613,15.291,5.483
17585,6.64317211698616,52.3633579353867,13.64,4.891
17586,6.64318673590586,52.363354620312,14.777,5.298
17587,6.64320135482555,52.3633513052374,15.534,5.57
17588,6.64321597374525,52.3633479901628,14.346,5.144
17589,6.64323059516829,52.363344536799,13.959,5.005
17590,6.64324521670706,52.3633410770423,14.881,5.336
17591,6.64325983824582,52.3633376172856,15.277,5.478
17592,6.64327445978459,52.3633341575289,14.709,5.274
17593,6.64328908132336,52.3633306977723,15.749,5.647
17594,6.64330372521036,52.3633260034597,16.081,5.766
17595,6.64331838406601,52.3633204822527,13.873,4.974
17596,6.64333304292166,52.3633149610457,14.788,5.303
17597,6.64334769166721,52.3633099983385,13.681,4.905
17598,6.64336229984202,52.3633072768305,15.42,5.529
17599,6.6433769144078,52.3633042022735,14.64,5.249
17600,6.64339154318334,52.3633003427451,14.769,5.296
17601,6.64340618399816,52.3632958181454,15.733,5.641
17602,6.64342082880316,52.3632910731209,14.285,5.122
17603,6.64343546729668,52.3632866767538,14.146,5.072
17604,6.64345010468439,52.3632823414735,13.744,4.928
17605,6.64346474207211,52.3632780061931,15.839,5.679
17606,6.64347937945982,52.3632736709127,15.711,5.633
17607,6.64349401684753,52.3632693356323,14.936,5.356
17608,6.64350865446186,52.3632649878333,14.368,5.152
17609,6.64352329473104,52.3632604933758,15.617,5.599
17610,6.64353793500022,52.3632559989183,16.755,6.007
17611,6.64355257526939,52.3632515044609,15.004,5.38
17612,6.64356721553857,52.3632470100034,14.444,5.179
17613,6.64358185580775,52.363242515546,15.89,5.697
17614,6.64359649607692,52.3632380210885,14.502,5.2
17615,6.6436111363461,52.3632335266311,14.96,5.364
17616,6.64362577661528,52.3632290321736,13.632,4.888
17617,6.64364041688445,52.3632245377162,15.014,5.383
17618,6.6436550610579,52.3632198275801,14.448,5.181
17619,6.64366973503771,52.3632134708878,15.948,5.718
17620,6.64368440901752,52.3632071141955,14.642,5.25
17621,6.64369908299733,52.3632007575033,15.682,5.623
17622,6.64371375697715,52.363194400811,15.169,5.439
17623,6.64372843095696,52.3631880441187,15.312,5.49
17624,6.64374310493677,52.3631816874264,15.553,5.577
17625,6.64375777891659,52.3631753307341,15.222,5.458
17626,6.64377245435987,52.3631688931971,14.879,5.335
17627,6.64378713021212,52.363162433068,14.79,5.303
17628,6.64380180606438,52.3631559729388,15.574,5.584
17629,6.64381648191663,52.3631495128097,14.163,5.078
17630,6.64383106685715,52.3631480748041,16.275,5.835
17631,6.64384529724109,52.3631662231279,15.372,5.512
17632,6.64385989724522,52.3631639529825,15.103,5.415
17633,6.64387455429202,52.3631585316997,15.464,5.545
17634,6.64388920870157,52.3631532561034,14.964,5.365
17635,6.64390393676432,52.3631439117743,15.215,5.455
17636,6.64391856846689,52.3631398905515,14.66,5.256
17637,6.64393318511636,52.3631367008877,15.552,5.576
17638,6.64394779819696,52.3631337083753,15.29,5.482
17639,6.64396239927964,52.3631313786486,15.452,5.54
17640,6.64397700606364,52.3631287339713,16.219,5.816
17641,6.64399163900878,52.3631246441064,14.879,5.335
17642,6.64400627195392,52.3631205542416,15.281,5.479
17643,6.64402090489906,52.3631164643767,14.391,5.16
17644,6.64403553908279,52.36311230609,15.69,5.626
17645,6.64405017582927,52.3631080062326,15.36,5.508
17646,6.64406481257575,52.3631037063751,15.385,5.516
17647,6.64407944932223,52.3630994065177,15.286,5.481
17648,6.64409408606871,52.3630951066603,15.042,5.394
17649,6.64410872281519,52.3630908068029,16.854,6.043
17650,6.64412335956166,52.3630865069455,15.412,5.526
17651,6.64413799630814,52.363082207088,15.567,5.582
17652,6.64415263305462,52.3630779072306,14.725,5.28
17653,6.64416727980261,52.3630730548722,15.919,5.708
17654,6.64418192805257,52.3630681195423,15.328,5.496
17655,6.64419657630253,52.3630631842124,15.665,5.617
17656,6.64421122155911,52.3630584142419,15.936,5.714
17657,6.64422586548455,52.363053717806,15.346,5.502
17658,6.64424050940999,52.3630490213701,15.01,5.382
17659,6.64425515333543,52.3630443249342,14.041,5.034
17660,6.64426979726087,52.3630396284983,15.183,5.444
17661,6.64428447048501,52.363033313551,15.011,5.382
17662,6.64429914616745,52.3630268628024,14.741,5.285
17663,6.64431381314361,52.3630208930041,16.268,5.833
17664,6.64432846484458,52.3630157670341,15.992,5.734
17665,6.64434311841134,52.3630105379949,14.338,5.141
17666,6.6443577719781,52.3630053089557,15.504,5.559
17667,6.64437242554486,52.3630000799165,14.933,5.354
17668,6.64438707911161,52.3629948508772,15.628,5.604
17669,6.64440173297122,52.3629896056606,14.942,5.357
17670,6.64441638750711,52.3629843230851,15.094,5.412
17671,6.64443104204299,52.3629790405096,15.976,5.728
17672,6.64444569950545,52.362973596265,15.89,5.697
17673,6.6444603583842,52.3629680737821,16.294,5.842
17674,6.64447502117868,52.3629623349868,15.277,5.478
17675,6.64448968951694,52.362956289944,14.546,5.216
17676,6.6445043578552,52.3629502449012,15.942,5.716
17677,6.64451902619346,52.3629441998584,15.942,5.716
17678,6.64453369453171,52.3629381548156,15.764,5.652
17679,6.64454836275597,52.3629321160702,14.954,5.362
17680,6.64456302142907,52.3629266049479,14.758,5.292
17681,6.6445776771459,52.3629212571345,15.7,5.629
17682,6.64459233156539,52.3629159809892,14.86,5.328
17683,6.64460699268025,52.3629103349791,15.196,5.449
17684,6.64462165379512,52.362904688969,17.082,6.125
17685,6.64463631490999,52.3628990429589,16.62,5.959
17686,6.64465097602486,52.3628933969487,15.83,5.676
17687,6.6446656362894,52.362887797912,14.97,5.367
17688,6.6446802961858,52.3628822192126,14.929,5.353
17689,6.64469495608219,52.3628766405132,15.77,5.654
17690,6.64470961597858,52.3628710618137,16.224,5.817
17691,6.64472427587498,52.3628654831143,15.037,5.392
17692,6.64473893577137,52.3628599044149,15.064,5.401
17693,6.64475359566776,52.3628543257155,15.378,5.514
17694,6.64476825556416,52.3628487470161,14.504,5.2
17695,6.64478290408345,52.3628437968076,14.515,5.205
17696,6.64479756077309,52.3628383952548,14.616,5.241
17697,6.64481222128409,52.3628327826038,15.622,5.602
17698,6.64482688179508,52.3628271699529,15.455,5.541
17699,6.64484154230607,52.3628215573019,15.956,5.721
17700,6.64485620276278,52.3628159476495,14.259,5.113
17701,6.64487086316465,52.3628103410266,14.381,5.157
17702,6.64488552356652,52.3628047344038,15.534,5.57
17703,6.64490018396839,52.3627991277809,14.746,5.287
17704,6.64491484437026,52.362793521158,14.781,5.3
17705,6.64492950477214,52.3627879145351,15.839,5.679
17706,6.64494416211691,52.3627824767915,14.91,5.346
17707,6.64495881789707,52.3627771254803,14.971,5.368
17708,6.64497347367722,52.3627717741691,15.072,5.404
17709,6.64498812945738,52.3627664228579,15.1,5.414
17710,6.64500278666273,52.3627609928164,15.605,5.595
17711,6.64501744407421,52.3627555513878,14.482,5.193
17712,6.6450321014857,52.3627501099592,15.075,5.405
17713,6.64504675889718,52.3627446685305,15.86,5.687
17714,6.64506141717048,52.3627391794938,16.422,5.888
17715,6.64507607858909,52.362733516704,14.361,5.149
17716,6.64509074000771,52.3627278539141,15.345,5.502
17717,6.64514039950384,52.3627505021546,15.029,5.389
17718,6.64536841948904,52.3629150838325,15.074,5.405
